<?xml version="1.0" encoding="UTF-8" standalone="no"?><gpx xmlns="http://www.topografix.com/GPX/1/1" xmlns:gpxtpx="http://www.garmin.com/xmlschemas/TrackPointExtension/v1" xmlns:xsi="http://www.w3.org/2001/XMLSchema-instance" creator="Sports Tracker" version="1.1" xsi:schemaLocation="http://www.topografix.com/GPX/1/1 http://www.topografix.com/GPX/1/1/gpx.xsd http://www.garmin.com/xmlschemas/TrackPointExtension/v1 http://www.garmin.com/xmlschemas/TrackPointExtensionv1.xsd"><metadata><name/><desc/><author><name>Olivian Daniel Tofan</name></author></metadata><trk><name/><trkseg><trkpt lat="45.560677" lon="25.318978"><ele>711.7</ele><time>2026-07-30T08:47:17Z</time></trkpt><trkpt lat="45.56059" lon="25.319007"><ele>724.2</ele><time>2026-07-30T08:47:24Z</time></trkpt><trkpt lat="45.560668" lon="25.319005"><ele>724.2</ele><time>2026-07-30T08:47:33Z</time></trkpt><trkpt lat="45.560702" lon="25.31889"><ele>724.4</ele><time>2026-07-30T08:47:38Z</time></trkpt><trkpt lat="45.560718" lon="25.318788"><ele>724.6</ele><time>2026-07-30T08:47:41Z</time></trkpt><trkpt lat="45.560743" lon="25.318673"><ele>724.8</ele><time>2026-07-30T08:47:45Z</time></trkpt><trkpt lat="45.560768" lon="25.318557"><ele>725.1</ele><time>2026-07-30T08:47:50Z</time></trkpt><trkpt lat="45.560798" lon="25.318432"><ele>725.2</ele><time>2026-07-30T08:47:54Z</time></trkpt><trkpt lat="45.560802" lon="25.318312"><ele>725.5</ele><time>2026-07-30T08:47:58Z</time></trkpt><trkpt lat="45.560822" lon="25.318185"><ele>725.9</ele><time>2026-07-30T08:48:02Z</time></trkpt><trkpt lat="45.560813" lon="25.318047"><ele>726.3</ele><time>2026-07-30T08:48:05Z</time></trkpt><trkpt lat="45.56082" lon="25.31791"><ele>726.6</ele><time>2026-07-30T08:48:08Z</time></trkpt><trkpt lat="45.560823" lon="25.317758"><ele>726.7</ele><time>2026-07-30T08:48:11Z</time></trkpt><trkpt lat="45.560815" lon="25.317627"><ele>727.0</ele><time>2026-07-30T08:48:14Z</time></trkpt><trkpt lat="45.560783" lon="25.317502"><ele>727.5</ele><time>2026-07-30T08:48:21Z</time></trkpt><trkpt lat="45.560853" lon="25.317397"><ele>727.8</ele><time>2026-07-30T08:48:24Z</time></trkpt><trkpt lat="45.560843" lon="25.31729"><ele>728.0</ele><time>2026-07-30T08:48:26Z</time></trkpt><trkpt lat="45.560847" lon="25.317188"><ele>728.2</ele><time>2026-07-30T08:48:28Z</time></trkpt><trkpt lat="45.560833" lon="25.317028"><ele>728.5</ele><time>2026-07-30T08:48:31Z</time></trkpt><trkpt lat="45.56083" lon="25.316898"><ele>728.7</ele><time>2026-07-30T08:48:34Z</time></trkpt><trkpt lat="45.56083" lon="25.316793"><ele>728.9</ele><time>2026-07-30T08:48:37Z</time></trkpt><trkpt lat="45.56085" lon="25.316682"><ele>729.2</ele><time>2026-07-30T08:48:41Z</time></trkpt><trkpt lat="45.560795" lon="25.316593"><ele>729.0</ele><time>2026-07-30T08:49:01Z</time></trkpt><trkpt lat="45.56072" lon="25.316585"><ele>729.2</ele><time>2026-07-30T08:49:07Z</time></trkpt><trkpt lat="45.560753" lon="25.316685"><ele>730.4</ele><time>2026-07-30T08:49:18Z</time></trkpt><trkpt lat="45.560827" lon="25.316682"><ele>730.5</ele><time>2026-07-30T08:49:28Z</time></trkpt><trkpt lat="45.560697" lon="25.316637"><ele>730.4</ele><time>2026-07-30T08:49:46Z</time></trkpt><trkpt lat="45.560773" lon="25.316625"><ele>730.3</ele><time>2026-07-30T08:50:22Z</time></trkpt><trkpt lat="45.560728" lon="25.316717"><ele>730.0</ele><time>2026-07-30T08:50:26Z</time></trkpt><trkpt lat="45.560752" lon="25.31661"><ele>729.1</ele><time>2026-07-30T08:50:38Z</time></trkpt><trkpt lat="45.560753" lon="25.3165"><ele>729.3</ele><time>2026-07-30T08:50:45Z</time></trkpt><trkpt lat="45.560682" lon="25.316455"><ele>729.7</ele><time>2026-07-30T08:50:53Z</time></trkpt><trkpt lat="45.560612" lon="25.316425"><ele>730.6</ele><time>2026-07-30T08:50:59Z</time></trkpt><trkpt lat="45.560543" lon="25.316378"><ele>732.2</ele><time>2026-07-30T08:51:04Z</time></trkpt><trkpt lat="45.560573" lon="25.316475"><ele>733.8</ele><time>2026-07-30T08:51:17Z</time></trkpt><trkpt lat="45.560638" lon="25.316543"><ele>733.8</ele><time>2026-07-30T08:51:30Z</time></trkpt><trkpt lat="45.560592" lon="25.316627"><ele>733.9</ele><time>2026-07-30T08:51:45Z</time></trkpt><trkpt lat="45.56053" lon="25.316702"><ele>733.8</ele><time>2026-07-30T08:51:56Z</time></trkpt><trkpt lat="45.560592" lon="25.316627"><ele>733.8</ele><time>2026-07-30T08:52:11Z</time></trkpt><trkpt lat="45.560513" lon="25.316552"><ele>734.2</ele><time>2026-07-30T08:53:09Z</time></trkpt><trkpt lat="45.560583" lon="25.316465"><ele>734.1</ele><time>2026-07-30T08:53:13Z</time></trkpt><trkpt lat="45.560428" lon="25.31661"><ele>730.2</ele><time>2026-07-30T08:53:59Z</time></trkpt><trkpt lat="45.560833" lon="25.316958"><ele>729.8</ele><time>2026-07-30T08:54:06Z</time></trkpt><trkpt lat="45.560772" lon="25.316887"><ele>729.7</ele><time>2026-07-30T08:54:07Z</time></trkpt><trkpt lat="45.560757" lon="25.31674"><ele>729.5</ele><time>2026-07-30T08:54:09Z</time></trkpt><trkpt lat="45.560767" lon="25.316635"><ele>729.6</ele><time>2026-07-30T08:54:13Z</time></trkpt><trkpt lat="45.560832" lon="25.316682"><ele>729.2</ele><time>2026-07-30T08:55:35Z</time></trkpt><trkpt lat="45.560822" lon="25.31657"><ele>729.1</ele><time>2026-07-30T08:55:46Z</time></trkpt><trkpt lat="45.560757" lon="25.316627"><ele>729.4</ele><time>2026-07-30T09:01:36Z</time></trkpt><trkpt lat="45.560693" lon="25.316558"><ele>729.3</ele><time>2026-07-30T09:02:29Z</time></trkpt><trkpt lat="45.560765" lon="25.316592"><ele>729.2</ele><time>2026-07-30T09:02:48Z</time></trkpt><trkpt lat="45.56081" lon="25.3165"><ele>729.5</ele><time>2026-07-30T09:10:19Z</time></trkpt><trkpt lat="45.560792" lon="25.316382"><ele>729.6</ele><time>2026-07-30T09:10:24Z</time></trkpt><trkpt lat="45.560775" lon="25.316268"><ele>729.9</ele><time>2026-07-30T09:10:28Z</time></trkpt><trkpt lat="45.560767" lon="25.316132"><ele>730.1</ele><time>2026-07-30T09:10:32Z</time></trkpt><trkpt lat="45.560732" lon="25.316038"><ele>730.2</ele><time>2026-07-30T09:10:35Z</time></trkpt><trkpt lat="45.560708" lon="25.315938"><ele>730.3</ele><time>2026-07-30T09:10:39Z</time></trkpt><trkpt lat="45.560675" lon="25.315845"><ele>730.5</ele><time>2026-07-30T09:10:43Z</time></trkpt><trkpt lat="45.560627" lon="25.315768"><ele>730.5</ele><time>2026-07-30T09:10:46Z</time></trkpt><trkpt lat="45.560565" lon="25.315673"><ele>730.6</ele><time>2026-07-30T09:10:49Z</time></trkpt><trkpt lat="45.560532" lon="25.315557"><ele>730.6</ele><time>2026-07-30T09:10:52Z</time></trkpt><trkpt lat="45.560457" lon="25.315472"><ele>730.7</ele><time>2026-07-30T09:10:55Z</time></trkpt><trkpt lat="45.560402" lon="25.31538"><ele>730.9</ele><time>2026-07-30T09:10:58Z</time></trkpt><trkpt lat="45.560343" lon="25.315283"><ele>730.9</ele><time>2026-07-30T09:11:01Z</time></trkpt><trkpt lat="45.560287" lon="25.315177"><ele>731.0</ele><time>2026-07-30T09:11:04Z</time></trkpt><trkpt lat="45.560235" lon="25.315067"><ele>731.2</ele><time>2026-07-30T09:11:07Z</time></trkpt><trkpt lat="45.560182" lon="25.31495"><ele>731.2</ele><time>2026-07-30T09:11:10Z</time></trkpt><trkpt lat="45.560123" lon="25.314852"><ele>731.4</ele><time>2026-07-30T09:11:13Z</time></trkpt><trkpt lat="45.560082" lon="25.314757"><ele>731.5</ele><time>2026-07-30T09:11:15Z</time></trkpt><trkpt lat="45.560033" lon="25.314675"><ele>731.6</ele><time>2026-07-30T09:11:17Z</time></trkpt><trkpt lat="45.559967" lon="25.314568"><ele>731.9</ele><time>2026-07-30T09:11:20Z</time></trkpt><trkpt lat="45.5599" lon="25.314465"><ele>732.1</ele><time>2026-07-30T09:11:23Z</time></trkpt><trkpt lat="45.559827" lon="25.314368"><ele>732.3</ele><time>2026-07-30T09:11:26Z</time></trkpt><trkpt lat="45.559753" lon="25.314293"><ele>732.7</ele><time>2026-07-30T09:11:28Z</time></trkpt><trkpt lat="45.559682" lon="25.314205"><ele>732.8</ele><time>2026-07-30T09:11:31Z</time></trkpt><trkpt lat="45.559622" lon="25.314147"><ele>733.1</ele><time>2026-07-30T09:11:34Z</time></trkpt><trkpt lat="45.559598" lon="25.314042"><ele>733.2</ele><time>2026-07-30T09:12:02Z</time></trkpt><trkpt lat="45.55958" lon="25.313913"><ele>733.3</ele><time>2026-07-30T09:12:06Z</time></trkpt><trkpt lat="45.559527" lon="25.313817"><ele>733.4</ele><time>2026-07-30T09:12:09Z</time></trkpt><trkpt lat="45.559432" lon="25.313782"><ele>733.6</ele><time>2026-07-30T09:12:12Z</time></trkpt><trkpt lat="45.559333" lon="25.313737"><ele>733.8</ele><time>2026-07-30T09:12:15Z</time></trkpt><trkpt lat="45.559257" lon="25.31367"><ele>733.9</ele><time>2026-07-30T09:12:18Z</time></trkpt><trkpt lat="45.559208" lon="25.313553"><ele>734.2</ele><time>2026-07-30T09:12:21Z</time></trkpt><trkpt lat="45.559157" lon="25.31345"><ele>734.6</ele><time>2026-07-30T09:12:24Z</time></trkpt><trkpt lat="45.559107" lon="25.313363"><ele>734.9</ele><time>2026-07-30T09:12:27Z</time></trkpt><trkpt lat="45.559058" lon="25.313252"><ele>735.1</ele><time>2026-07-30T09:12:29Z</time></trkpt><trkpt lat="45.559005" lon="25.31317"><ele>735.3</ele><time>2026-07-30T09:12:32Z</time></trkpt><trkpt lat="45.558943" lon="25.313062"><ele>735.4</ele><time>2026-07-30T09:12:35Z</time></trkpt><trkpt lat="45.558888" lon="25.312968"><ele>735.5</ele><time>2026-07-30T09:12:37Z</time></trkpt><trkpt lat="45.558837" lon="25.312888"><ele>735.7</ele><time>2026-07-30T09:12:39Z</time></trkpt><trkpt lat="45.558785" lon="25.312772"><ele>736.0</ele><time>2026-07-30T09:12:43Z</time></trkpt><trkpt lat="45.558718" lon="25.312668"><ele>736.3</ele><time>2026-07-30T09:12:46Z</time></trkpt><trkpt lat="45.558667" lon="25.312543"><ele>736.6</ele><time>2026-07-30T09:12:49Z</time></trkpt><trkpt lat="45.558552" lon="25.312393"><ele>736.8</ele><time>2026-07-30T09:12:51Z</time></trkpt><trkpt lat="45.558505" lon="25.312308"><ele>736.9</ele><time>2026-07-30T09:12:53Z</time></trkpt><trkpt lat="45.558435" lon="25.312188"><ele>737.0</ele><time>2026-07-30T09:12:56Z</time></trkpt><trkpt lat="45.558387" lon="25.312102"><ele>737.2</ele><time>2026-07-30T09:12:58Z</time></trkpt><trkpt lat="45.55835" lon="25.312008"><ele>737.4</ele><time>2026-07-30T09:13:00Z</time></trkpt><trkpt lat="45.558297" lon="25.311902"><ele>737.7</ele><time>2026-07-30T09:13:03Z</time></trkpt><trkpt lat="45.558237" lon="25.311793"><ele>737.9</ele><time>2026-07-30T09:13:06Z</time></trkpt><trkpt lat="45.558158" lon="25.311697"><ele>738.0</ele><time>2026-07-30T09:13:09Z</time></trkpt><trkpt lat="45.558078" lon="25.31161"><ele>738.2</ele><time>2026-07-30T09:13:12Z</time></trkpt><trkpt lat="45.557998" lon="25.311547"><ele>738.5</ele><time>2026-07-30T09:13:15Z</time></trkpt><trkpt lat="45.557935" lon="25.31149"><ele>738.8</ele><time>2026-07-30T09:13:18Z</time></trkpt><trkpt lat="45.557853" lon="25.311442"><ele>739.1</ele><time>2026-07-30T09:13:21Z</time></trkpt><trkpt lat="45.55777" lon="25.311485"><ele>739.3</ele><time>2026-07-30T09:13:24Z</time></trkpt><trkpt lat="45.55771" lon="25.311587"><ele>739.4</ele><time>2026-07-30T09:13:27Z</time></trkpt><trkpt lat="45.557655" lon="25.311688"><ele>739.5</ele><time>2026-07-30T09:13:30Z</time></trkpt><trkpt lat="45.55756" lon="25.311678"><ele>739.6</ele><time>2026-07-30T09:13:32Z</time></trkpt><trkpt lat="45.557487" lon="25.311582"><ele>739.8</ele><time>2026-07-30T09:13:35Z</time></trkpt><trkpt lat="45.557403" lon="25.311493"><ele>740.1</ele><time>2026-07-30T09:13:38Z</time></trkpt><trkpt lat="45.557337" lon="25.31141"><ele>740.4</ele><time>2026-07-30T09:13:41Z</time></trkpt><trkpt lat="45.557263" lon="25.311395"><ele>740.5</ele><time>2026-07-30T09:13:42Z</time></trkpt><trkpt lat="45.557158" lon="25.311363"><ele>740.5</ele><time>2026-07-30T09:13:43Z</time></trkpt><trkpt lat="45.55714" lon="25.311248"><ele>740.8</ele><time>2026-07-30T09:13:47Z</time></trkpt><trkpt lat="45.557065" lon="25.311173"><ele>741.1</ele><time>2026-07-30T09:13:50Z</time></trkpt><trkpt lat="45.55699" lon="25.311082"><ele>741.3</ele><time>2026-07-30T09:13:53Z</time></trkpt><trkpt lat="45.556913" lon="25.310993"><ele>741.5</ele><time>2026-07-30T09:13:56Z</time></trkpt><trkpt lat="45.556835" lon="25.310905"><ele>741.7</ele><time>2026-07-30T09:13:59Z</time></trkpt><trkpt lat="45.556753" lon="25.310818"><ele>741.9</ele><time>2026-07-30T09:14:02Z</time></trkpt><trkpt lat="45.55667" lon="25.310727"><ele>742.2</ele><time>2026-07-30T09:14:05Z</time></trkpt><trkpt lat="45.556583" lon="25.31065"><ele>742.5</ele><time>2026-07-30T09:14:08Z</time></trkpt><trkpt lat="45.55651" lon="25.31058"><ele>742.8</ele><time>2026-07-30T09:14:11Z</time></trkpt><trkpt lat="45.556422" lon="25.3105"><ele>743.1</ele><time>2026-07-30T09:14:14Z</time></trkpt><trkpt lat="45.556357" lon="25.310398"><ele>743.4</ele><time>2026-07-30T09:14:17Z</time></trkpt><trkpt lat="45.556333" lon="25.31028"><ele>743.5</ele><time>2026-07-30T09:14:20Z</time></trkpt><trkpt lat="45.55633" lon="25.310145"><ele>743.9</ele><time>2026-07-30T09:14:23Z</time></trkpt><trkpt lat="45.556382" lon="25.31003"><ele>744.2</ele><time>2026-07-30T09:14:26Z</time></trkpt><trkpt lat="45.556413" lon="25.309912"><ele>744.4</ele><time>2026-07-30T09:14:29Z</time></trkpt><trkpt lat="45.55645" lon="25.309808"><ele>744.8</ele><time>2026-07-30T09:14:33Z</time></trkpt><trkpt lat="45.556482" lon="25.309713"><ele>744.9</ele><time>2026-07-30T09:14:41Z</time></trkpt><trkpt lat="45.556425" lon="25.30963"><ele>745.3</ele><time>2026-07-30T09:14:46Z</time></trkpt><trkpt lat="45.556335" lon="25.309538"><ele>745.7</ele><time>2026-07-30T09:14:49Z</time></trkpt><trkpt lat="45.556277" lon="25.309433"><ele>746.0</ele><time>2026-07-30T09:14:50Z</time></trkpt><trkpt lat="45.556188" lon="25.309373"><ele>746.2</ele><time>2026-07-30T09:14:56Z</time></trkpt><trkpt lat="45.556107" lon="25.309302"><ele>746.3</ele><time>2026-07-30T09:14:59Z</time></trkpt><trkpt lat="45.55604" lon="25.309238"><ele>746.5</ele><time>2026-07-30T09:15:01Z</time></trkpt><trkpt lat="45.55598" lon="25.309172"><ele>746.7</ele><time>2026-07-30T09:15:03Z</time></trkpt><trkpt lat="45.555917" lon="25.309093"><ele>747.3</ele><time>2026-07-30T09:15:07Z</time></trkpt><trkpt lat="45.555827" lon="25.30902"><ele>747.4</ele><time>2026-07-30T09:15:10Z</time></trkpt><trkpt lat="45.555755" lon="25.308995"><ele>747.4</ele><time>2026-07-30T09:15:12Z</time></trkpt><trkpt lat="45.55567" lon="25.308995"><ele>747.4</ele><time>2026-07-30T09:15:15Z</time></trkpt><trkpt lat="45.555617" lon="25.309072"><ele>747.6</ele><time>2026-07-30T09:15:18Z</time></trkpt><trkpt lat="45.555353" lon="25.309122"><ele>747.9</ele><time>2026-07-30T09:15:21Z</time></trkpt><trkpt lat="45.555272" lon="25.309235"><ele>748.2</ele><time>2026-07-30T09:15:24Z</time></trkpt><trkpt lat="45.555205" lon="25.30929"><ele>748.3</ele><time>2026-07-30T09:15:26Z</time></trkpt><trkpt lat="45.555113" lon="25.309327"><ele>748.6</ele><time>2026-07-30T09:15:29Z</time></trkpt><trkpt lat="45.555022" lon="25.309347"><ele>748.9</ele><time>2026-07-30T09:15:32Z</time></trkpt><trkpt lat="45.554955" lon="25.309392"><ele>749.2</ele><time>2026-07-30T09:15:34Z</time></trkpt><trkpt lat="45.554882" lon="25.309402"><ele>749.4</ele><time>2026-07-30T09:15:37Z</time></trkpt><trkpt lat="45.554788" lon="25.309437"><ele>749.5</ele><time>2026-07-30T09:15:38Z</time></trkpt><trkpt lat="45.554692" lon="25.309455"><ele>749.8</ele><time>2026-07-30T09:15:41Z</time></trkpt><trkpt lat="45.554627" lon="25.309403"><ele>749.9</ele><time>2026-07-30T09:15:44Z</time></trkpt><trkpt lat="45.554532" lon="25.309357"><ele>750.0</ele><time>2026-07-30T09:15:48Z</time></trkpt><trkpt lat="45.554455" lon="25.309282"><ele>750.3</ele><time>2026-07-30T09:15:50Z</time></trkpt><trkpt lat="45.554365" lon="25.309215"><ele>750.7</ele><time>2026-07-30T09:15:53Z</time></trkpt><trkpt lat="45.554283" lon="25.309135"><ele>751.1</ele><time>2026-07-30T09:15:56Z</time></trkpt><trkpt lat="45.554218" lon="25.30908"><ele>751.4</ele><time>2026-07-30T09:15:59Z</time></trkpt><trkpt lat="45.554143" lon="25.308993"><ele>751.6</ele><time>2026-07-30T09:16:02Z</time></trkpt><trkpt lat="45.554088" lon="25.308887"><ele>752.0</ele><time>2026-07-30T09:16:05Z</time></trkpt><trkpt lat="45.554042" lon="25.308797"><ele>752.5</ele><time>2026-07-30T09:16:08Z</time></trkpt><trkpt lat="45.553972" lon="25.30871"><ele>752.9</ele><time>2026-07-30T09:16:11Z</time></trkpt><trkpt lat="45.553908" lon="25.308652"><ele>753.1</ele><time>2026-07-30T09:16:13Z</time></trkpt><trkpt lat="45.553845" lon="25.308593"><ele>753.4</ele><time>2026-07-30T09:16:15Z</time></trkpt><trkpt lat="45.553768" lon="25.308518"><ele>753.7</ele><time>2026-07-30T09:16:18Z</time></trkpt><trkpt lat="45.553687" lon="25.308438"><ele>753.8</ele><time>2026-07-30T09:16:21Z</time></trkpt><trkpt lat="45.553613" lon="25.308363"><ele>753.9</ele><time>2026-07-30T09:16:24Z</time></trkpt><trkpt lat="45.55353" lon="25.308278"><ele>754.3</ele><time>2026-07-30T09:16:27Z</time></trkpt><trkpt lat="45.553458" lon="25.308215"><ele>754.6</ele><time>2026-07-30T09:16:30Z</time></trkpt><trkpt lat="45.55339" lon="25.308148"><ele>754.9</ele><time>2026-07-30T09:16:34Z</time></trkpt><trkpt lat="45.553302" lon="25.308075"><ele>755.0</ele><time>2026-07-30T09:16:37Z</time></trkpt><trkpt lat="45.553243" lon="25.307977"><ele>755.1</ele><time>2026-07-30T09:16:39Z</time></trkpt><trkpt lat="45.553175" lon="25.307888"><ele>755.2</ele><time>2026-07-30T09:16:41Z</time></trkpt><trkpt lat="45.553113" lon="25.307817"><ele>755.3</ele><time>2026-07-30T09:16:43Z</time></trkpt><trkpt lat="45.553047" lon="25.307752"><ele>755.5</ele><time>2026-07-30T09:16:45Z</time></trkpt><trkpt lat="45.552993" lon="25.307675"><ele>755.7</ele><time>2026-07-30T09:16:47Z</time></trkpt><trkpt lat="45.552942" lon="25.307605"><ele>755.9</ele><time>2026-07-30T09:16:49Z</time></trkpt><trkpt lat="45.552863" lon="25.307507"><ele>756.3</ele><time>2026-07-30T09:16:52Z</time></trkpt><trkpt lat="45.552788" lon="25.30742"><ele>756.7</ele><time>2026-07-30T09:16:56Z</time></trkpt><trkpt lat="45.552708" lon="25.307327"><ele>757.0</ele><time>2026-07-30T09:16:59Z</time></trkpt><trkpt lat="45.55264" lon="25.307242"><ele>757.4</ele><time>2026-07-30T09:17:02Z</time></trkpt><trkpt lat="45.55257" lon="25.307163"><ele>757.5</ele><time>2026-07-30T09:17:05Z</time></trkpt><trkpt lat="45.5525" lon="25.307075"><ele>757.5</ele><time>2026-07-30T09:17:08Z</time></trkpt><trkpt lat="45.552402" lon="25.306982"><ele>757.8</ele><time>2026-07-30T09:17:10Z</time></trkpt><trkpt lat="45.552325" lon="25.306898"><ele>757.9</ele><time>2026-07-30T09:17:13Z</time></trkpt><trkpt lat="45.55227" lon="25.306832"><ele>758.1</ele><time>2026-07-30T09:17:15Z</time></trkpt><trkpt lat="45.552183" lon="25.306753"><ele>758.4</ele><time>2026-07-30T09:17:18Z</time></trkpt><trkpt lat="45.55211" lon="25.306645"><ele>743.6</ele><time>2026-07-30T09:17:21Z</time></trkpt><trkpt lat="45.55204" lon="25.306558"><ele>744.1</ele><time>2026-07-30T09:17:25Z</time></trkpt><trkpt lat="45.551972" lon="25.306487"><ele>744.4</ele><time>2026-07-30T09:17:28Z</time></trkpt><trkpt lat="45.551888" lon="25.306403"><ele>744.5</ele><time>2026-07-30T09:17:31Z</time></trkpt><trkpt lat="45.551808" lon="25.306327"><ele>744.8</ele><time>2026-07-30T09:17:34Z</time></trkpt><trkpt lat="45.551728" lon="25.306265"><ele>744.9</ele><time>2026-07-30T09:17:37Z</time></trkpt><trkpt lat="45.551632" lon="25.306212"><ele>745.1</ele><time>2026-07-30T09:17:40Z</time></trkpt><trkpt lat="45.55153" lon="25.306138"><ele>745.5</ele><time>2026-07-30T09:17:44Z</time></trkpt><trkpt lat="45.551445" lon="25.30609"><ele>745.7</ele><time>2026-07-30T09:17:46Z</time></trkpt><trkpt lat="45.551362" lon="25.30602"><ele>746.1</ele><time>2026-07-30T09:17:49Z</time></trkpt><trkpt lat="45.55129" lon="25.305968"><ele>746.4</ele><time>2026-07-30T09:17:51Z</time></trkpt><trkpt lat="45.551185" lon="25.305893"><ele>746.8</ele><time>2026-07-30T09:17:54Z</time></trkpt><trkpt lat="45.551117" lon="25.305842"><ele>747.0</ele><time>2026-07-30T09:17:56Z</time></trkpt><trkpt lat="45.55105" lon="25.305787"><ele>747.1</ele><time>2026-07-30T09:17:58Z</time></trkpt><trkpt lat="45.550987" lon="25.305713"><ele>747.1</ele><time>2026-07-30T09:18:00Z</time></trkpt><trkpt lat="45.55093" lon="25.30563"><ele>747.2</ele><time>2026-07-30T09:18:02Z</time></trkpt><trkpt lat="45.550885" lon="25.30552"><ele>747.5</ele><time>2026-07-30T09:18:05Z</time></trkpt><trkpt lat="45.5508" lon="25.305412"><ele>747.8</ele><time>2026-07-30T09:18:08Z</time></trkpt><trkpt lat="45.550743" lon="25.305315"><ele>747.9</ele><time>2026-07-30T09:18:10Z</time></trkpt><trkpt lat="45.550682" lon="25.305223"><ele>748.0</ele><time>2026-07-30T09:18:13Z</time></trkpt><trkpt lat="45.550643" lon="25.30513"><ele>748.1</ele><time>2026-07-30T09:18:15Z</time></trkpt><trkpt lat="45.550575" lon="25.305003"><ele>748.7</ele><time>2026-07-30T09:18:18Z</time></trkpt><trkpt lat="45.55058" lon="25.304882"><ele>749.1</ele><time>2026-07-30T09:18:21Z</time></trkpt><trkpt lat="45.550515" lon="25.304787"><ele>749.4</ele><time>2026-07-30T09:18:23Z</time></trkpt><trkpt lat="45.55045" lon="25.304707"><ele>749.5</ele><time>2026-07-30T09:18:25Z</time></trkpt><trkpt lat="45.550385" lon="25.304603"><ele>749.7</ele><time>2026-07-30T09:18:28Z</time></trkpt><trkpt lat="45.550352" lon="25.304505"><ele>749.8</ele><time>2026-07-30T09:18:30Z</time></trkpt><trkpt lat="45.550307" lon="25.304423"><ele>749.8</ele><time>2026-07-30T09:18:32Z</time></trkpt><trkpt lat="45.55025" lon="25.304305"><ele>750.2</ele><time>2026-07-30T09:18:35Z</time></trkpt><trkpt lat="45.550208" lon="25.30422"><ele>750.4</ele><time>2026-07-30T09:18:37Z</time></trkpt><trkpt lat="45.55016" lon="25.30409"><ele>750.5</ele><time>2026-07-30T09:18:40Z</time></trkpt><trkpt lat="45.550095" lon="25.303962"><ele>750.8</ele><time>2026-07-30T09:18:43Z</time></trkpt><trkpt lat="45.550042" lon="25.303845"><ele>751.2</ele><time>2026-07-30T09:18:46Z</time></trkpt><trkpt lat="45.54997" lon="25.30375"><ele>751.5</ele><time>2026-07-30T09:18:49Z</time></trkpt><trkpt lat="45.549913" lon="25.303677"><ele>751.8</ele><time>2026-07-30T09:18:52Z</time></trkpt><trkpt lat="45.549832" lon="25.303585"><ele>752.0</ele><time>2026-07-30T09:18:55Z</time></trkpt><trkpt lat="45.549745" lon="25.303508"><ele>752.4</ele><time>2026-07-30T09:18:58Z</time></trkpt><trkpt lat="45.549663" lon="25.303445"><ele>752.6</ele><time>2026-07-30T09:19:01Z</time></trkpt><trkpt lat="45.549568" lon="25.303362"><ele>752.8</ele><time>2026-07-30T09:19:05Z</time></trkpt><trkpt lat="45.549472" lon="25.303285"><ele>753.3</ele><time>2026-07-30T09:19:08Z</time></trkpt><trkpt lat="45.549403" lon="25.303238"><ele>753.7</ele><time>2026-07-30T09:19:10Z</time></trkpt><trkpt lat="45.549323" lon="25.30317"><ele>754.0</ele><time>2026-07-30T09:19:13Z</time></trkpt><trkpt lat="45.549232" lon="25.303097"><ele>754.4</ele><time>2026-07-30T09:19:16Z</time></trkpt><trkpt lat="45.54916" lon="25.303022"><ele>754.8</ele><time>2026-07-30T09:19:19Z</time></trkpt><trkpt lat="45.549095" lon="25.302955"><ele>755.1</ele><time>2026-07-30T09:19:22Z</time></trkpt><trkpt lat="45.549035" lon="25.30286"><ele>755.4</ele><time>2026-07-30T09:19:25Z</time></trkpt><trkpt lat="45.548982" lon="25.302785"><ele>755.6</ele><time>2026-07-30T09:19:28Z</time></trkpt><trkpt lat="45.548925" lon="25.302702"><ele>755.8</ele><time>2026-07-30T09:19:31Z</time></trkpt><trkpt lat="45.548873" lon="25.30263"><ele>756.1</ele><time>2026-07-30T09:19:34Z</time></trkpt><trkpt lat="45.548822" lon="25.302532"><ele>756.4</ele><time>2026-07-30T09:19:37Z</time></trkpt><trkpt lat="45.548767" lon="25.30243"><ele>756.8</ele><time>2026-07-30T09:19:40Z</time></trkpt><trkpt lat="45.54872" lon="25.302315"><ele>757.2</ele><time>2026-07-30T09:19:43Z</time></trkpt><trkpt lat="45.548643" lon="25.30219"><ele>757.6</ele><time>2026-07-30T09:19:46Z</time></trkpt><trkpt lat="45.548587" lon="25.30209"><ele>757.9</ele><time>2026-07-30T09:19:49Z</time></trkpt><trkpt lat="45.54854" lon="25.302012"><ele>758.1</ele><time>2026-07-30T09:19:51Z</time></trkpt><trkpt lat="45.548472" lon="25.301913"><ele>758.4</ele><time>2026-07-30T09:19:54Z</time></trkpt><trkpt lat="45.548418" lon="25.301842"><ele>758.6</ele><time>2026-07-30T09:19:56Z</time></trkpt><trkpt lat="45.548235" lon="25.301728"><ele>758.9</ele><time>2026-07-30T09:19:58Z</time></trkpt><trkpt lat="45.548168" lon="25.301638"><ele>759.3</ele><time>2026-07-30T09:20:01Z</time></trkpt><trkpt lat="45.548098" lon="25.301542"><ele>759.6</ele><time>2026-07-30T09:20:04Z</time></trkpt><trkpt lat="45.548027" lon="25.301448"><ele>759.9</ele><time>2026-07-30T09:20:07Z</time></trkpt><trkpt lat="45.547965" lon="25.301357"><ele>760.1</ele><time>2026-07-30T09:20:10Z</time></trkpt><trkpt lat="45.547907" lon="25.301258"><ele>760.4</ele><time>2026-07-30T09:20:13Z</time></trkpt><trkpt lat="45.547853" lon="25.301183"><ele>760.6</ele><time>2026-07-30T09:20:15Z</time></trkpt><trkpt lat="45.547807" lon="25.30109"><ele>760.9</ele><time>2026-07-30T09:20:18Z</time></trkpt><trkpt lat="45.54774" lon="25.301005"><ele>761.3</ele><time>2026-07-30T09:20:22Z</time></trkpt><trkpt lat="45.54768" lon="25.30094"><ele>761.6</ele><time>2026-07-30T09:20:25Z</time></trkpt><trkpt lat="45.547632" lon="25.300847"><ele>761.9</ele><time>2026-07-30T09:20:28Z</time></trkpt><trkpt lat="45.547565" lon="25.300767"><ele>762.2</ele><time>2026-07-30T09:20:31Z</time></trkpt><trkpt lat="45.5475" lon="25.300672"><ele>762.7</ele><time>2026-07-30T09:20:34Z</time></trkpt><trkpt lat="45.547448" lon="25.300595"><ele>763.1</ele><time>2026-07-30T09:20:37Z</time></trkpt><trkpt lat="45.547375" lon="25.30049"><ele>763.3</ele><time>2026-07-30T09:20:40Z</time></trkpt><trkpt lat="45.547327" lon="25.300412"><ele>763.7</ele><time>2026-07-30T09:20:43Z</time></trkpt><trkpt lat="45.547265" lon="25.300315"><ele>764.2</ele><time>2026-07-30T09:20:46Z</time></trkpt><trkpt lat="45.547185" lon="25.300212"><ele>764.9</ele><time>2026-07-30T09:20:50Z</time></trkpt><trkpt lat="45.547127" lon="25.300125"><ele>765.6</ele><time>2026-07-30T09:20:53Z</time></trkpt><trkpt lat="45.547058" lon="25.300063"><ele>766.2</ele><time>2026-07-30T09:20:56Z</time></trkpt><trkpt lat="45.546962" lon="25.300008"><ele>766.9</ele><time>2026-07-30T09:21:03Z</time></trkpt><trkpt lat="45.546895" lon="25.299958"><ele>767.1</ele><time>2026-07-30T09:21:07Z</time></trkpt><trkpt lat="45.546813" lon="25.299913"><ele>767.3</ele><time>2026-07-30T09:21:10Z</time></trkpt><trkpt lat="45.54671" lon="25.299908"><ele>767.5</ele><time>2026-07-30T09:21:13Z</time></trkpt><trkpt lat="45.546633" lon="25.2999"><ele>767.6</ele><time>2026-07-30T09:21:16Z</time></trkpt><trkpt lat="45.546563" lon="25.299862"><ele>767.8</ele><time>2026-07-30T09:21:19Z</time></trkpt><trkpt lat="45.546493" lon="25.299813"><ele>768.1</ele><time>2026-07-30T09:21:22Z</time></trkpt><trkpt lat="45.546418" lon="25.299808"><ele>768.4</ele><time>2026-07-30T09:21:25Z</time></trkpt><trkpt lat="45.546342" lon="25.299758"><ele>768.6</ele><time>2026-07-30T09:21:29Z</time></trkpt><trkpt lat="45.546245" lon="25.299715"><ele>768.9</ele><time>2026-07-30T09:21:33Z</time></trkpt><trkpt lat="45.546155" lon="25.29971"><ele>769.4</ele><time>2026-07-30T09:21:37Z</time></trkpt><trkpt lat="45.54608" lon="25.299653"><ele>770.1</ele><time>2026-07-30T09:21:42Z</time></trkpt><trkpt lat="45.546007" lon="25.299582"><ele>770.6</ele><time>2026-07-30T09:21:46Z</time></trkpt><trkpt lat="45.545942" lon="25.29951"><ele>770.9</ele><time>2026-07-30T09:21:49Z</time></trkpt><trkpt lat="45.54589" lon="25.299437"><ele>771.5</ele><time>2026-07-30T09:21:52Z</time></trkpt><trkpt lat="45.545848" lon="25.299343"><ele>772.0</ele><time>2026-07-30T09:21:55Z</time></trkpt><trkpt lat="45.545797" lon="25.299253"><ele>772.3</ele><time>2026-07-30T09:21:58Z</time></trkpt><trkpt lat="45.545743" lon="25.299167"><ele>772.8</ele><time>2026-07-30T09:22:01Z</time></trkpt><trkpt lat="45.54567" lon="25.299095"><ele>773.2</ele><time>2026-07-30T09:22:04Z</time></trkpt><trkpt lat="45.545607" lon="25.299018"><ele>773.6</ele><time>2026-07-30T09:22:07Z</time></trkpt><trkpt lat="45.545573" lon="25.29891"><ele>774.2</ele><time>2026-07-30T09:22:10Z</time></trkpt><trkpt lat="45.545528" lon="25.298787"><ele>774.7</ele><time>2026-07-30T09:22:13Z</time></trkpt><trkpt lat="45.545497" lon="25.298677"><ele>775.1</ele><time>2026-07-30T09:22:16Z</time></trkpt><trkpt lat="45.545432" lon="25.298605"><ele>775.6</ele><time>2026-07-30T09:22:19Z</time></trkpt><trkpt lat="45.545358" lon="25.298547"><ele>775.9</ele><time>2026-07-30T09:22:22Z</time></trkpt><trkpt lat="45.545273" lon="25.298465"><ele>776.2</ele><time>2026-07-30T09:22:25Z</time></trkpt><trkpt lat="45.545218" lon="25.298373"><ele>776.6</ele><time>2026-07-30T09:22:28Z</time></trkpt><trkpt lat="45.545123" lon="25.298332"><ele>777.1</ele><time>2026-07-30T09:22:31Z</time></trkpt><trkpt lat="45.54505" lon="25.298288"><ele>777.6</ele><time>2026-07-30T09:22:34Z</time></trkpt><trkpt lat="45.544973" lon="25.298233"><ele>778.2</ele><time>2026-07-30T09:22:37Z</time></trkpt><trkpt lat="45.544907" lon="25.298155"><ele>778.7</ele><time>2026-07-30T09:22:40Z</time></trkpt><trkpt lat="45.544832" lon="25.298073"><ele>779.1</ele><time>2026-07-30T09:22:43Z</time></trkpt><trkpt lat="45.544752" lon="25.297985"><ele>779.6</ele><time>2026-07-30T09:22:46Z</time></trkpt><trkpt lat="45.54469" lon="25.29788"><ele>780.2</ele><time>2026-07-30T09:22:49Z</time></trkpt><trkpt lat="45.544612" lon="25.297773"><ele>780.8</ele><time>2026-07-30T09:22:52Z</time></trkpt><trkpt lat="45.544542" lon="25.29769"><ele>781.3</ele><time>2026-07-30T09:22:55Z</time></trkpt><trkpt lat="45.544492" lon="25.2976"><ele>781.7</ele><time>2026-07-30T09:22:58Z</time></trkpt><trkpt lat="45.544415" lon="25.297502"><ele>782.3</ele><time>2026-07-30T09:23:01Z</time></trkpt><trkpt lat="45.544342" lon="25.297413"><ele>782.8</ele><time>2026-07-30T09:23:04Z</time></trkpt><trkpt lat="45.544292" lon="25.297318"><ele>783.4</ele><time>2026-07-30T09:23:07Z</time></trkpt><trkpt lat="45.544243" lon="25.297237"><ele>784.2</ele><time>2026-07-30T09:23:10Z</time></trkpt><trkpt lat="45.544183" lon="25.297143"><ele>785.0</ele><time>2026-07-30T09:23:14Z</time></trkpt><trkpt lat="45.544123" lon="25.29708"><ele>785.2</ele><time>2026-07-30T09:23:17Z</time></trkpt><trkpt lat="45.544063" lon="25.297015"><ele>785.5</ele><time>2026-07-30T09:23:20Z</time></trkpt><trkpt lat="45.543992" lon="25.296965"><ele>785.7</ele><time>2026-07-30T09:23:23Z</time></trkpt><trkpt lat="45.543928" lon="25.29691"><ele>786.2</ele><time>2026-07-30T09:23:27Z</time></trkpt><trkpt lat="45.543848" lon="25.296867"><ele>786.7</ele><time>2026-07-30T09:23:31Z</time></trkpt><trkpt lat="45.54377" lon="25.296858"><ele>787.0</ele><time>2026-07-30T09:23:34Z</time></trkpt><trkpt lat="45.543668" lon="25.296832"><ele>787.6</ele><time>2026-07-30T09:23:38Z</time></trkpt><trkpt lat="45.543575" lon="25.296783"><ele>788.3</ele><time>2026-07-30T09:23:42Z</time></trkpt><trkpt lat="45.543513" lon="25.296712"><ele>788.8</ele><time>2026-07-30T09:23:45Z</time></trkpt><trkpt lat="45.543447" lon="25.296663"><ele>789.4</ele><time>2026-07-30T09:23:48Z</time></trkpt><trkpt lat="45.54336" lon="25.296635"><ele>789.7</ele><time>2026-07-30T09:23:51Z</time></trkpt><trkpt lat="45.543277" lon="25.296608"><ele>790.3</ele><time>2026-07-30T09:23:54Z</time></trkpt><trkpt lat="45.543192" lon="25.296563"><ele>791.1</ele><time>2026-07-30T09:23:58Z</time></trkpt><trkpt lat="45.543113" lon="25.296542"><ele>791.7</ele><time>2026-07-30T09:24:01Z</time></trkpt><trkpt lat="45.543023" lon="25.2965"><ele>792.5</ele><time>2026-07-30T09:24:05Z</time></trkpt><trkpt lat="45.542932" lon="25.296475"><ele>793.2</ele><time>2026-07-30T09:24:09Z</time></trkpt><trkpt lat="45.542843" lon="25.296452"><ele>794.2</ele><time>2026-07-30T09:24:13Z</time></trkpt><trkpt lat="45.54277" lon="25.296437"><ele>795.2</ele><time>2026-07-30T09:24:17Z</time></trkpt><trkpt lat="45.542683" lon="25.296407"><ele>796.3</ele><time>2026-07-30T09:24:21Z</time></trkpt><trkpt lat="45.542615" lon="25.29637"><ele>797.1</ele><time>2026-07-30T09:24:24Z</time></trkpt><trkpt lat="45.54253" lon="25.296353"><ele>797.6</ele><time>2026-07-30T09:24:27Z</time></trkpt><trkpt lat="45.542445" lon="25.296353"><ele>798.6</ele><time>2026-07-30T09:24:31Z</time></trkpt><trkpt lat="45.542373" lon="25.296308"><ele>799.3</ele><time>2026-07-30T09:24:34Z</time></trkpt><trkpt lat="45.542302" lon="25.29629"><ele>799.9</ele><time>2026-07-30T09:24:37Z</time></trkpt><trkpt lat="45.542213" lon="25.29625"><ele>800.7</ele><time>2026-07-30T09:24:41Z</time></trkpt><trkpt lat="45.542115" lon="25.296222"><ele>801.3</ele><time>2026-07-30T09:24:45Z</time></trkpt><trkpt lat="45.542038" lon="25.296187"><ele>802.2</ele><time>2026-07-30T09:24:50Z</time></trkpt><trkpt lat="45.54196" lon="25.296152"><ele>802.9</ele><time>2026-07-30T09:24:54Z</time></trkpt><trkpt lat="45.54188" lon="25.29612"><ele>803.7</ele><time>2026-07-30T09:24:58Z</time></trkpt><trkpt lat="45.541812" lon="25.296078"><ele>804.3</ele><time>2026-07-30T09:25:02Z</time></trkpt><trkpt lat="45.54174" lon="25.296047"><ele>805.2</ele><time>2026-07-30T09:25:06Z</time></trkpt><trkpt lat="45.541667" lon="25.296008"><ele>806.2</ele><time>2026-07-30T09:25:11Z</time></trkpt><trkpt lat="45.541592" lon="25.295965"><ele>807.5</ele><time>2026-07-30T09:25:16Z</time></trkpt><trkpt lat="45.541525" lon="25.295927"><ele>808.2</ele><time>2026-07-30T09:25:20Z</time></trkpt><trkpt lat="45.541443" lon="25.295893"><ele>809.1</ele><time>2026-07-30T09:25:24Z</time></trkpt><trkpt lat="45.541353" lon="25.295845"><ele>809.5</ele><time>2026-07-30T09:25:28Z</time></trkpt><trkpt lat="45.54128" lon="25.295827"><ele>809.6</ele><time>2026-07-30T09:25:31Z</time></trkpt><trkpt lat="45.541202" lon="25.295797"><ele>809.7</ele><time>2026-07-30T09:25:34Z</time></trkpt><trkpt lat="45.541117" lon="25.295745"><ele>809.9</ele><time>2026-07-30T09:25:38Z</time></trkpt><trkpt lat="45.541048" lon="25.295707"><ele>810.1</ele><time>2026-07-30T09:25:41Z</time></trkpt><trkpt lat="45.540982" lon="25.295655"><ele>810.4</ele><time>2026-07-30T09:25:44Z</time></trkpt><trkpt lat="45.540902" lon="25.295633"><ele>810.5</ele><time>2026-07-30T09:25:47Z</time></trkpt><trkpt lat="45.540813" lon="25.295613"><ele>810.5</ele><time>2026-07-30T09:25:50Z</time></trkpt><trkpt lat="45.540735" lon="25.29558"><ele>810.5</ele><time>2026-07-30T09:25:53Z</time></trkpt><trkpt lat="45.540658" lon="25.295542"><ele>810.6</ele><time>2026-07-30T09:25:56Z</time></trkpt><trkpt lat="45.540588" lon="25.295498"><ele>810.7</ele><time>2026-07-30T09:25:59Z</time></trkpt><trkpt lat="45.540515" lon="25.295462"><ele>810.8</ele><time>2026-07-30T09:26:02Z</time></trkpt><trkpt lat="45.540445" lon="25.29543"><ele>810.9</ele><time>2026-07-30T09:26:05Z</time></trkpt><trkpt lat="45.540348" lon="25.295375"><ele>811.0</ele><time>2026-07-30T09:26:08Z</time></trkpt><trkpt lat="45.540282" lon="25.295325"><ele>811.0</ele><time>2026-07-30T09:26:11Z</time></trkpt><trkpt lat="45.540192" lon="25.29525"><ele>811.1</ele><time>2026-07-30T09:26:14Z</time></trkpt><trkpt lat="45.540107" lon="25.295195"><ele>811.2</ele><time>2026-07-30T09:26:18Z</time></trkpt><trkpt lat="45.540017" lon="25.295152"><ele>811.4</ele><time>2026-07-30T09:26:21Z</time></trkpt><trkpt lat="45.53995" lon="25.295078"><ele>811.5</ele><time>2026-07-30T09:26:24Z</time></trkpt><trkpt lat="45.53988" lon="25.295017"><ele>811.5</ele><time>2026-07-30T09:26:27Z</time></trkpt><trkpt lat="45.539805" lon="25.294955"><ele>811.7</ele><time>2026-07-30T09:26:30Z</time></trkpt><trkpt lat="45.539735" lon="25.294895"><ele>811.9</ele><time>2026-07-30T09:26:33Z</time></trkpt><trkpt lat="45.539665" lon="25.294822"><ele>812.2</ele><time>2026-07-30T09:26:36Z</time></trkpt><trkpt lat="45.539588" lon="25.29477"><ele>812.5</ele><time>2026-07-30T09:26:39Z</time></trkpt><trkpt lat="45.539507" lon="25.294718"><ele>812.7</ele><time>2026-07-30T09:26:42Z</time></trkpt><trkpt lat="45.539433" lon="25.294667"><ele>812.8</ele><time>2026-07-30T09:26:45Z</time></trkpt><trkpt lat="45.539357" lon="25.294635"><ele>813.0</ele><time>2026-07-30T09:26:48Z</time></trkpt><trkpt lat="45.539288" lon="25.294578"><ele>813.1</ele><time>2026-07-30T09:26:51Z</time></trkpt><trkpt lat="45.539213" lon="25.29455"><ele>813.3</ele><time>2026-07-30T09:26:54Z</time></trkpt><trkpt lat="45.539142" lon="25.2945"><ele>813.6</ele><time>2026-07-30T09:26:57Z</time></trkpt><trkpt lat="45.539072" lon="25.294465"><ele>814.1</ele><time>2026-07-30T09:27:00Z</time></trkpt><trkpt lat="45.538993" lon="25.29444"><ele>814.3</ele><time>2026-07-30T09:27:02Z</time></trkpt><trkpt lat="45.538923" lon="25.2944"><ele>814.6</ele><time>2026-07-30T09:27:05Z</time></trkpt><trkpt lat="45.538852" lon="25.294337"><ele>814.9</ele><time>2026-07-30T09:27:08Z</time></trkpt><trkpt lat="45.538772" lon="25.294312"><ele>815.4</ele><time>2026-07-30T09:27:11Z</time></trkpt><trkpt lat="45.538683" lon="25.294268"><ele>815.6</ele><time>2026-07-30T09:27:13Z</time></trkpt><trkpt lat="45.538608" lon="25.294245"><ele>816.1</ele><time>2026-07-30T09:27:16Z</time></trkpt><trkpt lat="45.538535" lon="25.294185"><ele>816.4</ele><time>2026-07-30T09:27:19Z</time></trkpt><trkpt lat="45.538458" lon="25.294118"><ele>817.0</ele><time>2026-07-30T09:27:22Z</time></trkpt><trkpt lat="45.538377" lon="25.294022"><ele>817.5</ele><time>2026-07-30T09:27:25Z</time></trkpt><trkpt lat="45.538302" lon="25.293983"><ele>817.8</ele><time>2026-07-30T09:27:27Z</time></trkpt><trkpt lat="45.53822" lon="25.293892"><ele>818.1</ele><time>2026-07-30T09:27:30Z</time></trkpt><trkpt lat="45.538132" lon="25.293827"><ele>818.6</ele><time>2026-07-30T09:27:33Z</time></trkpt><trkpt lat="45.538057" lon="25.29375"><ele>818.9</ele><time>2026-07-30T09:27:36Z</time></trkpt><trkpt lat="45.53797" lon="25.293688"><ele>819.3</ele><time>2026-07-30T09:27:39Z</time></trkpt><trkpt lat="45.537897" lon="25.293625"><ele>819.7</ele><time>2026-07-30T09:27:42Z</time></trkpt><trkpt lat="45.53782" lon="25.29357"><ele>820.1</ele><time>2026-07-30T09:27:45Z</time></trkpt><trkpt lat="45.537748" lon="25.293513"><ele>820.5</ele><time>2026-07-30T09:27:48Z</time></trkpt><trkpt lat="45.537682" lon="25.293447"><ele>820.9</ele><time>2026-07-30T09:27:51Z</time></trkpt><trkpt lat="45.537613" lon="25.293377"><ele>821.2</ele><time>2026-07-30T09:27:54Z</time></trkpt><trkpt lat="45.537543" lon="25.293335"><ele>821.7</ele><time>2026-07-30T09:27:57Z</time></trkpt><trkpt lat="45.537462" lon="25.293298"><ele>822.1</ele><time>2026-07-30T09:28:00Z</time></trkpt><trkpt lat="45.537385" lon="25.293248"><ele>822.5</ele><time>2026-07-30T09:28:03Z</time></trkpt><trkpt lat="45.537292" lon="25.293197"><ele>823.0</ele><time>2026-07-30T09:28:06Z</time></trkpt><trkpt lat="45.5372" lon="25.293168"><ele>823.6</ele><time>2026-07-30T09:28:09Z</time></trkpt><trkpt lat="45.53711" lon="25.293095"><ele>824.0</ele><time>2026-07-30T09:28:12Z</time></trkpt><trkpt lat="45.537043" lon="25.293013"><ele>824.5</ele><time>2026-07-30T09:28:15Z</time></trkpt><trkpt lat="45.536968" lon="25.292932"><ele>825.0</ele><time>2026-07-30T09:28:18Z</time></trkpt><trkpt lat="45.536888" lon="25.292853"><ele>825.6</ele><time>2026-07-30T09:28:21Z</time></trkpt><trkpt lat="45.53683" lon="25.292768"><ele>826.0</ele><time>2026-07-30T09:28:24Z</time></trkpt><trkpt lat="45.536773" lon="25.292697"><ele>826.5</ele><time>2026-07-30T09:28:27Z</time></trkpt><trkpt lat="45.53671" lon="25.292628"><ele>826.8</ele><time>2026-07-30T09:28:30Z</time></trkpt><trkpt lat="45.536637" lon="25.292577"><ele>827.4</ele><time>2026-07-30T09:28:33Z</time></trkpt><trkpt lat="45.536587" lon="25.292498"><ele>827.9</ele><time>2026-07-30T09:28:36Z</time></trkpt><trkpt lat="45.536505" lon="25.292435"><ele>828.5</ele><time>2026-07-30T09:28:40Z</time></trkpt><trkpt lat="45.536445" lon="25.292368"><ele>829.1</ele><time>2026-07-30T09:28:43Z</time></trkpt><trkpt lat="45.536372" lon="25.292333"><ele>829.5</ele><time>2026-07-30T09:28:46Z</time></trkpt><trkpt lat="45.536302" lon="25.292272"><ele>830.1</ele><time>2026-07-30T09:28:50Z</time></trkpt><trkpt lat="45.53623" lon="25.29221"><ele>830.7</ele><time>2026-07-30T09:28:54Z</time></trkpt><trkpt lat="45.536152" lon="25.292162"><ele>831.3</ele><time>2026-07-30T09:28:58Z</time></trkpt><trkpt lat="45.536065" lon="25.292125"><ele>832.0</ele><time>2026-07-30T09:29:02Z</time></trkpt><trkpt lat="45.535993" lon="25.292102"><ele>832.4</ele><time>2026-07-30T09:29:05Z</time></trkpt><trkpt lat="45.535925" lon="25.292133"><ele>833.2</ele><time>2026-07-30T09:29:09Z</time></trkpt><trkpt lat="45.535865" lon="25.292063"><ele>833.3</ele><time>2026-07-30T09:29:17Z</time></trkpt><trkpt lat="45.535778" lon="25.292053"><ele>833.5</ele><time>2026-07-30T09:29:32Z</time></trkpt><trkpt lat="45.535712" lon="25.291997"><ele>833.4</ele><time>2026-07-30T09:30:30Z</time></trkpt><trkpt lat="45.535697" lon="25.2921"><ele>839.5</ele><time>2026-07-30T09:36:47Z</time></trkpt><trkpt lat="45.535695" lon="25.29221"><ele>839.7</ele><time>2026-07-30T09:39:24Z</time></trkpt><trkpt lat="45.535727" lon="25.292112"><ele>839.7</ele><time>2026-07-30T09:40:38Z</time></trkpt><trkpt lat="45.535665" lon="25.292057"><ele>839.4</ele><time>2026-07-30T09:42:05Z</time></trkpt><trkpt lat="45.535588" lon="25.292042"><ele>839.2</ele><time>2026-07-30T09:42:10Z</time></trkpt><trkpt lat="45.53551" lon="25.292038"><ele>839.4</ele><time>2026-07-30T09:42:14Z</time></trkpt><trkpt lat="45.535452" lon="25.29196"><ele>840.0</ele><time>2026-07-30T09:42:19Z</time></trkpt><trkpt lat="45.535378" lon="25.291923"><ele>840.8</ele><time>2026-07-30T09:42:24Z</time></trkpt><trkpt lat="45.5353" lon="25.291898"><ele>841.8</ele><time>2026-07-30T09:42:29Z</time></trkpt><trkpt lat="45.535228" lon="25.291878"><ele>842.8</ele><time>2026-07-30T09:42:34Z</time></trkpt><trkpt lat="45.535153" lon="25.29187"><ele>843.4</ele><time>2026-07-30T09:42:38Z</time></trkpt><trkpt lat="45.535072" lon="25.291857"><ele>844.3</ele><time>2026-07-30T09:42:43Z</time></trkpt><trkpt lat="45.534993" lon="25.291825"><ele>845.2</ele><time>2026-07-30T09:42:48Z</time></trkpt><trkpt lat="45.534925" lon="25.291792"><ele>845.7</ele><time>2026-07-30T09:42:52Z</time></trkpt><trkpt lat="45.534838" lon="25.29178"><ele>846.0</ele><time>2026-07-30T09:42:56Z</time></trkpt><trkpt lat="45.534765" lon="25.29176"><ele>846.1</ele><time>2026-07-30T09:42:59Z</time></trkpt><trkpt lat="45.53469" lon="25.291765"><ele>846.2</ele><time>2026-07-30T09:43:05Z</time></trkpt><trkpt lat="45.534625" lon="25.291862"><ele>846.4</ele><time>2026-07-30T09:43:10Z</time></trkpt><trkpt lat="45.53464" lon="25.291975"><ele>846.6</ele><time>2026-07-30T09:43:14Z</time></trkpt><trkpt lat="45.534678" lon="25.292092"><ele>847.3</ele><time>2026-07-30T09:43:20Z</time></trkpt><trkpt lat="45.534748" lon="25.292173"><ele>848.0</ele><time>2026-07-30T09:43:24Z</time></trkpt><trkpt lat="45.53481" lon="25.292237"><ele>848.5</ele><time>2026-07-30T09:43:28Z</time></trkpt><trkpt lat="45.534882" lon="25.292283"><ele>849.3</ele><time>2026-07-30T09:43:33Z</time></trkpt><trkpt lat="45.53495" lon="25.292358"><ele>850.3</ele><time>2026-07-30T09:43:38Z</time></trkpt><trkpt lat="45.535033" lon="25.292397"><ele>851.3</ele><time>2026-07-30T09:43:42Z</time></trkpt><trkpt lat="45.535098" lon="25.29245"><ele>852.0</ele><time>2026-07-30T09:43:47Z</time></trkpt><trkpt lat="45.535167" lon="25.292498"><ele>852.5</ele><time>2026-07-30T09:43:50Z</time></trkpt><trkpt lat="45.535212" lon="25.292578"><ele>853.1</ele><time>2026-07-30T09:43:54Z</time></trkpt><trkpt lat="45.535277" lon="25.292652"><ele>853.8</ele><time>2026-07-30T09:43:58Z</time></trkpt><trkpt lat="45.535352" lon="25.292732"><ele>854.2</ele><time>2026-07-30T09:44:02Z</time></trkpt><trkpt lat="45.535408" lon="25.292793"><ele>854.6</ele><time>2026-07-30T09:44:05Z</time></trkpt><trkpt lat="45.535487" lon="25.292862"><ele>855.2</ele><time>2026-07-30T09:44:09Z</time></trkpt><trkpt lat="45.535547" lon="25.292943"><ele>855.7</ele><time>2026-07-30T09:44:13Z</time></trkpt><trkpt lat="45.535602" lon="25.293013"><ele>856.1</ele><time>2026-07-30T09:44:16Z</time></trkpt><trkpt lat="45.535668" lon="25.29306"><ele>856.5</ele><time>2026-07-30T09:44:19Z</time></trkpt><trkpt lat="45.535727" lon="25.293122"><ele>856.9</ele><time>2026-07-30T09:44:22Z</time></trkpt><trkpt lat="45.535788" lon="25.293222"><ele>857.8</ele><time>2026-07-30T09:44:26Z</time></trkpt><trkpt lat="45.535812" lon="25.293332"><ele>859.0</ele><time>2026-07-30T09:44:31Z</time></trkpt><trkpt lat="45.53576" lon="25.293262"><ele>861.5</ele><time>2026-07-30T09:44:42Z</time></trkpt><trkpt lat="45.535682" lon="25.293225"><ele>862.8</ele><time>2026-07-30T09:44:49Z</time></trkpt><trkpt lat="45.535613" lon="25.293165"><ele>863.6</ele><time>2026-07-30T09:44:54Z</time></trkpt><trkpt lat="45.535533" lon="25.293092"><ele>864.5</ele><time>2026-07-30T09:44:58Z</time></trkpt><trkpt lat="45.535463" lon="25.293047"><ele>865.5</ele><time>2026-07-30T09:45:02Z</time></trkpt><trkpt lat="45.535385" lon="25.293027"><ele>866.3</ele><time>2026-07-30T09:45:06Z</time></trkpt><trkpt lat="45.5353" lon="25.293"><ele>867.1</ele><time>2026-07-30T09:45:10Z</time></trkpt><trkpt lat="45.535225" lon="25.29296"><ele>867.9</ele><time>2026-07-30T09:45:15Z</time></trkpt><trkpt lat="45.535133" lon="25.292938"><ele>869.2</ele><time>2026-07-30T09:45:20Z</time></trkpt><trkpt lat="45.535048" lon="25.292968"><ele>870.2</ele><time>2026-07-30T09:45:24Z</time></trkpt><trkpt lat="45.534947" lon="25.293003"><ele>871.2</ele><time>2026-07-30T09:45:28Z</time></trkpt><trkpt lat="45.53484" lon="25.29304"><ele>871.9</ele><time>2026-07-30T09:45:32Z</time></trkpt><trkpt lat="45.534758" lon="25.293078"><ele>872.7</ele><time>2026-07-30T09:45:36Z</time></trkpt><trkpt lat="45.534697" lon="25.293133"><ele>873.3</ele><time>2026-07-30T09:45:39Z</time></trkpt><trkpt lat="45.53464" lon="25.2932"><ele>874.2</ele><time>2026-07-30T09:45:43Z</time></trkpt><trkpt lat="45.534593" lon="25.293303"><ele>874.8</ele><time>2026-07-30T09:45:47Z</time></trkpt><trkpt lat="45.534545" lon="25.293395"><ele>875.7</ele><time>2026-07-30T09:45:51Z</time></trkpt><trkpt lat="45.534478" lon="25.293453"><ele>876.9</ele><time>2026-07-30T09:45:55Z</time></trkpt><trkpt lat="45.534407" lon="25.293515"><ele>878.2</ele><time>2026-07-30T09:45:59Z</time></trkpt><trkpt lat="45.53434" lon="25.293472"><ele>879.5</ele><time>2026-07-30T09:46:04Z</time></trkpt><trkpt lat="45.534328" lon="25.293355"><ele>882.5</ele><time>2026-07-30T09:46:15Z</time></trkpt><trkpt lat="45.534355" lon="25.293253"><ele>884.5</ele><time>2026-07-30T09:46:22Z</time></trkpt><trkpt lat="45.53435" lon="25.29313"><ele>885.7</ele><time>2026-07-30T09:46:27Z</time></trkpt><trkpt lat="45.534325" lon="25.293022"><ele>886.5</ele><time>2026-07-30T09:46:31Z</time></trkpt><trkpt lat="45.534282" lon="25.292928"><ele>887.3</ele><time>2026-07-30T09:46:35Z</time></trkpt><trkpt lat="45.534215" lon="25.292848"><ele>888.0</ele><time>2026-07-30T09:46:40Z</time></trkpt><trkpt lat="45.534163" lon="25.29277"><ele>888.6</ele><time>2026-07-30T09:46:43Z</time></trkpt><trkpt lat="45.534102" lon="25.292668"><ele>889.6</ele><time>2026-07-30T09:46:48Z</time></trkpt><trkpt lat="45.534043" lon="25.292582"><ele>891.1</ele><time>2026-07-30T09:46:54Z</time></trkpt><trkpt lat="45.533972" lon="25.292515"><ele>892.0</ele><time>2026-07-30T09:46:59Z</time></trkpt><trkpt lat="45.5339" lon="25.29247"><ele>892.9</ele><time>2026-07-30T09:47:03Z</time></trkpt><trkpt lat="45.533837" lon="25.292408"><ele>893.7</ele><time>2026-07-30T09:47:06Z</time></trkpt><trkpt lat="45.533762" lon="25.292363"><ele>894.7</ele><time>2026-07-30T09:47:10Z</time></trkpt><trkpt lat="45.533692" lon="25.292312"><ele>895.3</ele><time>2026-07-30T09:47:13Z</time></trkpt><trkpt lat="45.533603" lon="25.292265"><ele>896.4</ele><time>2026-07-30T09:47:17Z</time></trkpt><trkpt lat="45.53353" lon="25.292225"><ele>900.8</ele><time>2026-07-30T09:47:20Z</time></trkpt><trkpt lat="45.533442" lon="25.292168"><ele>902.0</ele><time>2026-07-30T09:47:24Z</time></trkpt><trkpt lat="45.533367" lon="25.292188"><ele>902.6</ele><time>2026-07-30T09:47:26Z</time></trkpt><trkpt lat="45.533285" lon="25.292233"><ele>903.4</ele><time>2026-07-30T09:47:29Z</time></trkpt><trkpt lat="45.533253" lon="25.292335"><ele>904.7</ele><time>2026-07-30T09:47:35Z</time></trkpt><trkpt lat="45.53322" lon="25.292428"><ele>905.9</ele><time>2026-07-30T09:47:40Z</time></trkpt><trkpt lat="45.53326" lon="25.292525"><ele>907.3</ele><time>2026-07-30T09:47:45Z</time></trkpt><trkpt lat="45.533303" lon="25.292613"><ele>908.2</ele><time>2026-07-30T09:47:50Z</time></trkpt><trkpt lat="45.533352" lon="25.292703"><ele>909.4</ele><time>2026-07-30T09:47:55Z</time></trkpt><trkpt lat="45.533395" lon="25.292803"><ele>910.8</ele><time>2026-07-30T09:48:01Z</time></trkpt><trkpt lat="45.533458" lon="25.292885"><ele>911.8</ele><time>2026-07-30T09:48:06Z</time></trkpt><trkpt lat="45.533503" lon="25.292982"><ele>912.8</ele><time>2026-07-30T09:48:10Z</time></trkpt><trkpt lat="45.533543" lon="25.293083"><ele>913.8</ele><time>2026-07-30T09:48:14Z</time></trkpt><trkpt lat="45.533568" lon="25.29319"><ele>914.8</ele><time>2026-07-30T09:48:18Z</time></trkpt><trkpt lat="45.533592" lon="25.293298"><ele>915.5</ele><time>2026-07-30T09:48:22Z</time></trkpt><trkpt lat="45.533592" lon="25.293417"><ele>916.5</ele><time>2026-07-30T09:48:26Z</time></trkpt><trkpt lat="45.533553" lon="25.293507"><ele>917.8</ele><time>2026-07-30T09:48:31Z</time></trkpt><trkpt lat="45.533572" lon="25.293392"><ele>920.0</ele><time>2026-07-30T09:48:41Z</time></trkpt><trkpt lat="45.533577" lon="25.293277"><ele>922.1</ele><time>2026-07-30T09:48:51Z</time></trkpt><trkpt lat="45.533543" lon="25.293168"><ele>923.5</ele><time>2026-07-30T09:48:58Z</time></trkpt><trkpt lat="45.533498" lon="25.29308"><ele>925.0</ele><time>2026-07-30T09:49:04Z</time></trkpt><trkpt lat="45.533463" lon="25.292988"><ele>926.0</ele><time>2026-07-30T09:49:09Z</time></trkpt><trkpt lat="45.533417" lon="25.292898"><ele>927.0</ele><time>2026-07-30T09:49:14Z</time></trkpt><trkpt lat="45.533337" lon="25.292842"><ele>927.8</ele><time>2026-07-30T09:49:18Z</time></trkpt><trkpt lat="45.533252" lon="25.292825"><ele>928.4</ele><time>2026-07-30T09:49:21Z</time></trkpt><trkpt lat="45.533163" lon="25.29283"><ele>929.1</ele><time>2026-07-30T09:49:24Z</time></trkpt><trkpt lat="45.53309" lon="25.29285"><ele>929.9</ele><time>2026-07-30T09:49:27Z</time></trkpt><trkpt lat="45.533003" lon="25.29285"><ele>930.4</ele><time>2026-07-30T09:49:29Z</time></trkpt><trkpt lat="45.532915" lon="25.292857"><ele>930.9</ele><time>2026-07-30T09:49:32Z</time></trkpt><trkpt lat="45.532833" lon="25.292888"><ele>931.8</ele><time>2026-07-30T09:49:38Z</time></trkpt><trkpt lat="45.532757" lon="25.292903"><ele>932.5</ele><time>2026-07-30T09:49:44Z</time></trkpt><trkpt lat="45.532688" lon="25.292942"><ele>933.1</ele><time>2026-07-30T09:49:51Z</time></trkpt><trkpt lat="45.532625" lon="25.292998"><ele>934.1</ele><time>2026-07-30T09:50:02Z</time></trkpt><trkpt lat="45.532583" lon="25.293092"><ele>934.2</ele><time>2026-07-30T09:50:22Z</time></trkpt><trkpt lat="45.532522" lon="25.29315"><ele>934.4</ele><time>2026-07-30T09:50:49Z</time></trkpt><trkpt lat="45.532442" lon="25.29312"><ele>935.2</ele><time>2026-07-30T09:50:58Z</time></trkpt><trkpt lat="45.53236" lon="25.293125"><ele>936.1</ele><time>2026-07-30T09:51:06Z</time></trkpt><trkpt lat="45.532285" lon="25.29311"><ele>936.9</ele><time>2026-07-30T09:51:12Z</time></trkpt><trkpt lat="45.532267" lon="25.293212"><ele>939.1</ele><time>2026-07-30T09:51:23Z</time></trkpt><trkpt lat="45.53233" lon="25.293165"><ele>941.5</ele><time>2026-07-30T09:51:35Z</time></trkpt><trkpt lat="45.532342" lon="25.293055"><ele>942.4</ele><time>2026-07-30T09:51:39Z</time></trkpt><trkpt lat="45.532318" lon="25.29295"><ele>943.3</ele><time>2026-07-30T09:51:43Z</time></trkpt><trkpt lat="45.532313" lon="25.292832"><ele>944.3</ele><time>2026-07-30T09:51:47Z</time></trkpt><trkpt lat="45.532298" lon="25.292707"><ele>945.2</ele><time>2026-07-30T09:51:52Z</time></trkpt><trkpt lat="45.532263" lon="25.292613"><ele>946.0</ele><time>2026-07-30T09:51:56Z</time></trkpt><trkpt lat="45.532233" lon="25.292502"><ele>946.7</ele><time>2026-07-30T09:52:00Z</time></trkpt><trkpt lat="45.532213" lon="25.292392"><ele>947.7</ele><time>2026-07-30T09:52:05Z</time></trkpt><trkpt lat="45.532187" lon="25.292295"><ele>948.4</ele><time>2026-07-30T09:52:10Z</time></trkpt><trkpt lat="45.532173" lon="25.292183"><ele>949.2</ele><time>2026-07-30T09:52:15Z</time></trkpt><trkpt lat="45.532112" lon="25.292113"><ele>950.0</ele><time>2026-07-30T09:52:19Z</time></trkpt><trkpt lat="45.532062" lon="25.292017"><ele>950.7</ele><time>2026-07-30T09:52:24Z</time></trkpt><trkpt lat="45.532015" lon="25.291915"><ele>951.8</ele><time>2026-07-30T09:52:29Z</time></trkpt><trkpt lat="45.53199" lon="25.291818"><ele>952.7</ele><time>2026-07-30T09:52:33Z</time></trkpt><trkpt lat="45.531945" lon="25.291708"><ele>953.8</ele><time>2026-07-30T09:52:38Z</time></trkpt><trkpt lat="45.531905" lon="25.291613"><ele>954.3</ele><time>2026-07-30T09:52:42Z</time></trkpt><trkpt lat="45.53183" lon="25.291543"><ele>955.4</ele><time>2026-07-30T09:52:47Z</time></trkpt><trkpt lat="45.531757" lon="25.291535"><ele>956.3</ele><time>2026-07-30T09:52:50Z</time></trkpt><trkpt lat="45.531693" lon="25.291605"><ele>957.8</ele><time>2026-07-30T09:52:56Z</time></trkpt><trkpt lat="45.531685" lon="25.291708"><ele>958.5</ele><time>2026-07-30T09:53:01Z</time></trkpt><trkpt lat="45.531688" lon="25.291823"><ele>959.6</ele><time>2026-07-30T09:53:07Z</time></trkpt><trkpt lat="45.531702" lon="25.291928"><ele>960.4</ele><time>2026-07-30T09:53:12Z</time></trkpt><trkpt lat="45.531692" lon="25.292042"><ele>961.0</ele><time>2026-07-30T09:53:17Z</time></trkpt><trkpt lat="45.531713" lon="25.29214"><ele>962.0</ele><time>2026-07-30T09:53:23Z</time></trkpt><trkpt lat="45.53173" lon="25.292258"><ele>963.2</ele><time>2026-07-30T09:53:30Z</time></trkpt><trkpt lat="45.53173" lon="25.29238"><ele>964.0</ele><time>2026-07-30T09:53:35Z</time></trkpt><trkpt lat="45.531733" lon="25.292495"><ele>965.3</ele><time>2026-07-30T09:53:41Z</time></trkpt><trkpt lat="45.531707" lon="25.292593"><ele>966.4</ele><time>2026-07-30T09:53:46Z</time></trkpt><trkpt lat="45.531688" lon="25.2927"><ele>967.7</ele><time>2026-07-30T09:53:53Z</time></trkpt><trkpt lat="45.531647" lon="25.292807"><ele>969.0</ele><time>2026-07-30T09:53:59Z</time></trkpt><trkpt lat="45.531593" lon="25.29289"><ele>970.0</ele><time>2026-07-30T09:54:04Z</time></trkpt><trkpt lat="45.531557" lon="25.292992"><ele>971.2</ele><time>2026-07-30T09:54:10Z</time></trkpt><trkpt lat="45.531518" lon="25.293112"><ele>972.6</ele><time>2026-07-30T09:54:16Z</time></trkpt><trkpt lat="45.531492" lon="25.293227"><ele>973.8</ele><time>2026-07-30T09:54:21Z</time></trkpt><trkpt lat="45.531443" lon="25.293315"><ele>974.9</ele><time>2026-07-30T09:54:27Z</time></trkpt><trkpt lat="45.531397" lon="25.293405"><ele>976.0</ele><time>2026-07-30T09:54:32Z</time></trkpt><trkpt lat="45.53138" lon="25.293505"><ele>977.1</ele><time>2026-07-30T09:54:37Z</time></trkpt><trkpt lat="45.531353" lon="25.29361"><ele>978.0</ele><time>2026-07-30T09:54:43Z</time></trkpt><trkpt lat="45.531313" lon="25.293705"><ele>979.3</ele><time>2026-07-30T09:54:49Z</time></trkpt><trkpt lat="45.531282" lon="25.293818"><ele>980.6</ele><time>2026-07-30T09:54:55Z</time></trkpt><trkpt lat="45.531248" lon="25.293928"><ele>981.5</ele><time>2026-07-30T09:55:00Z</time></trkpt><trkpt lat="45.531218" lon="25.294028"><ele>982.8</ele><time>2026-07-30T09:55:06Z</time></trkpt><trkpt lat="45.531308" lon="25.294012"><ele>984.6</ele><time>2026-07-30T09:55:16Z</time></trkpt><trkpt lat="45.531362" lon="25.293933"><ele>985.2</ele><time>2026-07-30T09:55:21Z</time></trkpt><trkpt lat="45.531315" lon="25.293833"><ele>986.1</ele><time>2026-07-30T09:55:27Z</time></trkpt><trkpt lat="45.531328" lon="25.293722"><ele>987.5</ele><time>2026-07-30T09:55:36Z</time></trkpt><trkpt lat="45.53136" lon="25.29363"><ele>988.7</ele><time>2026-07-30T09:55:42Z</time></trkpt><trkpt lat="45.531407" lon="25.293538"><ele>989.7</ele><time>2026-07-30T09:55:47Z</time></trkpt><trkpt lat="45.531438" lon="25.293433"><ele>991.4</ele><time>2026-07-30T09:55:55Z</time></trkpt><trkpt lat="45.531442" lon="25.293325"><ele>992.7</ele><time>2026-07-30T09:56:00Z</time></trkpt><trkpt lat="45.531462" lon="25.293222"><ele>994.0</ele><time>2026-07-30T09:56:05Z</time></trkpt><trkpt lat="45.53146" lon="25.2931"><ele>995.0</ele><time>2026-07-30T09:56:10Z</time></trkpt><trkpt lat="45.531468" lon="25.292982"><ele>996.0</ele><time>2026-07-30T09:56:14Z</time></trkpt><trkpt lat="45.531473" lon="25.292862"><ele>996.7</ele><time>2026-07-30T09:56:18Z</time></trkpt><trkpt lat="45.53145" lon="25.29275"><ele>997.5</ele><time>2026-07-30T09:56:22Z</time></trkpt><trkpt lat="45.531432" lon="25.292632"><ele>998.2</ele><time>2026-07-30T09:56:27Z</time></trkpt><trkpt lat="45.531385" lon="25.292537"><ele>998.8</ele><time>2026-07-30T09:56:31Z</time></trkpt><trkpt lat="45.531373" lon="25.29242"><ele>999.3</ele><time>2026-07-30T09:56:35Z</time></trkpt><trkpt lat="45.531348" lon="25.292302"><ele>999.9</ele><time>2026-07-30T09:56:40Z</time></trkpt><trkpt lat="45.531313" lon="25.2922"><ele>1000.1</ele><time>2026-07-30T09:56:44Z</time></trkpt><trkpt lat="45.531293" lon="25.292088"><ele>1000.4</ele><time>2026-07-30T09:56:49Z</time></trkpt><trkpt lat="45.531282" lon="25.291972"><ele>1000.7</ele><time>2026-07-30T09:56:54Z</time></trkpt><trkpt lat="45.531248" lon="25.291875"><ele>1001.0</ele><time>2026-07-30T09:56:57Z</time></trkpt><trkpt lat="45.531193" lon="25.291767"><ele>1001.4</ele><time>2026-07-30T09:57:01Z</time></trkpt><trkpt lat="45.531157" lon="25.291653"><ele>1001.6</ele><time>2026-07-30T09:57:04Z</time></trkpt><trkpt lat="45.531127" lon="25.291548"><ele>1002.0</ele><time>2026-07-30T09:57:09Z</time></trkpt><trkpt lat="45.53106" lon="25.291473"><ele>1002.4</ele><time>2026-07-30T09:57:14Z</time></trkpt><trkpt lat="45.530997" lon="25.291427"><ele>1002.6</ele><time>2026-07-30T09:57:18Z</time></trkpt><trkpt lat="45.530927" lon="25.29137"><ele>1002.8</ele><time>2026-07-30T09:57:21Z</time></trkpt><trkpt lat="45.530855" lon="25.291315"><ele>1003.2</ele><time>2026-07-30T09:57:25Z</time></trkpt><trkpt lat="45.530775" lon="25.291268"><ele>1003.8</ele><time>2026-07-30T09:57:30Z</time></trkpt><trkpt lat="45.530707" lon="25.291222"><ele>1004.3</ele><time>2026-07-30T09:57:34Z</time></trkpt><trkpt lat="45.530622" lon="25.291173"><ele>1004.9</ele><time>2026-07-30T09:57:39Z</time></trkpt><trkpt lat="45.530545" lon="25.291127"><ele>1005.5</ele><time>2026-07-30T09:57:44Z</time></trkpt><trkpt lat="45.530462" lon="25.291118"><ele>1006.5</ele><time>2026-07-30T09:57:48Z</time></trkpt><trkpt lat="45.530388" lon="25.291107"><ele>1007.1</ele><time>2026-07-30T09:57:52Z</time></trkpt><trkpt lat="45.530307" lon="25.291047"><ele>1007.5</ele><time>2026-07-30T09:57:59Z</time></trkpt><trkpt lat="45.530262" lon="25.290963"><ele>1008.0</ele><time>2026-07-30T09:58:04Z</time></trkpt><trkpt lat="45.530305" lon="25.290858"><ele>1008.8</ele><time>2026-07-30T09:58:11Z</time></trkpt><trkpt lat="45.530278" lon="25.290735"><ele>1011.1</ele><time>2026-07-30T09:58:21Z</time></trkpt><trkpt lat="45.530205" lon="25.29069"><ele>1011.6</ele><time>2026-07-30T09:58:24Z</time></trkpt><trkpt lat="45.53012" lon="25.290665"><ele>1012.0</ele><time>2026-07-30T09:58:27Z</time></trkpt><trkpt lat="45.530027" lon="25.290658"><ele>1012.2</ele><time>2026-07-30T09:58:30Z</time></trkpt><trkpt lat="45.529942" lon="25.290658"><ele>1012.6</ele><time>2026-07-30T09:58:33Z</time></trkpt><trkpt lat="45.52987" lon="25.290663"><ele>1013.0</ele><time>2026-07-30T09:58:36Z</time></trkpt><trkpt lat="45.529782" lon="25.290658"><ele>1013.6</ele><time>2026-07-30T09:58:40Z</time></trkpt><trkpt lat="45.529693" lon="25.290643"><ele>1014.2</ele><time>2026-07-30T09:58:44Z</time></trkpt><trkpt lat="45.529607" lon="25.290628"><ele>1014.7</ele><time>2026-07-30T09:58:48Z</time></trkpt><trkpt lat="45.529532" lon="25.29062"><ele>1015.4</ele><time>2026-07-30T09:58:52Z</time></trkpt><trkpt lat="45.52945" lon="25.290595"><ele>1016.2</ele><time>2026-07-30T09:58:56Z</time></trkpt><trkpt lat="45.529365" lon="25.290565"><ele>1017.5</ele><time>2026-07-30T09:59:01Z</time></trkpt><trkpt lat="45.529288" lon="25.290555"><ele>1018.4</ele><time>2026-07-30T09:59:05Z</time></trkpt><trkpt lat="45.529208" lon="25.290583"><ele>1019.5</ele><time>2026-07-30T09:59:10Z</time></trkpt><trkpt lat="45.529133" lon="25.290607"><ele>1020.4</ele><time>2026-07-30T09:59:15Z</time></trkpt><trkpt lat="45.529063" lon="25.290642"><ele>1021.2</ele><time>2026-07-30T09:59:19Z</time></trkpt><trkpt lat="45.529005" lon="25.290703"><ele>1021.8</ele><time>2026-07-30T09:59:23Z</time></trkpt><trkpt lat="45.528943" lon="25.290768"><ele>1022.4</ele><time>2026-07-30T09:59:27Z</time></trkpt><trkpt lat="45.528882" lon="25.290838"><ele>1023.0</ele><time>2026-07-30T09:59:31Z</time></trkpt><trkpt lat="45.528817" lon="25.2909"><ele>1023.6</ele><time>2026-07-30T09:59:35Z</time></trkpt><trkpt lat="45.528753" lon="25.29096"><ele>1024.0</ele><time>2026-07-30T09:59:39Z</time></trkpt><trkpt lat="45.528687" lon="25.291008"><ele>1024.3</ele><time>2026-07-30T09:59:43Z</time></trkpt><trkpt lat="45.528618" lon="25.291062"><ele>1024.7</ele><time>2026-07-30T09:59:46Z</time></trkpt><trkpt lat="45.528557" lon="25.291127"><ele>1025.1</ele><time>2026-07-30T09:59:50Z</time></trkpt><trkpt lat="45.52849" lon="25.29117"><ele>1025.7</ele><time>2026-07-30T09:59:54Z</time></trkpt><trkpt lat="45.528412" lon="25.291198"><ele>1026.4</ele><time>2026-07-30T09:59:59Z</time></trkpt><trkpt lat="45.528347" lon="25.291257"><ele>1026.9</ele><time>2026-07-30T10:00:03Z</time></trkpt><trkpt lat="45.528282" lon="25.291318"><ele>1027.7</ele><time>2026-07-30T10:00:07Z</time></trkpt><trkpt lat="45.528218" lon="25.291378"><ele>1028.3</ele><time>2026-07-30T10:00:11Z</time></trkpt><trkpt lat="45.528153" lon="25.29145"><ele>1028.7</ele><time>2026-07-30T10:00:15Z</time></trkpt><trkpt lat="45.528082" lon="25.291527"><ele>1029.2</ele><time>2026-07-30T10:00:19Z</time></trkpt><trkpt lat="45.528022" lon="25.291605"><ele>1029.7</ele><time>2026-07-30T10:00:23Z</time></trkpt><trkpt lat="45.52796" lon="25.291687"><ele>1030.2</ele><time>2026-07-30T10:00:27Z</time></trkpt><trkpt lat="45.52789" lon="25.291758"><ele>1030.6</ele><time>2026-07-30T10:00:31Z</time></trkpt><trkpt lat="45.527828" lon="25.291825"><ele>1031.0</ele><time>2026-07-30T10:00:35Z</time></trkpt><trkpt lat="45.52776" lon="25.291893"><ele>1031.2</ele><time>2026-07-30T10:00:39Z</time></trkpt><trkpt lat="45.527698" lon="25.291963"><ele>1031.2</ele><time>2026-07-30T10:00:42Z</time></trkpt><trkpt lat="45.527628" lon="25.29202"><ele>1031.4</ele><time>2026-07-30T10:00:45Z</time></trkpt><trkpt lat="45.527558" lon="25.292087"><ele>1031.7</ele><time>2026-07-30T10:00:49Z</time></trkpt><trkpt lat="45.527478" lon="25.292137"><ele>1032.3</ele><time>2026-07-30T10:00:53Z</time></trkpt><trkpt lat="45.527418" lon="25.292212"><ele>1033.2</ele><time>2026-07-30T10:00:58Z</time></trkpt><trkpt lat="45.527347" lon="25.292272"><ele>1033.8</ele><time>2026-07-30T10:01:02Z</time></trkpt><trkpt lat="45.527282" lon="25.292367"><ele>1034.2</ele><time>2026-07-30T10:01:06Z</time></trkpt><trkpt lat="45.527233" lon="25.292468"><ele>1034.8</ele><time>2026-07-30T10:01:10Z</time></trkpt><trkpt lat="45.52719" lon="25.292578"><ele>1035.4</ele><time>2026-07-30T10:01:14Z</time></trkpt><trkpt lat="45.52713" lon="25.29268"><ele>1036.0</ele><time>2026-07-30T10:01:18Z</time></trkpt><trkpt lat="45.527082" lon="25.29276"><ele>1036.4</ele><time>2026-07-30T10:01:21Z</time></trkpt><trkpt lat="45.527018" lon="25.292857"><ele>1036.9</ele><time>2026-07-30T10:01:25Z</time></trkpt><trkpt lat="45.526948" lon="25.292948"><ele>1037.6</ele><time>2026-07-30T10:01:29Z</time></trkpt><trkpt lat="45.526888" lon="25.293042"><ele>1038.3</ele><time>2026-07-30T10:01:33Z</time></trkpt><trkpt lat="45.526828" lon="25.293127"><ele>1039.1</ele><time>2026-07-30T10:01:37Z</time></trkpt><trkpt lat="45.526773" lon="25.293227"><ele>1039.7</ele><time>2026-07-30T10:01:41Z</time></trkpt><trkpt lat="45.526712" lon="25.293325"><ele>1040.4</ele><time>2026-07-30T10:01:45Z</time></trkpt><trkpt lat="45.526645" lon="25.293405"><ele>1040.7</ele><time>2026-07-30T10:01:49Z</time></trkpt><trkpt lat="45.526593" lon="25.293495"><ele>1040.8</ele><time>2026-07-30T10:01:53Z</time></trkpt><trkpt lat="45.526537" lon="25.293578"><ele>1041.1</ele><time>2026-07-30T10:01:57Z</time></trkpt><trkpt lat="45.526472" lon="25.293665"><ele>1041.8</ele><time>2026-07-30T10:02:01Z</time></trkpt><trkpt lat="45.526415" lon="25.293753"><ele>1042.5</ele><time>2026-07-30T10:02:05Z</time></trkpt><trkpt lat="45.526375" lon="25.293862"><ele>1043.2</ele><time>2026-07-30T10:02:09Z</time></trkpt><trkpt lat="45.526362" lon="25.293972"><ele>1043.5</ele><time>2026-07-30T10:02:12Z</time></trkpt><trkpt lat="45.52635" lon="25.294088"><ele>1043.8</ele><time>2026-07-30T10:02:16Z</time></trkpt><trkpt lat="45.52636" lon="25.294223"><ele>1041.5</ele><time>2026-07-30T10:02:20Z</time></trkpt><trkpt lat="45.526372" lon="25.294348"><ele>1041.8</ele><time>2026-07-30T10:02:24Z</time></trkpt><trkpt lat="45.526362" lon="25.29448"><ele>1042.1</ele><time>2026-07-30T10:02:28Z</time></trkpt><trkpt lat="45.526365" lon="25.294617"><ele>1042.1</ele><time>2026-07-30T10:02:32Z</time></trkpt><trkpt lat="45.526357" lon="25.29473"><ele>1042.2</ele><time>2026-07-30T10:02:35Z</time></trkpt><trkpt lat="45.526328" lon="25.294877"><ele>1042.1</ele><time>2026-07-30T10:02:38Z</time></trkpt><trkpt lat="45.526252" lon="25.294935"><ele>1041.9</ele><time>2026-07-30T10:02:41Z</time></trkpt><trkpt lat="45.526177" lon="25.294905"><ele>1041.8</ele><time>2026-07-30T10:02:44Z</time></trkpt><trkpt lat="45.5261" lon="25.294848"><ele>1041.7</ele><time>2026-07-30T10:02:47Z</time></trkpt><trkpt lat="45.525998" lon="25.294792"><ele>1041.8</ele><time>2026-07-30T10:02:50Z</time></trkpt><trkpt lat="45.525912" lon="25.294748"><ele>1041.4</ele><time>2026-07-30T10:02:52Z</time></trkpt><trkpt lat="45.525807" lon="25.294743"><ele>1040.4</ele><time>2026-07-30T10:02:54Z</time></trkpt><trkpt lat="45.525688" lon="25.294772"><ele>1039.5</ele><time>2026-07-30T10:02:56Z</time></trkpt><trkpt lat="45.525572" lon="25.294797"><ele>1038.9</ele><time>2026-07-30T10:02:58Z</time></trkpt><trkpt lat="45.525452" lon="25.294828"><ele>1038.1</ele><time>2026-07-30T10:03:00Z</time></trkpt><trkpt lat="45.525343" lon="25.29485"><ele>1037.3</ele><time>2026-07-30T10:03:02Z</time></trkpt><trkpt lat="45.525263" lon="25.294873"><ele>1036.4</ele><time>2026-07-30T10:03:04Z</time></trkpt><trkpt lat="45.525168" lon="25.294868"><ele>1035.2</ele><time>2026-07-30T10:03:09Z</time></trkpt><trkpt lat="45.5251" lon="25.294898"><ele>1034.8</ele><time>2026-07-30T10:03:12Z</time></trkpt><trkpt lat="45.525033" lon="25.294942"><ele>1033.5</ele><time>2026-07-30T10:04:32Z</time></trkpt><trkpt lat="45.525102" lon="25.294892"><ele>1033.9</ele><time>2026-07-30T10:08:05Z</time></trkpt><trkpt lat="45.525057" lon="25.29475"><ele>1033.2</ele><time>2026-07-30T10:08:09Z</time></trkpt><trkpt lat="45.52499" lon="25.29461"><ele>1032.5</ele><time>2026-07-30T10:08:11Z</time></trkpt><trkpt lat="45.524913" lon="25.29445"><ele>1031.7</ele><time>2026-07-30T10:08:13Z</time></trkpt><trkpt lat="45.52487" lon="25.294363"><ele>1031.4</ele><time>2026-07-30T10:08:14Z</time></trkpt><trkpt lat="45.524827" lon="25.294278"><ele>1031.0</ele><time>2026-07-30T10:08:15Z</time></trkpt><trkpt lat="45.52479" lon="25.294188"><ele>1030.7</ele><time>2026-07-30T10:08:16Z</time></trkpt><trkpt lat="45.524745" lon="25.294098"><ele>1030.4</ele><time>2026-07-30T10:08:17Z</time></trkpt><trkpt lat="45.524702" lon="25.294007"><ele>1030.4</ele><time>2026-07-30T10:08:18Z</time></trkpt><trkpt lat="45.524627" lon="25.293838"><ele>1030.4</ele><time>2026-07-30T10:08:20Z</time></trkpt><trkpt lat="45.524545" lon="25.293678"><ele>1030.3</ele><time>2026-07-30T10:08:22Z</time></trkpt><trkpt lat="45.524473" lon="25.293532"><ele>1030.1</ele><time>2026-07-30T10:08:24Z</time></trkpt><trkpt lat="45.524398" lon="25.2934"><ele>1029.1</ele><time>2026-07-30T10:08:26Z</time></trkpt><trkpt lat="45.524332" lon="25.293272"><ele>1028.8</ele><time>2026-07-30T10:08:28Z</time></trkpt><trkpt lat="45.52427" lon="25.293162"><ele>1028.4</ele><time>2026-07-30T10:08:30Z</time></trkpt><trkpt lat="45.524215" lon="25.293053"><ele>1028.1</ele><time>2026-07-30T10:08:32Z</time></trkpt><trkpt lat="45.524173" lon="25.29296"><ele>1027.8</ele><time>2026-07-30T10:08:34Z</time></trkpt><trkpt lat="45.524125" lon="25.29284"><ele>1027.6</ele><time>2026-07-30T10:08:37Z</time></trkpt><trkpt lat="45.524078" lon="25.292743"><ele>1027.7</ele><time>2026-07-30T10:08:40Z</time></trkpt><trkpt lat="45.524043" lon="25.292647"><ele>1028.0</ele><time>2026-07-30T10:08:43Z</time></trkpt><trkpt lat="45.52402" lon="25.292545"><ele>1028.1</ele><time>2026-07-30T10:08:46Z</time></trkpt><trkpt lat="45.524" lon="25.29244"><ele>1028.4</ele><time>2026-07-30T10:08:49Z</time></trkpt><trkpt lat="45.523972" lon="25.292317"><ele>1028.9</ele><time>2026-07-30T10:08:53Z</time></trkpt><trkpt lat="45.523957" lon="25.29221"><ele>1029.4</ele><time>2026-07-30T10:08:56Z</time></trkpt><trkpt lat="45.523942" lon="25.292097"><ele>1030.1</ele><time>2026-07-30T10:08:59Z</time></trkpt><trkpt lat="45.523907" lon="25.291965"><ele>1031.3</ele><time>2026-07-30T10:09:03Z</time></trkpt><trkpt lat="45.52388" lon="25.291852"><ele>1031.9</ele><time>2026-07-30T10:09:06Z</time></trkpt><trkpt lat="45.523835" lon="25.29173"><ele>1032.4</ele><time>2026-07-30T10:09:09Z</time></trkpt><trkpt lat="45.523795" lon="25.291617"><ele>1032.9</ele><time>2026-07-30T10:09:13Z</time></trkpt><trkpt lat="45.523748" lon="25.29152"><ele>1033.3</ele><time>2026-07-30T10:09:16Z</time></trkpt><trkpt lat="45.523687" lon="25.291418"><ele>1033.8</ele><time>2026-07-30T10:09:19Z</time></trkpt><trkpt lat="45.523623" lon="25.291352"><ele>1034.3</ele><time>2026-07-30T10:09:22Z</time></trkpt><trkpt lat="45.523557" lon="25.291287"><ele>1034.8</ele><time>2026-07-30T10:09:25Z</time></trkpt><trkpt lat="45.52349" lon="25.29121"><ele>1035.1</ele><time>2026-07-30T10:09:28Z</time></trkpt><trkpt lat="45.523427" lon="25.291138"><ele>1035.4</ele><time>2026-07-30T10:09:31Z</time></trkpt><trkpt lat="45.523368" lon="25.291075"><ele>1035.9</ele><time>2026-07-30T10:09:34Z</time></trkpt><trkpt lat="45.523312" lon="25.290995"><ele>1036.2</ele><time>2026-07-30T10:10:16Z</time></trkpt><trkpt lat="45.52325" lon="25.29092"><ele>1036.8</ele><time>2026-07-30T10:10:21Z</time></trkpt><trkpt lat="45.523222" lon="25.290812"><ele>1037.4</ele><time>2026-07-30T10:10:25Z</time></trkpt><trkpt lat="45.523183" lon="25.290715"><ele>1037.9</ele><time>2026-07-30T10:10:29Z</time></trkpt><trkpt lat="45.523147" lon="25.29062"><ele>1038.2</ele><time>2026-07-30T10:10:34Z</time></trkpt><trkpt lat="45.523102" lon="25.290503"><ele>1038.2</ele><time>2026-07-30T10:10:38Z</time></trkpt><trkpt lat="45.523028" lon="25.290402"><ele>1038.1</ele><time>2026-07-30T10:10:40Z</time></trkpt><trkpt lat="45.522945" lon="25.290305"><ele>1037.8</ele><time>2026-07-30T10:10:42Z</time></trkpt><trkpt lat="45.522868" lon="25.290213"><ele>1037.5</ele><time>2026-07-30T10:10:44Z</time></trkpt><trkpt lat="45.522805" lon="25.290132"><ele>1036.7</ele><time>2026-07-30T10:10:47Z</time></trkpt><trkpt lat="45.522775" lon="25.290017"><ele>1035.2</ele><time>2026-07-30T10:11:23Z</time></trkpt><trkpt lat="45.522705" lon="25.28998"><ele>1035.2</ele><time>2026-07-30T10:11:26Z</time></trkpt><trkpt lat="45.522632" lon="25.289928"><ele>1034.8</ele><time>2026-07-30T10:11:29Z</time></trkpt><trkpt lat="45.522532" lon="25.289875"><ele>1033.8</ele><time>2026-07-30T10:11:31Z</time></trkpt><trkpt lat="45.522438" lon="25.289882"><ele>1032.1</ele><time>2026-07-30T10:11:33Z</time></trkpt><trkpt lat="45.522353" lon="25.289937"><ele>1030.0</ele><time>2026-07-30T10:11:35Z</time></trkpt><trkpt lat="45.522297" lon="25.29009"><ele>1027.9</ele><time>2026-07-30T10:11:37Z</time></trkpt><trkpt lat="45.522278" lon="25.29019"><ele>1027.0</ele><time>2026-07-30T10:11:38Z</time></trkpt><trkpt lat="45.522257" lon="25.290293"><ele>1026.1</ele><time>2026-07-30T10:11:39Z</time></trkpt><trkpt lat="45.522242" lon="25.290413"><ele>1025.3</ele><time>2026-07-30T10:11:40Z</time></trkpt><trkpt lat="45.522213" lon="25.290532"><ele>1024.4</ele><time>2026-07-30T10:11:41Z</time></trkpt><trkpt lat="45.522177" lon="25.290647"><ele>1023.6</ele><time>2026-07-30T10:11:42Z</time></trkpt><trkpt lat="45.522145" lon="25.290752"><ele>1022.6</ele><time>2026-07-30T10:11:43Z</time></trkpt><trkpt lat="45.522113" lon="25.29087"><ele>1021.5</ele><time>2026-07-30T10:11:44Z</time></trkpt><trkpt lat="45.522072" lon="25.290972"><ele>1020.7</ele><time>2026-07-30T10:11:45Z</time></trkpt><trkpt lat="45.522025" lon="25.291077"><ele>1020.7</ele><time>2026-07-30T10:11:46Z</time></trkpt><trkpt lat="45.521987" lon="25.291175"><ele>1020.1</ele><time>2026-07-30T10:11:47Z</time></trkpt><trkpt lat="45.521907" lon="25.291345"><ele>1018.4</ele><time>2026-07-30T10:11:49Z</time></trkpt><trkpt lat="45.5218" lon="25.291457"><ele>1016.5</ele><time>2026-07-30T10:11:51Z</time></trkpt><trkpt lat="45.521665" lon="25.291532"><ele>1014.0</ele><time>2026-07-30T10:11:53Z</time></trkpt><trkpt lat="45.521578" lon="25.291547"><ele>1012.8</ele><time>2026-07-30T10:11:54Z</time></trkpt><trkpt lat="45.521498" lon="25.291513"><ele>1011.6</ele><time>2026-07-30T10:11:55Z</time></trkpt><trkpt lat="45.521405" lon="25.291478"><ele>1010.6</ele><time>2026-07-30T10:11:56Z</time></trkpt><trkpt lat="45.52133" lon="25.291463"><ele>1009.4</ele><time>2026-07-30T10:11:57Z</time></trkpt><trkpt lat="45.521238" lon="25.291495"><ele>1008.3</ele><time>2026-07-30T10:11:58Z</time></trkpt><trkpt lat="45.521152" lon="25.291558"><ele>1007.3</ele><time>2026-07-30T10:11:59Z</time></trkpt><trkpt lat="45.521072" lon="25.291617"><ele>1006.1</ele><time>2026-07-30T10:12:00Z</time></trkpt><trkpt lat="45.520993" lon="25.291685"><ele>1004.8</ele><time>2026-07-30T10:12:01Z</time></trkpt><trkpt lat="45.520932" lon="25.291753"><ele>1003.7</ele><time>2026-07-30T10:12:02Z</time></trkpt><trkpt lat="45.520847" lon="25.291805"><ele>1002.7</ele><time>2026-07-30T10:12:03Z</time></trkpt><trkpt lat="45.520755" lon="25.29186"><ele>1002.7</ele><time>2026-07-30T10:12:04Z</time></trkpt><trkpt lat="45.520662" lon="25.29192"><ele>1001.4</ele><time>2026-07-30T10:12:05Z</time></trkpt><trkpt lat="45.520577" lon="25.291985"><ele>1000.2</ele><time>2026-07-30T10:12:06Z</time></trkpt><trkpt lat="45.520515" lon="25.29204"><ele>999.1</ele><time>2026-07-30T10:12:07Z</time></trkpt><trkpt lat="45.52044" lon="25.292182"><ele>996.5</ele><time>2026-07-30T10:12:09Z</time></trkpt><trkpt lat="45.520455" lon="25.292282"><ele>995.4</ele><time>2026-07-30T10:12:10Z</time></trkpt><trkpt lat="45.520443" lon="25.292463"><ele>993.4</ele><time>2026-07-30T10:12:12Z</time></trkpt><trkpt lat="45.52038" lon="25.292642"><ele>992.0</ele><time>2026-07-30T10:12:14Z</time></trkpt><trkpt lat="45.520338" lon="25.292725"><ele>991.4</ele><time>2026-07-30T10:12:15Z</time></trkpt><trkpt lat="45.52029" lon="25.292803"><ele>990.7</ele><time>2026-07-30T10:12:16Z</time></trkpt><trkpt lat="45.520235" lon="25.292885"><ele>990.0</ele><time>2026-07-30T10:12:17Z</time></trkpt><trkpt lat="45.52017" lon="25.292952"><ele>989.4</ele><time>2026-07-30T10:12:18Z</time></trkpt><trkpt lat="45.5201" lon="25.293003"><ele>988.7</ele><time>2026-07-30T10:12:19Z</time></trkpt><trkpt lat="45.520032" lon="25.293062"><ele>988.0</ele><time>2026-07-30T10:12:20Z</time></trkpt><trkpt lat="45.519963" lon="25.29312"><ele>988.0</ele><time>2026-07-30T10:12:21Z</time></trkpt><trkpt lat="45.519883" lon="25.29317"><ele>987.2</ele><time>2026-07-30T10:12:22Z</time></trkpt><trkpt lat="45.5198" lon="25.29321"><ele>986.4</ele><time>2026-07-30T10:12:23Z</time></trkpt><trkpt lat="45.519717" lon="25.293257"><ele>985.6</ele><time>2026-07-30T10:12:24Z</time></trkpt><trkpt lat="45.519623" lon="25.293288"><ele>984.7</ele><time>2026-07-30T10:12:25Z</time></trkpt><trkpt lat="45.519543" lon="25.293317"><ele>983.7</ele><time>2026-07-30T10:12:26Z</time></trkpt><trkpt lat="45.519452" lon="25.293367"><ele>982.7</ele><time>2026-07-30T10:12:27Z</time></trkpt><trkpt lat="45.519353" lon="25.29342"><ele>980.7</ele><time>2026-07-30T10:12:29Z</time></trkpt><trkpt lat="45.519265" lon="25.293465"><ele>976.5</ele><time>2026-07-30T10:12:52Z</time></trkpt><trkpt lat="45.519172" lon="25.293462"><ele>976.6</ele><time>2026-07-30T10:12:55Z</time></trkpt><trkpt lat="45.519085" lon="25.293478"><ele>976.6</ele><time>2026-07-30T10:12:57Z</time></trkpt><trkpt lat="45.518973" lon="25.293465"><ele>976.7</ele><time>2026-07-30T10:13:00Z</time></trkpt><trkpt lat="45.518887" lon="25.293505"><ele>976.7</ele><time>2026-07-30T10:13:02Z</time></trkpt><trkpt lat="45.518802" lon="25.293565"><ele>976.7</ele><time>2026-07-30T10:13:05Z</time></trkpt><trkpt lat="45.51873" lon="25.293627"><ele>977.2</ele><time>2026-07-30T10:13:08Z</time></trkpt><trkpt lat="45.518668" lon="25.2937"><ele>977.8</ele><time>2026-07-30T10:13:11Z</time></trkpt><trkpt lat="45.518593" lon="25.293772"><ele>978.2</ele><time>2026-07-30T10:13:14Z</time></trkpt><trkpt lat="45.518525" lon="25.293852"><ele>979.1</ele><time>2026-07-30T10:13:17Z</time></trkpt><trkpt lat="45.518453" lon="25.293928"><ele>980.2</ele><time>2026-07-30T10:13:20Z</time></trkpt><trkpt lat="45.518385" lon="25.294017"><ele>981.3</ele><time>2026-07-30T10:13:23Z</time></trkpt><trkpt lat="45.518293" lon="25.294065"><ele>982.2</ele><time>2026-07-30T10:13:26Z</time></trkpt><trkpt lat="45.518217" lon="25.294112"><ele>982.6</ele><time>2026-07-30T10:13:29Z</time></trkpt><trkpt lat="45.518145" lon="25.294175"><ele>982.6</ele><time>2026-07-30T10:13:32Z</time></trkpt><trkpt lat="45.518065" lon="25.29424"><ele>982.4</ele><time>2026-07-30T10:13:34Z</time></trkpt><trkpt lat="45.51798" lon="25.294317"><ele>982.1</ele><time>2026-07-30T10:13:36Z</time></trkpt><trkpt lat="45.517898" lon="25.294387"><ele>981.9</ele><time>2026-07-30T10:13:38Z</time></trkpt><trkpt lat="45.517808" lon="25.294463"><ele>981.6</ele><time>2026-07-30T10:13:40Z</time></trkpt><trkpt lat="45.517712" lon="25.294537"><ele>981.1</ele><time>2026-07-30T10:13:42Z</time></trkpt><trkpt lat="45.517612" lon="25.294608"><ele>980.8</ele><time>2026-07-30T10:13:44Z</time></trkpt><trkpt lat="45.51751" lon="25.294673"><ele>980.7</ele><time>2026-07-30T10:13:46Z</time></trkpt><trkpt lat="45.517405" lon="25.294735"><ele>980.7</ele><time>2026-07-30T10:13:48Z</time></trkpt><trkpt lat="45.517312" lon="25.29478"><ele>980.5</ele><time>2026-07-30T10:13:50Z</time></trkpt><trkpt lat="45.517225" lon="25.294812"><ele>979.9</ele><time>2026-07-30T10:13:52Z</time></trkpt><trkpt lat="45.517122" lon="25.294872"><ele>979.1</ele><time>2026-07-30T10:13:54Z</time></trkpt><trkpt lat="45.517012" lon="25.294933"><ele>978.5</ele><time>2026-07-30T10:13:56Z</time></trkpt><trkpt lat="45.516887" lon="25.295032"><ele>977.8</ele><time>2026-07-30T10:13:58Z</time></trkpt><trkpt lat="45.516815" lon="25.29506"><ele>977.5</ele><time>2026-07-30T10:13:59Z</time></trkpt><trkpt lat="45.51667" lon="25.295095"><ele>976.6</ele><time>2026-07-30T10:14:01Z</time></trkpt><trkpt lat="45.5166" lon="25.295118"><ele>976.2</ele><time>2026-07-30T10:14:02Z</time></trkpt><trkpt lat="45.51646" lon="25.295155"><ele>975.4</ele><time>2026-07-30T10:14:04Z</time></trkpt><trkpt lat="45.51632" lon="25.295192"><ele>974.9</ele><time>2026-07-30T10:14:06Z</time></trkpt><trkpt lat="45.516182" lon="25.295235"><ele>974.2</ele><time>2026-07-30T10:14:08Z</time></trkpt><trkpt lat="45.516053" lon="25.2953"><ele>973.5</ele><time>2026-07-30T10:14:10Z</time></trkpt><trkpt lat="45.51594" lon="25.295348"><ele>973.2</ele><time>2026-07-30T10:14:12Z</time></trkpt><trkpt lat="45.515833" lon="25.295388"><ele>973.0</ele><time>2026-07-30T10:14:15Z</time></trkpt><trkpt lat="45.515725" lon="25.295417"><ele>972.6</ele><time>2026-07-30T10:14:17Z</time></trkpt><trkpt lat="45.515607" lon="25.29545"><ele>972.0</ele><time>2026-07-30T10:14:19Z</time></trkpt><trkpt lat="45.515478" lon="25.295492"><ele>971.4</ele><time>2026-07-30T10:14:21Z</time></trkpt><trkpt lat="45.515352" lon="25.295547"><ele>971.1</ele><time>2026-07-30T10:14:23Z</time></trkpt><trkpt lat="45.51528" lon="25.295573"><ele>970.8</ele><time>2026-07-30T10:14:24Z</time></trkpt><trkpt lat="45.51521" lon="25.29561"><ele>970.6</ele><time>2026-07-30T10:14:25Z</time></trkpt><trkpt lat="45.515142" lon="25.295653"><ele>970.1</ele><time>2026-07-30T10:14:25Z</time></trkpt><trkpt lat="45.515068" lon="25.295697"><ele>969.6</ele><time>2026-07-30T10:14:26Z</time></trkpt><trkpt lat="45.514997" lon="25.295742"><ele>969.1</ele><time>2026-07-30T10:14:27Z</time></trkpt><trkpt lat="45.514927" lon="25.29579"><ele>968.5</ele><time>2026-07-30T10:14:28Z</time></trkpt><trkpt lat="45.514808" lon="25.295852"><ele>967.4</ele><time>2026-07-30T10:14:30Z</time></trkpt><trkpt lat="45.514713" lon="25.295923"><ele>966.4</ele><time>2026-07-30T10:14:32Z</time></trkpt><trkpt lat="45.51464" lon="25.296002"><ele>965.3</ele><time>2026-07-30T10:14:34Z</time></trkpt><trkpt lat="45.514583" lon="25.29609"><ele>964.0</ele><time>2026-07-30T10:14:36Z</time></trkpt><trkpt lat="45.514543" lon="25.296227"><ele>962.6</ele><time>2026-07-30T10:14:38Z</time></trkpt><trkpt lat="45.514458" lon="25.296313"><ele>962.0</ele><time>2026-07-30T10:14:40Z</time></trkpt><trkpt lat="45.514353" lon="25.296373"><ele>960.7</ele><time>2026-07-30T10:14:42Z</time></trkpt><trkpt lat="45.514238" lon="25.296462"><ele>959.4</ele><time>2026-07-30T10:14:44Z</time></trkpt><trkpt lat="45.514108" lon="25.296518"><ele>958.1</ele><time>2026-07-30T10:14:46Z</time></trkpt><trkpt lat="45.514035" lon="25.296548"><ele>957.6</ele><time>2026-07-30T10:14:47Z</time></trkpt><trkpt lat="45.51391" lon="25.296597"><ele>956.3</ele><time>2026-07-30T10:14:49Z</time></trkpt><trkpt lat="45.513768" lon="25.29668"><ele>954.7</ele><time>2026-07-30T10:14:51Z</time></trkpt><trkpt lat="45.5137" lon="25.296738"><ele>953.5</ele><time>2026-07-30T10:14:52Z</time></trkpt><trkpt lat="45.513623" lon="25.29678"><ele>952.5</ele><time>2026-07-30T10:14:53Z</time></trkpt><trkpt lat="45.513543" lon="25.296817"><ele>951.3</ele><time>2026-07-30T10:14:54Z</time></trkpt><trkpt lat="45.513463" lon="25.29686"><ele>950.2</ele><time>2026-07-30T10:14:55Z</time></trkpt><trkpt lat="45.513383" lon="25.296905"><ele>948.9</ele><time>2026-07-30T10:14:56Z</time></trkpt><trkpt lat="45.513315" lon="25.296955"><ele>948.9</ele><time>2026-07-30T10:14:57Z</time></trkpt><trkpt lat="45.513242" lon="25.297008"><ele>947.7</ele><time>2026-07-30T10:14:58Z</time></trkpt><trkpt lat="45.513168" lon="25.297078"><ele>946.6</ele><time>2026-07-30T10:14:59Z</time></trkpt><trkpt lat="45.513092" lon="25.297162"><ele>945.5</ele><time>2026-07-30T10:15:00Z</time></trkpt><trkpt lat="45.51301" lon="25.29724"><ele>944.2</ele><time>2026-07-30T10:15:01Z</time></trkpt><trkpt lat="45.512925" lon="25.297317"><ele>943.2</ele><time>2026-07-30T10:15:02Z</time></trkpt><trkpt lat="45.512848" lon="25.297402"><ele>942.1</ele><time>2026-07-30T10:15:03Z</time></trkpt><trkpt lat="45.512767" lon="25.297487"><ele>940.7</ele><time>2026-07-30T10:15:04Z</time></trkpt><trkpt lat="45.512683" lon="25.297563"><ele>939.3</ele><time>2026-07-30T10:15:05Z</time></trkpt><trkpt lat="45.512608" lon="25.297637"><ele>937.8</ele><time>2026-07-30T10:15:06Z</time></trkpt><trkpt lat="45.512535" lon="25.297712"><ele>936.1</ele><time>2026-07-30T10:15:07Z</time></trkpt><trkpt lat="45.512468" lon="25.29778"><ele>934.5</ele><time>2026-07-30T10:15:08Z</time></trkpt><trkpt lat="45.512403" lon="25.297842"><ele>932.9</ele><time>2026-07-30T10:15:09Z</time></trkpt><trkpt lat="45.512335" lon="25.297925"><ele>931.4</ele><time>2026-07-30T10:15:10Z</time></trkpt><trkpt lat="45.512258" lon="25.297997"><ele>930.2</ele><time>2026-07-30T10:15:11Z</time></trkpt><trkpt lat="45.512183" lon="25.298068"><ele>928.9</ele><time>2026-07-30T10:15:12Z</time></trkpt><trkpt lat="45.512112" lon="25.298138"><ele>927.8</ele><time>2026-07-30T10:15:13Z</time></trkpt><trkpt lat="45.512037" lon="25.298203"><ele>927.8</ele><time>2026-07-30T10:15:14Z</time></trkpt><trkpt lat="45.511962" lon="25.298258"><ele>927.0</ele><time>2026-07-30T10:15:15Z</time></trkpt><trkpt lat="45.511892" lon="25.298312"><ele>926.4</ele><time>2026-07-30T10:15:16Z</time></trkpt><trkpt lat="45.511772" lon="25.298398"><ele>925.5</ele><time>2026-07-30T10:15:18Z</time></trkpt><trkpt lat="45.51166" lon="25.298462"><ele>925.0</ele><time>2026-07-30T10:15:20Z</time></trkpt><trkpt lat="45.511568" lon="25.298483"><ele>924.8</ele><time>2026-07-30T10:15:23Z</time></trkpt><trkpt lat="45.511457" lon="25.298523"><ele>924.7</ele><time>2026-07-30T10:15:26Z</time></trkpt><trkpt lat="45.511377" lon="25.29857"><ele>924.8</ele><time>2026-07-30T10:15:28Z</time></trkpt><trkpt lat="45.511282" lon="25.298615"><ele>924.8</ele><time>2026-07-30T10:15:30Z</time></trkpt><trkpt lat="45.511175" lon="25.298662"><ele>924.7</ele><time>2026-07-30T10:15:32Z</time></trkpt><trkpt lat="45.511088" lon="25.298703"><ele>924.5</ele><time>2026-07-30T10:15:34Z</time></trkpt><trkpt lat="45.510955" lon="25.29872"><ele>923.9</ele><time>2026-07-30T10:15:36Z</time></trkpt><trkpt lat="45.510867" lon="25.29873"><ele>923.4</ele><time>2026-07-30T10:15:37Z</time></trkpt><trkpt lat="45.510715" lon="25.29875"><ele>922.4</ele><time>2026-07-30T10:15:39Z</time></trkpt><trkpt lat="45.510642" lon="25.298743"><ele>921.8</ele><time>2026-07-30T10:15:40Z</time></trkpt><trkpt lat="45.510567" lon="25.298755"><ele>921.2</ele><time>2026-07-30T10:15:41Z</time></trkpt><trkpt lat="45.510485" lon="25.29878"><ele>920.5</ele><time>2026-07-30T10:15:42Z</time></trkpt><trkpt lat="45.51035" lon="25.29882"><ele>919.5</ele><time>2026-07-30T10:15:44Z</time></trkpt><trkpt lat="45.510272" lon="25.298827"><ele>918.9</ele><time>2026-07-30T10:15:46Z</time></trkpt><trkpt lat="45.510173" lon="25.298828"><ele>918.3</ele><time>2026-07-30T10:15:49Z</time></trkpt><trkpt lat="45.510078" lon="25.298845"><ele>918.2</ele><time>2026-07-30T10:15:52Z</time></trkpt><trkpt lat="45.51" lon="25.298853"><ele>918.4</ele><time>2026-07-30T10:15:55Z</time></trkpt><trkpt lat="45.509888" lon="25.298855"><ele>918.5</ele><time>2026-07-30T10:15:58Z</time></trkpt><trkpt lat="45.509785" lon="25.298865"><ele>918.2</ele><time>2026-07-30T10:16:01Z</time></trkpt><trkpt lat="45.509712" lon="25.298882"><ele>917.9</ele><time>2026-07-30T10:16:03Z</time></trkpt><trkpt lat="45.509545" lon="25.298963"><ele>917.2</ele><time>2026-07-30T10:16:06Z</time></trkpt><trkpt lat="45.50943" lon="25.298985"><ele>916.9</ele><time>2026-07-30T10:16:08Z</time></trkpt><trkpt lat="45.509303" lon="25.299012"><ele>916.1</ele><time>2026-07-30T10:16:10Z</time></trkpt><trkpt lat="45.509183" lon="25.299037"><ele>915.1</ele><time>2026-07-30T10:16:12Z</time></trkpt><trkpt lat="45.509063" lon="25.299045"><ele>913.7</ele><time>2026-07-30T10:16:14Z</time></trkpt><trkpt lat="45.508967" lon="25.299003"><ele>911.8</ele><time>2026-07-30T10:16:16Z</time></trkpt><trkpt lat="45.508852" lon="25.298947"><ele>909.5</ele><time>2026-07-30T10:16:18Z</time></trkpt><trkpt lat="45.50873" lon="25.298905"><ele>906.7</ele><time>2026-07-30T10:16:20Z</time></trkpt><trkpt lat="45.508648" lon="25.298885"><ele>903.6</ele><time>2026-07-30T10:16:22Z</time></trkpt><trkpt lat="45.508572" lon="25.29888"><ele>899.4</ele><time>2026-07-30T10:16:26Z</time></trkpt><trkpt lat="45.50851" lon="25.298975"><ele>897.4</ele><time>2026-07-30T10:16:28Z</time></trkpt><trkpt lat="45.508448" lon="25.299042"><ele>895.1</ele><time>2026-07-30T10:16:31Z</time></trkpt><trkpt lat="45.508427" lon="25.299153"><ele>892.1</ele><time>2026-07-30T10:16:35Z</time></trkpt><trkpt lat="45.508482" lon="25.299268"><ele>889.6</ele><time>2026-07-30T10:16:46Z</time></trkpt><trkpt lat="45.508555" lon="25.29934"><ele>889.3</ele><time>2026-07-30T10:16:48Z</time></trkpt><trkpt lat="45.508633" lon="25.299397"><ele>888.5</ele><time>2026-07-30T10:16:50Z</time></trkpt><trkpt lat="45.508717" lon="25.299445"><ele>887.0</ele><time>2026-07-30T10:16:52Z</time></trkpt><trkpt lat="45.508788" lon="25.299503"><ele>881.8</ele><time>2026-07-30T10:17:13Z</time></trkpt><trkpt lat="45.508857" lon="25.299577"><ele>881.4</ele><time>2026-07-30T10:17:16Z</time></trkpt><trkpt lat="45.508818" lon="25.299482"><ele>880.2</ele><time>2026-07-30T10:18:03Z</time></trkpt><trkpt lat="45.508752" lon="25.299428"><ele>882.0</ele><time>2026-07-30T10:18:13Z</time></trkpt><trkpt lat="45.508687" lon="25.299383"><ele>883.2</ele><time>2026-07-30T10:18:19Z</time></trkpt><trkpt lat="45.508612" lon="25.299363"><ele>885.0</ele><time>2026-07-30T10:18:28Z</time></trkpt><trkpt lat="45.508543" lon="25.299313"><ele>886.9</ele><time>2026-07-30T10:18:36Z</time></trkpt><trkpt lat="45.508467" lon="25.299265"><ele>888.6</ele><time>2026-07-30T10:18:44Z</time></trkpt><trkpt lat="45.50842" lon="25.299185"><ele>890.0</ele><time>2026-07-30T10:18:59Z</time></trkpt><trkpt lat="45.508348" lon="25.299193"><ele>886.9</ele><time>2026-07-30T10:19:32Z</time></trkpt><trkpt lat="45.508265" lon="25.299172"><ele>886.5</ele><time>2026-07-30T10:19:36Z</time></trkpt><trkpt lat="45.508178" lon="25.299193"><ele>884.7</ele><time>2026-07-30T10:19:40Z</time></trkpt><trkpt lat="45.50811" lon="25.299237"><ele>882.4</ele><time>2026-07-30T10:19:43Z</time></trkpt><trkpt lat="45.50805" lon="25.29931"><ele>880.5</ele><time>2026-07-30T10:19:46Z</time></trkpt><trkpt lat="45.507973" lon="25.299388"><ele>878.9</ele><time>2026-07-30T10:19:49Z</time></trkpt><trkpt lat="45.507932" lon="25.299488"><ele>875.8</ele><time>2026-07-30T10:20:01Z</time></trkpt><trkpt lat="45.507903" lon="25.299588"><ele>875.8</ele><time>2026-07-30T10:20:16Z</time></trkpt><trkpt lat="45.507872" lon="25.299682"><ele>875.5</ele><time>2026-07-30T10:20:32Z</time></trkpt><trkpt lat="45.507803" lon="25.299723"><ele>875.5</ele><time>2026-07-30T10:20:35Z</time></trkpt><trkpt lat="45.507723" lon="25.29977"><ele>875.7</ele><time>2026-07-30T10:20:39Z</time></trkpt><trkpt lat="45.507638" lon="25.299775"><ele>875.2</ele><time>2026-07-30T10:20:43Z</time></trkpt><trkpt lat="45.507557" lon="25.29976"><ele>875.1</ele><time>2026-07-30T10:20:46Z</time></trkpt><trkpt lat="45.507487" lon="25.299715"><ele>875.1</ele><time>2026-07-30T10:20:49Z</time></trkpt><trkpt lat="45.507413" lon="25.2997"><ele>874.2</ele><time>2026-07-30T10:20:58Z</time></trkpt><trkpt lat="45.507323" lon="25.29971"><ele>874.3</ele><time>2026-07-30T10:21:07Z</time></trkpt><trkpt lat="45.507242" lon="25.299717"><ele>874.4</ele><time>2026-07-30T10:21:11Z</time></trkpt><trkpt lat="45.507167" lon="25.299738"><ele>874.4</ele><time>2026-07-30T10:21:15Z</time></trkpt><trkpt lat="45.507105" lon="25.299793"><ele>874.2</ele><time>2026-07-30T10:21:18Z</time></trkpt><trkpt lat="45.507048" lon="25.2999"><ele>873.9</ele><time>2026-07-30T10:21:21Z</time></trkpt><trkpt lat="45.50701" lon="25.300002"><ele>873.8</ele><time>2026-07-30T10:21:23Z</time></trkpt><trkpt lat="45.506958" lon="25.300095"><ele>873.8</ele><time>2026-07-30T10:21:26Z</time></trkpt><trkpt lat="45.506917" lon="25.300198"><ele>873.9</ele><time>2026-07-30T10:21:30Z</time></trkpt><trkpt lat="45.506868" lon="25.300287"><ele>874.2</ele><time>2026-07-30T10:21:33Z</time></trkpt><trkpt lat="45.506802" lon="25.30039"><ele>874.2</ele><time>2026-07-30T10:21:36Z</time></trkpt><trkpt lat="45.506743" lon="25.30047"><ele>873.9</ele><time>2026-07-30T10:21:50Z</time></trkpt><trkpt lat="45.50663" lon="25.300455"><ele>874.0</ele><time>2026-07-30T10:21:53Z</time></trkpt><trkpt lat="45.50655" lon="25.300428"><ele>874.1</ele><time>2026-07-30T10:21:56Z</time></trkpt><trkpt lat="45.506473" lon="25.30043"><ele>873.8</ele><time>2026-07-30T10:21:58Z</time></trkpt><trkpt lat="45.506403" lon="25.300482"><ele>873.2</ele><time>2026-07-30T10:22:00Z</time></trkpt><trkpt lat="45.506353" lon="25.300577"><ele>872.4</ele><time>2026-07-30T10:22:03Z</time></trkpt><trkpt lat="45.506312" lon="25.300693"><ele>871.8</ele><time>2026-07-30T10:22:06Z</time></trkpt><trkpt lat="45.506245" lon="25.30078"><ele>871.3</ele><time>2026-07-30T10:22:09Z</time></trkpt><trkpt lat="45.506215" lon="25.300885"><ele>871.1</ele><time>2026-07-30T10:22:11Z</time></trkpt><trkpt lat="45.506168" lon="25.300973"><ele>870.8</ele><time>2026-07-30T10:22:13Z</time></trkpt><trkpt lat="45.506132" lon="25.301088"><ele>870.1</ele><time>2026-07-30T10:22:16Z</time></trkpt><trkpt lat="45.506088" lon="25.301177"><ele>869.5</ele><time>2026-07-30T10:22:19Z</time></trkpt><trkpt lat="45.506028" lon="25.301268"><ele>869.2</ele><time>2026-07-30T10:22:22Z</time></trkpt><trkpt lat="45.505975" lon="25.301338"><ele>868.3</ele><time>2026-07-30T10:22:30Z</time></trkpt><trkpt lat="45.505898" lon="25.30136"><ele>868.3</ele><time>2026-07-30T10:22:37Z</time></trkpt><trkpt lat="45.50583" lon="25.301407"><ele>868.0</ele><time>2026-07-30T10:22:44Z</time></trkpt><trkpt lat="45.505785" lon="25.301488"><ele>868.1</ele><time>2026-07-30T10:22:58Z</time></trkpt><trkpt lat="45.505707" lon="25.301503"><ele>868.2</ele><time>2026-07-30T10:23:03Z</time></trkpt><trkpt lat="45.50563" lon="25.301542"><ele>868.2</ele><time>2026-07-30T10:23:06Z</time></trkpt><trkpt lat="45.505557" lon="25.301593"><ele>867.8</ele><time>2026-07-30T10:23:11Z</time></trkpt><trkpt lat="45.505478" lon="25.301628"><ele>867.5</ele><time>2026-07-30T10:23:14Z</time></trkpt><trkpt lat="45.505398" lon="25.301682"><ele>867.4</ele><time>2026-07-30T10:23:18Z</time></trkpt><trkpt lat="45.505325" lon="25.301752"><ele>867.3</ele><time>2026-07-30T10:23:22Z</time></trkpt><trkpt lat="45.505247" lon="25.301778"><ele>867.1</ele><time>2026-07-30T10:23:26Z</time></trkpt><trkpt lat="45.505165" lon="25.30178"><ele>866.3</ele><time>2026-07-30T10:24:10Z</time></trkpt><trkpt lat="45.505083" lon="25.301802"><ele>866.0</ele><time>2026-07-30T10:24:14Z</time></trkpt><trkpt lat="45.505012" lon="25.301883"><ele>865.7</ele><time>2026-07-30T10:24:18Z</time></trkpt><trkpt lat="45.504937" lon="25.301947"><ele>865.4</ele><time>2026-07-30T10:24:21Z</time></trkpt><trkpt lat="45.504922" lon="25.302063"><ele>865.4</ele><time>2026-07-30T10:24:24Z</time></trkpt><trkpt lat="45.504877" lon="25.302163"><ele>865.4</ele><time>2026-07-30T10:24:27Z</time></trkpt><trkpt lat="45.504828" lon="25.302257"><ele>865.2</ele><time>2026-07-30T10:24:30Z</time></trkpt><trkpt lat="45.504785" lon="25.302343"><ele>864.3</ele><time>2026-07-30T10:24:35Z</time></trkpt><trkpt lat="45.504745" lon="25.30243"><ele>864.2</ele><time>2026-07-30T10:24:39Z</time></trkpt><trkpt lat="45.504687" lon="25.302567"><ele>864.2</ele><time>2026-07-30T10:24:43Z</time></trkpt><trkpt lat="45.50464" lon="25.302722"><ele>864.2</ele><time>2026-07-30T10:24:47Z</time></trkpt><trkpt lat="45.504595" lon="25.302825"><ele>864.4</ele><time>2026-07-30T10:24:50Z</time></trkpt><trkpt lat="45.504557" lon="25.30294"><ele>864.1</ele><time>2026-07-30T10:24:53Z</time></trkpt><trkpt lat="45.50452" lon="25.303057"><ele>863.7</ele><time>2026-07-30T10:24:55Z</time></trkpt><trkpt lat="45.504488" lon="25.30317"><ele>863.7</ele><time>2026-07-30T10:24:57Z</time></trkpt><trkpt lat="45.50445" lon="25.303297"><ele>863.8</ele><time>2026-07-30T10:25:00Z</time></trkpt><trkpt lat="45.504403" lon="25.303387"><ele>863.8</ele><time>2026-07-30T10:25:02Z</time></trkpt><trkpt lat="45.504347" lon="25.303518"><ele>863.5</ele><time>2026-07-30T10:25:05Z</time></trkpt><trkpt lat="45.504313" lon="25.303637"><ele>862.2</ele><time>2026-07-30T10:25:09Z</time></trkpt><trkpt lat="45.504267" lon="25.303735"><ele>861.3</ele><time>2026-07-30T10:25:13Z</time></trkpt><trkpt lat="45.504225" lon="25.303842"><ele>861.2</ele><time>2026-07-30T10:25:20Z</time></trkpt><trkpt lat="45.504215" lon="25.303945"><ele>861.0</ele><time>2026-07-30T10:25:49Z</time></trkpt><trkpt lat="45.504162" lon="25.30403"><ele>860.9</ele><time>2026-07-30T10:25:55Z</time></trkpt><trkpt lat="45.504092" lon="25.304088"><ele>860.6</ele><time>2026-07-30T10:26:02Z</time></trkpt><trkpt lat="45.504022" lon="25.304127"><ele>860.5</ele><time>2026-07-30T10:26:08Z</time></trkpt><trkpt lat="45.503952" lon="25.304173"><ele>860.2</ele><time>2026-07-30T10:26:13Z</time></trkpt><trkpt lat="45.503873" lon="25.30415"><ele>859.8</ele><time>2026-07-30T10:26:19Z</time></trkpt><trkpt lat="45.5038" lon="25.304157"><ele>859.5</ele><time>2026-07-30T10:26:25Z</time></trkpt><trkpt lat="45.503728" lon="25.304128"><ele>859.3</ele><time>2026-07-30T10:26:34Z</time></trkpt><trkpt lat="45.503702" lon="25.30423"><ele>859.2</ele><time>2026-07-30T10:26:40Z</time></trkpt><trkpt lat="45.503638" lon="25.304288"><ele>859.1</ele><time>2026-07-30T10:26:47Z</time></trkpt><trkpt lat="45.503558" lon="25.304295"><ele>859.4</ele><time>2026-07-30T10:26:53Z</time></trkpt><trkpt lat="45.503477" lon="25.304248"><ele>859.7</ele><time>2026-07-30T10:26:58Z</time></trkpt><trkpt lat="45.503397" lon="25.304258"><ele>859.5</ele><time>2026-07-30T10:27:03Z</time></trkpt><trkpt lat="45.503323" lon="25.30428"><ele>859.3</ele><time>2026-07-30T10:27:08Z</time></trkpt><trkpt lat="45.503263" lon="25.304357"><ele>858.8</ele><time>2026-07-30T10:27:15Z</time></trkpt><trkpt lat="45.503187" lon="25.304408"><ele>858.5</ele><time>2026-07-30T10:27:19Z</time></trkpt><trkpt lat="45.50312" lon="25.304475"><ele>858.2</ele><time>2026-07-30T10:27:22Z</time></trkpt><trkpt lat="45.50306" lon="25.304573"><ele>858.0</ele><time>2026-07-30T10:27:25Z</time></trkpt><trkpt lat="45.50299" lon="25.304657"><ele>857.7</ele><time>2026-07-30T10:27:28Z</time></trkpt><trkpt lat="45.502927" lon="25.304742"><ele>857.4</ele><time>2026-07-30T10:27:30Z</time></trkpt><trkpt lat="45.502847" lon="25.30486"><ele>857.0</ele><time>2026-07-30T10:27:33Z</time></trkpt><trkpt lat="45.50279" lon="25.304973"><ele>856.6</ele><time>2026-07-30T10:27:37Z</time></trkpt><trkpt lat="45.502727" lon="25.305038"><ele>856.5</ele><time>2026-07-30T10:27:40Z</time></trkpt><trkpt lat="45.502652" lon="25.305128"><ele>856.3</ele><time>2026-07-30T10:27:43Z</time></trkpt><trkpt lat="45.502588" lon="25.305235"><ele>855.9</ele><time>2026-07-30T10:27:46Z</time></trkpt><trkpt lat="45.50254" lon="25.305323"><ele>855.8</ele><time>2026-07-30T10:27:49Z</time></trkpt><trkpt lat="45.502473" lon="25.305438"><ele>856.0</ele><time>2026-07-30T10:27:52Z</time></trkpt><trkpt lat="45.502398" lon="25.305537"><ele>856.2</ele><time>2026-07-30T10:27:55Z</time></trkpt><trkpt lat="45.502348" lon="25.30561"><ele>856.2</ele><time>2026-07-30T10:27:58Z</time></trkpt><trkpt lat="45.502267" lon="25.30575"><ele>855.9</ele><time>2026-07-30T10:28:01Z</time></trkpt><trkpt lat="45.502225" lon="25.305843"><ele>855.4</ele><time>2026-07-30T10:28:04Z</time></trkpt><trkpt lat="45.502177" lon="25.305928"><ele>855.2</ele><time>2026-07-30T10:28:06Z</time></trkpt><trkpt lat="45.502118" lon="25.306013"><ele>855.0</ele><time>2026-07-30T10:28:09Z</time></trkpt><trkpt lat="45.502073" lon="25.3061"><ele>854.6</ele><time>2026-07-30T10:28:12Z</time></trkpt><trkpt lat="45.502022" lon="25.306187"><ele>854.3</ele><time>2026-07-30T10:28:16Z</time></trkpt><trkpt lat="45.501977" lon="25.306285"><ele>854.3</ele><time>2026-07-30T10:28:20Z</time></trkpt><trkpt lat="45.501937" lon="25.306373"><ele>854.3</ele><time>2026-07-30T10:28:23Z</time></trkpt><trkpt lat="45.501885" lon="25.306487"><ele>854.5</ele><time>2026-07-30T10:28:28Z</time></trkpt><trkpt lat="45.501837" lon="25.306578"><ele>855.1</ele><time>2026-07-30T10:28:31Z</time></trkpt><trkpt lat="45.501798" lon="25.306672"><ele>855.3</ele><time>2026-07-30T10:28:34Z</time></trkpt><trkpt lat="45.501733" lon="25.306773"><ele>855.2</ele><time>2026-07-30T10:28:37Z</time></trkpt><trkpt lat="45.501672" lon="25.306843"><ele>854.2</ele><time>2026-07-30T10:28:41Z</time></trkpt><trkpt lat="45.501595" lon="25.30694"><ele>853.0</ele><time>2026-07-30T10:28:46Z</time></trkpt><trkpt lat="45.501542" lon="25.30702"><ele>851.3</ele><time>2026-07-30T10:28:55Z</time></trkpt><trkpt lat="45.501488" lon="25.307095"><ele>851.4</ele><time>2026-07-30T10:29:01Z</time></trkpt><trkpt lat="45.501412" lon="25.307158"><ele>851.6</ele><time>2026-07-30T10:29:07Z</time></trkpt><trkpt lat="45.501338" lon="25.307195"><ele>851.4</ele><time>2026-07-30T10:29:10Z</time></trkpt><trkpt lat="45.50125" lon="25.307232"><ele>851.3</ele><time>2026-07-30T10:29:14Z</time></trkpt><trkpt lat="45.501177" lon="25.307282"><ele>851.1</ele><time>2026-07-30T10:29:17Z</time></trkpt><trkpt lat="45.501095" lon="25.307325"><ele>850.8</ele><time>2026-07-30T10:29:21Z</time></trkpt><trkpt lat="45.501025" lon="25.307368"><ele>850.8</ele><time>2026-07-30T10:29:24Z</time></trkpt><trkpt lat="45.500962" lon="25.307428"><ele>850.8</ele><time>2026-07-30T10:29:27Z</time></trkpt><trkpt lat="45.5009" lon="25.307515"><ele>850.7</ele><time>2026-07-30T10:29:30Z</time></trkpt><trkpt lat="45.500842" lon="25.30761"><ele>850.6</ele><time>2026-07-30T10:29:33Z</time></trkpt><trkpt lat="45.500788" lon="25.307697"><ele>850.1</ele><time>2026-07-30T10:29:36Z</time></trkpt><trkpt lat="45.50071" lon="25.307747"><ele>849.9</ele><time>2026-07-30T10:29:39Z</time></trkpt><trkpt lat="45.500637" lon="25.307762"><ele>850.0</ele><time>2026-07-30T10:29:42Z</time></trkpt><trkpt lat="45.500543" lon="25.30781"><ele>849.9</ele><time>2026-07-30T10:29:45Z</time></trkpt><trkpt lat="45.500493" lon="25.30793"><ele>849.5</ele><time>2026-07-30T10:29:48Z</time></trkpt><trkpt lat="45.500497" lon="25.308062"><ele>848.9</ele><time>2026-07-30T10:29:51Z</time></trkpt><trkpt lat="45.500495" lon="25.308177"><ele>847.6</ele><time>2026-07-30T10:30:01Z</time></trkpt><trkpt lat="45.500438" lon="25.308263"><ele>847.7</ele><time>2026-07-30T10:30:14Z</time></trkpt><trkpt lat="45.50035" lon="25.308307"><ele>847.8</ele><time>2026-07-30T10:30:18Z</time></trkpt><trkpt lat="45.500278" lon="25.308348"><ele>847.7</ele><time>2026-07-30T10:30:21Z</time></trkpt><trkpt lat="45.500197" lon="25.30841"><ele>847.4</ele><time>2026-07-30T10:30:25Z</time></trkpt><trkpt lat="45.500133" lon="25.308485"><ele>847.2</ele><time>2026-07-30T10:30:28Z</time></trkpt><trkpt lat="45.500078" lon="25.308567"><ele>846.9</ele><time>2026-07-30T10:30:35Z</time></trkpt><trkpt lat="45.500017" lon="25.308623"><ele>846.1</ele><time>2026-07-30T10:31:12Z</time></trkpt><trkpt lat="45.500013" lon="25.308737"><ele>846.4</ele><time>2026-07-30T10:31:24Z</time></trkpt><trkpt lat="45.499968" lon="25.308828"><ele>846.4</ele><time>2026-07-30T10:31:29Z</time></trkpt><trkpt lat="45.499943" lon="25.308935"><ele>846.3</ele><time>2026-07-30T10:31:33Z</time></trkpt><trkpt lat="45.49991" lon="25.309043"><ele>846.1</ele><time>2026-07-30T10:31:36Z</time></trkpt><trkpt lat="45.499875" lon="25.309137"><ele>845.8</ele><time>2026-07-30T10:31:40Z</time></trkpt><trkpt lat="45.499815" lon="25.309245"><ele>845.7</ele><time>2026-07-30T10:31:44Z</time></trkpt><trkpt lat="45.499742" lon="25.309292"><ele>845.4</ele><time>2026-07-30T10:31:48Z</time></trkpt><trkpt lat="45.499675" lon="25.309347"><ele>845.1</ele><time>2026-07-30T10:31:52Z</time></trkpt><trkpt lat="45.499602" lon="25.309385"><ele>845.1</ele><time>2026-07-30T10:31:55Z</time></trkpt><trkpt lat="45.499518" lon="25.309428"><ele>845.1</ele><time>2026-07-30T10:31:59Z</time></trkpt><trkpt lat="45.49944" lon="25.309472"><ele>844.9</ele><time>2026-07-30T10:32:03Z</time></trkpt><trkpt lat="45.499352" lon="25.309505"><ele>844.2</ele><time>2026-07-30T10:32:08Z</time></trkpt><trkpt lat="45.499255" lon="25.30957"><ele>843.8</ele><time>2026-07-30T10:32:12Z</time></trkpt><trkpt lat="45.499192" lon="25.309635"><ele>843.6</ele><time>2026-07-30T10:32:14Z</time></trkpt><trkpt lat="45.499105" lon="25.309692"><ele>843.3</ele><time>2026-07-30T10:32:17Z</time></trkpt><trkpt lat="45.499053" lon="25.309772"><ele>843.1</ele><time>2026-07-30T10:32:20Z</time></trkpt><trkpt lat="45.498978" lon="25.309832"><ele>842.8</ele><time>2026-07-30T10:32:22Z</time></trkpt><trkpt lat="45.498908" lon="25.309887"><ele>836.5</ele><time>2026-07-30T10:32:24Z</time></trkpt><trkpt lat="45.498838" lon="25.309938"><ele>836.3</ele><time>2026-07-30T10:32:26Z</time></trkpt><trkpt lat="45.498785" lon="25.310033"><ele>836.0</ele><time>2026-07-30T10:32:28Z</time></trkpt><trkpt lat="45.498705" lon="25.310142"><ele>835.8</ele><time>2026-07-30T10:32:31Z</time></trkpt><trkpt lat="45.498645" lon="25.310222"><ele>835.8</ele><time>2026-07-30T10:32:33Z</time></trkpt><trkpt lat="45.498595" lon="25.310353"><ele>835.7</ele><time>2026-07-30T10:32:36Z</time></trkpt><trkpt lat="45.49857" lon="25.310462"><ele>835.5</ele><time>2026-07-30T10:32:38Z</time></trkpt><trkpt lat="45.498547" lon="25.310565"><ele>835.1</ele><time>2026-07-30T10:32:41Z</time></trkpt><trkpt lat="45.49853" lon="25.310678"><ele>835.0</ele><time>2026-07-30T10:32:44Z</time></trkpt><trkpt lat="45.498527" lon="25.31078"><ele>834.8</ele><time>2026-07-30T10:32:46Z</time></trkpt><trkpt lat="45.498498" lon="25.310905"><ele>834.6</ele><time>2026-07-30T10:32:48Z</time></trkpt><trkpt lat="45.498458" lon="25.311025"><ele>834.3</ele><time>2026-07-30T10:32:50Z</time></trkpt><trkpt lat="45.498432" lon="25.311167"><ele>834.0</ele><time>2026-07-30T10:32:52Z</time></trkpt><trkpt lat="45.498407" lon="25.311302"><ele>833.8</ele><time>2026-07-30T10:32:54Z</time></trkpt><trkpt lat="45.498388" lon="25.311432"><ele>833.5</ele><time>2026-07-30T10:32:56Z</time></trkpt><trkpt lat="45.498362" lon="25.311573"><ele>833.1</ele><time>2026-07-30T10:32:58Z</time></trkpt><trkpt lat="45.498347" lon="25.311705"><ele>832.9</ele><time>2026-07-30T10:33:00Z</time></trkpt><trkpt lat="45.49829" lon="25.31181"><ele>832.6</ele><time>2026-07-30T10:33:02Z</time></trkpt><trkpt lat="45.498245" lon="25.311915"><ele>832.3</ele><time>2026-07-30T10:33:04Z</time></trkpt><trkpt lat="45.498227" lon="25.312033"><ele>832.1</ele><time>2026-07-30T10:33:08Z</time></trkpt><trkpt lat="45.498235" lon="25.31217"><ele>832.2</ele><time>2026-07-30T10:33:11Z</time></trkpt><trkpt lat="45.498245" lon="25.312295"><ele>832.5</ele><time>2026-07-30T10:33:13Z</time></trkpt><trkpt lat="45.498238" lon="25.31243"><ele>832.4</ele><time>2026-07-30T10:33:15Z</time></trkpt><trkpt lat="45.498233" lon="25.312577"><ele>831.9</ele><time>2026-07-30T10:33:17Z</time></trkpt><trkpt lat="45.498272" lon="25.312718"><ele>831.3</ele><time>2026-07-30T10:33:19Z</time></trkpt><trkpt lat="45.498318" lon="25.312885"><ele>829.9</ele><time>2026-07-30T10:33:23Z</time></trkpt><trkpt lat="45.49833" lon="25.31299"><ele>828.9</ele><time>2026-07-30T10:33:26Z</time></trkpt><trkpt lat="45.49833" lon="25.313123"><ele>828.4</ele><time>2026-07-30T10:33:30Z</time></trkpt><trkpt lat="45.498307" lon="25.313223"><ele>828.2</ele><time>2026-07-30T10:33:33Z</time></trkpt><trkpt lat="45.498273" lon="25.313327"><ele>828.0</ele><time>2026-07-30T10:33:36Z</time></trkpt><trkpt lat="45.498192" lon="25.313393"><ele>827.9</ele><time>2026-07-30T10:33:39Z</time></trkpt><trkpt lat="45.498098" lon="25.313405"><ele>827.8</ele><time>2026-07-30T10:33:42Z</time></trkpt><trkpt lat="45.498018" lon="25.313397"><ele>827.8</ele><time>2026-07-30T10:33:45Z</time></trkpt><trkpt lat="45.497943" lon="25.31347"><ele>827.6</ele><time>2026-07-30T10:33:47Z</time></trkpt><trkpt lat="45.497883" lon="25.31357"><ele>827.4</ele><time>2026-07-30T10:33:49Z</time></trkpt><trkpt lat="45.497838" lon="25.313683"><ele>827.1</ele><time>2026-07-30T10:33:51Z</time></trkpt><trkpt lat="45.497787" lon="25.313778"><ele>826.8</ele><time>2026-07-30T10:33:53Z</time></trkpt><trkpt lat="45.497753" lon="25.313905"><ele>826.4</ele><time>2026-07-30T10:33:55Z</time></trkpt><trkpt lat="45.497722" lon="25.314025"><ele>825.9</ele><time>2026-07-30T10:33:57Z</time></trkpt><trkpt lat="45.497658" lon="25.314112"><ele>825.4</ele><time>2026-07-30T10:34:00Z</time></trkpt><trkpt lat="45.497617" lon="25.314238"><ele>825.3</ele><time>2026-07-30T10:34:03Z</time></trkpt><trkpt lat="45.497568" lon="25.314353"><ele>825.2</ele><time>2026-07-30T10:34:06Z</time></trkpt><trkpt lat="45.497548" lon="25.314452"><ele>825.1</ele><time>2026-07-30T10:34:08Z</time></trkpt><trkpt lat="45.497515" lon="25.31458"><ele>824.5</ele><time>2026-07-30T10:34:11Z</time></trkpt><trkpt lat="45.497497" lon="25.314685"><ele>824.4</ele><time>2026-07-30T10:34:14Z</time></trkpt><trkpt lat="45.497485" lon="25.314792"><ele>824.8</ele><time>2026-07-30T10:34:17Z</time></trkpt><trkpt lat="45.497463" lon="25.314908"><ele>825.3</ele><time>2026-07-30T10:34:20Z</time></trkpt><trkpt lat="45.497458" lon="25.315018"><ele>825.7</ele><time>2026-07-30T10:34:23Z</time></trkpt><trkpt lat="45.497447" lon="25.315127"><ele>825.5</ele><time>2026-07-30T10:34:26Z</time></trkpt><trkpt lat="45.49744" lon="25.315232"><ele>825.1</ele><time>2026-07-30T10:34:28Z</time></trkpt><trkpt lat="45.497407" lon="25.31535"><ele>824.7</ele><time>2026-07-30T10:34:30Z</time></trkpt><trkpt lat="45.497363" lon="25.315488"><ele>824.0</ele><time>2026-07-30T10:34:32Z</time></trkpt><trkpt lat="45.497305" lon="25.315628"><ele>823.2</ele><time>2026-07-30T10:34:34Z</time></trkpt><trkpt lat="45.497232" lon="25.31575"><ele>822.5</ele><time>2026-07-30T10:34:36Z</time></trkpt><trkpt lat="45.497137" lon="25.315828"><ele>822.3</ele><time>2026-07-30T10:34:38Z</time></trkpt><trkpt lat="45.497045" lon="25.315907"><ele>821.9</ele><time>2026-07-30T10:34:40Z</time></trkpt><trkpt lat="45.496958" lon="25.315967"><ele>821.6</ele><time>2026-07-30T10:34:42Z</time></trkpt><trkpt lat="45.49685" lon="25.315972"><ele>821.3</ele><time>2026-07-30T10:34:44Z</time></trkpt><trkpt lat="45.49677" lon="25.31598"><ele>821.0</ele><time>2026-07-30T10:34:46Z</time></trkpt><trkpt lat="45.496747" lon="25.316097"><ele>820.9</ele><time>2026-07-30T10:34:47Z</time></trkpt><trkpt lat="45.49673" lon="25.316258"><ele>820.7</ele><time>2026-07-30T10:34:49Z</time></trkpt><trkpt lat="45.4967" lon="25.316407"><ele>820.3</ele><time>2026-07-30T10:34:51Z</time></trkpt><trkpt lat="45.496673" lon="25.316565"><ele>820.0</ele><time>2026-07-30T10:34:53Z</time></trkpt><trkpt lat="45.496622" lon="25.316682"><ele>819.9</ele><time>2026-07-30T10:34:55Z</time></trkpt><trkpt lat="45.49656" lon="25.31679"><ele>819.9</ele><time>2026-07-30T10:34:58Z</time></trkpt><trkpt lat="45.496512" lon="25.316875"><ele>820.3</ele><time>2026-07-30T10:35:01Z</time></trkpt><trkpt lat="45.49644" lon="25.316932"><ele>821.3</ele><time>2026-07-30T10:35:05Z</time></trkpt><trkpt lat="45.496375" lon="25.316997"><ele>821.6</ele><time>2026-07-30T10:35:08Z</time></trkpt><trkpt lat="45.49631" lon="25.317073"><ele>821.6</ele><time>2026-07-30T10:35:11Z</time></trkpt><trkpt lat="45.496238" lon="25.317128"><ele>821.5</ele><time>2026-07-30T10:35:13Z</time></trkpt><trkpt lat="45.496158" lon="25.317177"><ele>821.3</ele><time>2026-07-30T10:35:16Z</time></trkpt><trkpt lat="45.496082" lon="25.31727"><ele>821.2</ele><time>2026-07-30T10:35:19Z</time></trkpt><trkpt lat="45.496017" lon="25.317358"><ele>820.4</ele><time>2026-07-30T10:35:22Z</time></trkpt><trkpt lat="45.495983" lon="25.317462"><ele>819.5</ele><time>2026-07-30T10:35:25Z</time></trkpt><trkpt lat="45.49596" lon="25.317607"><ele>819.0</ele><time>2026-07-30T10:35:29Z</time></trkpt><trkpt lat="45.495943" lon="25.317743"><ele>818.3</ele><time>2026-07-30T10:35:32Z</time></trkpt><trkpt lat="45.495925" lon="25.317857"><ele>817.4</ele><time>2026-07-30T10:35:35Z</time></trkpt><trkpt lat="45.495873" lon="25.317975"><ele>816.9</ele><time>2026-07-30T10:35:37Z</time></trkpt><trkpt lat="45.495827" lon="25.318055"><ele>816.7</ele><time>2026-07-30T10:35:39Z</time></trkpt><trkpt lat="45.495777" lon="25.31813"><ele>816.4</ele><time>2026-07-30T10:35:42Z</time></trkpt><trkpt lat="45.495695" lon="25.318203"><ele>816.0</ele><time>2026-07-30T10:35:45Z</time></trkpt><trkpt lat="45.495623" lon="25.3183"><ele>815.8</ele><time>2026-07-30T10:35:48Z</time></trkpt><trkpt lat="45.495592" lon="25.31841"><ele>815.5</ele><time>2026-07-30T10:35:50Z</time></trkpt><trkpt lat="45.495573" lon="25.318538"><ele>815.0</ele><time>2026-07-30T10:35:52Z</time></trkpt><trkpt lat="45.495567" lon="25.318665"><ele>814.4</ele><time>2026-07-30T10:35:54Z</time></trkpt><trkpt lat="45.495563" lon="25.318792"><ele>814.0</ele><time>2026-07-30T10:35:56Z</time></trkpt><trkpt lat="45.495532" lon="25.318898"><ele>814.0</ele><time>2026-07-30T10:35:58Z</time></trkpt><trkpt lat="45.495533" lon="25.319042"><ele>813.8</ele><time>2026-07-30T10:36:00Z</time></trkpt><trkpt lat="45.49553" lon="25.319222"><ele>813.2</ele><time>2026-07-30T10:36:02Z</time></trkpt><trkpt lat="45.495547" lon="25.319378"><ele>812.7</ele><time>2026-07-30T10:36:04Z</time></trkpt><trkpt lat="45.495543" lon="25.31954"><ele>812.0</ele><time>2026-07-30T10:36:06Z</time></trkpt><trkpt lat="45.495518" lon="25.319682"><ele>811.7</ele><time>2026-07-30T10:36:08Z</time></trkpt><trkpt lat="45.495492" lon="25.319803"><ele>811.4</ele><time>2026-07-30T10:36:10Z</time></trkpt><trkpt lat="45.49545" lon="25.319938"><ele>811.3</ele><time>2026-07-30T10:36:13Z</time></trkpt><trkpt lat="45.495427" lon="25.320038"><ele>811.6</ele><time>2026-07-30T10:38:07Z</time></trkpt><trkpt lat="45.495482" lon="25.320122"><ele>811.7</ele><time>2026-07-30T10:38:14Z</time></trkpt><trkpt lat="45.495555" lon="25.320153"><ele>811.7</ele><time>2026-07-30T10:38:18Z</time></trkpt><trkpt lat="45.495623" lon="25.320203"><ele>811.7</ele><time>2026-07-30T10:38:21Z</time></trkpt><trkpt lat="45.495715" lon="25.320252"><ele>811.6</ele><time>2026-07-30T10:38:24Z</time></trkpt><trkpt lat="45.495785" lon="25.320282"><ele>811.3</ele><time>2026-07-30T10:38:26Z</time></trkpt><trkpt lat="45.495858" lon="25.320325"><ele>811.1</ele><time>2026-07-30T10:38:28Z</time></trkpt><trkpt lat="45.49593" lon="25.320385"><ele>811.1</ele><time>2026-07-30T10:38:30Z</time></trkpt><trkpt lat="45.496007" lon="25.320445"><ele>811.2</ele><time>2026-07-30T10:38:32Z</time></trkpt><trkpt lat="45.496068" lon="25.32052"><ele>811.2</ele><time>2026-07-30T10:38:34Z</time></trkpt><trkpt lat="45.496105" lon="25.320652"><ele>811.5</ele><time>2026-07-30T10:38:37Z</time></trkpt><trkpt lat="45.496155" lon="25.32075"><ele>812.0</ele><time>2026-07-30T10:38:40Z</time></trkpt><trkpt lat="45.496212" lon="25.32086"><ele>812.8</ele><time>2026-07-30T10:38:43Z</time></trkpt><trkpt lat="45.496248" lon="25.32095"><ele>813.6</ele><time>2026-07-30T10:38:46Z</time></trkpt><trkpt lat="45.496303" lon="25.32105"><ele>814.3</ele><time>2026-07-30T10:38:49Z</time></trkpt><trkpt lat="45.496353" lon="25.321145"><ele>814.8</ele><time>2026-07-30T10:38:52Z</time></trkpt><trkpt lat="45.496405" lon="25.321245"><ele>815.4</ele><time>2026-07-30T10:38:55Z</time></trkpt><trkpt lat="45.49647" lon="25.321348"><ele>815.8</ele><time>2026-07-30T10:38:58Z</time></trkpt><trkpt lat="45.496522" lon="25.321462"><ele>816.4</ele><time>2026-07-30T10:39:01Z</time></trkpt><trkpt lat="45.496572" lon="25.321558"><ele>817.1</ele><time>2026-07-30T10:39:04Z</time></trkpt><trkpt lat="45.496627" lon="25.321653"><ele>817.9</ele><time>2026-07-30T10:39:07Z</time></trkpt><trkpt lat="45.496678" lon="25.321755"><ele>818.7</ele><time>2026-07-30T10:39:10Z</time></trkpt><trkpt lat="45.496732" lon="25.321833"><ele>819.3</ele><time>2026-07-30T10:39:13Z</time></trkpt><trkpt lat="45.496787" lon="25.321923"><ele>819.7</ele><time>2026-07-30T10:39:16Z</time></trkpt><trkpt lat="45.496847" lon="25.322012"><ele>820.1</ele><time>2026-07-30T10:39:19Z</time></trkpt><trkpt lat="45.496913" lon="25.322082"><ele>820.3</ele><time>2026-07-30T10:39:22Z</time></trkpt><trkpt lat="45.496993" lon="25.322162"><ele>820.3</ele><time>2026-07-30T10:39:25Z</time></trkpt><trkpt lat="45.497048" lon="25.32225"><ele>820.3</ele><time>2026-07-30T10:39:28Z</time></trkpt><trkpt lat="45.49718" lon="25.322423"><ele>820.2</ele><time>2026-07-30T10:39:30Z</time></trkpt><trkpt lat="45.497235" lon="25.322515"><ele>820.2</ele><time>2026-07-30T10:39:32Z</time></trkpt><trkpt lat="45.497293" lon="25.322605"><ele>820.0</ele><time>2026-07-30T10:39:34Z</time></trkpt><trkpt lat="45.49735" lon="25.322702"><ele>819.5</ele><time>2026-07-30T10:39:36Z</time></trkpt><trkpt lat="45.497408" lon="25.322793"><ele>819.2</ele><time>2026-07-30T10:39:37Z</time></trkpt><trkpt lat="45.497482" lon="25.322888"><ele>818.9</ele><time>2026-07-30T10:39:39Z</time></trkpt><trkpt lat="45.497558" lon="25.323"><ele>818.6</ele><time>2026-07-30T10:39:41Z</time></trkpt><trkpt lat="45.497632" lon="25.323125"><ele>818.1</ele><time>2026-07-30T10:39:43Z</time></trkpt><trkpt lat="45.497687" lon="25.323273"><ele>817.8</ele><time>2026-07-30T10:39:45Z</time></trkpt><trkpt lat="45.497727" lon="25.323438"><ele>817.7</ele><time>2026-07-30T10:39:47Z</time></trkpt><trkpt lat="45.49777" lon="25.323625"><ele>817.7</ele><time>2026-07-30T10:39:49Z</time></trkpt><trkpt lat="45.497825" lon="25.323817"><ele>817.5</ele><time>2026-07-30T10:39:51Z</time></trkpt><trkpt lat="45.49786" lon="25.32392"><ele>817.2</ele><time>2026-07-30T10:39:52Z</time></trkpt><trkpt lat="45.497903" lon="25.324025"><ele>816.8</ele><time>2026-07-30T10:39:53Z</time></trkpt><trkpt lat="45.497948" lon="25.324142"><ele>816.5</ele><time>2026-07-30T10:39:54Z</time></trkpt><trkpt lat="45.498" lon="25.324262"><ele>815.8</ele><time>2026-07-30T10:39:55Z</time></trkpt><trkpt lat="45.49805" lon="25.324393"><ele>815.1</ele><time>2026-07-30T10:39:56Z</time></trkpt><trkpt lat="45.498082" lon="25.324545"><ele>814.1</ele><time>2026-07-30T10:39:57Z</time></trkpt><trkpt lat="45.498102" lon="25.324705"><ele>812.8</ele><time>2026-07-30T10:39:58Z</time></trkpt><trkpt lat="45.498128" lon="25.324862"><ele>811.5</ele><time>2026-07-30T10:39:59Z</time></trkpt><trkpt lat="45.49815" lon="25.325015"><ele>810.4</ele><time>2026-07-30T10:40:00Z</time></trkpt><trkpt lat="45.498175" lon="25.325163"><ele>809.4</ele><time>2026-07-30T10:40:01Z</time></trkpt><trkpt lat="45.4982" lon="25.325313"><ele>808.5</ele><time>2026-07-30T10:40:02Z</time></trkpt><trkpt lat="45.498228" lon="25.325457"><ele>807.6</ele><time>2026-07-30T10:40:03Z</time></trkpt><trkpt lat="45.498262" lon="25.325597"><ele>806.9</ele><time>2026-07-30T10:40:04Z</time></trkpt><trkpt lat="45.49829" lon="25.325737"><ele>806.9</ele><time>2026-07-30T10:40:05Z</time></trkpt><trkpt lat="45.498323" lon="25.325857"><ele>806.2</ele><time>2026-07-30T10:40:06Z</time></trkpt><trkpt lat="45.49835" lon="25.325987"><ele>805.8</ele><time>2026-07-30T10:40:07Z</time></trkpt><trkpt lat="45.49838" lon="25.326108"><ele>805.4</ele><time>2026-07-30T10:40:08Z</time></trkpt><trkpt lat="45.49841" lon="25.326228"><ele>805.2</ele><time>2026-07-30T10:40:09Z</time></trkpt><trkpt lat="45.498443" lon="25.32634"><ele>804.9</ele><time>2026-07-30T10:40:10Z</time></trkpt><trkpt lat="45.498483" lon="25.326437"><ele>804.6</ele><time>2026-07-30T10:40:11Z</time></trkpt><trkpt lat="45.498525" lon="25.32653"><ele>804.1</ele><time>2026-07-30T10:40:12Z</time></trkpt><trkpt lat="45.498582" lon="25.326635"><ele>803.7</ele><time>2026-07-30T10:40:13Z</time></trkpt><trkpt lat="45.49864" lon="25.326703"><ele>803.4</ele><time>2026-07-30T10:40:14Z</time></trkpt><trkpt lat="45.498695" lon="25.326775"><ele>803.1</ele><time>2026-07-30T10:40:15Z</time></trkpt><trkpt lat="45.498852" lon="25.326953"><ele>802.6</ele><time>2026-07-30T10:40:17Z</time></trkpt><trkpt lat="45.498937" lon="25.32702"><ele>802.2</ele><time>2026-07-30T10:40:19Z</time></trkpt><trkpt lat="45.499047" lon="25.327088"><ele>801.7</ele><time>2026-07-30T10:40:21Z</time></trkpt><trkpt lat="45.499153" lon="25.327188"><ele>801.5</ele><time>2026-07-30T10:40:23Z</time></trkpt><trkpt lat="45.499257" lon="25.327268"><ele>801.1</ele><time>2026-07-30T10:40:26Z</time></trkpt><trkpt lat="45.49935" lon="25.327362"><ele>800.7</ele><time>2026-07-30T10:40:28Z</time></trkpt><trkpt lat="45.499438" lon="25.327442"><ele>800.6</ele><time>2026-07-30T10:40:30Z</time></trkpt><trkpt lat="45.49952" lon="25.327518"><ele>800.6</ele><time>2026-07-30T10:40:32Z</time></trkpt><trkpt lat="45.499597" lon="25.327588"><ele>800.6</ele><time>2026-07-30T10:40:34Z</time></trkpt><trkpt lat="45.499675" lon="25.327643"><ele>800.5</ele><time>2026-07-30T10:40:36Z</time></trkpt><trkpt lat="45.499752" lon="25.32769"><ele>800.4</ele><time>2026-07-30T10:40:38Z</time></trkpt><trkpt lat="45.499857" lon="25.327765"><ele>800.6</ele><time>2026-07-30T10:40:41Z</time></trkpt><trkpt lat="45.499928" lon="25.327817"><ele>800.9</ele><time>2026-07-30T10:40:43Z</time></trkpt><trkpt lat="45.50001" lon="25.327847"><ele>801.2</ele><time>2026-07-30T10:40:46Z</time></trkpt><trkpt lat="45.500002" lon="25.327732"><ele>800.4</ele><time>2026-07-30T10:40:55Z</time></trkpt><trkpt lat="45.500035" lon="25.327828"><ele>800.6</ele><time>2026-07-30T10:41:42Z</time></trkpt><trkpt lat="45.5001" lon="25.327883"><ele>800.6</ele><time>2026-07-30T10:41:44Z</time></trkpt><trkpt lat="45.500192" lon="25.327943"><ele>800.3</ele><time>2026-07-30T10:41:47Z</time></trkpt><trkpt lat="45.500277" lon="25.327975"><ele>800.2</ele><time>2026-07-30T10:41:49Z</time></trkpt><trkpt lat="45.500357" lon="25.328022"><ele>800.1</ele><time>2026-07-30T10:41:51Z</time></trkpt><trkpt lat="45.500435" lon="25.328085"><ele>800.0</ele><time>2026-07-30T10:41:53Z</time></trkpt><trkpt lat="45.500515" lon="25.328157"><ele>799.9</ele><time>2026-07-30T10:41:55Z</time></trkpt><trkpt lat="45.500593" lon="25.328243"><ele>799.7</ele><time>2026-07-30T10:41:57Z</time></trkpt><trkpt lat="45.50067" lon="25.328333"><ele>799.3</ele><time>2026-07-30T10:41:59Z</time></trkpt><trkpt lat="45.500742" lon="25.32842"><ele>798.9</ele><time>2026-07-30T10:42:01Z</time></trkpt><trkpt lat="45.500817" lon="25.3285"><ele>798.6</ele><time>2026-07-30T10:42:03Z</time></trkpt><trkpt lat="45.50089" lon="25.328577"><ele>798.4</ele><time>2026-07-30T10:42:05Z</time></trkpt><trkpt lat="45.500968" lon="25.328645"><ele>798.3</ele><time>2026-07-30T10:42:07Z</time></trkpt><trkpt lat="45.501038" lon="25.328728"><ele>798.1</ele><time>2026-07-30T10:42:09Z</time></trkpt><trkpt lat="45.501125" lon="25.32881"><ele>798.1</ele><time>2026-07-30T10:42:11Z</time></trkpt><trkpt lat="45.501202" lon="25.328895"><ele>798.2</ele><time>2026-07-30T10:42:13Z</time></trkpt><trkpt lat="45.501283" lon="25.328978"><ele>798.3</ele><time>2026-07-30T10:42:15Z</time></trkpt><trkpt lat="45.50137" lon="25.329052"><ele>798.4</ele><time>2026-07-30T10:42:17Z</time></trkpt><trkpt lat="45.501443" lon="25.329145"><ele>798.3</ele><time>2026-07-30T10:42:19Z</time></trkpt><trkpt lat="45.501537" lon="25.329227"><ele>798.4</ele><time>2026-07-30T10:42:21Z</time></trkpt><trkpt lat="45.50163" lon="25.32931"><ele>798.4</ele><time>2026-07-30T10:42:23Z</time></trkpt><trkpt lat="45.50171" lon="25.329383"><ele>798.3</ele><time>2026-07-30T10:42:25Z</time></trkpt><trkpt lat="45.50178" lon="25.329448"><ele>798.1</ele><time>2026-07-30T10:42:27Z</time></trkpt><trkpt lat="45.501855" lon="25.329527"><ele>798.2</ele><time>2026-07-30T10:42:30Z</time></trkpt><trkpt lat="45.50193" lon="25.329588"><ele>798.2</ele><time>2026-07-30T10:42:32Z</time></trkpt><trkpt lat="45.502023" lon="25.329673"><ele>798.0</ele><time>2026-07-30T10:42:34Z</time></trkpt><trkpt lat="45.502102" lon="25.32979"><ele>797.9</ele><time>2026-07-30T10:42:36Z</time></trkpt><trkpt lat="45.502142" lon="25.32993"><ele>797.6</ele><time>2026-07-30T10:42:38Z</time></trkpt><trkpt lat="45.502173" lon="25.330087"><ele>797.1</ele><time>2026-07-30T10:42:40Z</time></trkpt><trkpt lat="45.502203" lon="25.330233"><ele>796.9</ele><time>2026-07-30T10:42:42Z</time></trkpt><trkpt lat="45.502233" lon="25.330373"><ele>796.7</ele><time>2026-07-30T10:42:44Z</time></trkpt><trkpt lat="45.502252" lon="25.330497"><ele>796.5</ele><time>2026-07-30T10:42:46Z</time></trkpt><trkpt lat="45.502267" lon="25.330608"><ele>796.5</ele><time>2026-07-30T10:42:48Z</time></trkpt><trkpt lat="45.502278" lon="25.330768"><ele>796.7</ele><time>2026-07-30T10:42:51Z</time></trkpt><trkpt lat="45.502283" lon="25.330888"><ele>796.7</ele><time>2026-07-30T10:42:53Z</time></trkpt><trkpt lat="45.50231" lon="25.331012"><ele>796.5</ele><time>2026-07-30T10:42:55Z</time></trkpt><trkpt lat="45.502357" lon="25.331137"><ele>796.3</ele><time>2026-07-30T10:42:57Z</time></trkpt><trkpt lat="45.502413" lon="25.331247"><ele>796.2</ele><time>2026-07-30T10:42:59Z</time></trkpt><trkpt lat="45.502458" lon="25.331365"><ele>795.9</ele><time>2026-07-30T10:43:01Z</time></trkpt><trkpt lat="45.502517" lon="25.33147"><ele>795.6</ele><time>2026-07-30T10:43:03Z</time></trkpt><trkpt lat="45.502575" lon="25.33157"><ele>795.4</ele><time>2026-07-30T10:43:05Z</time></trkpt><trkpt lat="45.502625" lon="25.331663"><ele>795.3</ele><time>2026-07-30T10:43:07Z</time></trkpt><trkpt lat="45.502673" lon="25.331752"><ele>795.5</ele><time>2026-07-30T10:43:09Z</time></trkpt><trkpt lat="45.502735" lon="25.331843"><ele>795.8</ele><time>2026-07-30T10:43:11Z</time></trkpt><trkpt lat="45.502793" lon="25.331927"><ele>796.0</ele><time>2026-07-30T10:43:13Z</time></trkpt><trkpt lat="45.502862" lon="25.331997"><ele>796.2</ele><time>2026-07-30T10:43:15Z</time></trkpt><trkpt lat="45.502942" lon="25.332092"><ele>796.5</ele><time>2026-07-30T10:43:18Z</time></trkpt><trkpt lat="45.503022" lon="25.332152"><ele>797.1</ele><time>2026-07-30T10:43:21Z</time></trkpt><trkpt lat="45.503097" lon="25.332183"><ele>797.7</ele><time>2026-07-30T10:43:24Z</time></trkpt><trkpt lat="45.503185" lon="25.332228"><ele>798.2</ele><time>2026-07-30T10:43:27Z</time></trkpt><trkpt lat="45.503278" lon="25.33228"><ele>798.6</ele><time>2026-07-30T10:43:31Z</time></trkpt><trkpt lat="45.503367" lon="25.332352"><ele>798.9</ele><time>2026-07-30T10:43:34Z</time></trkpt><trkpt lat="45.50344" lon="25.332443"><ele>799.3</ele><time>2026-07-30T10:43:37Z</time></trkpt><trkpt lat="45.503495" lon="25.332525"><ele>799.8</ele><time>2026-07-30T10:43:40Z</time></trkpt><trkpt lat="45.503533" lon="25.332618"><ele>800.6</ele><time>2026-07-30T10:43:43Z</time></trkpt><trkpt lat="45.503552" lon="25.33276"><ele>801.7</ele><time>2026-07-30T10:43:47Z</time></trkpt><trkpt lat="45.503518" lon="25.332872"><ele>802.1</ele><time>2026-07-30T10:43:50Z</time></trkpt><trkpt lat="45.503443" lon="25.33295"><ele>802.8</ele><time>2026-07-30T10:43:54Z</time></trkpt><trkpt lat="45.503368" lon="25.332987"><ele>803.4</ele><time>2026-07-30T10:43:57Z</time></trkpt><trkpt lat="45.503298" lon="25.333015"><ele>803.8</ele><time>2026-07-30T10:44:00Z</time></trkpt><trkpt lat="45.50322" lon="25.333057"><ele>804.3</ele><time>2026-07-30T10:44:03Z</time></trkpt><trkpt lat="45.503147" lon="25.333085"><ele>805.1</ele><time>2026-07-30T10:44:06Z</time></trkpt><trkpt lat="45.503063" lon="25.33312"><ele>805.3</ele><time>2026-07-30T10:44:09Z</time></trkpt><trkpt lat="45.502977" lon="25.333165"><ele>805.5</ele><time>2026-07-30T10:44:13Z</time></trkpt><trkpt lat="45.502903" lon="25.333218"><ele>806.3</ele><time>2026-07-30T10:44:16Z</time></trkpt><trkpt lat="45.502827" lon="25.333262"><ele>807.2</ele><time>2026-07-30T10:44:19Z</time></trkpt><trkpt lat="45.502763" lon="25.333332"><ele>807.8</ele><time>2026-07-30T10:44:22Z</time></trkpt><trkpt lat="45.502695" lon="25.33341"><ele>807.9</ele><time>2026-07-30T10:44:25Z</time></trkpt><trkpt lat="45.50263" lon="25.333508"><ele>808.1</ele><time>2026-07-30T10:44:28Z</time></trkpt><trkpt lat="45.502562" lon="25.33362"><ele>808.1</ele><time>2026-07-30T10:44:31Z</time></trkpt><trkpt lat="45.502495" lon="25.333732"><ele>808.0</ele><time>2026-07-30T10:44:33Z</time></trkpt><trkpt lat="45.502443" lon="25.33382"><ele>807.6</ele><time>2026-07-30T10:44:35Z</time></trkpt><trkpt lat="45.502393" lon="25.333912"><ele>807.3</ele><time>2026-07-30T10:44:37Z</time></trkpt><trkpt lat="45.502345" lon="25.333992"><ele>807.2</ele><time>2026-07-30T10:44:39Z</time></trkpt><trkpt lat="45.502293" lon="25.334075"><ele>806.9</ele><time>2026-07-30T10:44:42Z</time></trkpt><trkpt lat="45.50225" lon="25.334192"><ele>805.4</ele><time>2026-07-30T10:44:51Z</time></trkpt><trkpt lat="45.502305" lon="25.334305"><ele>805.5</ele><time>2026-07-30T10:44:54Z</time></trkpt><trkpt lat="45.502348" lon="25.33439"><ele>805.3</ele><time>2026-07-30T10:44:56Z</time></trkpt><trkpt lat="45.502392" lon="25.334485"><ele>805.0</ele><time>2026-07-30T10:44:58Z</time></trkpt><trkpt lat="45.502428" lon="25.334605"><ele>805.0</ele><time>2026-07-30T10:45:00Z</time></trkpt><trkpt lat="45.502473" lon="25.334732"><ele>804.9</ele><time>2026-07-30T10:45:02Z</time></trkpt><trkpt lat="45.502512" lon="25.334872"><ele>804.9</ele><time>2026-07-30T10:45:04Z</time></trkpt><trkpt lat="45.502555" lon="25.335017"><ele>804.7</ele><time>2026-07-30T10:45:06Z</time></trkpt><trkpt lat="45.502605" lon="25.33517"><ele>804.3</ele><time>2026-07-30T10:45:08Z</time></trkpt><trkpt lat="45.502648" lon="25.335337"><ele>803.9</ele><time>2026-07-30T10:45:10Z</time></trkpt><trkpt lat="45.502702" lon="25.335515"><ele>803.5</ele><time>2026-07-30T10:45:12Z</time></trkpt><trkpt lat="45.502748" lon="25.335703"><ele>803.2</ele><time>2026-07-30T10:45:14Z</time></trkpt><trkpt lat="45.502773" lon="25.335802"><ele>803.0</ele><time>2026-07-30T10:45:15Z</time></trkpt><trkpt lat="45.502803" lon="25.3359"><ele>802.7</ele><time>2026-07-30T10:45:16Z</time></trkpt><trkpt lat="45.502835" lon="25.336"><ele>802.7</ele><time>2026-07-30T10:45:17Z</time></trkpt><trkpt lat="45.502868" lon="25.336095"><ele>802.3</ele><time>2026-07-30T10:45:18Z</time></trkpt><trkpt lat="45.502907" lon="25.336192"><ele>801.8</ele><time>2026-07-30T10:45:19Z</time></trkpt><trkpt lat="45.502943" lon="25.336292"><ele>801.4</ele><time>2026-07-30T10:45:20Z</time></trkpt><trkpt lat="45.502982" lon="25.33639"><ele>801.1</ele><time>2026-07-30T10:45:21Z</time></trkpt><trkpt lat="45.503027" lon="25.336482"><ele>800.7</ele><time>2026-07-30T10:45:22Z</time></trkpt><trkpt lat="45.50307" lon="25.336578"><ele>800.4</ele><time>2026-07-30T10:45:23Z</time></trkpt><trkpt lat="45.503112" lon="25.336673"><ele>800.4</ele><time>2026-07-30T10:45:24Z</time></trkpt><trkpt lat="45.503152" lon="25.336773"><ele>800.2</ele><time>2026-07-30T10:45:25Z</time></trkpt><trkpt lat="45.503192" lon="25.336867"><ele>800.1</ele><time>2026-07-30T10:45:26Z</time></trkpt><trkpt lat="45.503233" lon="25.336957"><ele>800.1</ele><time>2026-07-30T10:45:27Z</time></trkpt><trkpt lat="45.503275" lon="25.337043"><ele>800.2</ele><time>2026-07-30T10:45:28Z</time></trkpt><trkpt lat="45.503317" lon="25.337132"><ele>800.2</ele><time>2026-07-30T10:45:29Z</time></trkpt><trkpt lat="45.50339" lon="25.33731"><ele>799.7</ele><time>2026-07-30T10:45:31Z</time></trkpt><trkpt lat="45.503477" lon="25.337473"><ele>798.9</ele><time>2026-07-30T10:45:33Z</time></trkpt><trkpt lat="45.503568" lon="25.337628"><ele>798.0</ele><time>2026-07-30T10:45:35Z</time></trkpt><trkpt lat="45.503682" lon="25.337752"><ele>796.7</ele><time>2026-07-30T10:45:37Z</time></trkpt><trkpt lat="45.503807" lon="25.337855"><ele>795.9</ele><time>2026-07-30T10:45:39Z</time></trkpt><trkpt lat="45.503938" lon="25.337933"><ele>795.6</ele><time>2026-07-30T10:45:41Z</time></trkpt><trkpt lat="45.504003" lon="25.33798"><ele>795.4</ele><time>2026-07-30T10:45:42Z</time></trkpt><trkpt lat="45.504132" lon="25.338075"><ele>794.3</ele><time>2026-07-30T10:45:44Z</time></trkpt><trkpt lat="45.504195" lon="25.338125"><ele>793.7</ele><time>2026-07-30T10:45:45Z</time></trkpt><trkpt lat="45.50426" lon="25.338175"><ele>793.3</ele><time>2026-07-30T10:45:46Z</time></trkpt><trkpt lat="45.504387" lon="25.338265"><ele>792.5</ele><time>2026-07-30T10:45:48Z</time></trkpt><trkpt lat="45.504505" lon="25.338373"><ele>792.1</ele><time>2026-07-30T10:45:50Z</time></trkpt><trkpt lat="45.504618" lon="25.33849"><ele>791.8</ele><time>2026-07-30T10:45:52Z</time></trkpt><trkpt lat="45.504725" lon="25.33861"><ele>791.4</ele><time>2026-07-30T10:45:54Z</time></trkpt><trkpt lat="45.504817" lon="25.338738"><ele>790.9</ele><time>2026-07-30T10:45:56Z</time></trkpt><trkpt lat="45.504917" lon="25.338868"><ele>790.3</ele><time>2026-07-30T10:45:58Z</time></trkpt><trkpt lat="45.505007" lon="25.338995"><ele>789.5</ele><time>2026-07-30T10:46:00Z</time></trkpt><trkpt lat="45.50508" lon="25.339133"><ele>788.8</ele><time>2026-07-30T10:46:02Z</time></trkpt><trkpt lat="45.505158" lon="25.339258"><ele>789.2</ele><time>2026-07-30T10:46:04Z</time></trkpt><trkpt lat="45.505233" lon="25.339382"><ele>790.0</ele><time>2026-07-30T10:46:06Z</time></trkpt><trkpt lat="45.505305" lon="25.339498"><ele>789.7</ele><time>2026-07-30T10:46:08Z</time></trkpt><trkpt lat="45.505375" lon="25.339613"><ele>789.3</ele><time>2026-07-30T10:46:10Z</time></trkpt><trkpt lat="45.505448" lon="25.339725"><ele>788.7</ele><time>2026-07-30T10:46:12Z</time></trkpt><trkpt lat="45.505527" lon="25.339825"><ele>788.5</ele><time>2026-07-30T10:46:14Z</time></trkpt><trkpt lat="45.505608" lon="25.339918"><ele>788.2</ele><time>2026-07-30T10:46:16Z</time></trkpt><trkpt lat="45.505695" lon="25.340005"><ele>787.6</ele><time>2026-07-30T10:46:18Z</time></trkpt><trkpt lat="45.505775" lon="25.340092"><ele>787.2</ele><time>2026-07-30T10:46:20Z</time></trkpt><trkpt lat="45.505867" lon="25.340167"><ele>787.1</ele><time>2026-07-30T10:46:22Z</time></trkpt><trkpt lat="45.505955" lon="25.34025"><ele>787.0</ele><time>2026-07-30T10:46:24Z</time></trkpt><trkpt lat="45.506043" lon="25.340333"><ele>786.9</ele><time>2026-07-30T10:46:26Z</time></trkpt><trkpt lat="45.50614" lon="25.340403"><ele>786.7</ele><time>2026-07-30T10:46:28Z</time></trkpt><trkpt lat="45.506232" lon="25.340475"><ele>786.6</ele><time>2026-07-30T10:46:30Z</time></trkpt><trkpt lat="45.50633" lon="25.340535"><ele>786.5</ele><time>2026-07-30T10:46:32Z</time></trkpt><trkpt lat="45.506428" lon="25.340593"><ele>786.3</ele><time>2026-07-30T10:46:34Z</time></trkpt><trkpt lat="45.506527" lon="25.340642"><ele>786.0</ele><time>2026-07-30T10:46:36Z</time></trkpt><trkpt lat="45.506627" lon="25.340692"><ele>785.8</ele><time>2026-07-30T10:46:38Z</time></trkpt><trkpt lat="45.506723" lon="25.340735"><ele>785.8</ele><time>2026-07-30T10:46:40Z</time></trkpt><trkpt lat="45.506823" lon="25.34078"><ele>785.7</ele><time>2026-07-30T10:46:42Z</time></trkpt><trkpt lat="45.506922" lon="25.340832"><ele>785.6</ele><time>2026-07-30T10:46:44Z</time></trkpt><trkpt lat="45.507008" lon="25.340898"><ele>785.3</ele><time>2026-07-30T10:46:46Z</time></trkpt><trkpt lat="45.507093" lon="25.340972"><ele>785.0</ele><time>2026-07-30T10:46:48Z</time></trkpt><trkpt lat="45.507165" lon="25.341055"><ele>784.8</ele><time>2026-07-30T10:46:50Z</time></trkpt><trkpt lat="45.507225" lon="25.341145"><ele>784.6</ele><time>2026-07-30T10:46:52Z</time></trkpt><trkpt lat="45.507283" lon="25.341233"><ele>784.6</ele><time>2026-07-30T10:46:54Z</time></trkpt><trkpt lat="45.507353" lon="25.34133"><ele>784.6</ele><time>2026-07-30T10:46:56Z</time></trkpt><trkpt lat="45.50742" lon="25.341427"><ele>784.6</ele><time>2026-07-30T10:46:58Z</time></trkpt><trkpt lat="45.507488" lon="25.341527"><ele>784.7</ele><time>2026-07-30T10:47:00Z</time></trkpt><trkpt lat="45.507558" lon="25.34162"><ele>784.7</ele><time>2026-07-30T10:47:02Z</time></trkpt><trkpt lat="45.507627" lon="25.341732"><ele>784.6</ele><time>2026-07-30T10:47:04Z</time></trkpt><trkpt lat="45.507655" lon="25.341872"><ele>784.6</ele><time>2026-07-30T10:47:06Z</time></trkpt><trkpt lat="45.507725" lon="25.341987"><ele>784.6</ele><time>2026-07-30T10:47:08Z</time></trkpt><trkpt lat="45.507897" lon="25.34211"><ele>784.5</ele><time>2026-07-30T10:47:11Z</time></trkpt><trkpt lat="45.50797" lon="25.342227"><ele>784.4</ele><time>2026-07-30T10:47:13Z</time></trkpt><trkpt lat="45.508043" lon="25.34234"><ele>784.4</ele><time>2026-07-30T10:47:15Z</time></trkpt><trkpt lat="45.50812" lon="25.342453"><ele>784.3</ele><time>2026-07-30T10:47:17Z</time></trkpt><trkpt lat="45.508202" lon="25.342573"><ele>784.3</ele><time>2026-07-30T10:47:19Z</time></trkpt><trkpt lat="45.508272" lon="25.342692"><ele>802.4</ele><time>2026-07-30T10:47:21Z</time></trkpt><trkpt lat="45.508335" lon="25.342805"><ele>802.5</ele><time>2026-07-30T10:47:23Z</time></trkpt><trkpt lat="45.508392" lon="25.342922"><ele>802.4</ele><time>2026-07-30T10:47:25Z</time></trkpt><trkpt lat="45.508448" lon="25.34304"><ele>802.3</ele><time>2026-07-30T10:47:27Z</time></trkpt><trkpt lat="45.508503" lon="25.343172"><ele>802.1</ele><time>2026-07-30T10:47:29Z</time></trkpt><trkpt lat="45.508528" lon="25.343335"><ele>802.1</ele><time>2026-07-30T10:47:31Z</time></trkpt><trkpt lat="45.508565" lon="25.343468"><ele>802.1</ele><time>2026-07-30T10:47:33Z</time></trkpt><trkpt lat="45.5086" lon="25.343597"><ele>802.1</ele><time>2026-07-30T10:47:35Z</time></trkpt><trkpt lat="45.508627" lon="25.343722"><ele>802.2</ele><time>2026-07-30T10:47:37Z</time></trkpt><trkpt lat="45.508652" lon="25.34384"><ele>802.1</ele><time>2026-07-30T10:47:39Z</time></trkpt><trkpt lat="45.508687" lon="25.343977"><ele>801.9</ele><time>2026-07-30T10:47:41Z</time></trkpt><trkpt lat="45.508713" lon="25.34411"><ele>801.7</ele><time>2026-07-30T10:47:43Z</time></trkpt><trkpt lat="45.50873" lon="25.344262"><ele>801.6</ele><time>2026-07-30T10:47:45Z</time></trkpt><trkpt lat="45.508745" lon="25.344417"><ele>801.3</ele><time>2026-07-30T10:47:47Z</time></trkpt><trkpt lat="45.508768" lon="25.344575"><ele>800.7</ele><time>2026-07-30T10:47:49Z</time></trkpt><trkpt lat="45.508785" lon="25.344755"><ele>800.4</ele><time>2026-07-30T10:47:51Z</time></trkpt><trkpt lat="45.508803" lon="25.344925"><ele>800.2</ele><time>2026-07-30T10:47:53Z</time></trkpt><trkpt lat="45.508813" lon="25.345088"><ele>800.0</ele><time>2026-07-30T10:47:55Z</time></trkpt><trkpt lat="45.50883" lon="25.34526"><ele>799.8</ele><time>2026-07-30T10:47:57Z</time></trkpt><trkpt lat="45.508848" lon="25.345445"><ele>799.6</ele><time>2026-07-30T10:47:59Z</time></trkpt><trkpt lat="45.508862" lon="25.34561"><ele>799.2</ele><time>2026-07-30T10:48:01Z</time></trkpt><trkpt lat="45.50888" lon="25.345787"><ele>798.6</ele><time>2026-07-30T10:48:03Z</time></trkpt><trkpt lat="45.508898" lon="25.34595"><ele>798.3</ele><time>2026-07-30T10:48:05Z</time></trkpt><trkpt lat="45.508915" lon="25.346115"><ele>798.2</ele><time>2026-07-30T10:48:07Z</time></trkpt><trkpt lat="45.508935" lon="25.346277"><ele>797.9</ele><time>2026-07-30T10:48:09Z</time></trkpt><trkpt lat="45.508943" lon="25.346442"><ele>797.8</ele><time>2026-07-30T10:48:11Z</time></trkpt><trkpt lat="45.508963" lon="25.346603"><ele>797.3</ele><time>2026-07-30T10:48:13Z</time></trkpt><trkpt lat="45.508978" lon="25.346772"><ele>797.2</ele><time>2026-07-30T10:48:15Z</time></trkpt><trkpt lat="45.508997" lon="25.346923"><ele>797.0</ele><time>2026-07-30T10:48:17Z</time></trkpt><trkpt lat="45.509025" lon="25.34708"><ele>796.6</ele><time>2026-07-30T10:48:19Z</time></trkpt><trkpt lat="45.509057" lon="25.347238"><ele>796.2</ele><time>2026-07-30T10:48:21Z</time></trkpt><trkpt lat="45.509088" lon="25.34738"><ele>796.1</ele><time>2026-07-30T10:48:23Z</time></trkpt><trkpt lat="45.509118" lon="25.347522"><ele>795.9</ele><time>2026-07-30T10:48:25Z</time></trkpt><trkpt lat="45.509153" lon="25.347663"><ele>795.7</ele><time>2026-07-30T10:48:27Z</time></trkpt><trkpt lat="45.50919" lon="25.347807"><ele>795.2</ele><time>2026-07-30T10:48:29Z</time></trkpt><trkpt lat="45.509233" lon="25.34795"><ele>794.6</ele><time>2026-07-30T10:48:31Z</time></trkpt><trkpt lat="45.50927" lon="25.348093"><ele>794.3</ele><time>2026-07-30T10:48:33Z</time></trkpt><trkpt lat="45.509308" lon="25.348233"><ele>794.2</ele><time>2026-07-30T10:48:35Z</time></trkpt><trkpt lat="45.509345" lon="25.348373"><ele>794.3</ele><time>2026-07-30T10:48:37Z</time></trkpt><trkpt lat="45.509382" lon="25.348513"><ele>794.2</ele><time>2026-07-30T10:48:39Z</time></trkpt><trkpt lat="45.509417" lon="25.34865"><ele>793.7</ele><time>2026-07-30T10:48:41Z</time></trkpt><trkpt lat="45.509453" lon="25.348787"><ele>793.2</ele><time>2026-07-30T10:48:43Z</time></trkpt><trkpt lat="45.509483" lon="25.348923"><ele>793.0</ele><time>2026-07-30T10:48:45Z</time></trkpt><trkpt lat="45.509518" lon="25.349063"><ele>792.7</ele><time>2026-07-30T10:48:47Z</time></trkpt><trkpt lat="45.509552" lon="25.349225"><ele>792.5</ele><time>2026-07-30T10:48:49Z</time></trkpt><trkpt lat="45.509582" lon="25.349382"><ele>792.1</ele><time>2026-07-30T10:48:51Z</time></trkpt><trkpt lat="45.509623" lon="25.349567"><ele>791.8</ele><time>2026-07-30T10:48:53Z</time></trkpt><trkpt lat="45.509655" lon="25.34973"><ele>791.8</ele><time>2026-07-30T10:48:55Z</time></trkpt><trkpt lat="45.509683" lon="25.349892"><ele>791.9</ele><time>2026-07-30T10:48:57Z</time></trkpt><trkpt lat="45.509712" lon="25.350042"><ele>791.8</ele><time>2026-07-30T10:48:59Z</time></trkpt><trkpt lat="45.509743" lon="25.350197"><ele>791.1</ele><time>2026-07-30T10:49:01Z</time></trkpt><trkpt lat="45.509783" lon="25.350358"><ele>790.9</ele><time>2026-07-30T10:49:03Z</time></trkpt><trkpt lat="45.509815" lon="25.350503"><ele>790.5</ele><time>2026-07-30T10:49:05Z</time></trkpt><trkpt lat="45.50984" lon="25.350648"><ele>790.3</ele><time>2026-07-30T10:49:07Z</time></trkpt><trkpt lat="45.50987" lon="25.350797"><ele>789.8</ele><time>2026-07-30T10:49:09Z</time></trkpt><trkpt lat="45.509897" lon="25.350953"><ele>789.5</ele><time>2026-07-30T10:49:11Z</time></trkpt><trkpt lat="45.509925" lon="25.351122"><ele>789.3</ele><time>2026-07-30T10:49:13Z</time></trkpt><trkpt lat="45.509948" lon="25.35128"><ele>789.3</ele><time>2026-07-30T10:49:15Z</time></trkpt><trkpt lat="45.509982" lon="25.35146"><ele>789.3</ele><time>2026-07-30T10:49:17Z</time></trkpt><trkpt lat="45.510017" lon="25.35165"><ele>789.2</ele><time>2026-07-30T10:49:19Z</time></trkpt><trkpt lat="45.510045" lon="25.35179"><ele>789.0</ele><time>2026-07-30T10:49:21Z</time></trkpt><trkpt lat="45.510077" lon="25.351935"><ele>788.8</ele><time>2026-07-30T10:49:23Z</time></trkpt><trkpt lat="45.510102" lon="25.352082"><ele>788.7</ele><time>2026-07-30T10:49:25Z</time></trkpt><trkpt lat="45.510128" lon="25.352233"><ele>788.4</ele><time>2026-07-30T10:49:27Z</time></trkpt><trkpt lat="45.510147" lon="25.352383"><ele>788.3</ele><time>2026-07-30T10:49:29Z</time></trkpt><trkpt lat="45.510165" lon="25.35254"><ele>788.3</ele><time>2026-07-30T10:49:31Z</time></trkpt><trkpt lat="45.51018" lon="25.352718"><ele>788.1</ele><time>2026-07-30T10:49:33Z</time></trkpt><trkpt lat="45.510183" lon="25.352867"><ele>787.9</ele><time>2026-07-30T10:49:35Z</time></trkpt><trkpt lat="45.510187" lon="25.353045"><ele>787.8</ele><time>2026-07-30T10:49:37Z</time></trkpt><trkpt lat="45.51017" lon="25.353207"><ele>787.8</ele><time>2026-07-30T10:49:39Z</time></trkpt><trkpt lat="45.510172" lon="25.353388"><ele>787.7</ele><time>2026-07-30T10:49:41Z</time></trkpt><trkpt lat="45.510183" lon="25.353565"><ele>787.5</ele><time>2026-07-30T10:49:43Z</time></trkpt><trkpt lat="45.510168" lon="25.353738"><ele>787.2</ele><time>2026-07-30T10:49:45Z</time></trkpt><trkpt lat="45.510162" lon="25.353913"><ele>787.1</ele><time>2026-07-30T10:49:47Z</time></trkpt><trkpt lat="45.510153" lon="25.354082"><ele>787.1</ele><time>2026-07-30T10:49:49Z</time></trkpt><trkpt lat="45.510152" lon="25.354233"><ele>787.1</ele><time>2026-07-30T10:49:51Z</time></trkpt><trkpt lat="45.510152" lon="25.354388"><ele>787.1</ele><time>2026-07-30T10:49:53Z</time></trkpt><trkpt lat="45.510157" lon="25.354537"><ele>787.1</ele><time>2026-07-30T10:49:55Z</time></trkpt><trkpt lat="45.510163" lon="25.354742"><ele>786.9</ele><time>2026-07-30T10:49:58Z</time></trkpt><trkpt lat="45.510172" lon="25.35487"><ele>786.9</ele><time>2026-07-30T10:50:00Z</time></trkpt><trkpt lat="45.51018" lon="25.355008"><ele>786.9</ele><time>2026-07-30T10:50:02Z</time></trkpt><trkpt lat="45.510197" lon="25.355128"><ele>787.1</ele><time>2026-07-30T10:50:04Z</time></trkpt><trkpt lat="45.510242" lon="25.355267"><ele>787.3</ele><time>2026-07-30T10:50:06Z</time></trkpt><trkpt lat="45.510298" lon="25.355388"><ele>787.6</ele><time>2026-07-30T10:50:08Z</time></trkpt><trkpt lat="45.510355" lon="25.355518"><ele>787.9</ele><time>2026-07-30T10:50:10Z</time></trkpt><trkpt lat="45.510412" lon="25.355645"><ele>788.0</ele><time>2026-07-30T10:50:12Z</time></trkpt><trkpt lat="45.510475" lon="25.355742"><ele>788.2</ele><time>2026-07-30T10:50:14Z</time></trkpt><trkpt lat="45.51054" lon="25.355853"><ele>788.2</ele><time>2026-07-30T10:50:16Z</time></trkpt><trkpt lat="45.510618" lon="25.355963"><ele>788.1</ele><time>2026-07-30T10:50:18Z</time></trkpt><trkpt lat="45.510697" lon="25.356048"><ele>788.2</ele><time>2026-07-30T10:50:20Z</time></trkpt><trkpt lat="45.51077" lon="25.356127"><ele>788.3</ele><time>2026-07-30T10:50:22Z</time></trkpt><trkpt lat="45.510857" lon="25.35622"><ele>788.1</ele><time>2026-07-30T10:50:24Z</time></trkpt><trkpt lat="45.51095" lon="25.356323"><ele>787.8</ele><time>2026-07-30T10:50:26Z</time></trkpt><trkpt lat="45.511038" lon="25.35642"><ele>787.6</ele><time>2026-07-30T10:50:28Z</time></trkpt><trkpt lat="45.511118" lon="25.35651"><ele>787.6</ele><time>2026-07-30T10:50:30Z</time></trkpt><trkpt lat="45.511193" lon="25.356607"><ele>787.5</ele><time>2026-07-30T10:50:32Z</time></trkpt><trkpt lat="45.511263" lon="25.356722"><ele>787.2</ele><time>2026-07-30T10:50:34Z</time></trkpt><trkpt lat="45.511345" lon="25.356827"><ele>786.8</ele><time>2026-07-30T10:50:36Z</time></trkpt><trkpt lat="45.511425" lon="25.356942"><ele>786.7</ele><time>2026-07-30T10:50:38Z</time></trkpt><trkpt lat="45.511505" lon="25.357062"><ele>786.5</ele><time>2026-07-30T10:50:40Z</time></trkpt><trkpt lat="45.51158" lon="25.357197"><ele>786.0</ele><time>2026-07-30T10:50:42Z</time></trkpt><trkpt lat="45.511653" lon="25.357332"><ele>785.3</ele><time>2026-07-30T10:50:44Z</time></trkpt><trkpt lat="45.511727" lon="25.357465"><ele>785.0</ele><time>2026-07-30T10:50:46Z</time></trkpt><trkpt lat="45.511782" lon="25.357605"><ele>784.6</ele><time>2026-07-30T10:50:48Z</time></trkpt><trkpt lat="45.511827" lon="25.357767"><ele>784.3</ele><time>2026-07-30T10:50:50Z</time></trkpt><trkpt lat="45.511853" lon="25.357933"><ele>783.8</ele><time>2026-07-30T10:50:52Z</time></trkpt><trkpt lat="45.51187" lon="25.358105"><ele>783.3</ele><time>2026-07-30T10:50:54Z</time></trkpt><trkpt lat="45.511855" lon="25.358268"><ele>782.9</ele><time>2026-07-30T10:50:56Z</time></trkpt><trkpt lat="45.511848" lon="25.358442"><ele>782.4</ele><time>2026-07-30T10:50:58Z</time></trkpt><trkpt lat="45.511837" lon="25.358608"><ele>781.8</ele><time>2026-07-30T10:51:00Z</time></trkpt><trkpt lat="45.511823" lon="25.358778"><ele>781.0</ele><time>2026-07-30T10:51:02Z</time></trkpt><trkpt lat="45.511812" lon="25.358943"><ele>780.7</ele><time>2026-07-30T10:51:04Z</time></trkpt><trkpt lat="45.511798" lon="25.359108"><ele>780.2</ele><time>2026-07-30T10:51:06Z</time></trkpt><trkpt lat="45.511778" lon="25.359272"><ele>779.9</ele><time>2026-07-30T10:51:08Z</time></trkpt><trkpt lat="45.51176" lon="25.359428"><ele>779.8</ele><time>2026-07-30T10:51:10Z</time></trkpt><trkpt lat="45.511742" lon="25.359573"><ele>779.9</ele><time>2026-07-30T10:51:12Z</time></trkpt><trkpt lat="45.511723" lon="25.359707"><ele>780.0</ele><time>2026-07-30T10:51:14Z</time></trkpt><trkpt lat="45.51171" lon="25.359837"><ele>780.0</ele><time>2026-07-30T10:51:16Z</time></trkpt><trkpt lat="45.511695" lon="25.359963"><ele>779.5</ele><time>2026-07-30T10:51:18Z</time></trkpt><trkpt lat="45.511682" lon="25.360087"><ele>779.3</ele><time>2026-07-30T10:51:20Z</time></trkpt><trkpt lat="45.511677" lon="25.360208"><ele>779.1</ele><time>2026-07-30T10:51:22Z</time></trkpt><trkpt lat="45.511672" lon="25.360327"><ele>779.1</ele><time>2026-07-30T10:51:24Z</time></trkpt><trkpt lat="45.51167" lon="25.36044"><ele>778.9</ele><time>2026-07-30T10:51:26Z</time></trkpt><trkpt lat="45.511675" lon="25.360558"><ele>778.6</ele><time>2026-07-30T10:51:28Z</time></trkpt><trkpt lat="45.51168" lon="25.360665"><ele>778.1</ele><time>2026-07-30T10:51:30Z</time></trkpt><trkpt lat="45.51169" lon="25.360775"><ele>777.5</ele><time>2026-07-30T10:51:32Z</time></trkpt><trkpt lat="45.511703" lon="25.360897"><ele>777.2</ele><time>2026-07-30T10:51:34Z</time></trkpt><trkpt lat="45.511722" lon="25.361032"><ele>777.3</ele><time>2026-07-30T10:51:36Z</time></trkpt><trkpt lat="45.511743" lon="25.361155"><ele>777.4</ele><time>2026-07-30T10:51:38Z</time></trkpt><trkpt lat="45.51177" lon="25.361282"><ele>777.6</ele><time>2026-07-30T10:51:40Z</time></trkpt><trkpt lat="45.511797" lon="25.361402"><ele>777.8</ele><time>2026-07-30T10:51:42Z</time></trkpt><trkpt lat="45.51182" lon="25.361518"><ele>777.9</ele><time>2026-07-30T10:51:44Z</time></trkpt><trkpt lat="45.51185" lon="25.36164"><ele>778.3</ele><time>2026-07-30T10:51:46Z</time></trkpt><trkpt lat="45.511887" lon="25.361762"><ele>778.3</ele><time>2026-07-30T10:51:48Z</time></trkpt><trkpt lat="45.511918" lon="25.361878"><ele>778.2</ele><time>2026-07-30T10:51:50Z</time></trkpt><trkpt lat="45.51195" lon="25.361992"><ele>778.1</ele><time>2026-07-30T10:51:52Z</time></trkpt><trkpt lat="45.511978" lon="25.362107"><ele>778.0</ele><time>2026-07-30T10:51:54Z</time></trkpt><trkpt lat="45.51201" lon="25.362237"><ele>778.0</ele><time>2026-07-30T10:51:56Z</time></trkpt><trkpt lat="45.512038" lon="25.362352"><ele>777.9</ele><time>2026-07-30T10:51:58Z</time></trkpt><trkpt lat="45.512075" lon="25.362463"><ele>777.9</ele><time>2026-07-30T10:52:00Z</time></trkpt><trkpt lat="45.512108" lon="25.3626"><ele>777.9</ele><time>2026-07-30T10:52:02Z</time></trkpt><trkpt lat="45.512132" lon="25.362698"><ele>777.9</ele><time>2026-07-30T10:52:05Z</time></trkpt><trkpt lat="45.512182" lon="25.362883"><ele>777.8</ele><time>2026-07-30T10:52:06Z</time></trkpt><trkpt lat="45.512203" lon="25.363022"><ele>777.6</ele><time>2026-07-30T10:52:08Z</time></trkpt><trkpt lat="45.512213" lon="25.363163"><ele>777.3</ele><time>2026-07-30T10:52:10Z</time></trkpt><trkpt lat="45.512203" lon="25.363312"><ele>777.3</ele><time>2026-07-30T10:52:12Z</time></trkpt><trkpt lat="45.512192" lon="25.363458"><ele>777.2</ele><time>2026-07-30T10:52:14Z</time></trkpt><trkpt lat="45.51218" lon="25.363587"><ele>777.2</ele><time>2026-07-30T10:52:16Z</time></trkpt><trkpt lat="45.512182" lon="25.36372"><ele>777.0</ele><time>2026-07-30T10:52:18Z</time></trkpt><trkpt lat="45.512195" lon="25.363872"><ele>777.0</ele><time>2026-07-30T10:52:20Z</time></trkpt><trkpt lat="45.512215" lon="25.36403"><ele>777.0</ele><time>2026-07-30T10:52:22Z</time></trkpt><trkpt lat="45.512238" lon="25.36419"><ele>776.9</ele><time>2026-07-30T10:52:24Z</time></trkpt><trkpt lat="45.512257" lon="25.364357"><ele>776.4</ele><time>2026-07-30T10:52:26Z</time></trkpt><trkpt lat="45.512287" lon="25.364528"><ele>775.8</ele><time>2026-07-30T10:52:28Z</time></trkpt><trkpt lat="45.512312" lon="25.364698"><ele>775.5</ele><time>2026-07-30T10:52:30Z</time></trkpt><trkpt lat="45.51234" lon="25.364872"><ele>775.2</ele><time>2026-07-30T10:52:32Z</time></trkpt><trkpt lat="45.512372" lon="25.365042"><ele>775.1</ele><time>2026-07-30T10:52:34Z</time></trkpt><trkpt lat="45.512395" lon="25.365208"><ele>775.1</ele><time>2026-07-30T10:52:36Z</time></trkpt><trkpt lat="45.512427" lon="25.365377"><ele>774.8</ele><time>2026-07-30T10:52:38Z</time></trkpt><trkpt lat="45.512462" lon="25.365543"><ele>774.2</ele><time>2026-07-30T10:52:40Z</time></trkpt><trkpt lat="45.512508" lon="25.365705"><ele>773.7</ele><time>2026-07-30T10:52:42Z</time></trkpt><trkpt lat="45.512577" lon="25.365785"><ele>773.4</ele><time>2026-07-30T10:52:44Z</time></trkpt><trkpt lat="45.512618" lon="25.365923"><ele>772.8</ele><time>2026-07-30T10:52:46Z</time></trkpt><trkpt lat="45.512702" lon="25.366038"><ele>772.5</ele><time>2026-07-30T10:52:48Z</time></trkpt><trkpt lat="45.512787" lon="25.36612"><ele>772.4</ele><time>2026-07-30T10:52:50Z</time></trkpt><trkpt lat="45.51287" lon="25.36623"><ele>772.2</ele><time>2026-07-30T10:52:52Z</time></trkpt><trkpt lat="45.512968" lon="25.366317"><ele>771.7</ele><time>2026-07-30T10:52:54Z</time></trkpt><trkpt lat="45.513068" lon="25.366405"><ele>771.8</ele><time>2026-07-30T10:52:56Z</time></trkpt><trkpt lat="45.51317" lon="25.366442"><ele>772.7</ele><time>2026-07-30T10:52:59Z</time></trkpt><trkpt lat="45.513287" lon="25.366467"><ele>773.0</ele><time>2026-07-30T10:53:01Z</time></trkpt><trkpt lat="45.513375" lon="25.366542"><ele>772.9</ele><time>2026-07-30T10:53:03Z</time></trkpt><trkpt lat="45.513452" lon="25.366602"><ele>772.9</ele><time>2026-07-30T10:53:05Z</time></trkpt><trkpt lat="45.513528" lon="25.366665"><ele>772.5</ele><time>2026-07-30T10:53:07Z</time></trkpt><trkpt lat="45.51362" lon="25.36673"><ele>772.3</ele><time>2026-07-30T10:53:09Z</time></trkpt><trkpt lat="45.513712" lon="25.366773"><ele>772.4</ele><time>2026-07-30T10:53:11Z</time></trkpt><trkpt lat="45.513793" lon="25.366837"><ele>772.4</ele><time>2026-07-30T10:53:13Z</time></trkpt><trkpt lat="45.51389" lon="25.36687"><ele>772.5</ele><time>2026-07-30T10:53:15Z</time></trkpt><trkpt lat="45.51399" lon="25.366907"><ele>772.6</ele><time>2026-07-30T10:53:17Z</time></trkpt><trkpt lat="45.514077" lon="25.366912"><ele>772.7</ele><time>2026-07-30T10:53:19Z</time></trkpt><trkpt lat="45.51417" lon="25.366855"><ele>772.9</ele><time>2026-07-30T10:53:21Z</time></trkpt><trkpt lat="45.514275" lon="25.366807"><ele>773.0</ele><time>2026-07-30T10:53:23Z</time></trkpt><trkpt lat="45.514368" lon="25.366723"><ele>773.4</ele><time>2026-07-30T10:53:25Z</time></trkpt><trkpt lat="45.514468" lon="25.366627"><ele>773.5</ele><time>2026-07-30T10:53:27Z</time></trkpt><trkpt lat="45.514517" lon="25.366527"><ele>773.6</ele><time>2026-07-30T10:53:31Z</time></trkpt><trkpt lat="45.514567" lon="25.366438"><ele>773.7</ele><time>2026-07-30T10:53:34Z</time></trkpt><trkpt lat="45.514692" lon="25.366362"><ele>773.6</ele><time>2026-07-30T10:53:37Z</time></trkpt><trkpt lat="45.51477" lon="25.366327"><ele>773.5</ele><time>2026-07-30T10:53:38Z</time></trkpt><trkpt lat="45.514943" lon="25.366253"><ele>773.4</ele><time>2026-07-30T10:53:40Z</time></trkpt><trkpt lat="45.515028" lon="25.366202"><ele>773.3</ele><time>2026-07-30T10:53:41Z</time></trkpt><trkpt lat="45.515105" lon="25.366142"><ele>773.2</ele><time>2026-07-30T10:53:42Z</time></trkpt><trkpt lat="45.515203" lon="25.366137"><ele>773.3</ele><time>2026-07-30T10:53:46Z</time></trkpt><trkpt lat="45.515282" lon="25.366172"><ele>773.6</ele><time>2026-07-30T10:53:48Z</time></trkpt><trkpt lat="45.515367" lon="25.366207"><ele>773.9</ele><time>2026-07-30T10:53:50Z</time></trkpt><trkpt lat="45.515452" lon="25.366217"><ele>774.3</ele><time>2026-07-30T10:53:52Z</time></trkpt><trkpt lat="45.515503" lon="25.366308"><ele>775.1</ele><time>2026-07-30T10:53:55Z</time></trkpt><trkpt lat="45.5156" lon="25.366303"><ele>775.8</ele><time>2026-07-30T10:53:59Z</time></trkpt><trkpt lat="45.515673" lon="25.366373"><ele>776.4</ele><time>2026-07-30T10:54:02Z</time></trkpt><trkpt lat="45.515732" lon="25.366438"><ele>777.0</ele><time>2026-07-30T10:54:05Z</time></trkpt><trkpt lat="45.515805" lon="25.366498"><ele>777.6</ele><time>2026-07-30T10:54:09Z</time></trkpt><trkpt lat="45.515882" lon="25.36656"><ele>777.9</ele><time>2026-07-30T10:54:12Z</time></trkpt><trkpt lat="45.515967" lon="25.366658"><ele>778.0</ele><time>2026-07-30T10:54:15Z</time></trkpt><trkpt lat="45.516038" lon="25.366733"><ele>778.2</ele><time>2026-07-30T10:54:17Z</time></trkpt><trkpt lat="45.516123" lon="25.366828"><ele>778.5</ele><time>2026-07-30T10:54:19Z</time></trkpt><trkpt lat="45.516168" lon="25.366912"><ele>778.7</ele><time>2026-07-30T10:54:21Z</time></trkpt><trkpt lat="45.5162" lon="25.367018"><ele>779.0</ele><time>2026-07-30T10:54:24Z</time></trkpt><trkpt lat="45.516228" lon="25.367153"><ele>779.3</ele><time>2026-07-30T10:54:27Z</time></trkpt><trkpt lat="45.516237" lon="25.367262"><ele>779.6</ele><time>2026-07-30T10:54:29Z</time></trkpt><trkpt lat="45.516252" lon="25.367368"><ele>779.6</ele><time>2026-07-30T10:54:31Z</time></trkpt><trkpt lat="45.516248" lon="25.367473"><ele>779.7</ele><time>2026-07-30T10:54:33Z</time></trkpt><trkpt lat="45.51626" lon="25.3676"><ele>779.8</ele><time>2026-07-30T10:54:35Z</time></trkpt><trkpt lat="45.516268" lon="25.367757"><ele>780.0</ele><time>2026-07-30T10:54:38Z</time></trkpt><trkpt lat="45.516273" lon="25.36786"><ele>780.1</ele><time>2026-07-30T10:54:40Z</time></trkpt><trkpt lat="45.51625" lon="25.36799"><ele>780.3</ele><time>2026-07-30T10:54:43Z</time></trkpt><trkpt lat="45.516248" lon="25.368117"><ele>780.3</ele><time>2026-07-30T10:54:46Z</time></trkpt><trkpt lat="45.516262" lon="25.368237"><ele>780.5</ele><time>2026-07-30T10:54:49Z</time></trkpt><trkpt lat="45.516247" lon="25.368365"><ele>780.8</ele><time>2026-07-30T10:54:53Z</time></trkpt><trkpt lat="45.516243" lon="25.368468"><ele>781.1</ele><time>2026-07-30T10:54:59Z</time></trkpt><trkpt lat="45.51624" lon="25.368577"><ele>781.3</ele><time>2026-07-30T10:55:03Z</time></trkpt><trkpt lat="45.516233" lon="25.368725"><ele>781.6</ele><time>2026-07-30T10:55:10Z</time></trkpt><trkpt lat="45.51621" lon="25.368837"><ele>781.9</ele><time>2026-07-30T10:55:14Z</time></trkpt><trkpt lat="45.516178" lon="25.368972"><ele>782.0</ele><time>2026-07-30T10:55:19Z</time></trkpt><trkpt lat="45.51617" lon="25.369107"><ele>782.0</ele><time>2026-07-30T10:55:24Z</time></trkpt><trkpt lat="45.516128" lon="25.369205"><ele>782.1</ele><time>2026-07-30T10:55:27Z</time></trkpt><trkpt lat="45.516083" lon="25.369325"><ele>782.3</ele><time>2026-07-30T10:55:30Z</time></trkpt><trkpt lat="45.51605" lon="25.369452"><ele>782.6</ele><time>2026-07-30T10:55:33Z</time></trkpt><trkpt lat="45.51602" lon="25.369555"><ele>782.9</ele><time>2026-07-30T10:55:36Z</time></trkpt><trkpt lat="45.515972" lon="25.369673"><ele>783.3</ele><time>2026-07-30T10:55:39Z</time></trkpt><trkpt lat="45.515935" lon="25.369793"><ele>783.5</ele><time>2026-07-30T10:55:42Z</time></trkpt><trkpt lat="45.515865" lon="25.369862"><ele>784.1</ele><time>2026-07-30T10:55:47Z</time></trkpt><trkpt lat="45.51579" lon="25.369848"><ele>784.3</ele><time>2026-07-30T10:55:59Z</time></trkpt><trkpt lat="45.515728" lon="25.36979"><ele>784.6</ele><time>2026-07-30T10:56:08Z</time></trkpt><trkpt lat="45.517003" lon="25.370378"><ele>785.3</ele><time>2026-07-30T11:18:40Z</time></trkpt><trkpt lat="45.516897" lon="25.370413"><ele>779.2</ele><time>2026-07-30T11:18:41Z</time></trkpt><trkpt lat="45.516557" lon="25.370605"><ele>779.2</ele><time>2026-07-30T11:18:42Z</time></trkpt><trkpt lat="45.516477" lon="25.370593"><ele>779.5</ele><time>2026-07-30T11:18:45Z</time></trkpt><trkpt lat="45.516402" lon="25.370585"><ele>779.6</ele><time>2026-07-30T11:18:47Z</time></trkpt><trkpt lat="45.516342" lon="25.370527"><ele>779.9</ele><time>2026-07-30T11:18:49Z</time></trkpt><trkpt lat="45.516263" lon="25.370428"><ele>780.2</ele><time>2026-07-30T11:18:53Z</time></trkpt><trkpt lat="45.516187" lon="25.370378"><ele>780.5</ele><time>2026-07-30T11:18:56Z</time></trkpt><trkpt lat="45.51612" lon="25.370315"><ele>780.6</ele><time>2026-07-30T11:18:59Z</time></trkpt><trkpt lat="45.516053" lon="25.370217"><ele>780.7</ele><time>2026-07-30T11:19:02Z</time></trkpt><trkpt lat="45.516005" lon="25.370093"><ele>780.7</ele><time>2026-07-30T11:19:05Z</time></trkpt><trkpt lat="45.516012" lon="25.369975"><ele>780.5</ele><time>2026-07-30T11:19:08Z</time></trkpt><trkpt lat="45.516033" lon="25.369877"><ele>780.4</ele><time>2026-07-30T11:19:10Z</time></trkpt><trkpt lat="45.516065" lon="25.369738"><ele>780.2</ele><time>2026-07-30T11:19:12Z</time></trkpt><trkpt lat="45.516105" lon="25.36965"><ele>779.9</ele><time>2026-07-30T11:19:14Z</time></trkpt><trkpt lat="45.516148" lon="25.369538"><ele>779.7</ele><time>2026-07-30T11:19:16Z</time></trkpt><trkpt lat="45.516185" lon="25.369415"><ele>779.7</ele><time>2026-07-30T11:19:18Z</time></trkpt><trkpt lat="45.51623" lon="25.369307"><ele>779.7</ele><time>2026-07-30T11:19:20Z</time></trkpt><trkpt lat="45.516267" lon="25.369175"><ele>779.6</ele><time>2026-07-30T11:19:22Z</time></trkpt><trkpt lat="45.516293" lon="25.369045"><ele>770.7</ele><time>2026-07-30T11:19:24Z</time></trkpt><trkpt lat="45.516317" lon="25.368928"><ele>770.5</ele><time>2026-07-30T11:19:26Z</time></trkpt><trkpt lat="45.51634" lon="25.368797"><ele>770.1</ele><time>2026-07-30T11:19:28Z</time></trkpt><trkpt lat="45.516418" lon="25.368737"><ele>769.8</ele><time>2026-07-30T11:19:30Z</time></trkpt><trkpt lat="45.516468" lon="25.368637"><ele>769.5</ele><time>2026-07-30T11:19:32Z</time></trkpt><trkpt lat="45.516517" lon="25.368545"><ele>769.1</ele><time>2026-07-30T11:19:34Z</time></trkpt><trkpt lat="45.516568" lon="25.368463"><ele>768.8</ele><time>2026-07-30T11:19:36Z</time></trkpt><trkpt lat="45.516625" lon="25.368388"><ele>768.3</ele><time>2026-07-30T11:19:38Z</time></trkpt><trkpt lat="45.516683" lon="25.368308"><ele>768.0</ele><time>2026-07-30T11:19:40Z</time></trkpt><trkpt lat="45.516738" lon="25.368205"><ele>767.7</ele><time>2026-07-30T11:19:42Z</time></trkpt><trkpt lat="45.51681" lon="25.368105"><ele>767.2</ele><time>2026-07-30T11:19:45Z</time></trkpt><trkpt lat="45.516865" lon="25.368032"><ele>766.7</ele><time>2026-07-30T11:19:47Z</time></trkpt><trkpt lat="45.516927" lon="25.367927"><ele>766.2</ele><time>2026-07-30T11:19:50Z</time></trkpt><trkpt lat="45.516983" lon="25.367842"><ele>765.8</ele><time>2026-07-30T11:19:53Z</time></trkpt><trkpt lat="45.516952" lon="25.367738"><ele>764.7</ele><time>2026-07-30T11:19:59Z</time></trkpt><trkpt lat="45.516897" lon="25.367648"><ele>764.7</ele><time>2026-07-30T11:20:01Z</time></trkpt><trkpt lat="45.516827" lon="25.367577"><ele>764.8</ele><time>2026-07-30T11:20:06Z</time></trkpt><trkpt lat="45.516853" lon="25.367472"><ele>764.9</ele><time>2026-07-30T11:20:10Z</time></trkpt><trkpt lat="45.516893" lon="25.367368"><ele>764.7</ele><time>2026-07-30T11:20:16Z</time></trkpt><trkpt lat="45.516927" lon="25.367253"><ele>764.4</ele><time>2026-07-30T11:20:22Z</time></trkpt><trkpt lat="45.516957" lon="25.367158"><ele>764.1</ele><time>2026-07-30T11:20:27Z</time></trkpt><trkpt lat="45.516878" lon="25.3671"><ele>763.7</ele><time>2026-07-30T11:20:34Z</time></trkpt><trkpt lat="45.516818" lon="25.367162"><ele>764.2</ele><time>2026-07-30T11:20:40Z</time></trkpt><trkpt lat="45.51676" lon="25.367252"><ele>764.5</ele><time>2026-07-30T11:20:45Z</time></trkpt><trkpt lat="45.516733" lon="25.367352"><ele>764.8</ele><time>2026-07-30T11:20:53Z</time></trkpt><trkpt lat="45.51666" lon="25.367332"><ele>764.6</ele><time>2026-07-30T11:21:07Z</time></trkpt><trkpt lat="45.516607" lon="25.367235"><ele>764.9</ele><time>2026-07-30T11:31:24Z</time></trkpt><trkpt lat="45.516627" lon="25.367365"><ele>764.7</ele><time>2026-07-30T11:32:57Z</time></trkpt><trkpt lat="45.516667" lon="25.36728"><ele>775.2</ele><time>2026-07-30T11:35:31Z</time></trkpt><trkpt lat="45.51663" lon="25.367415"><ele>775.0</ele><time>2026-07-30T11:36:29Z</time></trkpt><trkpt lat="45.516662" lon="25.367292"><ele>775.1</ele><time>2026-07-30T11:37:51Z</time></trkpt><trkpt lat="45.51673" lon="25.367258"><ele>777.4</ele><time>2026-07-30T11:54:24Z</time></trkpt><trkpt lat="45.516797" lon="25.367208"><ele>776.7</ele><time>2026-07-30T11:55:04Z</time></trkpt><trkpt lat="45.516857" lon="25.367133"><ele>776.8</ele><time>2026-07-30T11:55:08Z</time></trkpt><trkpt lat="45.516932" lon="25.367065"><ele>776.5</ele><time>2026-07-30T11:55:12Z</time></trkpt><trkpt lat="45.516995" lon="25.366985"><ele>776.0</ele><time>2026-07-30T11:55:16Z</time></trkpt><trkpt lat="45.517035" lon="25.366883"><ele>775.6</ele><time>2026-07-30T11:55:20Z</time></trkpt><trkpt lat="45.517107" lon="25.366818"><ele>775.5</ele><time>2026-07-30T11:55:24Z</time></trkpt><trkpt lat="45.517207" lon="25.366812"><ele>775.5</ele><time>2026-07-30T11:55:27Z</time></trkpt><trkpt lat="45.517302" lon="25.366813"><ele>775.5</ele><time>2026-07-30T11:55:30Z</time></trkpt><trkpt lat="45.517378" lon="25.366807"><ele>775.5</ele><time>2026-07-30T11:55:32Z</time></trkpt><trkpt lat="45.51746" lon="25.3668"><ele>775.4</ele><time>2026-07-30T11:55:34Z</time></trkpt><trkpt lat="45.51754" lon="25.366803"><ele>775.3</ele><time>2026-07-30T11:55:36Z</time></trkpt><trkpt lat="45.517638" lon="25.366805"><ele>775.1</ele><time>2026-07-30T11:55:38Z</time></trkpt><trkpt lat="45.51773" lon="25.366797"><ele>774.7</ele><time>2026-07-30T11:55:40Z</time></trkpt><trkpt lat="45.517823" lon="25.366773"><ele>774.3</ele><time>2026-07-30T11:55:42Z</time></trkpt><trkpt lat="45.517922" lon="25.366748"><ele>773.7</ele><time>2026-07-30T11:55:44Z</time></trkpt><trkpt lat="45.518013" lon="25.366722"><ele>773.3</ele><time>2026-07-30T11:55:46Z</time></trkpt><trkpt lat="45.518113" lon="25.366695"><ele>773.2</ele><time>2026-07-30T11:55:48Z</time></trkpt><trkpt lat="45.518212" lon="25.366673"><ele>773.0</ele><time>2026-07-30T11:55:50Z</time></trkpt><trkpt lat="45.518318" lon="25.366643"><ele>772.8</ele><time>2026-07-30T11:55:52Z</time></trkpt><trkpt lat="45.51843" lon="25.366613"><ele>772.4</ele><time>2026-07-30T11:55:54Z</time></trkpt><trkpt lat="45.518533" lon="25.366592"><ele>771.9</ele><time>2026-07-30T11:55:56Z</time></trkpt><trkpt lat="45.518647" lon="25.366548"><ele>771.4</ele><time>2026-07-30T11:55:58Z</time></trkpt><trkpt lat="45.518748" lon="25.366503"><ele>770.9</ele><time>2026-07-30T11:56:00Z</time></trkpt><trkpt lat="45.518852" lon="25.36645"><ele>770.2</ele><time>2026-07-30T11:56:03Z</time></trkpt><trkpt lat="45.518923" lon="25.36643"><ele>770.0</ele><time>2026-07-30T11:56:05Z</time></trkpt><trkpt lat="45.519033" lon="25.366398"><ele>769.9</ele><time>2026-07-30T11:56:08Z</time></trkpt><trkpt lat="45.519117" lon="25.366378"><ele>769.7</ele><time>2026-07-30T11:56:10Z</time></trkpt><trkpt lat="45.5192" lon="25.366365"><ele>769.5</ele><time>2026-07-30T11:56:12Z</time></trkpt><trkpt lat="45.519298" lon="25.366345"><ele>769.1</ele><time>2026-07-30T11:56:14Z</time></trkpt><trkpt lat="45.519397" lon="25.366317"><ele>768.8</ele><time>2026-07-30T11:56:16Z</time></trkpt><trkpt lat="45.519495" lon="25.366307"><ele>768.4</ele><time>2026-07-30T11:56:18Z</time></trkpt><trkpt lat="45.51961" lon="25.366283"><ele>767.9</ele><time>2026-07-30T11:56:20Z</time></trkpt><trkpt lat="45.519738" lon="25.36626"><ele>767.3</ele><time>2026-07-30T11:56:22Z</time></trkpt><trkpt lat="45.51981" lon="25.366245"><ele>767.3</ele><time>2026-07-30T11:56:23Z</time></trkpt><trkpt lat="45.519947" lon="25.36623"><ele>766.9</ele><time>2026-07-30T11:56:25Z</time></trkpt><trkpt lat="45.520022" lon="25.366225"><ele>766.6</ele><time>2026-07-30T11:56:26Z</time></trkpt><trkpt lat="45.520167" lon="25.36623"><ele>766.0</ele><time>2026-07-30T11:56:28Z</time></trkpt><trkpt lat="45.52032" lon="25.36622"><ele>765.3</ele><time>2026-07-30T11:56:30Z</time></trkpt><trkpt lat="45.520398" lon="25.36624"><ele>764.9</ele><time>2026-07-30T11:56:31Z</time></trkpt><trkpt lat="45.520473" lon="25.36626"><ele>764.5</ele><time>2026-07-30T11:56:32Z</time></trkpt><trkpt lat="45.520558" lon="25.366253"><ele>764.2</ele><time>2026-07-30T11:56:33Z</time></trkpt><trkpt lat="45.520632" lon="25.366248"><ele>763.8</ele><time>2026-07-30T11:56:34Z</time></trkpt><trkpt lat="45.520707" lon="25.366222"><ele>763.5</ele><time>2026-07-30T11:56:35Z</time></trkpt><trkpt lat="45.520838" lon="25.366133"><ele>762.9</ele><time>2026-07-30T11:56:37Z</time></trkpt><trkpt lat="45.520903" lon="25.366087"><ele>762.6</ele><time>2026-07-30T11:56:38Z</time></trkpt><trkpt lat="45.52098" lon="25.366045"><ele>762.4</ele><time>2026-07-30T11:56:39Z</time></trkpt><trkpt lat="45.521127" lon="25.366037"><ele>762.1</ele><time>2026-07-30T11:56:41Z</time></trkpt><trkpt lat="45.521208" lon="25.366065"><ele>761.9</ele><time>2026-07-30T11:56:42Z</time></trkpt><trkpt lat="45.521282" lon="25.366107"><ele>761.7</ele><time>2026-07-30T11:56:43Z</time></trkpt><trkpt lat="45.521355" lon="25.366143"><ele>761.6</ele><time>2026-07-30T11:56:44Z</time></trkpt><trkpt lat="45.52149" lon="25.366217"><ele>761.1</ele><time>2026-07-30T11:56:46Z</time></trkpt><trkpt lat="45.521622" lon="25.366287"><ele>760.6</ele><time>2026-07-30T11:56:48Z</time></trkpt><trkpt lat="45.521692" lon="25.366322"><ele>760.2</ele><time>2026-07-30T11:56:49Z</time></trkpt><trkpt lat="45.521835" lon="25.366383"><ele>759.8</ele><time>2026-07-30T11:56:51Z</time></trkpt><trkpt lat="45.521907" lon="25.366413"><ele>759.6</ele><time>2026-07-30T11:56:52Z</time></trkpt><trkpt lat="45.52203" lon="25.366412"><ele>759.4</ele><time>2026-07-30T11:56:54Z</time></trkpt><trkpt lat="45.522157" lon="25.36641"><ele>759.1</ele><time>2026-07-30T11:56:56Z</time></trkpt><trkpt lat="45.52226" lon="25.366357"><ele>759.0</ele><time>2026-07-30T11:56:58Z</time></trkpt><trkpt lat="45.522362" lon="25.366305"><ele>758.8</ele><time>2026-07-30T11:57:00Z</time></trkpt><trkpt lat="45.522477" lon="25.366248"><ele>758.4</ele><time>2026-07-30T11:57:02Z</time></trkpt><trkpt lat="45.522585" lon="25.366195"><ele>758.2</ele><time>2026-07-30T11:57:04Z</time></trkpt><trkpt lat="45.522692" lon="25.366133"><ele>758.0</ele><time>2026-07-30T11:57:06Z</time></trkpt><trkpt lat="45.522782" lon="25.366092"><ele>757.9</ele><time>2026-07-30T11:57:08Z</time></trkpt><trkpt lat="45.5229" lon="25.366042"><ele>757.6</ele><time>2026-07-30T11:57:10Z</time></trkpt><trkpt lat="45.523003" lon="25.366002"><ele>757.3</ele><time>2026-07-30T11:57:12Z</time></trkpt><trkpt lat="45.5231" lon="25.365952"><ele>757.1</ele><time>2026-07-30T11:57:14Z</time></trkpt><trkpt lat="45.5232" lon="25.365888"><ele>757.1</ele><time>2026-07-30T11:57:16Z</time></trkpt><trkpt lat="45.523285" lon="25.365852"><ele>756.8</ele><time>2026-07-30T11:57:18Z</time></trkpt><trkpt lat="45.52339" lon="25.365797"><ele>756.6</ele><time>2026-07-30T11:57:20Z</time></trkpt><trkpt lat="45.523488" lon="25.365737"><ele>756.5</ele><time>2026-07-30T11:57:22Z</time></trkpt><trkpt lat="45.52357" lon="25.365717"><ele>756.3</ele><time>2026-07-30T11:57:24Z</time></trkpt><trkpt lat="45.523677" lon="25.365647"><ele>755.9</ele><time>2026-07-30T11:57:26Z</time></trkpt><trkpt lat="45.52378" lon="25.365605"><ele>755.7</ele><time>2026-07-30T11:57:28Z</time></trkpt><trkpt lat="45.523892" lon="25.365547"><ele>755.5</ele><time>2026-07-30T11:57:30Z</time></trkpt><trkpt lat="45.523993" lon="25.365488"><ele>755.4</ele><time>2026-07-30T11:57:32Z</time></trkpt><trkpt lat="45.52409" lon="25.365412"><ele>755.2</ele><time>2026-07-30T11:57:34Z</time></trkpt><trkpt lat="45.524177" lon="25.365337"><ele>755.2</ele><time>2026-07-30T11:57:36Z</time></trkpt><trkpt lat="45.524295" lon="25.365167"><ele>755.3</ele><time>2026-07-30T11:57:39Z</time></trkpt><trkpt lat="45.52436" lon="25.36509"><ele>755.5</ele><time>2026-07-30T11:57:41Z</time></trkpt><trkpt lat="45.524433" lon="25.365015"><ele>755.7</ele><time>2026-07-30T11:57:43Z</time></trkpt><trkpt lat="45.524507" lon="25.364932"><ele>756.0</ele><time>2026-07-30T11:57:45Z</time></trkpt><trkpt lat="45.524575" lon="25.364852"><ele>756.2</ele><time>2026-07-30T11:57:47Z</time></trkpt><trkpt lat="45.524635" lon="25.364783"><ele>756.3</ele><time>2026-07-30T11:57:49Z</time></trkpt><trkpt lat="45.5247" lon="25.364712"><ele>756.3</ele><time>2026-07-30T11:57:51Z</time></trkpt><trkpt lat="45.524777" lon="25.364657"><ele>756.4</ele><time>2026-07-30T11:57:53Z</time></trkpt><trkpt lat="45.524862" lon="25.364567"><ele>756.5</ele><time>2026-07-30T11:57:55Z</time></trkpt><trkpt lat="45.52491" lon="25.364452"><ele>756.6</ele><time>2026-07-30T11:57:57Z</time></trkpt><trkpt lat="45.524983" lon="25.364422"><ele>756.8</ele><time>2026-07-30T11:57:59Z</time></trkpt><trkpt lat="45.525108" lon="25.364282"><ele>757.0</ele><time>2026-07-30T11:58:02Z</time></trkpt><trkpt lat="45.525182" lon="25.364207"><ele>757.0</ele><time>2026-07-30T11:58:04Z</time></trkpt><trkpt lat="45.525262" lon="25.364117"><ele>756.8</ele><time>2026-07-30T11:58:06Z</time></trkpt><trkpt lat="45.525338" lon="25.364037"><ele>756.8</ele><time>2026-07-30T11:58:08Z</time></trkpt><trkpt lat="45.525415" lon="25.363945"><ele>756.7</ele><time>2026-07-30T11:58:10Z</time></trkpt><trkpt lat="45.525492" lon="25.363865"><ele>756.7</ele><time>2026-07-30T11:58:12Z</time></trkpt><trkpt lat="45.525558" lon="25.363797"><ele>756.7</ele><time>2026-07-30T11:58:14Z</time></trkpt><trkpt lat="45.525625" lon="25.36372"><ele>756.9</ele><time>2026-07-30T11:58:16Z</time></trkpt><trkpt lat="45.52569" lon="25.363653"><ele>757.1</ele><time>2026-07-30T11:58:18Z</time></trkpt><trkpt lat="45.525757" lon="25.363592"><ele>757.3</ele><time>2026-07-30T11:58:20Z</time></trkpt><trkpt lat="45.525843" lon="25.363552"><ele>757.9</ele><time>2026-07-30T11:58:24Z</time></trkpt><trkpt lat="45.52591" lon="25.363497"><ele>758.3</ele><time>2026-07-30T11:58:27Z</time></trkpt><trkpt lat="45.525973" lon="25.36344"><ele>759.0</ele><time>2026-07-30T11:58:30Z</time></trkpt><trkpt lat="45.52604" lon="25.363395"><ele>759.8</ele><time>2026-07-30T11:58:33Z</time></trkpt><trkpt lat="45.52611" lon="25.363358"><ele>760.5</ele><time>2026-07-30T11:58:36Z</time></trkpt><trkpt lat="45.526185" lon="25.36333"><ele>761.4</ele><time>2026-07-30T11:58:39Z</time></trkpt><trkpt lat="45.526263" lon="25.363282"><ele>762.0</ele><time>2026-07-30T11:58:42Z</time></trkpt><trkpt lat="45.526337" lon="25.36324"><ele>762.8</ele><time>2026-07-30T11:58:45Z</time></trkpt><trkpt lat="45.526407" lon="25.36317"><ele>763.6</ele><time>2026-07-30T11:58:48Z</time></trkpt><trkpt lat="45.52647" lon="25.36311"><ele>764.4</ele><time>2026-07-30T11:58:51Z</time></trkpt><trkpt lat="45.526533" lon="25.363055"><ele>765.2</ele><time>2026-07-30T11:58:54Z</time></trkpt><trkpt lat="45.526607" lon="25.363003"><ele>765.8</ele><time>2026-07-30T11:58:57Z</time></trkpt><trkpt lat="45.526677" lon="25.362948"><ele>766.1</ele><time>2026-07-30T11:59:00Z</time></trkpt><trkpt lat="45.526732" lon="25.362878"><ele>766.5</ele><time>2026-07-30T11:59:03Z</time></trkpt><trkpt lat="45.526772" lon="25.362752"><ele>766.8</ele><time>2026-07-30T11:59:06Z</time></trkpt><trkpt lat="45.526833" lon="25.36267"><ele>767.0</ele><time>2026-07-30T11:59:09Z</time></trkpt><trkpt lat="45.526887" lon="25.362597"><ele>767.3</ele><time>2026-07-30T11:59:12Z</time></trkpt><trkpt lat="45.526952" lon="25.362513"><ele>767.4</ele><time>2026-07-30T11:59:15Z</time></trkpt><trkpt lat="45.527002" lon="25.362438"><ele>767.4</ele><time>2026-07-30T11:59:17Z</time></trkpt><trkpt lat="45.527055" lon="25.362367"><ele>767.5</ele><time>2026-07-30T11:59:19Z</time></trkpt><trkpt lat="45.52712" lon="25.36225"><ele>767.7</ele><time>2026-07-30T11:59:22Z</time></trkpt><trkpt lat="45.527177" lon="25.362175"><ele>767.8</ele><time>2026-07-30T11:59:24Z</time></trkpt><trkpt lat="45.527232" lon="25.362103"><ele>767.8</ele><time>2026-07-30T11:59:26Z</time></trkpt><trkpt lat="45.527312" lon="25.361998"><ele>767.9</ele><time>2026-07-30T11:59:29Z</time></trkpt><trkpt lat="45.527362" lon="25.361922"><ele>768.0</ele><time>2026-07-30T11:59:32Z</time></trkpt><trkpt lat="45.527415" lon="25.361818"><ele>768.1</ele><time>2026-07-30T11:59:34Z</time></trkpt><trkpt lat="45.527483" lon="25.3617"><ele>768.2</ele><time>2026-07-30T11:59:37Z</time></trkpt><trkpt lat="45.527578" lon="25.361548"><ele>768.2</ele><time>2026-07-30T11:59:39Z</time></trkpt><trkpt lat="45.527632" lon="25.361468"><ele>768.1</ele><time>2026-07-30T11:59:41Z</time></trkpt><trkpt lat="45.52768" lon="25.361392"><ele>768.1</ele><time>2026-07-30T11:59:43Z</time></trkpt><trkpt lat="45.527762" lon="25.361285"><ele>768.1</ele><time>2026-07-30T11:59:46Z</time></trkpt><trkpt lat="45.527815" lon="25.361198"><ele>768.0</ele><time>2026-07-30T11:59:48Z</time></trkpt><trkpt lat="45.52786" lon="25.361112"><ele>767.9</ele><time>2026-07-30T11:59:50Z</time></trkpt><trkpt lat="45.52791" lon="25.36098"><ele>767.9</ele><time>2026-07-30T11:59:53Z</time></trkpt><trkpt lat="45.52795" lon="25.360882"><ele>767.9</ele><time>2026-07-30T11:59:55Z</time></trkpt><trkpt lat="45.528003" lon="25.36075"><ele>767.9</ele><time>2026-07-30T11:59:58Z</time></trkpt><trkpt lat="45.528042" lon="25.360622"><ele>767.9</ele><time>2026-07-30T12:00:00Z</time></trkpt><trkpt lat="45.528085" lon="25.36052"><ele>767.9</ele><time>2026-07-30T12:00:02Z</time></trkpt><trkpt lat="45.528118" lon="25.36042"><ele>767.9</ele><time>2026-07-30T12:00:04Z</time></trkpt><trkpt lat="45.528178" lon="25.360335"><ele>767.9</ele><time>2026-07-30T12:00:06Z</time></trkpt><trkpt lat="45.52823" lon="25.360233"><ele>768.0</ele><time>2026-07-30T12:00:08Z</time></trkpt><trkpt lat="45.528307" lon="25.360165"><ele>768.0</ele><time>2026-07-30T12:00:10Z</time></trkpt><trkpt lat="45.528382" lon="25.360117"><ele>768.1</ele><time>2026-07-30T12:00:12Z</time></trkpt><trkpt lat="45.528448" lon="25.360065"><ele>768.2</ele><time>2026-07-30T12:00:14Z</time></trkpt><trkpt lat="45.52853" lon="25.360005"><ele>768.4</ele><time>2026-07-30T12:00:17Z</time></trkpt><trkpt lat="45.528692" lon="25.359867"><ele>768.6</ele><time>2026-07-30T12:00:21Z</time></trkpt><trkpt lat="45.528758" lon="25.359815"><ele>768.6</ele><time>2026-07-30T12:00:23Z</time></trkpt><trkpt lat="45.52885" lon="25.359737"><ele>768.5</ele><time>2026-07-30T12:00:26Z</time></trkpt><trkpt lat="45.528908" lon="25.359637"><ele>768.4</ele><time>2026-07-30T12:00:28Z</time></trkpt><trkpt lat="45.528942" lon="25.359543"><ele>768.5</ele><time>2026-07-30T12:00:30Z</time></trkpt><trkpt lat="45.528945" lon="25.35942"><ele>768.6</ele><time>2026-07-30T12:00:33Z</time></trkpt><trkpt lat="45.528948" lon="25.359293"><ele>768.9</ele><time>2026-07-30T12:00:36Z</time></trkpt><trkpt lat="45.528988" lon="25.359112"><ele>769.0</ele><time>2026-07-30T12:00:38Z</time></trkpt><trkpt lat="45.528978" lon="25.358985"><ele>769.2</ele><time>2026-07-30T12:00:41Z</time></trkpt><trkpt lat="45.528987" lon="25.35886"><ele>769.4</ele><time>2026-07-30T12:00:44Z</time></trkpt><trkpt lat="45.528992" lon="25.358687"><ele>769.5</ele><time>2026-07-30T12:00:47Z</time></trkpt><trkpt lat="45.529015" lon="25.358552"><ele>769.5</ele><time>2026-07-30T12:00:49Z</time></trkpt><trkpt lat="45.529018" lon="25.358442"><ele>769.5</ele><time>2026-07-30T12:00:51Z</time></trkpt><trkpt lat="45.52903" lon="25.358307"><ele>769.5</ele><time>2026-07-30T12:00:53Z</time></trkpt><trkpt lat="45.529078" lon="25.357992"><ele>769.5</ele><time>2026-07-30T12:00:55Z</time></trkpt><trkpt lat="45.529102" lon="25.357857"><ele>769.5</ele><time>2026-07-30T12:00:57Z</time></trkpt><trkpt lat="45.529123" lon="25.35774"><ele>769.4</ele><time>2026-07-30T12:00:59Z</time></trkpt><trkpt lat="45.529143" lon="25.357613"><ele>769.4</ele><time>2026-07-30T12:01:01Z</time></trkpt><trkpt lat="45.529162" lon="25.357488"><ele>769.3</ele><time>2026-07-30T12:01:03Z</time></trkpt><trkpt lat="45.529187" lon="25.357355"><ele>769.3</ele><time>2026-07-30T12:01:05Z</time></trkpt><trkpt lat="45.529208" lon="25.357228"><ele>769.3</ele><time>2026-07-30T12:01:07Z</time></trkpt><trkpt lat="45.52923" lon="25.357105"><ele>769.4</ele><time>2026-07-30T12:01:09Z</time></trkpt><trkpt lat="45.529258" lon="25.356978"><ele>769.4</ele><time>2026-07-30T12:01:11Z</time></trkpt><trkpt lat="45.529287" lon="25.356862"><ele>769.5</ele><time>2026-07-30T12:01:13Z</time></trkpt><trkpt lat="45.529322" lon="25.35675"><ele>769.6</ele><time>2026-07-30T12:01:15Z</time></trkpt><trkpt lat="45.529387" lon="25.356658"><ele>769.7</ele><time>2026-07-30T12:01:17Z</time></trkpt><trkpt lat="45.529437" lon="25.356523"><ele>769.7</ele><time>2026-07-30T12:01:19Z</time></trkpt><trkpt lat="45.529488" lon="25.356415"><ele>769.8</ele><time>2026-07-30T12:01:21Z</time></trkpt><trkpt lat="45.529532" lon="25.356302"><ele>769.8</ele><time>2026-07-30T12:01:23Z</time></trkpt><trkpt lat="45.529577" lon="25.356185"><ele>769.9</ele><time>2026-07-30T12:01:25Z</time></trkpt><trkpt lat="45.529632" lon="25.356067"><ele>770.0</ele><time>2026-07-30T12:01:27Z</time></trkpt><trkpt lat="45.529673" lon="25.355948"><ele>770.2</ele><time>2026-07-30T12:01:29Z</time></trkpt><trkpt lat="45.529707" lon="25.355828"><ele>770.2</ele><time>2026-07-30T12:01:31Z</time></trkpt><trkpt lat="45.529737" lon="25.355717"><ele>770.5</ele><time>2026-07-30T12:01:33Z</time></trkpt><trkpt lat="45.529762" lon="25.355605"><ele>770.7</ele><time>2026-07-30T12:01:35Z</time></trkpt><trkpt lat="45.529787" lon="25.35549"><ele>770.8</ele><time>2026-07-30T12:01:37Z</time></trkpt><trkpt lat="45.529815" lon="25.35537"><ele>770.9</ele><time>2026-07-30T12:01:39Z</time></trkpt><trkpt lat="45.529852" lon="25.35525"><ele>771.1</ele><time>2026-07-30T12:01:42Z</time></trkpt><trkpt lat="45.529867" lon="25.355092"><ele>771.3</ele><time>2026-07-30T12:01:44Z</time></trkpt><trkpt lat="45.529885" lon="25.354987"><ele>771.5</ele><time>2026-07-30T12:01:46Z</time></trkpt><trkpt lat="45.529907" lon="25.354883"><ele>771.6</ele><time>2026-07-30T12:01:48Z</time></trkpt><trkpt lat="45.529927" lon="25.35478"><ele>771.8</ele><time>2026-07-30T12:01:50Z</time></trkpt><trkpt lat="45.529943" lon="25.354675"><ele>771.9</ele><time>2026-07-30T12:01:52Z</time></trkpt><trkpt lat="45.529967" lon="25.354527"><ele>772.1</ele><time>2026-07-30T12:01:55Z</time></trkpt><trkpt lat="45.52999" lon="25.354378"><ele>772.4</ele><time>2026-07-30T12:01:58Z</time></trkpt><trkpt lat="45.53002" lon="25.354243"><ele>772.7</ele><time>2026-07-30T12:02:01Z</time></trkpt><trkpt lat="45.53006" lon="25.354113"><ele>773.1</ele><time>2026-07-30T12:02:05Z</time></trkpt><trkpt lat="45.530102" lon="25.353873"><ele>773.4</ele><time>2026-07-30T12:02:08Z</time></trkpt><trkpt lat="45.53013" lon="25.353725"><ele>773.7</ele><time>2026-07-30T12:02:11Z</time></trkpt><trkpt lat="45.530147" lon="25.353623"><ele>773.8</ele><time>2026-07-30T12:02:13Z</time></trkpt><trkpt lat="45.530172" lon="25.353483"><ele>774.1</ele><time>2026-07-30T12:02:16Z</time></trkpt><trkpt lat="45.530203" lon="25.35334"><ele>774.5</ele><time>2026-07-30T12:02:19Z</time></trkpt><trkpt lat="45.530238" lon="25.353197"><ele>774.9</ele><time>2026-07-30T12:02:22Z</time></trkpt><trkpt lat="45.530265" lon="25.35305"><ele>775.3</ele><time>2026-07-30T12:02:25Z</time></trkpt><trkpt lat="45.530295" lon="25.352942"><ele>775.6</ele><time>2026-07-30T12:02:28Z</time></trkpt><trkpt lat="45.530312" lon="25.352822"><ele>776.1</ele><time>2026-07-30T12:02:31Z</time></trkpt><trkpt lat="45.53034" lon="25.352682"><ele>776.4</ele><time>2026-07-30T12:02:34Z</time></trkpt><trkpt lat="45.530372" lon="25.352545"><ele>776.9</ele><time>2026-07-30T12:02:37Z</time></trkpt><trkpt lat="45.530393" lon="25.352412"><ele>777.3</ele><time>2026-07-30T12:02:40Z</time></trkpt><trkpt lat="45.530415" lon="25.35231"><ele>777.8</ele><time>2026-07-30T12:02:43Z</time></trkpt><trkpt lat="45.530423" lon="25.352202"><ele>778.0</ele><time>2026-07-30T12:02:45Z</time></trkpt><trkpt lat="45.530452" lon="25.352077"><ele>778.6</ele><time>2026-07-30T12:02:48Z</time></trkpt><trkpt lat="45.530478" lon="25.351975"><ele>779.0</ele><time>2026-07-30T12:02:50Z</time></trkpt><trkpt lat="45.5305" lon="25.351868"><ele>779.4</ele><time>2026-07-30T12:02:52Z</time></trkpt><trkpt lat="45.530512" lon="25.351755"><ele>779.7</ele><time>2026-07-30T12:02:54Z</time></trkpt><trkpt lat="45.530532" lon="25.351638"><ele>780.1</ele><time>2026-07-30T12:02:57Z</time></trkpt><trkpt lat="45.530562" lon="25.351515"><ele>780.6</ele><time>2026-07-30T12:03:00Z</time></trkpt><trkpt lat="45.530575" lon="25.351393"><ele>781.0</ele><time>2026-07-30T12:03:03Z</time></trkpt><trkpt lat="45.53059" lon="25.351262"><ele>781.5</ele><time>2026-07-30T12:03:07Z</time></trkpt><trkpt lat="45.530602" lon="25.351127"><ele>782.0</ele><time>2026-07-30T12:03:10Z</time></trkpt><trkpt lat="45.530598" lon="25.35098"><ele>782.5</ele><time>2026-07-30T12:03:13Z</time></trkpt><trkpt lat="45.530597" lon="25.350838"><ele>782.9</ele><time>2026-07-30T12:03:16Z</time></trkpt><trkpt lat="45.530592" lon="25.350643"><ele>783.3</ele><time>2026-07-30T12:03:19Z</time></trkpt><trkpt lat="45.530577" lon="25.350538"><ele>783.4</ele><time>2026-07-30T12:03:21Z</time></trkpt><trkpt lat="45.530582" lon="25.350418"><ele>783.8</ele><time>2026-07-30T12:03:23Z</time></trkpt><trkpt lat="45.530602" lon="25.350302"><ele>784.2</ele><time>2026-07-30T12:03:25Z</time></trkpt><trkpt lat="45.530638" lon="25.350185"><ele>784.7</ele><time>2026-07-30T12:03:28Z</time></trkpt><trkpt lat="45.53069" lon="25.3501"><ele>784.9</ele><time>2026-07-30T12:03:31Z</time></trkpt><trkpt lat="45.530767" lon="25.350048"><ele>785.1</ele><time>2026-07-30T12:03:34Z</time></trkpt><trkpt lat="45.53087" lon="25.35009"><ele>785.4</ele><time>2026-07-30T12:03:38Z</time></trkpt><trkpt lat="45.530912" lon="25.3502"><ele>785.6</ele><time>2026-07-30T12:03:41Z</time></trkpt><trkpt lat="45.53093" lon="25.350325"><ele>786.1</ele><time>2026-07-30T12:03:45Z</time></trkpt><trkpt lat="45.530953" lon="25.350433"><ele>786.6</ele><time>2026-07-30T12:03:48Z</time></trkpt><trkpt lat="45.530975" lon="25.350548"><ele>787.4</ele><time>2026-07-30T12:03:51Z</time></trkpt><trkpt lat="45.530992" lon="25.350657"><ele>787.9</ele><time>2026-07-30T12:03:54Z</time></trkpt><trkpt lat="45.53101" lon="25.350767"><ele>788.5</ele><time>2026-07-30T12:03:57Z</time></trkpt><trkpt lat="45.531035" lon="25.350878"><ele>789.0</ele><time>2026-07-30T12:04:00Z</time></trkpt><trkpt lat="45.531062" lon="25.350985"><ele>789.6</ele><time>2026-07-30T12:04:03Z</time></trkpt><trkpt lat="45.531085" lon="25.351087"><ele>790.2</ele><time>2026-07-30T12:04:06Z</time></trkpt><trkpt lat="45.531122" lon="25.351183"><ele>790.9</ele><time>2026-07-30T12:04:09Z</time></trkpt><trkpt lat="45.531177" lon="25.351297"><ele>791.4</ele><time>2026-07-30T12:04:13Z</time></trkpt><trkpt lat="45.531237" lon="25.351383"><ele>791.9</ele><time>2026-07-30T12:04:16Z</time></trkpt><trkpt lat="45.531323" lon="25.351432"><ele>792.6</ele><time>2026-07-30T12:04:19Z</time></trkpt><trkpt lat="45.531408" lon="25.351428"><ele>780.0</ele><time>2026-07-30T12:04:22Z</time></trkpt><trkpt lat="45.531485" lon="25.351393"><ele>780.3</ele><time>2026-07-30T12:04:25Z</time></trkpt><trkpt lat="45.531535" lon="25.351317"><ele>780.8</ele><time>2026-07-30T12:04:28Z</time></trkpt><trkpt lat="45.531583" lon="25.35123"><ele>781.2</ele><time>2026-07-30T12:04:31Z</time></trkpt><trkpt lat="45.531612" lon="25.35113"><ele>781.7</ele><time>2026-07-30T12:04:34Z</time></trkpt><trkpt lat="45.531638" lon="25.351017"><ele>782.4</ele><time>2026-07-30T12:04:37Z</time></trkpt><trkpt lat="45.53166" lon="25.350913"><ele>783.2</ele><time>2026-07-30T12:04:40Z</time></trkpt><trkpt lat="45.531665" lon="25.350795"><ele>784.0</ele><time>2026-07-30T12:04:43Z</time></trkpt><trkpt lat="45.531675" lon="25.350675"><ele>784.7</ele><time>2026-07-30T12:04:46Z</time></trkpt><trkpt lat="45.531675" lon="25.35056"><ele>785.5</ele><time>2026-07-30T12:04:49Z</time></trkpt><trkpt lat="45.531668" lon="25.350447"><ele>786.2</ele><time>2026-07-30T12:04:52Z</time></trkpt><trkpt lat="45.531652" lon="25.350335"><ele>786.8</ele><time>2026-07-30T12:04:55Z</time></trkpt><trkpt lat="45.531627" lon="25.350218"><ele>787.3</ele><time>2026-07-30T12:04:58Z</time></trkpt><trkpt lat="45.5316" lon="25.350113"><ele>787.8</ele><time>2026-07-30T12:05:01Z</time></trkpt><trkpt lat="45.531563" lon="25.350018"><ele>788.1</ele><time>2026-07-30T12:05:04Z</time></trkpt><trkpt lat="45.531525" lon="25.349928"><ele>788.6</ele><time>2026-07-30T12:05:07Z</time></trkpt><trkpt lat="45.531492" lon="25.349803"><ele>789.5</ele><time>2026-07-30T12:05:11Z</time></trkpt><trkpt lat="45.531468" lon="25.349687"><ele>790.4</ele><time>2026-07-30T12:05:15Z</time></trkpt><trkpt lat="45.531445" lon="25.349557"><ele>791.0</ele><time>2026-07-30T12:05:19Z</time></trkpt><trkpt lat="45.531442" lon="25.349452"><ele>791.2</ele><time>2026-07-30T12:05:22Z</time></trkpt><trkpt lat="45.531443" lon="25.349347"><ele>791.5</ele><time>2026-07-30T12:05:25Z</time></trkpt><trkpt lat="45.531457" lon="25.349227"><ele>791.9</ele><time>2026-07-30T12:05:29Z</time></trkpt><trkpt lat="45.531468" lon="25.349118"><ele>792.3</ele><time>2026-07-30T12:05:33Z</time></trkpt><trkpt lat="45.531478" lon="25.34899"><ele>792.8</ele><time>2026-07-30T12:05:37Z</time></trkpt><trkpt lat="45.531488" lon="25.34888"><ele>793.2</ele><time>2026-07-30T12:05:41Z</time></trkpt><trkpt lat="45.531487" lon="25.348772"><ele>793.8</ele><time>2026-07-30T12:05:45Z</time></trkpt><trkpt lat="45.531488" lon="25.348632"><ele>794.4</ele><time>2026-07-30T12:05:49Z</time></trkpt><trkpt lat="45.531495" lon="25.348522"><ele>794.9</ele><time>2026-07-30T12:05:52Z</time></trkpt><trkpt lat="45.531515" lon="25.3484"><ele>795.5</ele><time>2026-07-30T12:05:55Z</time></trkpt><trkpt lat="45.531548" lon="25.348288"><ele>795.8</ele><time>2026-07-30T12:05:58Z</time></trkpt><trkpt lat="45.5316" lon="25.348163"><ele>796.7</ele><time>2026-07-30T12:06:02Z</time></trkpt><trkpt lat="45.531647" lon="25.348062"><ele>797.2</ele><time>2026-07-30T12:06:05Z</time></trkpt><trkpt lat="45.53169" lon="25.347968"><ele>797.6</ele><time>2026-07-30T12:06:08Z</time></trkpt><trkpt lat="45.53173" lon="25.347877"><ele>798.1</ele><time>2026-07-30T12:06:11Z</time></trkpt><trkpt lat="45.531787" lon="25.347798"><ele>798.3</ele><time>2026-07-30T12:06:14Z</time></trkpt><trkpt lat="45.531853" lon="25.347708"><ele>798.8</ele><time>2026-07-30T12:06:18Z</time></trkpt><trkpt lat="45.531908" lon="25.347603"><ele>799.2</ele><time>2026-07-30T12:06:22Z</time></trkpt><trkpt lat="45.531958" lon="25.347513"><ele>799.6</ele><time>2026-07-30T12:06:25Z</time></trkpt><trkpt lat="45.532032" lon="25.347402"><ele>800.0</ele><time>2026-07-30T12:06:29Z</time></trkpt><trkpt lat="45.532088" lon="25.347298"><ele>800.3</ele><time>2026-07-30T12:06:32Z</time></trkpt><trkpt lat="45.532137" lon="25.347212"><ele>800.6</ele><time>2026-07-30T12:06:34Z</time></trkpt><trkpt lat="45.532208" lon="25.347112"><ele>801.0</ele><time>2026-07-30T12:06:37Z</time></trkpt><trkpt lat="45.532278" lon="25.347015"><ele>801.4</ele><time>2026-07-30T12:06:40Z</time></trkpt><trkpt lat="45.532348" lon="25.346922"><ele>801.9</ele><time>2026-07-30T12:06:43Z</time></trkpt><trkpt lat="45.5324" lon="25.346835"><ele>802.3</ele><time>2026-07-30T12:06:46Z</time></trkpt><trkpt lat="45.532458" lon="25.346743"><ele>802.7</ele><time>2026-07-30T12:06:49Z</time></trkpt><trkpt lat="45.532517" lon="25.346658"><ele>803.1</ele><time>2026-07-30T12:06:52Z</time></trkpt><trkpt lat="45.532563" lon="25.346562"><ele>803.6</ele><time>2026-07-30T12:06:55Z</time></trkpt><trkpt lat="45.532602" lon="25.346468"><ele>804.1</ele><time>2026-07-30T12:06:58Z</time></trkpt><trkpt lat="45.532645" lon="25.34638"><ele>804.6</ele><time>2026-07-30T12:07:01Z</time></trkpt><trkpt lat="45.53269" lon="25.346262"><ele>805.1</ele><time>2026-07-30T12:07:05Z</time></trkpt><trkpt lat="45.532727" lon="25.346173"><ele>805.6</ele><time>2026-07-30T12:07:08Z</time></trkpt><trkpt lat="45.532752" lon="25.346077"><ele>806.2</ele><time>2026-07-30T12:07:11Z</time></trkpt><trkpt lat="45.532775" lon="25.345978"><ele>806.9</ele><time>2026-07-30T12:07:14Z</time></trkpt><trkpt lat="45.532798" lon="25.345845"><ele>807.7</ele><time>2026-07-30T12:07:18Z</time></trkpt><trkpt lat="45.532815" lon="25.345732"><ele>808.3</ele><time>2026-07-30T12:07:21Z</time></trkpt><trkpt lat="45.532833" lon="25.345623"><ele>808.6</ele><time>2026-07-30T12:07:24Z</time></trkpt><trkpt lat="45.53286" lon="25.345487"><ele>809.1</ele><time>2026-07-30T12:07:27Z</time></trkpt><trkpt lat="45.532892" lon="25.34538"><ele>809.7</ele><time>2026-07-30T12:07:30Z</time></trkpt><trkpt lat="45.532917" lon="25.345272"><ele>810.2</ele><time>2026-07-30T12:07:33Z</time></trkpt><trkpt lat="45.53293" lon="25.345152"><ele>810.7</ele><time>2026-07-30T12:07:36Z</time></trkpt><trkpt lat="45.532942" lon="25.345025"><ele>811.0</ele><time>2026-07-30T12:07:39Z</time></trkpt><trkpt lat="45.532943" lon="25.344908"><ele>811.6</ele><time>2026-07-30T12:07:42Z</time></trkpt><trkpt lat="45.532932" lon="25.344785"><ele>812.1</ele><time>2026-07-30T12:07:45Z</time></trkpt><trkpt lat="45.532927" lon="25.344672"><ele>812.5</ele><time>2026-07-30T12:07:48Z</time></trkpt><trkpt lat="45.532892" lon="25.34455"><ele>813.2</ele><time>2026-07-30T12:07:52Z</time></trkpt><trkpt lat="45.532838" lon="25.344463"><ele>813.8</ele><time>2026-07-30T12:07:55Z</time></trkpt><trkpt lat="45.532777" lon="25.344355"><ele>814.5</ele><time>2026-07-30T12:07:59Z</time></trkpt><trkpt lat="45.532737" lon="25.344268"><ele>815.1</ele><time>2026-07-30T12:08:02Z</time></trkpt><trkpt lat="45.532698" lon="25.344162"><ele>815.7</ele><time>2026-07-30T12:08:05Z</time></trkpt><trkpt lat="45.53267" lon="25.344063"><ele>816.3</ele><time>2026-07-30T12:08:08Z</time></trkpt><trkpt lat="45.532625" lon="25.343948"><ele>817.0</ele><time>2026-07-30T12:08:12Z</time></trkpt><trkpt lat="45.532593" lon="25.343847"><ele>817.4</ele><time>2026-07-30T12:08:15Z</time></trkpt><trkpt lat="45.53255" lon="25.343728"><ele>818.1</ele><time>2026-07-30T12:08:19Z</time></trkpt><trkpt lat="45.532515" lon="25.343605"><ele>819.0</ele><time>2026-07-30T12:08:23Z</time></trkpt><trkpt lat="45.53248" lon="25.343472"><ele>820.0</ele><time>2026-07-30T12:08:27Z</time></trkpt><trkpt lat="45.532457" lon="25.343362"><ele>820.7</ele><time>2026-07-30T12:08:30Z</time></trkpt><trkpt lat="45.53244" lon="25.343262"><ele>821.1</ele><time>2026-07-30T12:08:33Z</time></trkpt><trkpt lat="45.53244" lon="25.343157"><ele>821.7</ele><time>2026-07-30T12:08:36Z</time></trkpt><trkpt lat="45.532458" lon="25.343033"><ele>822.1</ele><time>2026-07-30T12:08:39Z</time></trkpt><trkpt lat="45.5325" lon="25.34291"><ele>822.3</ele><time>2026-07-30T12:08:42Z</time></trkpt><trkpt lat="45.532542" lon="25.342792"><ele>822.4</ele><time>2026-07-30T12:08:45Z</time></trkpt><trkpt lat="45.532585" lon="25.342698"><ele>822.4</ele><time>2026-07-30T12:08:48Z</time></trkpt><trkpt lat="45.532623" lon="25.342597"><ele>822.7</ele><time>2026-07-30T12:08:51Z</time></trkpt><trkpt lat="45.532637" lon="25.342472"><ele>822.9</ele><time>2026-07-30T12:08:54Z</time></trkpt><trkpt lat="45.532607" lon="25.342372"><ele>822.9</ele><time>2026-07-30T12:08:57Z</time></trkpt><trkpt lat="45.53268" lon="25.342052"><ele>822.8</ele><time>2026-07-30T12:08:58Z</time></trkpt><trkpt lat="45.532675" lon="25.341903"><ele>822.2</ele><time>2026-07-30T12:09:00Z</time></trkpt><trkpt lat="45.53269" lon="25.341722"><ele>821.4</ele><time>2026-07-30T12:09:02Z</time></trkpt><trkpt lat="45.532755" lon="25.34155"><ele>820.4</ele><time>2026-07-30T12:09:04Z</time></trkpt><trkpt lat="45.532812" lon="25.341453"><ele>819.8</ele><time>2026-07-30T12:09:05Z</time></trkpt><trkpt lat="45.532925" lon="25.341328"><ele>819.3</ele><time>2026-07-30T12:09:07Z</time></trkpt><trkpt lat="45.532998" lon="25.341283"><ele>818.8</ele><time>2026-07-30T12:09:08Z</time></trkpt><trkpt lat="45.533082" lon="25.341262"><ele>818.3</ele><time>2026-07-30T12:09:09Z</time></trkpt><trkpt lat="45.533173" lon="25.341252"><ele>817.9</ele><time>2026-07-30T12:09:10Z</time></trkpt><trkpt lat="45.533263" lon="25.341258"><ele>817.3</ele><time>2026-07-30T12:09:11Z</time></trkpt><trkpt lat="45.533355" lon="25.34127"><ele>816.8</ele><time>2026-07-30T12:09:12Z</time></trkpt><trkpt lat="45.533448" lon="25.341283"><ele>816.2</ele><time>2026-07-30T12:09:13Z</time></trkpt><trkpt lat="45.533553" lon="25.341288"><ele>815.6</ele><time>2026-07-30T12:09:14Z</time></trkpt><trkpt lat="45.533648" lon="25.341292"><ele>814.9</ele><time>2026-07-30T12:09:15Z</time></trkpt><trkpt lat="45.53374" lon="25.341292"><ele>814.2</ele><time>2026-07-30T12:09:16Z</time></trkpt><trkpt lat="45.533847" lon="25.34132"><ele>813.7</ele><time>2026-07-30T12:09:17Z</time></trkpt><trkpt lat="45.533935" lon="25.341282"><ele>813.1</ele><time>2026-07-30T12:09:18Z</time></trkpt><trkpt lat="45.534022" lon="25.341207"><ele>812.7</ele><time>2026-07-30T12:09:19Z</time></trkpt><trkpt lat="45.534082" lon="25.341097"><ele>812.4</ele><time>2026-07-30T12:09:20Z</time></trkpt><trkpt lat="45.53411" lon="25.340958"><ele>812.2</ele><time>2026-07-30T12:09:21Z</time></trkpt><trkpt lat="45.534037" lon="25.34079"><ele>812.2</ele><time>2026-07-30T12:09:22Z</time></trkpt><trkpt lat="45.53398" lon="25.340653"><ele>811.9</ele><time>2026-07-30T12:09:23Z</time></trkpt><trkpt lat="45.53397" lon="25.340438"><ele>811.4</ele><time>2026-07-30T12:09:25Z</time></trkpt><trkpt lat="45.533977" lon="25.34031"><ele>811.4</ele><time>2026-07-30T12:09:26Z</time></trkpt><trkpt lat="45.53406" lon="25.340177"><ele>810.7</ele><time>2026-07-30T12:09:28Z</time></trkpt><trkpt lat="45.534082" lon="25.340285"><ele>810.3</ele><time>2026-07-30T12:09:29Z</time></trkpt><trkpt lat="45.53416" lon="25.340378"><ele>810.3</ele><time>2026-07-30T12:09:30Z</time></trkpt><trkpt lat="45.534237" lon="25.340478"><ele>809.8</ele><time>2026-07-30T12:09:31Z</time></trkpt><trkpt lat="45.534313" lon="25.340562"><ele>809.3</ele><time>2026-07-30T12:09:32Z</time></trkpt><trkpt lat="45.534387" lon="25.340627"><ele>808.8</ele><time>2026-07-30T12:09:33Z</time></trkpt><trkpt lat="45.534467" lon="25.34068"><ele>808.8</ele><time>2026-07-30T12:09:34Z</time></trkpt><trkpt lat="45.534552" lon="25.340705"><ele>808.5</ele><time>2026-07-30T12:09:35Z</time></trkpt><trkpt lat="45.53464" lon="25.340697"><ele>808.4</ele><time>2026-07-30T12:09:36Z</time></trkpt><trkpt lat="45.534717" lon="25.340655"><ele>808.2</ele><time>2026-07-30T12:09:37Z</time></trkpt><trkpt lat="45.534782" lon="25.340588"><ele>808.2</ele><time>2026-07-30T12:09:38Z</time></trkpt><trkpt lat="45.5349" lon="25.340473"><ele>808.1</ele><time>2026-07-30T12:09:40Z</time></trkpt><trkpt lat="45.534955" lon="25.340402"><ele>807.9</ele><time>2026-07-30T12:09:41Z</time></trkpt><trkpt lat="45.53501" lon="25.340313"><ele>807.6</ele><time>2026-07-30T12:09:42Z</time></trkpt><trkpt lat="45.535065" lon="25.340232"><ele>807.6</ele><time>2026-07-30T12:09:43Z</time></trkpt><trkpt lat="45.535182" lon="25.340135"><ele>806.8</ele><time>2026-07-30T12:09:45Z</time></trkpt><trkpt lat="45.535312" lon="25.340103"><ele>806.6</ele><time>2026-07-30T12:09:47Z</time></trkpt><trkpt lat="45.535447" lon="25.340088"><ele>805.9</ele><time>2026-07-30T12:09:49Z</time></trkpt><trkpt lat="45.535523" lon="25.340103"><ele>805.7</ele><time>2026-07-30T12:09:50Z</time></trkpt><trkpt lat="45.535592" lon="25.340155"><ele>805.5</ele><time>2026-07-30T12:09:51Z</time></trkpt><trkpt lat="45.535703" lon="25.340227"><ele>805.3</ele><time>2026-07-30T12:09:53Z</time></trkpt><trkpt lat="45.535808" lon="25.340263"><ele>805.6</ele><time>2026-07-30T12:09:55Z</time></trkpt><trkpt lat="45.535903" lon="25.340305"><ele>805.8</ele><time>2026-07-30T12:09:57Z</time></trkpt><trkpt lat="45.535992" lon="25.340343"><ele>805.8</ele><time>2026-07-30T12:09:59Z</time></trkpt><trkpt lat="45.536077" lon="25.340352"><ele>806.0</ele><time>2026-07-30T12:10:01Z</time></trkpt><trkpt lat="45.536168" lon="25.34031"><ele>806.0</ele><time>2026-07-30T12:10:03Z</time></trkpt><trkpt lat="45.536243" lon="25.340248"><ele>806.0</ele><time>2026-07-30T12:10:05Z</time></trkpt><trkpt lat="45.536308" lon="25.34019"><ele>806.0</ele><time>2026-07-30T12:10:07Z</time></trkpt><trkpt lat="45.536393" lon="25.340102"><ele>806.1</ele><time>2026-07-30T12:10:10Z</time></trkpt><trkpt lat="45.536482" lon="25.340017"><ele>806.1</ele><time>2026-07-30T12:10:13Z</time></trkpt><trkpt lat="45.536548" lon="25.33995"><ele>806.1</ele><time>2026-07-30T12:10:15Z</time></trkpt><trkpt lat="45.5366" lon="25.33987"><ele>806.2</ele><time>2026-07-30T12:10:17Z</time></trkpt><trkpt lat="45.536663" lon="25.339798"><ele>806.3</ele><time>2026-07-30T12:10:19Z</time></trkpt><trkpt lat="45.536727" lon="25.339705"><ele>806.3</ele><time>2026-07-30T12:10:21Z</time></trkpt><trkpt lat="45.5368" lon="25.339602"><ele>806.1</ele><time>2026-07-30T12:10:23Z</time></trkpt><trkpt lat="45.536873" lon="25.339497"><ele>805.8</ele><time>2026-07-30T12:10:25Z</time></trkpt><trkpt lat="45.536952" lon="25.339373"><ele>805.4</ele><time>2026-07-30T12:10:27Z</time></trkpt><trkpt lat="45.537017" lon="25.339252"><ele>805.4</ele><time>2026-07-30T12:10:29Z</time></trkpt><trkpt lat="45.537082" lon="25.339128"><ele>805.5</ele><time>2026-07-30T12:10:31Z</time></trkpt><trkpt lat="45.537128" lon="25.338985"><ele>805.6</ele><time>2026-07-30T12:10:33Z</time></trkpt><trkpt lat="45.53717" lon="25.338843"><ele>805.7</ele><time>2026-07-30T12:10:35Z</time></trkpt><trkpt lat="45.537212" lon="25.338698"><ele>805.7</ele><time>2026-07-30T12:10:37Z</time></trkpt><trkpt lat="45.537238" lon="25.338572"><ele>805.8</ele><time>2026-07-30T12:10:39Z</time></trkpt><trkpt lat="45.537263" lon="25.338452"><ele>805.8</ele><time>2026-07-30T12:10:41Z</time></trkpt><trkpt lat="45.537293" lon="25.33834"><ele>805.9</ele><time>2026-07-30T12:10:43Z</time></trkpt><trkpt lat="45.53732" lon="25.338203"><ele>805.9</ele><time>2026-07-30T12:10:45Z</time></trkpt><trkpt lat="45.53734" lon="25.338087"><ele>806.0</ele><time>2026-07-30T12:10:47Z</time></trkpt><trkpt lat="45.537355" lon="25.33798"><ele>806.0</ele><time>2026-07-30T12:10:50Z</time></trkpt><trkpt lat="45.537375" lon="25.337855"><ele>806.1</ele><time>2026-07-30T12:10:52Z</time></trkpt><trkpt lat="45.537398" lon="25.337718"><ele>806.1</ele><time>2026-07-30T12:10:54Z</time></trkpt><trkpt lat="45.537427" lon="25.337577"><ele>805.9</ele><time>2026-07-30T12:10:56Z</time></trkpt><trkpt lat="45.537448" lon="25.337445"><ele>805.8</ele><time>2026-07-30T12:10:58Z</time></trkpt><trkpt lat="45.537472" lon="25.337327"><ele>805.8</ele><time>2026-07-30T12:10:59Z</time></trkpt><trkpt lat="45.5375" lon="25.337182"><ele>805.7</ele><time>2026-07-30T12:11:01Z</time></trkpt><trkpt lat="45.537532" lon="25.337022"><ele>805.7</ele><time>2026-07-30T12:11:03Z</time></trkpt><trkpt lat="45.53756" lon="25.336865"><ele>805.7</ele><time>2026-07-30T12:11:05Z</time></trkpt><trkpt lat="45.537588" lon="25.33671"><ele>805.5</ele><time>2026-07-30T12:11:07Z</time></trkpt><trkpt lat="45.537618" lon="25.336563"><ele>805.5</ele><time>2026-07-30T12:11:09Z</time></trkpt><trkpt lat="45.53765" lon="25.336422"><ele>805.2</ele><time>2026-07-30T12:11:11Z</time></trkpt><trkpt lat="45.53768" lon="25.336285"><ele>805.2</ele><time>2026-07-30T12:11:13Z</time></trkpt><trkpt lat="45.537707" lon="25.336147"><ele>805.2</ele><time>2026-07-30T12:11:14Z</time></trkpt><trkpt lat="45.537732" lon="25.336008"><ele>805.1</ele><time>2026-07-30T12:11:16Z</time></trkpt><trkpt lat="45.537742" lon="25.335863"><ele>804.9</ele><time>2026-07-30T12:11:18Z</time></trkpt><trkpt lat="45.537733" lon="25.335717"><ele>804.8</ele><time>2026-07-30T12:11:20Z</time></trkpt><trkpt lat="45.537697" lon="25.335582"><ele>804.7</ele><time>2026-07-30T12:11:22Z</time></trkpt><trkpt lat="45.537648" lon="25.335465"><ele>804.6</ele><time>2026-07-30T12:11:24Z</time></trkpt><trkpt lat="45.537603" lon="25.335348"><ele>804.4</ele><time>2026-07-30T12:11:26Z</time></trkpt><trkpt lat="45.537557" lon="25.335233"><ele>804.1</ele><time>2026-07-30T12:11:28Z</time></trkpt><trkpt lat="45.537513" lon="25.335115"><ele>803.7</ele><time>2026-07-30T12:11:30Z</time></trkpt><trkpt lat="45.537463" lon="25.33498"><ele>803.5</ele><time>2026-07-30T12:11:32Z</time></trkpt><trkpt lat="45.537433" lon="25.334845"><ele>803.5</ele><time>2026-07-30T12:11:34Z</time></trkpt><trkpt lat="45.537375" lon="25.334722"><ele>803.6</ele><time>2026-07-30T12:11:36Z</time></trkpt><trkpt lat="45.537303" lon="25.334582"><ele>803.6</ele><time>2026-07-30T12:11:38Z</time></trkpt><trkpt lat="45.53725" lon="25.334443"><ele>803.6</ele><time>2026-07-30T12:11:40Z</time></trkpt><trkpt lat="45.537208" lon="25.334302"><ele>803.6</ele><time>2026-07-30T12:11:42Z</time></trkpt><trkpt lat="45.537255" lon="25.334157"><ele>803.6</ele><time>2026-07-30T12:11:44Z</time></trkpt><trkpt lat="45.537302" lon="25.334025"><ele>803.7</ele><time>2026-07-30T12:11:46Z</time></trkpt><trkpt lat="45.537373" lon="25.333918"><ele>803.7</ele><time>2026-07-30T12:11:48Z</time></trkpt><trkpt lat="45.537462" lon="25.333832"><ele>803.8</ele><time>2026-07-30T12:11:50Z</time></trkpt><trkpt lat="45.537567" lon="25.33378"><ele>803.9</ele><time>2026-07-30T12:11:52Z</time></trkpt><trkpt lat="45.537675" lon="25.333718"><ele>804.0</ele><time>2026-07-30T12:11:54Z</time></trkpt><trkpt lat="45.537773" lon="25.333678"><ele>803.9</ele><time>2026-07-30T12:11:56Z</time></trkpt><trkpt lat="45.537855" lon="25.333655"><ele>803.8</ele><time>2026-07-30T12:12:01Z</time></trkpt><trkpt lat="45.53803" lon="25.333507"><ele>803.8</ele><time>2026-07-30T12:12:02Z</time></trkpt><trkpt lat="45.53813" lon="25.333448"><ele>803.8</ele><time>2026-07-30T12:12:04Z</time></trkpt><trkpt lat="45.538222" lon="25.333395"><ele>803.7</ele><time>2026-07-30T12:12:06Z</time></trkpt><trkpt lat="45.538307" lon="25.33334"><ele>803.8</ele><time>2026-07-30T12:12:08Z</time></trkpt><trkpt lat="45.5384" lon="25.333288"><ele>803.8</ele><time>2026-07-30T12:12:10Z</time></trkpt><trkpt lat="45.538493" lon="25.333233"><ele>803.9</ele><time>2026-07-30T12:12:12Z</time></trkpt><trkpt lat="45.538597" lon="25.333187"><ele>803.8</ele><time>2026-07-30T12:12:14Z</time></trkpt><trkpt lat="45.538702" lon="25.333142"><ele>803.5</ele><time>2026-07-30T12:12:16Z</time></trkpt><trkpt lat="45.538802" lon="25.33308"><ele>803.4</ele><time>2026-07-30T12:12:18Z</time></trkpt><trkpt lat="45.538893" lon="25.333023"><ele>803.3</ele><time>2026-07-30T12:12:20Z</time></trkpt><trkpt lat="45.53899" lon="25.333002"><ele>803.4</ele><time>2026-07-30T12:12:22Z</time></trkpt><trkpt lat="45.539087" lon="25.332933"><ele>803.6</ele><time>2026-07-30T12:12:24Z</time></trkpt><trkpt lat="45.53917" lon="25.332872"><ele>803.8</ele><time>2026-07-30T12:12:26Z</time></trkpt><trkpt lat="45.53926" lon="25.332785"><ele>804.0</ele><time>2026-07-30T12:12:28Z</time></trkpt><trkpt lat="45.539333" lon="25.332687"><ele>804.2</ele><time>2026-07-30T12:12:30Z</time></trkpt><trkpt lat="45.539452" lon="25.332495"><ele>804.4</ele><time>2026-07-30T12:12:34Z</time></trkpt><trkpt lat="45.5395" lon="25.332373"><ele>804.4</ele><time>2026-07-30T12:12:35Z</time></trkpt><trkpt lat="45.539562" lon="25.332253"><ele>804.5</ele><time>2026-07-30T12:12:37Z</time></trkpt><trkpt lat="45.53962" lon="25.332145"><ele>804.7</ele><time>2026-07-30T12:12:39Z</time></trkpt><trkpt lat="45.539672" lon="25.332045"><ele>804.7</ele><time>2026-07-30T12:12:41Z</time></trkpt><trkpt lat="45.539718" lon="25.33194"><ele>804.6</ele><time>2026-07-30T12:12:43Z</time></trkpt><trkpt lat="45.53977" lon="25.331828"><ele>804.4</ele><time>2026-07-30T12:12:45Z</time></trkpt><trkpt lat="45.539827" lon="25.331725"><ele>804.2</ele><time>2026-07-30T12:12:47Z</time></trkpt><trkpt lat="45.539888" lon="25.331607"><ele>804.0</ele><time>2026-07-30T12:12:49Z</time></trkpt><trkpt lat="45.539947" lon="25.331492"><ele>803.9</ele><time>2026-07-30T12:12:51Z</time></trkpt><trkpt lat="45.540003" lon="25.331385"><ele>803.8</ele><time>2026-07-30T12:12:53Z</time></trkpt><trkpt lat="45.540072" lon="25.331308"><ele>803.7</ele><time>2026-07-30T12:12:55Z</time></trkpt><trkpt lat="45.540123" lon="25.331187"><ele>803.6</ele><time>2026-07-30T12:12:57Z</time></trkpt><trkpt lat="45.540185" lon="25.331058"><ele>803.5</ele><time>2026-07-30T12:12:59Z</time></trkpt><trkpt lat="45.540255" lon="25.330942"><ele>803.4</ele><time>2026-07-30T12:13:01Z</time></trkpt><trkpt lat="45.540313" lon="25.330815"><ele>803.2</ele><time>2026-07-30T12:13:03Z</time></trkpt><trkpt lat="45.540367" lon="25.330693"><ele>803.0</ele><time>2026-07-30T12:13:05Z</time></trkpt><trkpt lat="45.540422" lon="25.330578"><ele>802.9</ele><time>2026-07-30T12:13:07Z</time></trkpt><trkpt lat="45.54048" lon="25.33047"><ele>802.9</ele><time>2026-07-30T12:13:09Z</time></trkpt><trkpt lat="45.540532" lon="25.330357"><ele>802.9</ele><time>2026-07-30T12:13:11Z</time></trkpt><trkpt lat="45.540585" lon="25.330243"><ele>802.9</ele><time>2026-07-30T12:13:13Z</time></trkpt><trkpt lat="45.540637" lon="25.330123"><ele>803.0</ele><time>2026-07-30T12:13:15Z</time></trkpt><trkpt lat="45.540698" lon="25.330018"><ele>803.0</ele><time>2026-07-30T12:13:17Z</time></trkpt><trkpt lat="45.540755" lon="25.329928"><ele>803.0</ele><time>2026-07-30T12:13:19Z</time></trkpt><trkpt lat="45.540815" lon="25.329808"><ele>803.1</ele><time>2026-07-30T12:13:21Z</time></trkpt><trkpt lat="45.540885" lon="25.329707"><ele>803.3</ele><time>2026-07-30T12:13:23Z</time></trkpt><trkpt lat="45.540935" lon="25.329627"><ele>803.4</ele><time>2026-07-30T12:13:26Z</time></trkpt><trkpt lat="45.540995" lon="25.329457"><ele>803.6</ele><time>2026-07-30T12:13:28Z</time></trkpt><trkpt lat="45.54104" lon="25.329352"><ele>803.6</ele><time>2026-07-30T12:13:30Z</time></trkpt><trkpt lat="45.541078" lon="25.329253"><ele>803.7</ele><time>2026-07-30T12:13:32Z</time></trkpt><trkpt lat="45.541117" lon="25.329095"><ele>803.8</ele><time>2026-07-30T12:13:34Z</time></trkpt><trkpt lat="45.541137" lon="25.328953"><ele>803.9</ele><time>2026-07-30T12:13:36Z</time></trkpt><trkpt lat="45.54115" lon="25.328812"><ele>804.0</ele><time>2026-07-30T12:13:38Z</time></trkpt><trkpt lat="45.54116" lon="25.328673"><ele>804.0</ele><time>2026-07-30T12:13:40Z</time></trkpt><trkpt lat="45.541167" lon="25.328538"><ele>804.0</ele><time>2026-07-30T12:13:42Z</time></trkpt><trkpt lat="45.541183" lon="25.328412"><ele>804.0</ele><time>2026-07-30T12:13:44Z</time></trkpt><trkpt lat="45.54122" lon="25.328292"><ele>803.9</ele><time>2026-07-30T12:13:46Z</time></trkpt><trkpt lat="45.541267" lon="25.328147"><ele>803.8</ele><time>2026-07-30T12:13:48Z</time></trkpt><trkpt lat="45.541347" lon="25.328053"><ele>803.7</ele><time>2026-07-30T12:13:50Z</time></trkpt><trkpt lat="45.541465" lon="25.327983"><ele>803.8</ele><time>2026-07-30T12:13:52Z</time></trkpt><trkpt lat="45.541567" lon="25.327928"><ele>803.8</ele><time>2026-07-30T12:13:54Z</time></trkpt><trkpt lat="45.541662" lon="25.327888"><ele>803.8</ele><time>2026-07-30T12:13:56Z</time></trkpt><trkpt lat="45.541753" lon="25.327842"><ele>803.7</ele><time>2026-07-30T12:13:58Z</time></trkpt><trkpt lat="45.54183" lon="25.327813"><ele>803.8</ele><time>2026-07-30T12:14:00Z</time></trkpt><trkpt lat="45.541917" lon="25.327775"><ele>803.8</ele><time>2026-07-30T12:14:02Z</time></trkpt><trkpt lat="45.542002" lon="25.327703"><ele>804.0</ele><time>2026-07-30T12:14:04Z</time></trkpt><trkpt lat="45.542085" lon="25.327645"><ele>804.0</ele><time>2026-07-30T12:14:06Z</time></trkpt><trkpt lat="45.542133" lon="25.327532"><ele>804.1</ele><time>2026-07-30T12:14:08Z</time></trkpt><trkpt lat="45.542185" lon="25.327427"><ele>804.1</ele><time>2026-07-30T12:14:10Z</time></trkpt><trkpt lat="45.542227" lon="25.327318"><ele>804.1</ele><time>2026-07-30T12:14:12Z</time></trkpt><trkpt lat="45.542277" lon="25.327172"><ele>804.1</ele><time>2026-07-30T12:14:15Z</time></trkpt><trkpt lat="45.542303" lon="25.327032"><ele>804.1</ele><time>2026-07-30T12:14:17Z</time></trkpt><trkpt lat="45.542335" lon="25.326898"><ele>804.1</ele><time>2026-07-30T12:14:19Z</time></trkpt><trkpt lat="45.542362" lon="25.326777"><ele>804.1</ele><time>2026-07-30T12:14:21Z</time></trkpt><trkpt lat="45.54239" lon="25.326658"><ele>804.2</ele><time>2026-07-30T12:14:23Z</time></trkpt><trkpt lat="45.542425" lon="25.326542"><ele>804.2</ele><time>2026-07-30T12:14:25Z</time></trkpt><trkpt lat="45.542453" lon="25.326418"><ele>804.1</ele><time>2026-07-30T12:14:27Z</time></trkpt><trkpt lat="45.542487" lon="25.326275"><ele>803.9</ele><time>2026-07-30T12:14:29Z</time></trkpt><trkpt lat="45.542522" lon="25.326138"><ele>803.7</ele><time>2026-07-30T12:14:31Z</time></trkpt><trkpt lat="45.542547" lon="25.326003"><ele>803.5</ele><time>2026-07-30T12:14:33Z</time></trkpt><trkpt lat="45.542582" lon="25.32587"><ele>803.4</ele><time>2026-07-30T12:14:35Z</time></trkpt><trkpt lat="45.542617" lon="25.325733"><ele>803.4</ele><time>2026-07-30T12:14:37Z</time></trkpt><trkpt lat="45.54265" lon="25.325592"><ele>803.4</ele><time>2026-07-30T12:14:39Z</time></trkpt><trkpt lat="45.542687" lon="25.325462"><ele>803.4</ele><time>2026-07-30T12:14:41Z</time></trkpt><trkpt lat="45.542717" lon="25.325328"><ele>803.4</ele><time>2026-07-30T12:14:43Z</time></trkpt><trkpt lat="45.542748" lon="25.325205"><ele>803.3</ele><time>2026-07-30T12:14:45Z</time></trkpt><trkpt lat="45.542805" lon="25.325102"><ele>803.2</ele><time>2026-07-30T12:14:47Z</time></trkpt><trkpt lat="45.542873" lon="25.325013"><ele>803.1</ele><time>2026-07-30T12:14:49Z</time></trkpt><trkpt lat="45.542952" lon="25.324953"><ele>803.0</ele><time>2026-07-30T12:14:51Z</time></trkpt><trkpt lat="45.54303" lon="25.324908"><ele>803.0</ele><time>2026-07-30T12:14:53Z</time></trkpt><trkpt lat="45.543098" lon="25.324858"><ele>803.0</ele><time>2026-07-30T12:14:55Z</time></trkpt><trkpt lat="45.543168" lon="25.324817"><ele>803.1</ele><time>2026-07-30T12:14:57Z</time></trkpt><trkpt lat="45.543253" lon="25.324742"><ele>803.2</ele><time>2026-07-30T12:15:00Z</time></trkpt><trkpt lat="45.543337" lon="25.324673"><ele>803.3</ele><time>2026-07-30T12:15:03Z</time></trkpt><trkpt lat="45.543407" lon="25.324625"><ele>803.3</ele><time>2026-07-30T12:15:05Z</time></trkpt><trkpt lat="45.543472" lon="25.324553"><ele>803.4</ele><time>2026-07-30T12:15:07Z</time></trkpt><trkpt lat="45.543523" lon="25.324472"><ele>803.3</ele><time>2026-07-30T12:15:09Z</time></trkpt><trkpt lat="45.543583" lon="25.324367"><ele>803.4</ele><time>2026-07-30T12:15:11Z</time></trkpt><trkpt lat="45.543637" lon="25.324262"><ele>803.4</ele><time>2026-07-30T12:15:13Z</time></trkpt><trkpt lat="45.54369" lon="25.32416"><ele>803.4</ele><time>2026-07-30T12:15:15Z</time></trkpt><trkpt lat="45.54374" lon="25.324057"><ele>803.3</ele><time>2026-07-30T12:15:17Z</time></trkpt><trkpt lat="45.5438" lon="25.323965"><ele>803.2</ele><time>2026-07-30T12:15:19Z</time></trkpt><trkpt lat="45.54385" lon="25.323865"><ele>803.0</ele><time>2026-07-30T12:15:21Z</time></trkpt><trkpt lat="45.543905" lon="25.323772"><ele>802.8</ele><time>2026-07-30T12:15:23Z</time></trkpt><trkpt lat="45.543965" lon="25.323662"><ele>802.6</ele><time>2026-07-30T12:15:25Z</time></trkpt><trkpt lat="45.54402" lon="25.323553"><ele>802.5</ele><time>2026-07-30T12:15:27Z</time></trkpt><trkpt lat="45.544072" lon="25.323438"><ele>802.4</ele><time>2026-07-30T12:15:29Z</time></trkpt><trkpt lat="45.54413" lon="25.323325"><ele>802.2</ele><time>2026-07-30T12:15:31Z</time></trkpt><trkpt lat="45.54419" lon="25.32321"><ele>802.0</ele><time>2026-07-30T12:15:33Z</time></trkpt><trkpt lat="45.544245" lon="25.323095"><ele>801.7</ele><time>2026-07-30T12:15:35Z</time></trkpt><trkpt lat="45.544307" lon="25.322972"><ele>801.3</ele><time>2026-07-30T12:15:37Z</time></trkpt><trkpt lat="45.544363" lon="25.322888"><ele>801.0</ele><time>2026-07-30T12:15:39Z</time></trkpt><trkpt lat="45.54444" lon="25.322757"><ele>800.8</ele><time>2026-07-30T12:15:41Z</time></trkpt><trkpt lat="45.5445" lon="25.32265"><ele>800.5</ele><time>2026-07-30T12:15:43Z</time></trkpt><trkpt lat="45.544563" lon="25.322513"><ele>800.3</ele><time>2026-07-30T12:15:45Z</time></trkpt><trkpt lat="45.544628" lon="25.322402"><ele>800.1</ele><time>2026-07-30T12:15:47Z</time></trkpt><trkpt lat="45.54472" lon="25.322283"><ele>799.8</ele><time>2026-07-30T12:15:49Z</time></trkpt><trkpt lat="45.544825" lon="25.322203"><ele>799.6</ele><time>2026-07-30T12:15:51Z</time></trkpt><trkpt lat="45.544945" lon="25.322182"><ele>799.4</ele><time>2026-07-30T12:15:53Z</time></trkpt><trkpt lat="45.545063" lon="25.32222"><ele>799.1</ele><time>2026-07-30T12:15:55Z</time></trkpt><trkpt lat="45.545153" lon="25.322267"><ele>798.9</ele><time>2026-07-30T12:15:57Z</time></trkpt><trkpt lat="45.54525" lon="25.322328"><ele>798.7</ele><time>2026-07-30T12:15:59Z</time></trkpt><trkpt lat="45.545348" lon="25.322378"><ele>798.5</ele><time>2026-07-30T12:16:01Z</time></trkpt><trkpt lat="45.545452" lon="25.322437"><ele>798.4</ele><time>2026-07-30T12:16:03Z</time></trkpt><trkpt lat="45.545552" lon="25.322462"><ele>798.2</ele><time>2026-07-30T12:16:05Z</time></trkpt><trkpt lat="45.545653" lon="25.322475"><ele>798.0</ele><time>2026-07-30T12:16:07Z</time></trkpt><trkpt lat="45.545755" lon="25.322475"><ele>797.7</ele><time>2026-07-30T12:16:09Z</time></trkpt><trkpt lat="45.545857" lon="25.322468"><ele>797.4</ele><time>2026-07-30T12:16:11Z</time></trkpt><trkpt lat="45.545962" lon="25.322468"><ele>797.1</ele><time>2026-07-30T12:16:13Z</time></trkpt><trkpt lat="45.546077" lon="25.322472"><ele>796.6</ele><time>2026-07-30T12:16:15Z</time></trkpt><trkpt lat="45.546205" lon="25.322478"><ele>796.1</ele><time>2026-07-30T12:16:17Z</time></trkpt><trkpt lat="45.54634" lon="25.322463"><ele>795.7</ele><time>2026-07-30T12:16:19Z</time></trkpt><trkpt lat="45.546495" lon="25.322462"><ele>794.9</ele><time>2026-07-30T12:16:21Z</time></trkpt><trkpt lat="45.546645" lon="25.322442"><ele>794.0</ele><time>2026-07-30T12:16:23Z</time></trkpt><trkpt lat="45.546727" lon="25.322428"><ele>793.5</ele><time>2026-07-30T12:16:24Z</time></trkpt><trkpt lat="45.546807" lon="25.322407"><ele>793.0</ele><time>2026-07-30T12:16:25Z</time></trkpt><trkpt lat="45.546878" lon="25.322382"><ele>792.5</ele><time>2026-07-30T12:16:26Z</time></trkpt><trkpt lat="45.54696" lon="25.322363"><ele>792.0</ele><time>2026-07-30T12:16:27Z</time></trkpt><trkpt lat="45.547042" lon="25.322355"><ele>791.5</ele><time>2026-07-30T12:16:28Z</time></trkpt><trkpt lat="45.547127" lon="25.32234"><ele>791.1</ele><time>2026-07-30T12:16:29Z</time></trkpt><trkpt lat="45.547207" lon="25.322318"><ele>790.6</ele><time>2026-07-30T12:16:30Z</time></trkpt><trkpt lat="45.547288" lon="25.322295"><ele>790.3</ele><time>2026-07-30T12:16:31Z</time></trkpt><trkpt lat="45.54737" lon="25.32227"><ele>789.9</ele><time>2026-07-30T12:16:32Z</time></trkpt><trkpt lat="45.547448" lon="25.32225"><ele>789.5</ele><time>2026-07-30T12:16:33Z</time></trkpt><trkpt lat="45.547528" lon="25.32223"><ele>789.2</ele><time>2026-07-30T12:16:34Z</time></trkpt><trkpt lat="45.547608" lon="25.322208"><ele>788.8</ele><time>2026-07-30T12:16:35Z</time></trkpt><trkpt lat="45.547697" lon="25.322192"><ele>788.8</ele><time>2026-07-30T12:16:36Z</time></trkpt><trkpt lat="45.547783" lon="25.32217"><ele>788.5</ele><time>2026-07-30T12:16:37Z</time></trkpt><trkpt lat="45.547868" lon="25.32215"><ele>788.1</ele><time>2026-07-30T12:16:38Z</time></trkpt><trkpt lat="45.547948" lon="25.322137"><ele>788.0</ele><time>2026-07-30T12:16:39Z</time></trkpt><trkpt lat="45.548053" lon="25.322097"><ele>787.6</ele><time>2026-07-30T12:16:41Z</time></trkpt><trkpt lat="45.548175" lon="25.32209"><ele>786.9</ele><time>2026-07-30T12:16:43Z</time></trkpt><trkpt lat="45.54825" lon="25.322082"><ele>786.4</ele><time>2026-07-30T12:16:44Z</time></trkpt><trkpt lat="45.548327" lon="25.32207"><ele>785.9</ele><time>2026-07-30T12:16:45Z</time></trkpt><trkpt lat="45.548407" lon="25.32206"><ele>785.6</ele><time>2026-07-30T12:16:46Z</time></trkpt><trkpt lat="45.548485" lon="25.322055"><ele>785.3</ele><time>2026-07-30T12:16:47Z</time></trkpt><trkpt lat="45.54857" lon="25.32205"><ele>784.7</ele><time>2026-07-30T12:16:48Z</time></trkpt><trkpt lat="45.548658" lon="25.322053"><ele>784.2</ele><time>2026-07-30T12:16:49Z</time></trkpt><trkpt lat="45.548745" lon="25.322067"><ele>783.6</ele><time>2026-07-30T12:16:50Z</time></trkpt><trkpt lat="45.548832" lon="25.322078"><ele>783.0</ele><time>2026-07-30T12:16:51Z</time></trkpt><trkpt lat="45.54892" lon="25.322093"><ele>782.5</ele><time>2026-07-30T12:16:52Z</time></trkpt><trkpt lat="45.54901" lon="25.322113"><ele>782.5</ele><time>2026-07-30T12:16:53Z</time></trkpt><trkpt lat="45.549103" lon="25.322127"><ele>782.0</ele><time>2026-07-30T12:16:54Z</time></trkpt><trkpt lat="45.549197" lon="25.322143"><ele>781.7</ele><time>2026-07-30T12:16:55Z</time></trkpt><trkpt lat="45.54929" lon="25.322163"><ele>781.1</ele><time>2026-07-30T12:16:56Z</time></trkpt><trkpt lat="45.549385" lon="25.322182"><ele>780.7</ele><time>2026-07-30T12:16:57Z</time></trkpt><trkpt lat="45.549482" lon="25.322195"><ele>780.1</ele><time>2026-07-30T12:16:58Z</time></trkpt><trkpt lat="45.549577" lon="25.322215"><ele>779.6</ele><time>2026-07-30T12:16:59Z</time></trkpt><trkpt lat="45.549673" lon="25.322238"><ele>779.0</ele><time>2026-07-30T12:17:00Z</time></trkpt><trkpt lat="45.549772" lon="25.322253"><ele>778.5</ele><time>2026-07-30T12:17:01Z</time></trkpt><trkpt lat="45.549867" lon="25.322273"><ele>778.5</ele><time>2026-07-30T12:17:02Z</time></trkpt><trkpt lat="45.549963" lon="25.322292"><ele>777.8</ele><time>2026-07-30T12:17:03Z</time></trkpt><trkpt lat="45.550063" lon="25.322305"><ele>777.2</ele><time>2026-07-30T12:17:04Z</time></trkpt><trkpt lat="45.550158" lon="25.322325"><ele>776.5</ele><time>2026-07-30T12:17:05Z</time></trkpt><trkpt lat="45.55026" lon="25.322322"><ele>776.5</ele><time>2026-07-30T12:17:06Z</time></trkpt><trkpt lat="45.550368" lon="25.322298"><ele>775.7</ele><time>2026-07-30T12:17:07Z</time></trkpt><trkpt lat="45.550453" lon="25.322243"><ele>774.9</ele><time>2026-07-30T12:17:08Z</time></trkpt><trkpt lat="45.550542" lon="25.322168"><ele>774.1</ele><time>2026-07-30T12:17:09Z</time></trkpt><trkpt lat="45.550622" lon="25.322075"><ele>774.1</ele><time>2026-07-30T12:17:10Z</time></trkpt><trkpt lat="45.550688" lon="25.32197"><ele>773.3</ele><time>2026-07-30T12:17:11Z</time></trkpt><trkpt lat="45.550748" lon="25.321848"><ele>772.6</ele><time>2026-07-30T12:17:12Z</time></trkpt><trkpt lat="45.550805" lon="25.32173"><ele>771.9</ele><time>2026-07-30T12:17:13Z</time></trkpt><trkpt lat="45.55087" lon="25.321618"><ele>771.9</ele><time>2026-07-30T12:17:14Z</time></trkpt><trkpt lat="45.550932" lon="25.321503"><ele>771.3</ele><time>2026-07-30T12:17:15Z</time></trkpt><trkpt lat="45.550992" lon="25.321383"><ele>770.5</ele><time>2026-07-30T12:17:16Z</time></trkpt><trkpt lat="45.551057" lon="25.321272"><ele>769.8</ele><time>2026-07-30T12:17:17Z</time></trkpt><trkpt lat="45.551117" lon="25.321155"><ele>768.9</ele><time>2026-07-30T12:17:18Z</time></trkpt><trkpt lat="45.551173" lon="25.321038"><ele>768.9</ele><time>2026-07-30T12:17:19Z</time></trkpt><trkpt lat="45.551225" lon="25.320913"><ele>768.0</ele><time>2026-07-30T12:17:20Z</time></trkpt><trkpt lat="45.551275" lon="25.320788"><ele>767.1</ele><time>2026-07-30T12:17:21Z</time></trkpt><trkpt lat="45.551317" lon="25.320653"><ele>766.2</ele><time>2026-07-30T12:17:22Z</time></trkpt><trkpt lat="45.551353" lon="25.320517"><ele>766.2</ele><time>2026-07-30T12:17:23Z</time></trkpt><trkpt lat="45.551388" lon="25.320378"><ele>765.2</ele><time>2026-07-30T12:17:24Z</time></trkpt><trkpt lat="45.55142" lon="25.320238"><ele>763.8</ele><time>2026-07-30T12:17:25Z</time></trkpt><trkpt lat="45.551452" lon="25.320098"><ele>762.9</ele><time>2026-07-30T12:17:26Z</time></trkpt><trkpt lat="45.551495" lon="25.31996"><ele>762.9</ele><time>2026-07-30T12:17:27Z</time></trkpt><trkpt lat="45.551555" lon="25.319832"><ele>762.0</ele><time>2026-07-30T12:17:28Z</time></trkpt><trkpt lat="45.551638" lon="25.31973"><ele>761.2</ele><time>2026-07-30T12:17:29Z</time></trkpt><trkpt lat="45.551737" lon="25.319657"><ele>760.5</ele><time>2026-07-30T12:17:30Z</time></trkpt><trkpt lat="45.55184" lon="25.319612"><ele>760.5</ele><time>2026-07-30T12:17:31Z</time></trkpt><trkpt lat="45.551953" lon="25.319588"><ele>760.4</ele><time>2026-07-30T12:17:32Z</time></trkpt><trkpt lat="45.552063" lon="25.319575"><ele>759.7</ele><time>2026-07-30T12:17:32Z</time></trkpt><trkpt lat="45.552168" lon="25.319593"><ele>758.7</ele><time>2026-07-30T12:17:33Z</time></trkpt><trkpt lat="45.552275" lon="25.319623"><ele>758.7</ele><time>2026-07-30T12:17:34Z</time></trkpt><trkpt lat="45.552377" lon="25.31967"><ele>757.4</ele><time>2026-07-30T12:17:35Z</time></trkpt><trkpt lat="45.552475" lon="25.31972"><ele>755.4</ele><time>2026-07-30T12:17:36Z</time></trkpt><trkpt lat="45.55258" lon="25.319753"><ele>753.8</ele><time>2026-07-30T12:17:37Z</time></trkpt><trkpt lat="45.552682" lon="25.319785"><ele>753.8</ele><time>2026-07-30T12:17:38Z</time></trkpt><trkpt lat="45.552785" lon="25.319795"><ele>752.7</ele><time>2026-07-30T12:17:39Z</time></trkpt><trkpt lat="45.552888" lon="25.31979"><ele>751.4</ele><time>2026-07-30T12:17:40Z</time></trkpt><trkpt lat="45.55299" lon="25.319777"><ele>750.7</ele><time>2026-07-30T12:17:41Z</time></trkpt><trkpt lat="45.553088" lon="25.319765"><ele>750.7</ele><time>2026-07-30T12:17:42Z</time></trkpt><trkpt lat="45.55319" lon="25.319753"><ele>750.6</ele><time>2026-07-30T12:17:43Z</time></trkpt><trkpt lat="45.553293" lon="25.319753"><ele>749.1</ele><time>2026-07-30T12:17:44Z</time></trkpt><trkpt lat="45.553395" lon="25.319778"><ele>748.1</ele><time>2026-07-30T12:17:45Z</time></trkpt><trkpt lat="45.553492" lon="25.319832"><ele>748.1</ele><time>2026-07-30T12:17:46Z</time></trkpt><trkpt lat="45.553578" lon="25.31991"><ele>747.1</ele><time>2026-07-30T12:17:47Z</time></trkpt><trkpt lat="45.553658" lon="25.320003"><ele>746.1</ele><time>2026-07-30T12:17:48Z</time></trkpt><trkpt lat="45.55373" lon="25.320102"><ele>744.9</ele><time>2026-07-30T12:17:49Z</time></trkpt><trkpt lat="45.553798" lon="25.320208"><ele>744.9</ele><time>2026-07-30T12:17:50Z</time></trkpt><trkpt lat="45.553865" lon="25.32032"><ele>744.5</ele><time>2026-07-30T12:17:51Z</time></trkpt><trkpt lat="45.553932" lon="25.32043"><ele>743.4</ele><time>2026-07-30T12:17:52Z</time></trkpt><trkpt lat="45.553988" lon="25.320552"><ele>742.1</ele><time>2026-07-30T12:17:53Z</time></trkpt><trkpt lat="45.554038" lon="25.32068"><ele>742.1</ele><time>2026-07-30T12:17:54Z</time></trkpt><trkpt lat="45.554087" lon="25.320812"><ele>740.8</ele><time>2026-07-30T12:17:55Z</time></trkpt><trkpt lat="45.554135" lon="25.320942"><ele>739.6</ele><time>2026-07-30T12:17:56Z</time></trkpt><trkpt lat="45.55418" lon="25.321077"><ele>738.9</ele><time>2026-07-30T12:17:57Z</time></trkpt><trkpt lat="45.554228" lon="25.321207"><ele>738.4</ele><time>2026-07-30T12:17:58Z</time></trkpt><trkpt lat="45.554275" lon="25.321338"><ele>738.4</ele><time>2026-07-30T12:17:59Z</time></trkpt><trkpt lat="45.554318" lon="25.321475"><ele>737.6</ele><time>2026-07-30T12:18:01Z</time></trkpt><trkpt lat="45.554367" lon="25.321613"><ele>737.0</ele><time>2026-07-30T12:18:02Z</time></trkpt><trkpt lat="45.554413" lon="25.32175"><ele>736.3</ele><time>2026-07-30T12:18:03Z</time></trkpt><trkpt lat="45.554458" lon="25.321887"><ele>736.3</ele><time>2026-07-30T12:18:04Z</time></trkpt><trkpt lat="45.554507" lon="25.322028"><ele>735.3</ele><time>2026-07-30T12:18:05Z</time></trkpt><trkpt lat="45.554553" lon="25.322168"><ele>734.3</ele><time>2026-07-30T12:18:06Z</time></trkpt><trkpt lat="45.554602" lon="25.32231"><ele>733.4</ele><time>2026-07-30T12:18:07Z</time></trkpt><trkpt lat="45.554652" lon="25.322452"><ele>733.4</ele><time>2026-07-30T12:18:08Z</time></trkpt><trkpt lat="45.554702" lon="25.322595"><ele>732.7</ele><time>2026-07-30T12:18:09Z</time></trkpt><trkpt lat="45.554752" lon="25.322732"><ele>731.8</ele><time>2026-07-30T12:18:10Z</time></trkpt><trkpt lat="45.554805" lon="25.322867"><ele>731.0</ele><time>2026-07-30T12:18:11Z</time></trkpt><trkpt lat="45.554863" lon="25.323003"><ele>731.0</ele><time>2026-07-30T12:18:12Z</time></trkpt><trkpt lat="45.554907" lon="25.323152"><ele>730.2</ele><time>2026-07-30T12:18:13Z</time></trkpt><trkpt lat="45.554938" lon="25.323305"><ele>729.4</ele><time>2026-07-30T12:18:14Z</time></trkpt><trkpt lat="45.554965" lon="25.323467"><ele>728.7</ele><time>2026-07-30T12:18:15Z</time></trkpt><trkpt lat="45.55499" lon="25.323615"><ele>728.7</ele><time>2026-07-30T12:18:16Z</time></trkpt><trkpt lat="45.555017" lon="25.323777"><ele>727.8</ele><time>2026-07-30T12:18:17Z</time></trkpt><trkpt lat="45.555042" lon="25.323938"><ele>727.0</ele><time>2026-07-30T12:18:18Z</time></trkpt><trkpt lat="45.555072" lon="25.324093"><ele>726.1</ele><time>2026-07-30T12:18:19Z</time></trkpt><trkpt lat="45.555113" lon="25.324245"><ele>726.1</ele><time>2026-07-30T12:18:20Z</time></trkpt><trkpt lat="45.555163" lon="25.324373"><ele>725.3</ele><time>2026-07-30T12:18:21Z</time></trkpt><trkpt lat="45.555217" lon="25.324493"><ele>724.5</ele><time>2026-07-30T12:18:22Z</time></trkpt><trkpt lat="45.555262" lon="25.324598"><ele>723.9</ele><time>2026-07-30T12:18:23Z</time></trkpt><trkpt lat="45.555325" lon="25.324695"><ele>723.9</ele><time>2026-07-30T12:18:24Z</time></trkpt><trkpt lat="45.555392" lon="25.324785"><ele>723.3</ele><time>2026-07-30T12:18:25Z</time></trkpt><trkpt lat="45.555453" lon="25.32487"><ele>722.7</ele><time>2026-07-30T12:18:26Z</time></trkpt><trkpt lat="45.55551" lon="25.324953"><ele>722.4</ele><time>2026-07-30T12:18:27Z</time></trkpt><trkpt lat="45.555563" lon="25.325038"><ele>722.4</ele><time>2026-07-30T12:18:28Z</time></trkpt><trkpt lat="45.55562" lon="25.325118"><ele>722.3</ele><time>2026-07-30T12:18:29Z</time></trkpt><trkpt lat="45.555675" lon="25.325193"><ele>722.0</ele><time>2026-07-30T12:18:30Z</time></trkpt><trkpt lat="45.55573" lon="25.32526"><ele>722.0</ele><time>2026-07-30T12:18:31Z</time></trkpt><trkpt lat="45.555832" lon="25.325375"><ele>722.0</ele><time>2026-07-30T12:18:33Z</time></trkpt><trkpt lat="45.555945" lon="25.325463"><ele>721.5</ele><time>2026-07-30T12:18:35Z</time></trkpt><trkpt lat="45.556053" lon="25.325507"><ele>721.4</ele><time>2026-07-30T12:18:37Z</time></trkpt><trkpt lat="45.556158" lon="25.32554"><ele>721.1</ele><time>2026-07-30T12:18:39Z</time></trkpt><trkpt lat="45.556268" lon="25.325562"><ele>720.9</ele><time>2026-07-30T12:18:41Z</time></trkpt><trkpt lat="45.556378" lon="25.32558"><ele>720.5</ele><time>2026-07-30T12:18:43Z</time></trkpt><trkpt lat="45.556485" lon="25.325567"><ele>720.3</ele><time>2026-07-30T12:18:45Z</time></trkpt><trkpt lat="45.556582" lon="25.325528"><ele>720.0</ele><time>2026-07-30T12:18:47Z</time></trkpt><trkpt lat="45.556668" lon="25.325473"><ele>719.8</ele><time>2026-07-30T12:18:49Z</time></trkpt><trkpt lat="45.55674" lon="25.325403"><ele>719.5</ele><time>2026-07-30T12:18:51Z</time></trkpt><trkpt lat="45.556812" lon="25.325328"><ele>719.3</ele><time>2026-07-30T12:18:53Z</time></trkpt><trkpt lat="45.556875" lon="25.325215"><ele>718.9</ele><time>2026-07-30T12:18:55Z</time></trkpt><trkpt lat="45.556942" lon="25.3251"><ele>718.8</ele><time>2026-07-30T12:18:57Z</time></trkpt><trkpt lat="45.556992" lon="25.32499"><ele>718.5</ele><time>2026-07-30T12:18:59Z</time></trkpt><trkpt lat="45.557047" lon="25.324885"><ele>718.4</ele><time>2026-07-30T12:19:01Z</time></trkpt><trkpt lat="45.557105" lon="25.324777"><ele>717.9</ele><time>2026-07-30T12:19:03Z</time></trkpt><trkpt lat="45.557155" lon="25.324678"><ele>717.7</ele><time>2026-07-30T12:19:05Z</time></trkpt><trkpt lat="45.557217" lon="25.324588"><ele>717.6</ele><time>2026-07-30T12:19:07Z</time></trkpt><trkpt lat="45.557268" lon="25.324505"><ele>717.6</ele><time>2026-07-30T12:19:09Z</time></trkpt><trkpt lat="45.557337" lon="25.324432"><ele>717.5</ele><time>2026-07-30T12:19:11Z</time></trkpt><trkpt lat="45.55742" lon="25.32438"><ele>717.5</ele><time>2026-07-30T12:19:13Z</time></trkpt><trkpt lat="45.557503" lon="25.32435"><ele>717.5</ele><time>2026-07-30T12:19:15Z</time></trkpt><trkpt lat="45.557587" lon="25.324332"><ele>717.5</ele><time>2026-07-30T12:19:17Z</time></trkpt><trkpt lat="45.55767" lon="25.324325"><ele>717.5</ele><time>2026-07-30T12:19:19Z</time></trkpt><trkpt lat="45.55776" lon="25.324318"><ele>717.5</ele><time>2026-07-30T12:19:21Z</time></trkpt><trkpt lat="45.55785" lon="25.324308"><ele>717.5</ele><time>2026-07-30T12:19:23Z</time></trkpt><trkpt lat="45.557935" lon="25.324305"><ele>717.4</ele><time>2026-07-30T12:19:25Z</time></trkpt><trkpt lat="45.558023" lon="25.3243"><ele>717.4</ele><time>2026-07-30T12:19:27Z</time></trkpt><trkpt lat="45.558113" lon="25.324298"><ele>717.4</ele><time>2026-07-30T12:19:29Z</time></trkpt><trkpt lat="45.5582" lon="25.324292"><ele>717.3</ele><time>2026-07-30T12:19:31Z</time></trkpt><trkpt lat="45.558287" lon="25.324287"><ele>717.2</ele><time>2026-07-30T12:19:33Z</time></trkpt><trkpt lat="45.558385" lon="25.324277"><ele>717.0</ele><time>2026-07-30T12:19:35Z</time></trkpt><trkpt lat="45.55848" lon="25.32426"><ele>716.9</ele><time>2026-07-30T12:19:37Z</time></trkpt><trkpt lat="45.558577" lon="25.324255"><ele>716.9</ele><time>2026-07-30T12:19:38Z</time></trkpt><trkpt lat="45.558668" lon="25.324257"><ele>717.0</ele><time>2026-07-30T12:19:40Z</time></trkpt><trkpt lat="45.558752" lon="25.324245"><ele>717.1</ele><time>2026-07-30T12:19:42Z</time></trkpt><trkpt lat="45.558828" lon="25.324252"><ele>717.1</ele><time>2026-07-30T12:19:44Z</time></trkpt><trkpt lat="45.558927" lon="25.324245"><ele>717.1</ele><time>2026-07-30T12:19:47Z</time></trkpt><trkpt lat="45.559003" lon="25.324257"><ele>717.2</ele><time>2026-07-30T12:19:49Z</time></trkpt><trkpt lat="45.559132" lon="25.32427"><ele>717.3</ele><time>2026-07-30T12:19:52Z</time></trkpt><trkpt lat="45.559207" lon="25.324267"><ele>717.0</ele><time>2026-07-30T12:19:55Z</time></trkpt><trkpt lat="45.559277" lon="25.324242"><ele>716.9</ele><time>2026-07-30T12:19:59Z</time></trkpt><trkpt lat="45.559307" lon="25.324117"><ele>717.2</ele><time>2026-07-30T12:20:02Z</time></trkpt><trkpt lat="45.559337" lon="25.324003"><ele>717.5</ele><time>2026-07-30T12:20:04Z</time></trkpt><trkpt lat="45.559357" lon="25.323882"><ele>717.7</ele><time>2026-07-30T12:20:06Z</time></trkpt><trkpt lat="45.559385" lon="25.323747"><ele>717.9</ele><time>2026-07-30T12:20:08Z</time></trkpt><trkpt lat="45.559415" lon="25.32361"><ele>717.9</ele><time>2026-07-30T12:20:10Z</time></trkpt><trkpt lat="45.559417" lon="25.323478"><ele>718.0</ele><time>2026-07-30T12:20:13Z</time></trkpt><trkpt lat="45.559445" lon="25.323252"><ele>718.2</ele><time>2026-07-30T12:20:15Z</time></trkpt><trkpt lat="45.559457" lon="25.323128"><ele>718.3</ele><time>2026-07-30T12:20:18Z</time></trkpt><trkpt lat="45.559472" lon="25.322995"><ele>718.4</ele><time>2026-07-30T12:20:20Z</time></trkpt><trkpt lat="45.559482" lon="25.322868"><ele>718.5</ele><time>2026-07-30T12:20:22Z</time></trkpt><trkpt lat="45.559488" lon="25.322733"><ele>718.6</ele><time>2026-07-30T12:20:24Z</time></trkpt><trkpt lat="45.559492" lon="25.322608"><ele>718.8</ele><time>2026-07-30T12:20:26Z</time></trkpt><trkpt lat="45.55948" lon="25.322478"><ele>718.9</ele><time>2026-07-30T12:20:28Z</time></trkpt><trkpt lat="45.559473" lon="25.322342"><ele>719.1</ele><time>2026-07-30T12:20:30Z</time></trkpt><trkpt lat="45.559465" lon="25.322213"><ele>719.1</ele><time>2026-07-30T12:20:32Z</time></trkpt><trkpt lat="45.559462" lon="25.322075"><ele>719.1</ele><time>2026-07-30T12:20:34Z</time></trkpt><trkpt lat="45.559458" lon="25.321938"><ele>719.1</ele><time>2026-07-30T12:20:36Z</time></trkpt><trkpt lat="45.559437" lon="25.321802"><ele>719.6</ele><time>2026-07-30T12:20:40Z</time></trkpt><trkpt lat="45.55941" lon="25.321545"><ele>719.8</ele><time>2026-07-30T12:20:42Z</time></trkpt><trkpt lat="45.559405" lon="25.321408"><ele>719.9</ele><time>2026-07-30T12:20:44Z</time></trkpt><trkpt lat="45.559403" lon="25.321285"><ele>720.2</ele><time>2026-07-30T12:20:46Z</time></trkpt><trkpt lat="45.559398" lon="25.321157"><ele>720.5</ele><time>2026-07-30T12:20:48Z</time></trkpt><trkpt lat="45.559393" lon="25.321028"><ele>720.8</ele><time>2026-07-30T12:20:50Z</time></trkpt><trkpt lat="45.559392" lon="25.320903"><ele>721.0</ele><time>2026-07-30T12:20:52Z</time></trkpt><trkpt lat="45.559388" lon="25.32077"><ele>721.1</ele><time>2026-07-30T12:20:54Z</time></trkpt><trkpt lat="45.559392" lon="25.320637"><ele>721.4</ele><time>2026-07-30T12:20:56Z</time></trkpt><trkpt lat="45.559388" lon="25.32051"><ele>721.6</ele><time>2026-07-30T12:20:58Z</time></trkpt><trkpt lat="45.559383" lon="25.320377"><ele>721.8</ele><time>2026-07-30T12:21:00Z</time></trkpt><trkpt lat="45.559387" lon="25.320245"><ele>721.9</ele><time>2026-07-30T12:21:02Z</time></trkpt><trkpt lat="45.559418" lon="25.32009"><ele>722.3</ele><time>2026-07-30T12:21:05Z</time></trkpt><trkpt lat="45.559413" lon="25.31997"><ele>722.7</ele><time>2026-07-30T12:21:08Z</time></trkpt><trkpt lat="45.559407" lon="25.319738"><ele>722.9</ele><time>2026-07-30T12:21:10Z</time></trkpt><trkpt lat="45.559408" lon="25.319613"><ele>723.0</ele><time>2026-07-30T12:21:12Z</time></trkpt><trkpt lat="45.559413" lon="25.319495"><ele>723.2</ele><time>2026-07-30T12:21:14Z</time></trkpt><trkpt lat="45.559417" lon="25.31937"><ele>723.4</ele><time>2026-07-30T12:21:16Z</time></trkpt><trkpt lat="45.55942" lon="25.319247"><ele>723.6</ele><time>2026-07-30T12:21:18Z</time></trkpt><trkpt lat="45.55942" lon="25.319115"><ele>723.8</ele><time>2026-07-30T12:21:20Z</time></trkpt><trkpt lat="45.559418" lon="25.318992"><ele>724.0</ele><time>2026-07-30T12:21:22Z</time></trkpt><trkpt lat="45.55942" lon="25.318878"><ele>724.2</ele><time>2026-07-30T12:21:24Z</time></trkpt><trkpt lat="45.559418" lon="25.31876"><ele>724.4</ele><time>2026-07-30T12:21:26Z</time></trkpt><trkpt lat="45.559403" lon="25.318628"><ele>724.4</ele><time>2026-07-30T12:21:28Z</time></trkpt><trkpt lat="45.559387" lon="25.318482"><ele>724.4</ele><time>2026-07-30T12:21:32Z</time></trkpt><trkpt lat="45.559375" lon="25.318307"><ele>724.5</ele><time>2026-07-30T12:21:35Z</time></trkpt><trkpt lat="45.559357" lon="25.318157"><ele>724.7</ele><time>2026-07-30T12:21:37Z</time></trkpt><trkpt lat="45.559347" lon="25.318032"><ele>725.0</ele><time>2026-07-30T12:21:39Z</time></trkpt><trkpt lat="45.55933" lon="25.31791"><ele>725.3</ele><time>2026-07-30T12:21:41Z</time></trkpt><trkpt lat="45.559313" lon="25.317785"><ele>725.6</ele><time>2026-07-30T12:21:43Z</time></trkpt><trkpt lat="45.559302" lon="25.317662"><ele>725.7</ele><time>2026-07-30T12:21:44Z</time></trkpt><trkpt lat="45.559288" lon="25.317543"><ele>725.9</ele><time>2026-07-30T12:21:46Z</time></trkpt><trkpt lat="45.55927" lon="25.317417"><ele>726.2</ele><time>2026-07-30T12:21:48Z</time></trkpt><trkpt lat="45.559248" lon="25.31729"><ele>726.4</ele><time>2026-07-30T12:21:50Z</time></trkpt><trkpt lat="45.55923" lon="25.317168"><ele>726.6</ele><time>2026-07-30T12:21:52Z</time></trkpt><trkpt lat="45.559217" lon="25.31704"><ele>726.9</ele><time>2026-07-30T12:21:54Z</time></trkpt><trkpt lat="45.5592" lon="25.31692"><ele>727.2</ele><time>2026-07-30T12:21:56Z</time></trkpt><trkpt lat="45.55917" lon="25.316805"><ele>727.5</ele><time>2026-07-30T12:21:58Z</time></trkpt><trkpt lat="45.55914" lon="25.316688"><ele>727.7</ele><time>2026-07-30T12:22:00Z</time></trkpt><trkpt lat="45.559108" lon="25.316572"><ele>727.8</ele><time>2026-07-30T12:22:02Z</time></trkpt><trkpt lat="45.559077" lon="25.316457"><ele>727.9</ele><time>2026-07-30T12:22:04Z</time></trkpt><trkpt lat="45.559047" lon="25.31633"><ele>728.1</ele><time>2026-07-30T12:22:06Z</time></trkpt><trkpt lat="45.55901" lon="25.316215"><ele>728.4</ele><time>2026-07-30T12:22:08Z</time></trkpt><trkpt lat="45.558978" lon="25.316102"><ele>728.6</ele><time>2026-07-30T12:22:10Z</time></trkpt><trkpt lat="45.558948" lon="25.315987"><ele>728.9</ele><time>2026-07-30T12:22:12Z</time></trkpt><trkpt lat="45.558908" lon="25.31588"><ele>729.2</ele><time>2026-07-30T12:22:14Z</time></trkpt><trkpt lat="45.558867" lon="25.315767"><ele>729.4</ele><time>2026-07-30T12:22:16Z</time></trkpt><trkpt lat="45.558832" lon="25.31565"><ele>729.7</ele><time>2026-07-30T12:22:19Z</time></trkpt><trkpt lat="45.558795" lon="25.31554"><ele>729.8</ele><time>2026-07-30T12:22:21Z</time></trkpt><trkpt lat="45.558765" lon="25.315418"><ele>730.0</ele><time>2026-07-30T12:22:23Z</time></trkpt><trkpt lat="45.558732" lon="25.315305"><ele>730.3</ele><time>2026-07-30T12:22:25Z</time></trkpt><trkpt lat="45.558707" lon="25.315175"><ele>730.4</ele><time>2026-07-30T12:22:27Z</time></trkpt><trkpt lat="45.55869" lon="25.315045"><ele>730.6</ele><time>2026-07-30T12:22:29Z</time></trkpt><trkpt lat="45.55868" lon="25.314915"><ele>730.8</ele><time>2026-07-30T12:22:31Z</time></trkpt><trkpt lat="45.558677" lon="25.314798"><ele>731.0</ele><time>2026-07-30T12:22:33Z</time></trkpt><trkpt lat="45.558672" lon="25.31469"><ele>731.1</ele><time>2026-07-30T12:22:35Z</time></trkpt><trkpt lat="45.558668" lon="25.314552"><ele>731.2</ele><time>2026-07-30T12:22:38Z</time></trkpt><trkpt lat="45.55872" lon="25.314473"><ele>731.5</ele><time>2026-07-30T12:22:40Z</time></trkpt><trkpt lat="45.558792" lon="25.314412"><ele>731.6</ele><time>2026-07-30T12:22:42Z</time></trkpt><trkpt lat="45.558863" lon="25.31435"><ele>731.5</ele><time>2026-07-30T12:22:44Z</time></trkpt><trkpt lat="45.55894" lon="25.314305"><ele>731.3</ele><time>2026-07-30T12:22:46Z</time></trkpt><trkpt lat="45.559017" lon="25.314252"><ele>731.0</ele><time>2026-07-30T12:22:48Z</time></trkpt><trkpt lat="45.559083" lon="25.31419"><ele>730.9</ele><time>2026-07-30T12:22:50Z</time></trkpt><trkpt lat="45.559158" lon="25.314143"><ele>730.9</ele><time>2026-07-30T12:22:52Z</time></trkpt><trkpt lat="45.55927" lon="25.314142"><ele>730.8</ele><time>2026-07-30T12:22:55Z</time></trkpt><trkpt lat="45.559352" lon="25.314168"><ele>730.6</ele><time>2026-07-30T12:22:57Z</time></trkpt><trkpt lat="45.559425" lon="25.314192"><ele>730.4</ele><time>2026-07-30T12:22:59Z</time></trkpt><trkpt lat="45.559505" lon="25.314262"><ele>730.3</ele><time>2026-07-30T12:23:01Z</time></trkpt><trkpt lat="45.55958" lon="25.31429"><ele>730.2</ele><time>2026-07-30T12:23:03Z</time></trkpt><trkpt lat="45.559642" lon="25.314343"><ele>730.2</ele><time>2026-07-30T12:23:05Z</time></trkpt><trkpt lat="45.559698" lon="25.314407"><ele>729.9</ele><time>2026-07-30T12:23:07Z</time></trkpt><trkpt lat="45.55976" lon="25.314502"><ele>729.5</ele><time>2026-07-30T12:23:09Z</time></trkpt><trkpt lat="45.559807" lon="25.314613"><ele>729.3</ele><time>2026-07-30T12:23:11Z</time></trkpt><trkpt lat="45.559858" lon="25.314717"><ele>729.3</ele><time>2026-07-30T12:23:13Z</time></trkpt><trkpt lat="45.559932" lon="25.314803"><ele>729.2</ele><time>2026-07-30T12:23:15Z</time></trkpt><trkpt lat="45.55998" lon="25.314912"><ele>729.0</ele><time>2026-07-30T12:23:17Z</time></trkpt><trkpt lat="45.560037" lon="25.315013"><ele>728.8</ele><time>2026-07-30T12:23:19Z</time></trkpt><trkpt lat="45.560088" lon="25.315108"><ele>728.9</ele><time>2026-07-30T12:23:21Z</time></trkpt><trkpt lat="45.560143" lon="25.315215"><ele>728.9</ele><time>2026-07-30T12:23:23Z</time></trkpt><trkpt lat="45.56019" lon="25.315307"><ele>728.9</ele><time>2026-07-30T12:23:25Z</time></trkpt><trkpt lat="45.560233" lon="25.315418"><ele>728.7</ele><time>2026-07-30T12:23:27Z</time></trkpt><trkpt lat="45.560288" lon="25.315505"><ele>728.5</ele><time>2026-07-30T12:23:29Z</time></trkpt><trkpt lat="45.560338" lon="25.3156"><ele>728.2</ele><time>2026-07-30T12:23:31Z</time></trkpt><trkpt lat="45.560388" lon="25.315695"><ele>728.1</ele><time>2026-07-30T12:23:33Z</time></trkpt><trkpt lat="45.56044" lon="25.315792"><ele>728.0</ele><time>2026-07-30T12:23:35Z</time></trkpt><trkpt lat="45.56049" lon="25.315888"><ele>728.0</ele><time>2026-07-30T12:23:37Z</time></trkpt><trkpt lat="45.560542" lon="25.315987"><ele>727.9</ele><time>2026-07-30T12:23:39Z</time></trkpt><trkpt lat="45.560605" lon="25.316063"><ele>727.6</ele><time>2026-07-30T12:23:41Z</time></trkpt><trkpt lat="45.560693" lon="25.316102"><ele>727.1</ele><time>2026-07-30T12:23:44Z</time></trkpt><trkpt lat="45.56076" lon="25.31615"><ele>727.0</ele><time>2026-07-30T12:23:46Z</time></trkpt><trkpt lat="45.560823" lon="25.31627"><ele>726.8</ele><time>2026-07-30T12:23:49Z</time></trkpt><trkpt lat="45.560847" lon="25.31641"><ele>726.7</ele><time>2026-07-30T12:23:51Z</time></trkpt><trkpt lat="45.560823" lon="25.316532"><ele>726.5</ele><time>2026-07-30T12:23:55Z</time></trkpt><trkpt lat="45.560763" lon="25.316603"><ele>726.0</ele><time>2026-07-30T12:23:59Z</time></trkpt><trkpt lat="45.560818" lon="25.316683"><ele>725.4</ele><time>2026-07-30T12:24:11Z</time></trkpt></trkseg></trk></gpx>