<?xml version="1.0" encoding="UTF-8" standalone="no"?><gpx xmlns="http://www.topografix.com/GPX/1/1" xmlns:gpxtpx="http://www.garmin.com/xmlschemas/TrackPointExtension/v1" xmlns:xsi="http://www.w3.org/2001/XMLSchema-instance" creator="Sports Tracker" version="1.1" xsi:schemaLocation="http://www.topografix.com/GPX/1/1 http://www.topografix.com/GPX/1/1/gpx.xsd http://www.garmin.com/xmlschemas/TrackPointExtension/v1 http://www.garmin.com/xmlschemas/TrackPointExtensionv1.xsd"><metadata><name/><desc/><author><name>Olivian Daniel Tofan</name></author></metadata><trk><name/><trkseg><trkpt lat="45.674873" lon="25.514463"><ele>550.5</ele><time>2026-07-28T08:03:50Z</time></trkpt><trkpt lat="45.674902" lon="25.514563"><ele>545.8</ele><time>2026-07-28T08:04:29Z</time></trkpt><trkpt lat="45.674918" lon="25.514692"><ele>545.8</ele><time>2026-07-28T08:04:33Z</time></trkpt><trkpt lat="45.674943" lon="25.514802"><ele>545.8</ele><time>2026-07-28T08:04:36Z</time></trkpt><trkpt lat="45.674958" lon="25.51491"><ele>545.7</ele><time>2026-07-28T08:04:39Z</time></trkpt><trkpt lat="45.67498" lon="25.515012"><ele>545.7</ele><time>2026-07-28T08:04:42Z</time></trkpt><trkpt lat="45.674997" lon="25.515118"><ele>545.9</ele><time>2026-07-28T08:04:46Z</time></trkpt><trkpt lat="45.675018" lon="25.51523"><ele>546.0</ele><time>2026-07-28T08:04:51Z</time></trkpt><trkpt lat="45.674983" lon="25.515323"><ele>546.1</ele><time>2026-07-28T08:04:56Z</time></trkpt><trkpt lat="45.674917" lon="25.515242"><ele>546.5</ele><time>2026-07-28T08:05:04Z</time></trkpt><trkpt lat="45.67486" lon="25.51516"><ele>546.4</ele><time>2026-07-28T08:05:08Z</time></trkpt><trkpt lat="45.674807" lon="25.515087"><ele>546.4</ele><time>2026-07-28T08:05:11Z</time></trkpt><trkpt lat="45.67475" lon="25.515013"><ele>546.5</ele><time>2026-07-28T08:05:14Z</time></trkpt><trkpt lat="45.674693" lon="25.51493"><ele>546.4</ele><time>2026-07-28T08:05:17Z</time></trkpt><trkpt lat="45.67463" lon="25.514835"><ele>546.5</ele><time>2026-07-28T08:05:20Z</time></trkpt><trkpt lat="45.674563" lon="25.514733"><ele>546.7</ele><time>2026-07-28T08:05:23Z</time></trkpt><trkpt lat="45.67451" lon="25.51462"><ele>546.8</ele><time>2026-07-28T08:05:26Z</time></trkpt><trkpt lat="45.674452" lon="25.514542"><ele>546.8</ele><time>2026-07-28T08:05:29Z</time></trkpt><trkpt lat="45.674393" lon="25.514445"><ele>546.6</ele><time>2026-07-28T08:06:03Z</time></trkpt><trkpt lat="45.674343" lon="25.51436"><ele>546.9</ele><time>2026-07-28T08:06:07Z</time></trkpt><trkpt lat="45.674278" lon="25.51428"><ele>547.0</ele><time>2026-07-28T08:06:11Z</time></trkpt><trkpt lat="45.674222" lon="25.514213"><ele>547.4</ele><time>2026-07-28T08:06:15Z</time></trkpt><trkpt lat="45.674143" lon="25.514137"><ele>547.3</ele><time>2026-07-28T08:06:19Z</time></trkpt><trkpt lat="45.674082" lon="25.514057"><ele>547.2</ele><time>2026-07-28T08:06:22Z</time></trkpt><trkpt lat="45.674012" lon="25.513963"><ele>547.4</ele><time>2026-07-28T08:06:25Z</time></trkpt><trkpt lat="45.67396" lon="25.513885"><ele>547.5</ele><time>2026-07-28T08:06:27Z</time></trkpt><trkpt lat="45.673913" lon="25.513802"><ele>547.5</ele><time>2026-07-28T08:06:29Z</time></trkpt><trkpt lat="45.673858" lon="25.51372"><ele>547.5</ele><time>2026-07-28T08:06:31Z</time></trkpt><trkpt lat="45.673808" lon="25.513625"><ele>547.4</ele><time>2026-07-28T08:06:33Z</time></trkpt><trkpt lat="45.673758" lon="25.51355"><ele>547.2</ele><time>2026-07-28T08:06:36Z</time></trkpt><trkpt lat="45.673688" lon="25.513442"><ele>547.2</ele><time>2026-07-28T08:06:39Z</time></trkpt><trkpt lat="45.673613" lon="25.51333"><ele>547.3</ele><time>2026-07-28T08:06:42Z</time></trkpt><trkpt lat="45.673562" lon="25.513252"><ele>547.5</ele><time>2026-07-28T08:06:44Z</time></trkpt><trkpt lat="45.67351" lon="25.513177"><ele>547.5</ele><time>2026-07-28T08:06:46Z</time></trkpt><trkpt lat="45.673443" lon="25.513075"><ele>547.6</ele><time>2026-07-28T08:06:49Z</time></trkpt><trkpt lat="45.67338" lon="25.512987"><ele>547.8</ele><time>2026-07-28T08:06:52Z</time></trkpt><trkpt lat="45.67332" lon="25.512915"><ele>547.8</ele><time>2026-07-28T08:06:57Z</time></trkpt><trkpt lat="45.67322" lon="25.512942"><ele>547.8</ele><time>2026-07-28T08:07:01Z</time></trkpt><trkpt lat="45.673153" lon="25.513057"><ele>547.9</ele><time>2026-07-28T08:07:04Z</time></trkpt><trkpt lat="45.673105" lon="25.513145"><ele>547.9</ele><time>2026-07-28T08:07:05Z</time></trkpt><trkpt lat="45.673053" lon="25.513222"><ele>548.0</ele><time>2026-07-28T08:07:07Z</time></trkpt><trkpt lat="45.672987" lon="25.513355"><ele>548.0</ele><time>2026-07-28T08:07:10Z</time></trkpt><trkpt lat="45.672938" lon="25.513432"><ele>548.1</ele><time>2026-07-28T08:07:12Z</time></trkpt><trkpt lat="45.672882" lon="25.513532"><ele>548.1</ele><time>2026-07-28T08:07:15Z</time></trkpt><trkpt lat="45.67281" lon="25.513587"><ele>548.1</ele><time>2026-07-28T08:07:17Z</time></trkpt><trkpt lat="45.672738" lon="25.513678"><ele>547.8</ele><time>2026-07-28T08:07:20Z</time></trkpt><trkpt lat="45.672663" lon="25.513793"><ele>547.9</ele><time>2026-07-28T08:07:23Z</time></trkpt><trkpt lat="45.672607" lon="25.513858"><ele>548.3</ele><time>2026-07-28T08:07:25Z</time></trkpt><trkpt lat="45.672552" lon="25.51393"><ele>548.4</ele><time>2026-07-28T08:07:27Z</time></trkpt><trkpt lat="45.672467" lon="25.51401"><ele>548.4</ele><time>2026-07-28T08:07:29Z</time></trkpt><trkpt lat="45.672408" lon="25.514123"><ele>548.6</ele><time>2026-07-28T08:07:33Z</time></trkpt><trkpt lat="45.672333" lon="25.514293"><ele>548.6</ele><time>2026-07-28T08:07:35Z</time></trkpt><trkpt lat="45.672283" lon="25.514377"><ele>548.6</ele><time>2026-07-28T08:07:37Z</time></trkpt><trkpt lat="45.672217" lon="25.514477"><ele>548.6</ele><time>2026-07-28T08:07:40Z</time></trkpt><trkpt lat="45.672153" lon="25.514585"><ele>548.6</ele><time>2026-07-28T08:07:44Z</time></trkpt><trkpt lat="45.672088" lon="25.5147"><ele>548.4</ele><time>2026-07-28T08:07:47Z</time></trkpt><trkpt lat="45.672023" lon="25.514815"><ele>548.3</ele><time>2026-07-28T08:07:50Z</time></trkpt><trkpt lat="45.671958" lon="25.514925"><ele>548.4</ele><time>2026-07-28T08:07:53Z</time></trkpt><trkpt lat="45.6719" lon="25.51501"><ele>548.6</ele><time>2026-07-28T08:07:56Z</time></trkpt><trkpt lat="45.671817" lon="25.515147"><ele>548.6</ele><time>2026-07-28T08:08:00Z</time></trkpt><trkpt lat="45.67176" lon="25.515247"><ele>548.5</ele><time>2026-07-28T08:08:03Z</time></trkpt><trkpt lat="45.671692" lon="25.515347"><ele>548.6</ele><time>2026-07-28T08:08:06Z</time></trkpt><trkpt lat="45.671607" lon="25.515358"><ele>548.7</ele><time>2026-07-28T08:08:09Z</time></trkpt><trkpt lat="45.671537" lon="25.51526"><ele>548.9</ele><time>2026-07-28T08:08:12Z</time></trkpt><trkpt lat="45.671473" lon="25.515152"><ele>549.7</ele><time>2026-07-28T08:08:15Z</time></trkpt><trkpt lat="45.67142" lon="25.515075"><ele>550.0</ele><time>2026-07-28T08:08:17Z</time></trkpt><trkpt lat="45.671367" lon="25.514995"><ele>550.2</ele><time>2026-07-28T08:08:19Z</time></trkpt><trkpt lat="45.671308" lon="25.514913"><ele>550.2</ele><time>2026-07-28T08:08:21Z</time></trkpt><trkpt lat="45.671258" lon="25.514828"><ele>550.2</ele><time>2026-07-28T08:08:23Z</time></trkpt><trkpt lat="45.671198" lon="25.514752"><ele>550.2</ele><time>2026-07-28T08:08:25Z</time></trkpt><trkpt lat="45.671148" lon="25.514668"><ele>550.2</ele><time>2026-07-28T08:08:27Z</time></trkpt><trkpt lat="45.671097" lon="25.514585"><ele>550.3</ele><time>2026-07-28T08:08:29Z</time></trkpt><trkpt lat="45.671042" lon="25.514497"><ele>550.3</ele><time>2026-07-28T08:08:31Z</time></trkpt><trkpt lat="45.67099" lon="25.514413"><ele>550.4</ele><time>2026-07-28T08:08:33Z</time></trkpt><trkpt lat="45.670927" lon="25.514323"><ele>550.9</ele><time>2026-07-28T08:08:37Z</time></trkpt><trkpt lat="45.670887" lon="25.514232"><ele>550.9</ele><time>2026-07-28T08:08:39Z</time></trkpt><trkpt lat="45.670838" lon="25.514147"><ele>550.7</ele><time>2026-07-28T08:08:41Z</time></trkpt><trkpt lat="45.670718" lon="25.514005"><ele>550.8</ele><time>2026-07-28T08:08:44Z</time></trkpt><trkpt lat="45.670658" lon="25.513933"><ele>550.9</ele><time>2026-07-28T08:08:46Z</time></trkpt><trkpt lat="45.670605" lon="25.513862"><ele>550.9</ele><time>2026-07-28T08:08:48Z</time></trkpt><trkpt lat="45.670557" lon="25.513785"><ele>551.0</ele><time>2026-07-28T08:08:50Z</time></trkpt><trkpt lat="45.670483" lon="25.513672"><ele>551.1</ele><time>2026-07-28T08:08:53Z</time></trkpt><trkpt lat="45.670415" lon="25.51356"><ele>551.1</ele><time>2026-07-28T08:08:56Z</time></trkpt><trkpt lat="45.67037" lon="25.513477"><ele>551.2</ele><time>2026-07-28T08:08:58Z</time></trkpt><trkpt lat="45.670302" lon="25.513365"><ele>551.5</ele><time>2026-07-28T08:09:01Z</time></trkpt><trkpt lat="45.67027" lon="25.513272"><ele>551.8</ele><time>2026-07-28T08:09:03Z</time></trkpt><trkpt lat="45.670202" lon="25.513165"><ele>552.0</ele><time>2026-07-28T08:09:06Z</time></trkpt><trkpt lat="45.670153" lon="25.513087"><ele>552.0</ele><time>2026-07-28T08:09:08Z</time></trkpt><trkpt lat="45.670083" lon="25.512978"><ele>552.0</ele><time>2026-07-28T08:09:11Z</time></trkpt><trkpt lat="45.670008" lon="25.512867"><ele>552.2</ele><time>2026-07-28T08:09:14Z</time></trkpt><trkpt lat="45.66996" lon="25.512787"><ele>552.2</ele><time>2026-07-28T08:09:16Z</time></trkpt><trkpt lat="45.669908" lon="25.512708"><ele>552.2</ele><time>2026-07-28T08:09:18Z</time></trkpt><trkpt lat="45.669835" lon="25.512592"><ele>552.2</ele><time>2026-07-28T08:09:21Z</time></trkpt><trkpt lat="45.669782" lon="25.512518"><ele>552.2</ele><time>2026-07-28T08:09:23Z</time></trkpt><trkpt lat="45.669712" lon="25.512408"><ele>552.5</ele><time>2026-07-28T08:09:26Z</time></trkpt><trkpt lat="45.669638" lon="25.512298"><ele>552.6</ele><time>2026-07-28T08:09:29Z</time></trkpt><trkpt lat="45.669565" lon="25.512188"><ele>552.6</ele><time>2026-07-28T08:09:32Z</time></trkpt><trkpt lat="45.669497" lon="25.512085"><ele>552.5</ele><time>2026-07-28T08:09:35Z</time></trkpt><trkpt lat="45.669447" lon="25.512003"><ele>552.5</ele><time>2026-07-28T08:09:38Z</time></trkpt><trkpt lat="45.669393" lon="25.511918"><ele>552.5</ele><time>2026-07-28T08:09:41Z</time></trkpt><trkpt lat="45.669333" lon="25.511827"><ele>552.6</ele><time>2026-07-28T08:09:44Z</time></trkpt><trkpt lat="45.669273" lon="25.511732"><ele>552.6</ele><time>2026-07-28T08:09:47Z</time></trkpt><trkpt lat="45.66921" lon="25.511635"><ele>552.7</ele><time>2026-07-28T08:09:50Z</time></trkpt><trkpt lat="45.669153" lon="25.511547"><ele>552.8</ele><time>2026-07-28T08:09:53Z</time></trkpt><trkpt lat="45.669097" lon="25.511452"><ele>552.8</ele><time>2026-07-28T08:09:57Z</time></trkpt><trkpt lat="45.669015" lon="25.511422"><ele>552.6</ele><time>2026-07-28T08:10:01Z</time></trkpt><trkpt lat="45.668937" lon="25.511497"><ele>551.9</ele><time>2026-07-28T08:10:04Z</time></trkpt><trkpt lat="45.66886" lon="25.51159"><ele>551.8</ele><time>2026-07-28T08:10:07Z</time></trkpt><trkpt lat="45.668792" lon="25.51171"><ele>552.1</ele><time>2026-07-28T08:10:10Z</time></trkpt><trkpt lat="45.668743" lon="25.511802"><ele>552.3</ele><time>2026-07-28T08:10:12Z</time></trkpt><trkpt lat="45.668693" lon="25.511898"><ele>552.3</ele><time>2026-07-28T08:10:14Z</time></trkpt><trkpt lat="45.668655" lon="25.512"><ele>552.4</ele><time>2026-07-28T08:10:16Z</time></trkpt><trkpt lat="45.668625" lon="25.512112"><ele>552.5</ele><time>2026-07-28T08:10:18Z</time></trkpt><trkpt lat="45.668598" lon="25.512232"><ele>552.7</ele><time>2026-07-28T08:10:20Z</time></trkpt><trkpt lat="45.668582" lon="25.51235"><ele>552.7</ele><time>2026-07-28T08:10:22Z</time></trkpt><trkpt lat="45.66857" lon="25.512463"><ele>552.6</ele><time>2026-07-28T08:10:24Z</time></trkpt><trkpt lat="45.66856" lon="25.512605"><ele>552.1</ele><time>2026-07-28T08:10:27Z</time></trkpt><trkpt lat="45.668548" lon="25.512733"><ele>552.1</ele><time>2026-07-28T08:10:29Z</time></trkpt><trkpt lat="45.668508" lon="25.51286"><ele>552.0</ele><time>2026-07-28T08:10:31Z</time></trkpt><trkpt lat="45.668453" lon="25.512937"><ele>552.2</ele><time>2026-07-28T08:10:33Z</time></trkpt><trkpt lat="45.66839" lon="25.512993"><ele>552.4</ele><time>2026-07-28T08:10:35Z</time></trkpt><trkpt lat="45.668315" lon="25.513035"><ele>552.7</ele><time>2026-07-28T08:10:37Z</time></trkpt><trkpt lat="45.668235" lon="25.51304"><ele>552.8</ele><time>2026-07-28T08:10:39Z</time></trkpt><trkpt lat="45.668157" lon="25.513043"><ele>552.8</ele><time>2026-07-28T08:10:41Z</time></trkpt><trkpt lat="45.668075" lon="25.513033"><ele>552.5</ele><time>2026-07-28T08:10:43Z</time></trkpt><trkpt lat="45.668002" lon="25.513015"><ele>552.5</ele><time>2026-07-28T08:10:45Z</time></trkpt><trkpt lat="45.6679" lon="25.512962"><ele>552.7</ele><time>2026-07-28T08:10:48Z</time></trkpt><trkpt lat="45.667832" lon="25.512888"><ele>553.2</ele><time>2026-07-28T08:10:51Z</time></trkpt><trkpt lat="45.667788" lon="25.512778"><ele>553.5</ele><time>2026-07-28T08:10:55Z</time></trkpt><trkpt lat="45.667737" lon="25.512678"><ele>553.7</ele><time>2026-07-28T08:10:58Z</time></trkpt><trkpt lat="45.667668" lon="25.512567"><ele>553.9</ele><time>2026-07-28T08:11:01Z</time></trkpt><trkpt lat="45.667573" lon="25.512517"><ele>553.9</ele><time>2026-07-28T08:11:04Z</time></trkpt><trkpt lat="45.6675" lon="25.512522"><ele>553.9</ele><time>2026-07-28T08:11:06Z</time></trkpt><trkpt lat="45.667402" lon="25.512528"><ele>554.0</ele><time>2026-07-28T08:11:09Z</time></trkpt><trkpt lat="45.667307" lon="25.51256"><ele>553.9</ele><time>2026-07-28T08:11:12Z</time></trkpt><trkpt lat="45.667077" lon="25.51261"><ele>554.0</ele><time>2026-07-28T08:11:14Z</time></trkpt><trkpt lat="45.667002" lon="25.512625"><ele>554.2</ele><time>2026-07-28T08:11:16Z</time></trkpt><trkpt lat="45.666892" lon="25.512613"><ele>554.3</ele><time>2026-07-28T08:11:19Z</time></trkpt><trkpt lat="45.66682" lon="25.512587"><ele>554.3</ele><time>2026-07-28T08:11:21Z</time></trkpt><trkpt lat="45.666738" lon="25.51255"><ele>554.1</ele><time>2026-07-28T08:11:23Z</time></trkpt><trkpt lat="45.666673" lon="25.512495"><ele>554.2</ele><time>2026-07-28T08:11:25Z</time></trkpt><trkpt lat="45.666605" lon="25.512442"><ele>554.3</ele><time>2026-07-28T08:11:27Z</time></trkpt><trkpt lat="45.666535" lon="25.512392"><ele>554.4</ele><time>2026-07-28T08:11:29Z</time></trkpt><trkpt lat="45.66654" lon="25.512282"><ele>554.5</ele><time>2026-07-28T08:11:32Z</time></trkpt><trkpt lat="45.666447" lon="25.512245"><ele>554.6</ele><time>2026-07-28T08:11:35Z</time></trkpt><trkpt lat="45.666345" lon="25.512202"><ele>554.5</ele><time>2026-07-28T08:11:38Z</time></trkpt><trkpt lat="45.66625" lon="25.512135"><ele>554.5</ele><time>2026-07-28T08:11:41Z</time></trkpt><trkpt lat="45.666177" lon="25.5121"><ele>554.7</ele><time>2026-07-28T08:11:43Z</time></trkpt><trkpt lat="45.66608" lon="25.512043"><ele>554.8</ele><time>2026-07-28T08:11:46Z</time></trkpt><trkpt lat="45.666008" lon="25.512"><ele>554.7</ele><time>2026-07-28T08:11:49Z</time></trkpt><trkpt lat="45.665948" lon="25.51194"><ele>554.7</ele><time>2026-07-28T08:11:53Z</time></trkpt><trkpt lat="45.665877" lon="25.51201"><ele>554.8</ele><time>2026-07-28T08:11:57Z</time></trkpt><trkpt lat="45.665792" lon="25.512048"><ele>554.9</ele><time>2026-07-28T08:12:00Z</time></trkpt><trkpt lat="45.665728" lon="25.512122"><ele>555.0</ele><time>2026-07-28T08:12:03Z</time></trkpt><trkpt lat="45.665662" lon="25.51218"><ele>555.0</ele><time>2026-07-28T08:12:06Z</time></trkpt><trkpt lat="45.665587" lon="25.512273"><ele>555.0</ele><time>2026-07-28T08:12:09Z</time></trkpt><trkpt lat="45.665498" lon="25.512323"><ele>555.1</ele><time>2026-07-28T08:12:12Z</time></trkpt><trkpt lat="45.665408" lon="25.512385"><ele>555.1</ele><time>2026-07-28T08:12:15Z</time></trkpt><trkpt lat="45.665347" lon="25.512443"><ele>555.1</ele><time>2026-07-28T08:12:17Z</time></trkpt><trkpt lat="45.665275" lon="25.512487"><ele>555.1</ele><time>2026-07-28T08:12:20Z</time></trkpt><trkpt lat="45.665202" lon="25.51255"><ele>555.1</ele><time>2026-07-28T08:12:22Z</time></trkpt><trkpt lat="45.665108" lon="25.512615"><ele>556.0</ele><time>2026-07-28T08:12:26Z</time></trkpt><trkpt lat="45.665032" lon="25.512673"><ele>556.0</ele><time>2026-07-28T08:12:29Z</time></trkpt><trkpt lat="45.664937" lon="25.512753"><ele>556.0</ele><time>2026-07-28T08:12:30Z</time></trkpt><trkpt lat="45.664843" lon="25.512812"><ele>555.9</ele><time>2026-07-28T08:12:33Z</time></trkpt><trkpt lat="45.664753" lon="25.512868"><ele>556.1</ele><time>2026-07-28T08:12:36Z</time></trkpt><trkpt lat="45.664657" lon="25.512925"><ele>556.1</ele><time>2026-07-28T08:12:39Z</time></trkpt><trkpt lat="45.66457" lon="25.512952"><ele>555.6</ele><time>2026-07-28T08:12:42Z</time></trkpt><trkpt lat="45.664487" lon="25.513053"><ele>555.6</ele><time>2026-07-28T08:12:46Z</time></trkpt><trkpt lat="45.664432" lon="25.513157"><ele>555.3</ele><time>2026-07-28T08:12:49Z</time></trkpt><trkpt lat="45.664355" lon="25.513178"><ele>554.5</ele><time>2026-07-28T08:12:54Z</time></trkpt><trkpt lat="45.664283" lon="25.513147"><ele>555.0</ele><time>2026-07-28T08:13:00Z</time></trkpt><trkpt lat="45.664212" lon="25.513177"><ele>555.3</ele><time>2026-07-28T08:13:03Z</time></trkpt><trkpt lat="45.664123" lon="25.513223"><ele>555.5</ele><time>2026-07-28T08:13:06Z</time></trkpt><trkpt lat="45.66405" lon="25.513285"><ele>555.6</ele><time>2026-07-28T08:13:08Z</time></trkpt><trkpt lat="45.663965" lon="25.513325"><ele>555.4</ele><time>2026-07-28T08:13:12Z</time></trkpt><trkpt lat="45.663897" lon="25.513355"><ele>555.3</ele><time>2026-07-28T08:13:15Z</time></trkpt><trkpt lat="45.66381" lon="25.513413"><ele>555.5</ele><time>2026-07-28T08:13:19Z</time></trkpt><trkpt lat="45.663757" lon="25.513532"><ele>555.5</ele><time>2026-07-28T08:13:23Z</time></trkpt><trkpt lat="45.663725" lon="25.513633"><ele>555.7</ele><time>2026-07-28T08:13:26Z</time></trkpt><trkpt lat="45.663725" lon="25.51377"><ele>555.8</ele><time>2026-07-28T08:13:30Z</time></trkpt><trkpt lat="45.663735" lon="25.513877"><ele>555.2</ele><time>2026-07-28T08:13:34Z</time></trkpt><trkpt lat="45.663698" lon="25.513782"><ele>555.2</ele><time>2026-07-28T08:14:31Z</time></trkpt><trkpt lat="45.663693" lon="25.513652"><ele>555.4</ele><time>2026-07-28T08:14:42Z</time></trkpt><trkpt lat="45.66372" lon="25.513555"><ele>555.7</ele><time>2026-07-28T08:14:45Z</time></trkpt><trkpt lat="45.663738" lon="25.513435"><ele>555.8</ele><time>2026-07-28T08:14:48Z</time></trkpt><trkpt lat="45.663715" lon="25.513277"><ele>555.8</ele><time>2026-07-28T08:14:51Z</time></trkpt><trkpt lat="45.663667" lon="25.513182"><ele>555.9</ele><time>2026-07-28T08:14:53Z</time></trkpt><trkpt lat="45.663595" lon="25.513112"><ele>555.9</ele><time>2026-07-28T08:14:55Z</time></trkpt><trkpt lat="45.663513" lon="25.513088"><ele>555.9</ele><time>2026-07-28T08:14:57Z</time></trkpt><trkpt lat="45.663397" lon="25.51303"><ele>555.9</ele><time>2026-07-28T08:15:00Z</time></trkpt><trkpt lat="45.663337" lon="25.513128"><ele>555.8</ele><time>2026-07-28T08:15:02Z</time></trkpt><trkpt lat="45.663263" lon="25.513182"><ele>555.7</ele><time>2026-07-28T08:15:04Z</time></trkpt><trkpt lat="45.663237" lon="25.513305"><ele>555.6</ele><time>2026-07-28T08:15:06Z</time></trkpt><trkpt lat="45.663235" lon="25.513443"><ele>555.5</ele><time>2026-07-28T08:15:08Z</time></trkpt><trkpt lat="45.663245" lon="25.513567"><ele>555.5</ele><time>2026-07-28T08:15:10Z</time></trkpt><trkpt lat="45.663265" lon="25.513702"><ele>555.5</ele><time>2026-07-28T08:15:12Z</time></trkpt><trkpt lat="45.66324" lon="25.513837"><ele>555.7</ele><time>2026-07-28T08:15:14Z</time></trkpt><trkpt lat="45.663183" lon="25.513955"><ele>555.7</ele><time>2026-07-28T08:15:16Z</time></trkpt><trkpt lat="45.66312" lon="25.514087"><ele>555.8</ele><time>2026-07-28T08:15:18Z</time></trkpt><trkpt lat="45.663062" lon="25.514218"><ele>555.7</ele><time>2026-07-28T08:15:20Z</time></trkpt><trkpt lat="45.66301" lon="25.514345"><ele>555.4</ele><time>2026-07-28T08:15:22Z</time></trkpt><trkpt lat="45.662955" lon="25.514458"><ele>555.2</ele><time>2026-07-28T08:15:24Z</time></trkpt><trkpt lat="45.662912" lon="25.514573"><ele>554.6</ele><time>2026-07-28T08:15:26Z</time></trkpt><trkpt lat="45.662868" lon="25.514677"><ele>554.4</ele><time>2026-07-28T08:15:28Z</time></trkpt><trkpt lat="45.662833" lon="25.514787"><ele>554.5</ele><time>2026-07-28T08:15:30Z</time></trkpt><trkpt lat="45.662798" lon="25.514892"><ele>554.8</ele><time>2026-07-28T08:15:32Z</time></trkpt><trkpt lat="45.662762" lon="25.514998"><ele>554.8</ele><time>2026-07-28T08:15:34Z</time></trkpt><trkpt lat="45.662728" lon="25.515113"><ele>554.7</ele><time>2026-07-28T08:15:36Z</time></trkpt><trkpt lat="45.662703" lon="25.51523"><ele>554.7</ele><time>2026-07-28T08:15:38Z</time></trkpt><trkpt lat="45.662667" lon="25.51536"><ele>554.2</ele><time>2026-07-28T08:15:40Z</time></trkpt><trkpt lat="45.662638" lon="25.515485"><ele>554.1</ele><time>2026-07-28T08:15:42Z</time></trkpt><trkpt lat="45.66262" lon="25.515618"><ele>554.0</ele><time>2026-07-28T08:15:44Z</time></trkpt><trkpt lat="45.662588" lon="25.51575"><ele>554.1</ele><time>2026-07-28T08:15:46Z</time></trkpt><trkpt lat="45.662587" lon="25.515867"><ele>554.1</ele><time>2026-07-28T08:15:48Z</time></trkpt><trkpt lat="45.66257" lon="25.515997"><ele>554.0</ele><time>2026-07-28T08:15:50Z</time></trkpt><trkpt lat="45.662558" lon="25.516123"><ele>553.9</ele><time>2026-07-28T08:15:52Z</time></trkpt><trkpt lat="45.662547" lon="25.51625"><ele>553.7</ele><time>2026-07-28T08:15:54Z</time></trkpt><trkpt lat="45.662542" lon="25.516388"><ele>553.6</ele><time>2026-07-28T08:15:56Z</time></trkpt><trkpt lat="45.662533" lon="25.516512"><ele>553.6</ele><time>2026-07-28T08:15:58Z</time></trkpt><trkpt lat="45.66253" lon="25.516643"><ele>553.6</ele><time>2026-07-28T08:16:00Z</time></trkpt><trkpt lat="45.662525" lon="25.516773"><ele>553.5</ele><time>2026-07-28T08:16:02Z</time></trkpt><trkpt lat="45.662517" lon="25.516907"><ele>553.3</ele><time>2026-07-28T08:16:04Z</time></trkpt><trkpt lat="45.662505" lon="25.517043"><ele>553.1</ele><time>2026-07-28T08:16:06Z</time></trkpt><trkpt lat="45.662497" lon="25.517178"><ele>553.0</ele><time>2026-07-28T08:16:08Z</time></trkpt><trkpt lat="45.662483" lon="25.517317"><ele>552.8</ele><time>2026-07-28T08:16:10Z</time></trkpt><trkpt lat="45.662482" lon="25.517445"><ele>552.7</ele><time>2026-07-28T08:16:12Z</time></trkpt><trkpt lat="45.662473" lon="25.517575"><ele>552.6</ele><time>2026-07-28T08:16:14Z</time></trkpt><trkpt lat="45.662475" lon="25.517697"><ele>552.5</ele><time>2026-07-28T08:16:16Z</time></trkpt><trkpt lat="45.662465" lon="25.517823"><ele>552.5</ele><time>2026-07-28T08:16:18Z</time></trkpt><trkpt lat="45.662453" lon="25.517965"><ele>552.5</ele><time>2026-07-28T08:16:20Z</time></trkpt><trkpt lat="45.662447" lon="25.5181"><ele>552.6</ele><time>2026-07-28T08:16:22Z</time></trkpt><trkpt lat="45.66244" lon="25.518232"><ele>552.6</ele><time>2026-07-28T08:16:24Z</time></trkpt><trkpt lat="45.662432" lon="25.51836"><ele>552.2</ele><time>2026-07-28T08:16:26Z</time></trkpt><trkpt lat="45.662427" lon="25.518502"><ele>551.9</ele><time>2026-07-28T08:16:28Z</time></trkpt><trkpt lat="45.662418" lon="25.518647"><ele>551.8</ele><time>2026-07-28T08:16:30Z</time></trkpt><trkpt lat="45.662407" lon="25.518785"><ele>551.8</ele><time>2026-07-28T08:16:32Z</time></trkpt><trkpt lat="45.662403" lon="25.51892"><ele>551.8</ele><time>2026-07-28T08:16:34Z</time></trkpt><trkpt lat="45.662393" lon="25.519053"><ele>551.8</ele><time>2026-07-28T08:16:36Z</time></trkpt><trkpt lat="45.662387" lon="25.51919"><ele>551.7</ele><time>2026-07-28T08:16:38Z</time></trkpt><trkpt lat="45.66238" lon="25.519332"><ele>551.7</ele><time>2026-07-28T08:16:40Z</time></trkpt><trkpt lat="45.662368" lon="25.519475"><ele>551.6</ele><time>2026-07-28T08:16:42Z</time></trkpt><trkpt lat="45.662358" lon="25.51962"><ele>551.6</ele><time>2026-07-28T08:16:44Z</time></trkpt><trkpt lat="45.662348" lon="25.519753"><ele>551.5</ele><time>2026-07-28T08:16:46Z</time></trkpt><trkpt lat="45.66234" lon="25.519883"><ele>551.7</ele><time>2026-07-28T08:16:48Z</time></trkpt><trkpt lat="45.66233" lon="25.520003"><ele>552.0</ele><time>2026-07-28T08:16:50Z</time></trkpt><trkpt lat="45.662322" lon="25.520118"><ele>552.1</ele><time>2026-07-28T08:16:52Z</time></trkpt><trkpt lat="45.662317" lon="25.52023"><ele>552.1</ele><time>2026-07-28T08:16:54Z</time></trkpt><trkpt lat="45.662315" lon="25.520348"><ele>551.9</ele><time>2026-07-28T08:16:56Z</time></trkpt><trkpt lat="45.662313" lon="25.52047"><ele>551.8</ele><time>2026-07-28T08:16:58Z</time></trkpt><trkpt lat="45.662313" lon="25.52059"><ele>551.9</ele><time>2026-07-28T08:17:00Z</time></trkpt><trkpt lat="45.662313" lon="25.520715"><ele>552.0</ele><time>2026-07-28T08:17:02Z</time></trkpt><trkpt lat="45.662313" lon="25.520843"><ele>552.0</ele><time>2026-07-28T08:17:04Z</time></trkpt><trkpt lat="45.662318" lon="25.520972"><ele>552.0</ele><time>2026-07-28T08:17:06Z</time></trkpt><trkpt lat="45.662323" lon="25.521097"><ele>552.0</ele><time>2026-07-28T08:17:08Z</time></trkpt><trkpt lat="45.662332" lon="25.521222"><ele>552.0</ele><time>2026-07-28T08:17:10Z</time></trkpt><trkpt lat="45.662345" lon="25.52135"><ele>551.9</ele><time>2026-07-28T08:17:12Z</time></trkpt><trkpt lat="45.662353" lon="25.521493"><ele>551.8</ele><time>2026-07-28T08:17:14Z</time></trkpt><trkpt lat="45.662367" lon="25.521647"><ele>551.7</ele><time>2026-07-28T08:17:16Z</time></trkpt><trkpt lat="45.662383" lon="25.52181"><ele>551.6</ele><time>2026-07-28T08:17:18Z</time></trkpt><trkpt lat="45.6624" lon="25.521973"><ele>551.5</ele><time>2026-07-28T08:17:20Z</time></trkpt><trkpt lat="45.662418" lon="25.522138"><ele>551.4</ele><time>2026-07-28T08:17:22Z</time></trkpt><trkpt lat="45.662433" lon="25.522305"><ele>551.3</ele><time>2026-07-28T08:17:24Z</time></trkpt><trkpt lat="45.662452" lon="25.522475"><ele>551.2</ele><time>2026-07-28T08:17:26Z</time></trkpt><trkpt lat="45.662465" lon="25.522642"><ele>550.9</ele><time>2026-07-28T08:17:28Z</time></trkpt><trkpt lat="45.662483" lon="25.522807"><ele>550.8</ele><time>2026-07-28T08:17:30Z</time></trkpt><trkpt lat="45.662498" lon="25.522965"><ele>550.8</ele><time>2026-07-28T08:17:32Z</time></trkpt><trkpt lat="45.662515" lon="25.52312"><ele>550.8</ele><time>2026-07-28T08:17:34Z</time></trkpt><trkpt lat="45.662535" lon="25.523282"><ele>550.7</ele><time>2026-07-28T08:17:36Z</time></trkpt><trkpt lat="45.662555" lon="25.523453"><ele>550.5</ele><time>2026-07-28T08:17:38Z</time></trkpt><trkpt lat="45.662572" lon="25.52362"><ele>550.5</ele><time>2026-07-28T08:17:40Z</time></trkpt><trkpt lat="45.662588" lon="25.523778"><ele>550.5</ele><time>2026-07-28T08:17:42Z</time></trkpt><trkpt lat="45.662603" lon="25.523935"><ele>550.5</ele><time>2026-07-28T08:17:44Z</time></trkpt><trkpt lat="45.66262" lon="25.524088"><ele>550.4</ele><time>2026-07-28T08:17:46Z</time></trkpt><trkpt lat="45.662637" lon="25.52424"><ele>550.3</ele><time>2026-07-28T08:17:48Z</time></trkpt><trkpt lat="45.662655" lon="25.52439"><ele>550.2</ele><time>2026-07-28T08:17:50Z</time></trkpt><trkpt lat="45.662667" lon="25.524535"><ele>550.2</ele><time>2026-07-28T08:17:52Z</time></trkpt><trkpt lat="45.662682" lon="25.524678"><ele>550.2</ele><time>2026-07-28T08:17:54Z</time></trkpt><trkpt lat="45.662698" lon="25.524833"><ele>550.1</ele><time>2026-07-28T08:17:56Z</time></trkpt><trkpt lat="45.662715" lon="25.524982"><ele>550.1</ele><time>2026-07-28T08:17:58Z</time></trkpt><trkpt lat="45.66274" lon="25.525138"><ele>550.1</ele><time>2026-07-28T08:18:00Z</time></trkpt><trkpt lat="45.662752" lon="25.52527"><ele>550.1</ele><time>2026-07-28T08:18:02Z</time></trkpt><trkpt lat="45.662765" lon="25.525412"><ele>550.1</ele><time>2026-07-28T08:18:04Z</time></trkpt><trkpt lat="45.662777" lon="25.52555"><ele>550.0</ele><time>2026-07-28T08:18:06Z</time></trkpt><trkpt lat="45.662788" lon="25.525698"><ele>549.9</ele><time>2026-07-28T08:18:08Z</time></trkpt><trkpt lat="45.662795" lon="25.525852"><ele>549.9</ele><time>2026-07-28T08:18:10Z</time></trkpt><trkpt lat="45.6628" lon="25.526"><ele>549.8</ele><time>2026-07-28T08:18:12Z</time></trkpt><trkpt lat="45.662802" lon="25.526147"><ele>549.7</ele><time>2026-07-28T08:18:14Z</time></trkpt><trkpt lat="45.662795" lon="25.526277"><ele>549.7</ele><time>2026-07-28T08:18:16Z</time></trkpt><trkpt lat="45.662792" lon="25.526417"><ele>549.7</ele><time>2026-07-28T08:18:18Z</time></trkpt><trkpt lat="45.662783" lon="25.526548"><ele>549.7</ele><time>2026-07-28T08:18:20Z</time></trkpt><trkpt lat="45.662773" lon="25.52668"><ele>549.6</ele><time>2026-07-28T08:18:22Z</time></trkpt><trkpt lat="45.662765" lon="25.526817"><ele>549.6</ele><time>2026-07-28T08:18:24Z</time></trkpt><trkpt lat="45.662753" lon="25.526962"><ele>549.6</ele><time>2026-07-28T08:18:26Z</time></trkpt><trkpt lat="45.662735" lon="25.527097"><ele>549.8</ele><time>2026-07-28T08:18:28Z</time></trkpt><trkpt lat="45.662718" lon="25.527232"><ele>549.9</ele><time>2026-07-28T08:18:30Z</time></trkpt><trkpt lat="45.6627" lon="25.527368"><ele>549.7</ele><time>2026-07-28T08:18:32Z</time></trkpt><trkpt lat="45.662678" lon="25.527495"><ele>549.7</ele><time>2026-07-28T08:18:34Z</time></trkpt><trkpt lat="45.66266" lon="25.527635"><ele>549.6</ele><time>2026-07-28T08:18:36Z</time></trkpt><trkpt lat="45.662645" lon="25.527788"><ele>549.6</ele><time>2026-07-28T08:18:38Z</time></trkpt><trkpt lat="45.662625" lon="25.52794"><ele>549.6</ele><time>2026-07-28T08:18:40Z</time></trkpt><trkpt lat="45.662607" lon="25.528075"><ele>549.7</ele><time>2026-07-28T08:18:42Z</time></trkpt><trkpt lat="45.662588" lon="25.528215"><ele>549.5</ele><time>2026-07-28T08:18:44Z</time></trkpt><trkpt lat="45.662572" lon="25.528352"><ele>549.0</ele><time>2026-07-28T08:18:46Z</time></trkpt><trkpt lat="45.662557" lon="25.528485"><ele>548.8</ele><time>2026-07-28T08:18:48Z</time></trkpt><trkpt lat="45.662538" lon="25.528618"><ele>548.8</ele><time>2026-07-28T08:18:50Z</time></trkpt><trkpt lat="45.662525" lon="25.52875"><ele>539.5</ele><time>2026-07-28T08:18:52Z</time></trkpt><trkpt lat="45.662507" lon="25.528888"><ele>539.5</ele><time>2026-07-28T08:18:54Z</time></trkpt><trkpt lat="45.66249" lon="25.529028"><ele>539.5</ele><time>2026-07-28T08:18:56Z</time></trkpt><trkpt lat="45.662475" lon="25.529165"><ele>539.4</ele><time>2026-07-28T08:18:58Z</time></trkpt><trkpt lat="45.662457" lon="25.529295"><ele>539.2</ele><time>2026-07-28T08:19:00Z</time></trkpt><trkpt lat="45.662443" lon="25.529427"><ele>539.1</ele><time>2026-07-28T08:19:02Z</time></trkpt><trkpt lat="45.66243" lon="25.529562"><ele>539.0</ele><time>2026-07-28T08:19:04Z</time></trkpt><trkpt lat="45.662412" lon="25.529702"><ele>539.0</ele><time>2026-07-28T08:19:06Z</time></trkpt><trkpt lat="45.6624" lon="25.529842"><ele>538.9</ele><time>2026-07-28T08:19:08Z</time></trkpt><trkpt lat="45.662387" lon="25.529977"><ele>538.8</ele><time>2026-07-28T08:19:10Z</time></trkpt><trkpt lat="45.662375" lon="25.530113"><ele>538.7</ele><time>2026-07-28T08:19:12Z</time></trkpt><trkpt lat="45.662358" lon="25.530243"><ele>538.7</ele><time>2026-07-28T08:19:14Z</time></trkpt><trkpt lat="45.662347" lon="25.530377"><ele>538.6</ele><time>2026-07-28T08:19:16Z</time></trkpt><trkpt lat="45.662333" lon="25.530512"><ele>538.5</ele><time>2026-07-28T08:19:18Z</time></trkpt><trkpt lat="45.662318" lon="25.530657"><ele>538.5</ele><time>2026-07-28T08:19:20Z</time></trkpt><trkpt lat="45.662308" lon="25.5308"><ele>538.5</ele><time>2026-07-28T08:19:22Z</time></trkpt><trkpt lat="45.662293" lon="25.53094"><ele>538.5</ele><time>2026-07-28T08:19:24Z</time></trkpt><trkpt lat="45.662283" lon="25.531073"><ele>538.5</ele><time>2026-07-28T08:19:26Z</time></trkpt><trkpt lat="45.662268" lon="25.531212"><ele>538.4</ele><time>2026-07-28T08:19:28Z</time></trkpt><trkpt lat="45.662255" lon="25.531347"><ele>538.4</ele><time>2026-07-28T08:19:30Z</time></trkpt><trkpt lat="45.662243" lon="25.53148"><ele>538.3</ele><time>2026-07-28T08:19:32Z</time></trkpt><trkpt lat="45.662228" lon="25.531613"><ele>538.3</ele><time>2026-07-28T08:19:34Z</time></trkpt><trkpt lat="45.66222" lon="25.531743"><ele>538.3</ele><time>2026-07-28T08:19:36Z</time></trkpt><trkpt lat="45.662205" lon="25.531875"><ele>538.1</ele><time>2026-07-28T08:19:38Z</time></trkpt><trkpt lat="45.662188" lon="25.532002"><ele>537.9</ele><time>2026-07-28T08:19:40Z</time></trkpt><trkpt lat="45.662162" lon="25.532127"><ele>537.9</ele><time>2026-07-28T08:19:42Z</time></trkpt><trkpt lat="45.662133" lon="25.532258"><ele>537.8</ele><time>2026-07-28T08:19:44Z</time></trkpt><trkpt lat="45.662105" lon="25.532385"><ele>537.7</ele><time>2026-07-28T08:19:46Z</time></trkpt><trkpt lat="45.662077" lon="25.532508"><ele>537.5</ele><time>2026-07-28T08:19:48Z</time></trkpt><trkpt lat="45.662043" lon="25.532633"><ele>537.5</ele><time>2026-07-28T08:19:50Z</time></trkpt><trkpt lat="45.662013" lon="25.532757"><ele>537.5</ele><time>2026-07-28T08:19:52Z</time></trkpt><trkpt lat="45.661982" lon="25.532875"><ele>537.5</ele><time>2026-07-28T08:19:54Z</time></trkpt><trkpt lat="45.661955" lon="25.532975"><ele>537.4</ele><time>2026-07-28T08:19:56Z</time></trkpt><trkpt lat="45.661925" lon="25.533075"><ele>537.4</ele><time>2026-07-28T08:19:58Z</time></trkpt><trkpt lat="45.661893" lon="25.533177"><ele>537.3</ele><time>2026-07-28T08:20:00Z</time></trkpt><trkpt lat="45.661853" lon="25.533268"><ele>537.2</ele><time>2026-07-28T08:20:02Z</time></trkpt><trkpt lat="45.661762" lon="25.533342"><ele>536.8</ele><time>2026-07-28T08:20:05Z</time></trkpt><trkpt lat="45.661697" lon="25.5334"><ele>536.7</ele><time>2026-07-28T08:20:07Z</time></trkpt><trkpt lat="45.661645" lon="25.533488"><ele>537.0</ele><time>2026-07-28T08:20:09Z</time></trkpt><trkpt lat="45.661617" lon="25.533592"><ele>537.3</ele><time>2026-07-28T08:20:11Z</time></trkpt><trkpt lat="45.661617" lon="25.533715"><ele>537.3</ele><time>2026-07-28T08:20:13Z</time></trkpt><trkpt lat="45.66164" lon="25.533827"><ele>537.3</ele><time>2026-07-28T08:20:15Z</time></trkpt><trkpt lat="45.661692" lon="25.533928"><ele>537.4</ele><time>2026-07-28T08:20:17Z</time></trkpt><trkpt lat="45.661762" lon="25.534005"><ele>537.6</ele><time>2026-07-28T08:20:19Z</time></trkpt><trkpt lat="45.661833" lon="25.534075"><ele>537.7</ele><time>2026-07-28T08:20:21Z</time></trkpt><trkpt lat="45.661877" lon="25.534195"><ele>537.7</ele><time>2026-07-28T08:20:23Z</time></trkpt><trkpt lat="45.66189" lon="25.53434"><ele>537.5</ele><time>2026-07-28T08:20:25Z</time></trkpt><trkpt lat="45.661913" lon="25.534487"><ele>537.2</ele><time>2026-07-28T08:20:27Z</time></trkpt><trkpt lat="45.661932" lon="25.53463"><ele>537.0</ele><time>2026-07-28T08:20:29Z</time></trkpt><trkpt lat="45.661947" lon="25.534775"><ele>536.9</ele><time>2026-07-28T08:20:31Z</time></trkpt><trkpt lat="45.66196" lon="25.534923"><ele>536.8</ele><time>2026-07-28T08:20:33Z</time></trkpt><trkpt lat="45.661972" lon="25.53507"><ele>536.8</ele><time>2026-07-28T08:20:35Z</time></trkpt><trkpt lat="45.661982" lon="25.535222"><ele>536.8</ele><time>2026-07-28T08:20:37Z</time></trkpt><trkpt lat="45.661987" lon="25.535373"><ele>536.9</ele><time>2026-07-28T08:20:39Z</time></trkpt><trkpt lat="45.661992" lon="25.53552"><ele>536.9</ele><time>2026-07-28T08:20:41Z</time></trkpt><trkpt lat="45.661997" lon="25.535668"><ele>536.8</ele><time>2026-07-28T08:20:43Z</time></trkpt><trkpt lat="45.661998" lon="25.535822"><ele>536.8</ele><time>2026-07-28T08:20:45Z</time></trkpt><trkpt lat="45.661993" lon="25.535975"><ele>536.7</ele><time>2026-07-28T08:20:47Z</time></trkpt><trkpt lat="45.662002" lon="25.536127"><ele>536.6</ele><time>2026-07-28T08:20:49Z</time></trkpt><trkpt lat="45.662005" lon="25.536278"><ele>536.4</ele><time>2026-07-28T08:20:51Z</time></trkpt><trkpt lat="45.662003" lon="25.536428"><ele>536.3</ele><time>2026-07-28T08:20:53Z</time></trkpt><trkpt lat="45.662002" lon="25.536577"><ele>536.2</ele><time>2026-07-28T08:20:55Z</time></trkpt><trkpt lat="45.66201" lon="25.536738"><ele>536.2</ele><time>2026-07-28T08:20:57Z</time></trkpt><trkpt lat="45.662012" lon="25.536892"><ele>536.2</ele><time>2026-07-28T08:20:59Z</time></trkpt><trkpt lat="45.662017" lon="25.537042"><ele>536.3</ele><time>2026-07-28T08:21:01Z</time></trkpt><trkpt lat="45.662017" lon="25.537182"><ele>536.4</ele><time>2026-07-28T08:21:03Z</time></trkpt><trkpt lat="45.662018" lon="25.537325"><ele>536.6</ele><time>2026-07-28T08:21:05Z</time></trkpt><trkpt lat="45.662022" lon="25.53748"><ele>536.6</ele><time>2026-07-28T08:21:07Z</time></trkpt><trkpt lat="45.66202" lon="25.537627"><ele>536.4</ele><time>2026-07-28T08:21:09Z</time></trkpt><trkpt lat="45.662023" lon="25.537777"><ele>536.3</ele><time>2026-07-28T08:21:11Z</time></trkpt><trkpt lat="45.662023" lon="25.53791"><ele>536.2</ele><time>2026-07-28T08:21:13Z</time></trkpt><trkpt lat="45.662027" lon="25.53805"><ele>536.2</ele><time>2026-07-28T08:21:15Z</time></trkpt><trkpt lat="45.66203" lon="25.538203"><ele>536.0</ele><time>2026-07-28T08:21:17Z</time></trkpt><trkpt lat="45.662035" lon="25.538347"><ele>536.0</ele><time>2026-07-28T08:21:19Z</time></trkpt><trkpt lat="45.662037" lon="25.538493"><ele>536.1</ele><time>2026-07-28T08:21:21Z</time></trkpt><trkpt lat="45.662035" lon="25.538628"><ele>536.1</ele><time>2026-07-28T08:21:23Z</time></trkpt><trkpt lat="45.662033" lon="25.538768"><ele>535.9</ele><time>2026-07-28T08:21:25Z</time></trkpt><trkpt lat="45.66203" lon="25.538905"><ele>535.6</ele><time>2026-07-28T08:21:27Z</time></trkpt><trkpt lat="45.662025" lon="25.539038"><ele>535.5</ele><time>2026-07-28T08:21:29Z</time></trkpt><trkpt lat="45.66202" lon="25.539182"><ele>535.5</ele><time>2026-07-28T08:21:31Z</time></trkpt><trkpt lat="45.662015" lon="25.539325"><ele>535.4</ele><time>2026-07-28T08:21:33Z</time></trkpt><trkpt lat="45.662013" lon="25.539488"><ele>535.4</ele><time>2026-07-28T08:21:35Z</time></trkpt><trkpt lat="45.662008" lon="25.539625"><ele>535.2</ele><time>2026-07-28T08:21:37Z</time></trkpt><trkpt lat="45.662003" lon="25.539765"><ele>535.2</ele><time>2026-07-28T08:21:39Z</time></trkpt><trkpt lat="45.661993" lon="25.539905"><ele>535.0</ele><time>2026-07-28T08:21:41Z</time></trkpt><trkpt lat="45.661988" lon="25.540047"><ele>534.9</ele><time>2026-07-28T08:21:43Z</time></trkpt><trkpt lat="45.661982" lon="25.540178"><ele>534.8</ele><time>2026-07-28T08:21:45Z</time></trkpt><trkpt lat="45.661977" lon="25.540315"><ele>534.6</ele><time>2026-07-28T08:21:47Z</time></trkpt><trkpt lat="45.661973" lon="25.54045"><ele>534.6</ele><time>2026-07-28T08:21:49Z</time></trkpt><trkpt lat="45.661963" lon="25.540585"><ele>534.4</ele><time>2026-07-28T08:21:51Z</time></trkpt><trkpt lat="45.661955" lon="25.540733"><ele>534.4</ele><time>2026-07-28T08:21:53Z</time></trkpt><trkpt lat="45.66195" lon="25.540878"><ele>534.2</ele><time>2026-07-28T08:21:55Z</time></trkpt><trkpt lat="45.661942" lon="25.541023"><ele>534.1</ele><time>2026-07-28T08:21:57Z</time></trkpt><trkpt lat="45.66193" lon="25.541167"><ele>534.0</ele><time>2026-07-28T08:21:59Z</time></trkpt><trkpt lat="45.661913" lon="25.5413"><ele>533.8</ele><time>2026-07-28T08:22:01Z</time></trkpt><trkpt lat="45.66191" lon="25.541447"><ele>533.6</ele><time>2026-07-28T08:22:03Z</time></trkpt><trkpt lat="45.661905" lon="25.541587"><ele>533.6</ele><time>2026-07-28T08:22:05Z</time></trkpt><trkpt lat="45.661902" lon="25.541727"><ele>533.5</ele><time>2026-07-28T08:22:07Z</time></trkpt><trkpt lat="45.661888" lon="25.541853"><ele>533.6</ele><time>2026-07-28T08:22:09Z</time></trkpt><trkpt lat="45.661882" lon="25.541987"><ele>533.6</ele><time>2026-07-28T08:22:11Z</time></trkpt><trkpt lat="45.661873" lon="25.542123"><ele>533.5</ele><time>2026-07-28T08:22:13Z</time></trkpt><trkpt lat="45.66186" lon="25.542268"><ele>533.1</ele><time>2026-07-28T08:22:15Z</time></trkpt><trkpt lat="45.661855" lon="25.542395"><ele>533.1</ele><time>2026-07-28T08:22:17Z</time></trkpt><trkpt lat="45.661847" lon="25.54254"><ele>533.3</ele><time>2026-07-28T08:22:19Z</time></trkpt><trkpt lat="45.661837" lon="25.542663"><ele>533.4</ele><time>2026-07-28T08:22:21Z</time></trkpt><trkpt lat="45.66183" lon="25.542815"><ele>533.4</ele><time>2026-07-28T08:22:23Z</time></trkpt><trkpt lat="45.661822" lon="25.54295"><ele>533.4</ele><time>2026-07-28T08:22:25Z</time></trkpt><trkpt lat="45.661813" lon="25.543093"><ele>533.4</ele><time>2026-07-28T08:22:27Z</time></trkpt><trkpt lat="45.661805" lon="25.543248"><ele>533.3</ele><time>2026-07-28T08:22:29Z</time></trkpt><trkpt lat="45.661797" lon="25.543393"><ele>533.2</ele><time>2026-07-28T08:22:31Z</time></trkpt><trkpt lat="45.661787" lon="25.543538"><ele>533.1</ele><time>2026-07-28T08:22:33Z</time></trkpt><trkpt lat="45.661778" lon="25.54368"><ele>533.1</ele><time>2026-07-28T08:22:35Z</time></trkpt><trkpt lat="45.661768" lon="25.54382"><ele>533.0</ele><time>2026-07-28T08:22:37Z</time></trkpt><trkpt lat="45.661768" lon="25.543972"><ele>532.9</ele><time>2026-07-28T08:22:39Z</time></trkpt><trkpt lat="45.661763" lon="25.544118"><ele>532.8</ele><time>2026-07-28T08:22:41Z</time></trkpt><trkpt lat="45.66176" lon="25.544258"><ele>532.6</ele><time>2026-07-28T08:22:43Z</time></trkpt><trkpt lat="45.661753" lon="25.544395"><ele>532.5</ele><time>2026-07-28T08:22:45Z</time></trkpt><trkpt lat="45.661747" lon="25.544527"><ele>532.5</ele><time>2026-07-28T08:22:47Z</time></trkpt><trkpt lat="45.661743" lon="25.544655"><ele>532.6</ele><time>2026-07-28T08:22:49Z</time></trkpt><trkpt lat="45.66173" lon="25.544795"><ele>533.0</ele><time>2026-07-28T08:22:51Z</time></trkpt><trkpt lat="45.661723" lon="25.544925"><ele>533.3</ele><time>2026-07-28T08:22:53Z</time></trkpt><trkpt lat="45.66171" lon="25.545042"><ele>533.4</ele><time>2026-07-28T08:22:55Z</time></trkpt><trkpt lat="45.661698" lon="25.54519"><ele>533.3</ele><time>2026-07-28T08:22:57Z</time></trkpt><trkpt lat="45.661693" lon="25.545327"><ele>533.2</ele><time>2026-07-28T08:22:59Z</time></trkpt><trkpt lat="45.661688" lon="25.545467"><ele>532.9</ele><time>2026-07-28T08:23:01Z</time></trkpt><trkpt lat="45.661682" lon="25.54561"><ele>532.9</ele><time>2026-07-28T08:23:03Z</time></trkpt><trkpt lat="45.661672" lon="25.54576"><ele>532.9</ele><time>2026-07-28T08:23:05Z</time></trkpt><trkpt lat="45.661663" lon="25.545902"><ele>533.0</ele><time>2026-07-28T08:23:07Z</time></trkpt><trkpt lat="45.661658" lon="25.546047"><ele>532.9</ele><time>2026-07-28T08:23:09Z</time></trkpt><trkpt lat="45.661648" lon="25.546192"><ele>532.8</ele><time>2026-07-28T08:23:11Z</time></trkpt><trkpt lat="45.661642" lon="25.546332"><ele>532.7</ele><time>2026-07-28T08:23:13Z</time></trkpt><trkpt lat="45.66164" lon="25.54648"><ele>532.7</ele><time>2026-07-28T08:23:15Z</time></trkpt><trkpt lat="45.661628" lon="25.546622"><ele>532.8</ele><time>2026-07-28T08:23:17Z</time></trkpt><trkpt lat="45.661615" lon="25.546765"><ele>532.8</ele><time>2026-07-28T08:23:19Z</time></trkpt><trkpt lat="45.661607" lon="25.546908"><ele>532.8</ele><time>2026-07-28T08:23:21Z</time></trkpt><trkpt lat="45.661595" lon="25.547058"><ele>532.9</ele><time>2026-07-28T08:23:23Z</time></trkpt><trkpt lat="45.661583" lon="25.54721"><ele>532.9</ele><time>2026-07-28T08:23:25Z</time></trkpt><trkpt lat="45.661568" lon="25.547365"><ele>532.8</ele><time>2026-07-28T08:23:27Z</time></trkpt><trkpt lat="45.661555" lon="25.547512"><ele>532.6</ele><time>2026-07-28T08:23:29Z</time></trkpt><trkpt lat="45.661538" lon="25.547662"><ele>532.5</ele><time>2026-07-28T08:23:31Z</time></trkpt><trkpt lat="45.661528" lon="25.547813"><ele>532.5</ele><time>2026-07-28T08:23:33Z</time></trkpt><trkpt lat="45.661527" lon="25.547965"><ele>532.5</ele><time>2026-07-28T08:23:35Z</time></trkpt><trkpt lat="45.66151" lon="25.548108"><ele>532.6</ele><time>2026-07-28T08:23:37Z</time></trkpt><trkpt lat="45.661492" lon="25.548243"><ele>532.6</ele><time>2026-07-28T08:23:39Z</time></trkpt><trkpt lat="45.661477" lon="25.54838"><ele>532.5</ele><time>2026-07-28T08:23:41Z</time></trkpt><trkpt lat="45.661467" lon="25.548503"><ele>532.3</ele><time>2026-07-28T08:23:43Z</time></trkpt><trkpt lat="45.661448" lon="25.54863"><ele>532.3</ele><time>2026-07-28T08:23:45Z</time></trkpt><trkpt lat="45.66144" lon="25.548753"><ele>532.3</ele><time>2026-07-28T08:23:47Z</time></trkpt><trkpt lat="45.661422" lon="25.548873"><ele>532.4</ele><time>2026-07-28T08:23:49Z</time></trkpt><trkpt lat="45.66141" lon="25.549005"><ele>532.4</ele><time>2026-07-28T08:23:51Z</time></trkpt><trkpt lat="45.661398" lon="25.54914"><ele>532.4</ele><time>2026-07-28T08:23:52Z</time></trkpt><trkpt lat="45.661395" lon="25.549272"><ele>532.3</ele><time>2026-07-28T08:23:54Z</time></trkpt><trkpt lat="45.661372" lon="25.5494"><ele>532.3</ele><time>2026-07-28T08:23:56Z</time></trkpt><trkpt lat="45.661353" lon="25.54953"><ele>532.3</ele><time>2026-07-28T08:23:58Z</time></trkpt><trkpt lat="45.661335" lon="25.549643"><ele>532.2</ele><time>2026-07-28T08:24:00Z</time></trkpt><trkpt lat="45.661318" lon="25.549767"><ele>532.3</ele><time>2026-07-28T08:24:02Z</time></trkpt><trkpt lat="45.6613" lon="25.549892"><ele>532.3</ele><time>2026-07-28T08:24:04Z</time></trkpt><trkpt lat="45.661282" lon="25.550018"><ele>532.3</ele><time>2026-07-28T08:24:06Z</time></trkpt><trkpt lat="45.661265" lon="25.550138"><ele>532.3</ele><time>2026-07-28T08:24:08Z</time></trkpt><trkpt lat="45.661237" lon="25.550258"><ele>532.3</ele><time>2026-07-28T08:24:10Z</time></trkpt><trkpt lat="45.661198" lon="25.550373"><ele>532.3</ele><time>2026-07-28T08:24:12Z</time></trkpt><trkpt lat="45.661152" lon="25.550473"><ele>532.3</ele><time>2026-07-28T08:24:14Z</time></trkpt><trkpt lat="45.661103" lon="25.550567"><ele>532.2</ele><time>2026-07-28T08:24:16Z</time></trkpt><trkpt lat="45.661047" lon="25.550647"><ele>532.1</ele><time>2026-07-28T08:24:18Z</time></trkpt><trkpt lat="45.660988" lon="25.550713"><ele>532.1</ele><time>2026-07-28T08:24:20Z</time></trkpt><trkpt lat="45.660917" lon="25.550772"><ele>532.2</ele><time>2026-07-28T08:24:22Z</time></trkpt><trkpt lat="45.660862" lon="25.55085"><ele>532.2</ele><time>2026-07-28T08:24:24Z</time></trkpt><trkpt lat="45.660815" lon="25.55095"><ele>532.2</ele><time>2026-07-28T08:24:26Z</time></trkpt><trkpt lat="45.660802" lon="25.551073"><ele>532.2</ele><time>2026-07-28T08:24:28Z</time></trkpt><trkpt lat="45.660817" lon="25.55119"><ele>532.2</ele><time>2026-07-28T08:24:30Z</time></trkpt><trkpt lat="45.660845" lon="25.551315"><ele>532.2</ele><time>2026-07-28T08:24:32Z</time></trkpt><trkpt lat="45.66089" lon="25.551428"><ele>532.2</ele><time>2026-07-28T08:24:34Z</time></trkpt><trkpt lat="45.660923" lon="25.551533"><ele>532.1</ele><time>2026-07-28T08:24:36Z</time></trkpt><trkpt lat="45.660955" lon="25.55163"><ele>532.0</ele><time>2026-07-28T08:24:38Z</time></trkpt><trkpt lat="45.660987" lon="25.551733"><ele>532.1</ele><time>2026-07-28T08:24:40Z</time></trkpt><trkpt lat="45.66101" lon="25.551877"><ele>532.2</ele><time>2026-07-28T08:24:43Z</time></trkpt><trkpt lat="45.661015" lon="25.551993"><ele>532.3</ele><time>2026-07-28T08:24:45Z</time></trkpt><trkpt lat="45.661013" lon="25.552103"><ele>532.3</ele><time>2026-07-28T08:24:47Z</time></trkpt><trkpt lat="45.66101" lon="25.552207"><ele>532.3</ele><time>2026-07-28T08:24:49Z</time></trkpt><trkpt lat="45.660995" lon="25.552308"><ele>532.3</ele><time>2026-07-28T08:24:51Z</time></trkpt><trkpt lat="45.660968" lon="25.552463"><ele>532.3</ele><time>2026-07-28T08:24:54Z</time></trkpt><trkpt lat="45.660943" lon="25.552583"><ele>532.3</ele><time>2026-07-28T08:24:56Z</time></trkpt><trkpt lat="45.660915" lon="25.552705"><ele>532.3</ele><time>2026-07-28T08:24:58Z</time></trkpt><trkpt lat="45.660883" lon="25.552823"><ele>532.3</ele><time>2026-07-28T08:25:00Z</time></trkpt><trkpt lat="45.660843" lon="25.552945"><ele>532.3</ele><time>2026-07-28T08:25:02Z</time></trkpt><trkpt lat="45.6608" lon="25.553062"><ele>532.4</ele><time>2026-07-28T08:25:04Z</time></trkpt><trkpt lat="45.660755" lon="25.553183"><ele>532.5</ele><time>2026-07-28T08:25:06Z</time></trkpt><trkpt lat="45.66071" lon="25.553302"><ele>532.7</ele><time>2026-07-28T08:25:08Z</time></trkpt><trkpt lat="45.660665" lon="25.553418"><ele>532.8</ele><time>2026-07-28T08:25:10Z</time></trkpt><trkpt lat="45.66063" lon="25.553518"><ele>532.9</ele><time>2026-07-28T08:25:12Z</time></trkpt><trkpt lat="45.660575" lon="25.553652"><ele>533.1</ele><time>2026-07-28T08:25:14Z</time></trkpt><trkpt lat="45.660533" lon="25.553763"><ele>533.2</ele><time>2026-07-28T08:25:16Z</time></trkpt><trkpt lat="45.660483" lon="25.553877"><ele>533.4</ele><time>2026-07-28T08:25:18Z</time></trkpt><trkpt lat="45.660438" lon="25.553998"><ele>533.5</ele><time>2026-07-28T08:25:20Z</time></trkpt><trkpt lat="45.660385" lon="25.554103"><ele>533.6</ele><time>2026-07-28T08:25:22Z</time></trkpt><trkpt lat="45.660332" lon="25.554212"><ele>533.8</ele><time>2026-07-28T08:25:25Z</time></trkpt><trkpt lat="45.660295" lon="25.554302"><ele>534.0</ele><time>2026-07-28T08:25:27Z</time></trkpt><trkpt lat="45.660208" lon="25.554518"><ele>534.6</ele><time>2026-07-28T08:25:30Z</time></trkpt><trkpt lat="45.660165" lon="25.55463"><ele>535.0</ele><time>2026-07-28T08:25:32Z</time></trkpt><trkpt lat="45.660117" lon="25.554738"><ele>535.2</ele><time>2026-07-28T08:25:34Z</time></trkpt><trkpt lat="45.660072" lon="25.554843"><ele>535.7</ele><time>2026-07-28T08:25:36Z</time></trkpt><trkpt lat="45.660032" lon="25.554947"><ele>536.1</ele><time>2026-07-28T08:25:38Z</time></trkpt><trkpt lat="45.659992" lon="25.555043"><ele>536.5</ele><time>2026-07-28T08:25:40Z</time></trkpt><trkpt lat="45.659952" lon="25.555142"><ele>537.0</ele><time>2026-07-28T08:25:42Z</time></trkpt><trkpt lat="45.659915" lon="25.555235"><ele>537.4</ele><time>2026-07-28T08:25:44Z</time></trkpt><trkpt lat="45.65986" lon="25.555377"><ele>538.2</ele><time>2026-07-28T08:25:48Z</time></trkpt><trkpt lat="45.659807" lon="25.555515"><ele>538.5</ele><time>2026-07-28T08:25:51Z</time></trkpt><trkpt lat="45.65977" lon="25.55561"><ele>538.9</ele><time>2026-07-28T08:25:53Z</time></trkpt><trkpt lat="45.65973" lon="25.555745"><ele>539.4</ele><time>2026-07-28T08:25:56Z</time></trkpt><trkpt lat="45.659695" lon="25.555848"><ele>539.7</ele><time>2026-07-28T08:25:58Z</time></trkpt><trkpt lat="45.659648" lon="25.556003"><ele>540.1</ele><time>2026-07-28T08:26:01Z</time></trkpt><trkpt lat="45.659618" lon="25.556112"><ele>540.2</ele><time>2026-07-28T08:26:03Z</time></trkpt><trkpt lat="45.659592" lon="25.556212"><ele>540.3</ele><time>2026-07-28T08:26:05Z</time></trkpt><trkpt lat="45.659568" lon="25.556322"><ele>540.4</ele><time>2026-07-28T08:26:07Z</time></trkpt><trkpt lat="45.659543" lon="25.55643"><ele>540.4</ele><time>2026-07-28T08:26:09Z</time></trkpt><trkpt lat="45.659522" lon="25.556538"><ele>540.6</ele><time>2026-07-28T08:26:11Z</time></trkpt><trkpt lat="45.659503" lon="25.55664"><ele>540.7</ele><time>2026-07-28T08:26:13Z</time></trkpt><trkpt lat="45.659458" lon="25.556915"><ele>540.9</ele><time>2026-07-28T08:26:16Z</time></trkpt><trkpt lat="45.659447" lon="25.557032"><ele>541.0</ele><time>2026-07-28T08:26:18Z</time></trkpt><trkpt lat="45.659433" lon="25.55715"><ele>541.1</ele><time>2026-07-28T08:26:20Z</time></trkpt><trkpt lat="45.659423" lon="25.557262"><ele>541.0</ele><time>2026-07-28T08:26:22Z</time></trkpt><trkpt lat="45.659412" lon="25.557377"><ele>541.0</ele><time>2026-07-28T08:26:24Z</time></trkpt><trkpt lat="45.659402" lon="25.557498"><ele>541.0</ele><time>2026-07-28T08:26:26Z</time></trkpt><trkpt lat="45.659395" lon="25.55762"><ele>541.0</ele><time>2026-07-28T08:26:28Z</time></trkpt><trkpt lat="45.659392" lon="25.557747"><ele>541.0</ele><time>2026-07-28T08:26:30Z</time></trkpt><trkpt lat="45.659387" lon="25.557877"><ele>540.9</ele><time>2026-07-28T08:26:32Z</time></trkpt><trkpt lat="45.659387" lon="25.558015"><ele>540.8</ele><time>2026-07-28T08:26:34Z</time></trkpt><trkpt lat="45.659382" lon="25.558143"><ele>540.6</ele><time>2026-07-28T08:26:36Z</time></trkpt><trkpt lat="45.65939" lon="25.558312"><ele>540.4</ele><time>2026-07-28T08:26:38Z</time></trkpt><trkpt lat="45.659395" lon="25.558458"><ele>540.1</ele><time>2026-07-28T08:26:40Z</time></trkpt><trkpt lat="45.659408" lon="25.558617"><ele>539.7</ele><time>2026-07-28T08:26:42Z</time></trkpt><trkpt lat="45.659423" lon="25.558763"><ele>539.4</ele><time>2026-07-28T08:26:44Z</time></trkpt><trkpt lat="45.659442" lon="25.558967"><ele>539.2</ele><time>2026-07-28T08:26:46Z</time></trkpt><trkpt lat="45.659485" lon="25.559122"><ele>539.0</ele><time>2026-07-28T08:26:48Z</time></trkpt><trkpt lat="45.659515" lon="25.559313"><ele>538.9</ele><time>2026-07-28T08:26:50Z</time></trkpt><trkpt lat="45.659552" lon="25.559503"><ele>538.9</ele><time>2026-07-28T08:26:52Z</time></trkpt><trkpt lat="45.6596" lon="25.559687"><ele>538.6</ele><time>2026-07-28T08:26:54Z</time></trkpt><trkpt lat="45.659648" lon="25.55988"><ele>537.8</ele><time>2026-07-28T08:26:56Z</time></trkpt><trkpt lat="45.659697" lon="25.560072"><ele>536.9</ele><time>2026-07-28T08:26:58Z</time></trkpt><trkpt lat="45.659748" lon="25.560265"><ele>536.2</ele><time>2026-07-28T08:27:00Z</time></trkpt><trkpt lat="45.659772" lon="25.560365"><ele>536.2</ele><time>2026-07-28T08:27:01Z</time></trkpt><trkpt lat="45.659808" lon="25.56055"><ele>535.5</ele><time>2026-07-28T08:27:03Z</time></trkpt><trkpt lat="45.659843" lon="25.560675"><ele>535.2</ele><time>2026-07-28T08:27:04Z</time></trkpt><trkpt lat="45.659878" lon="25.560873"><ele>534.5</ele><time>2026-07-28T08:27:06Z</time></trkpt><trkpt lat="45.659898" lon="25.560978"><ele>534.2</ele><time>2026-07-28T08:27:07Z</time></trkpt><trkpt lat="45.659945" lon="25.561118"><ele>533.6</ele><time>2026-07-28T08:27:09Z</time></trkpt><trkpt lat="45.65999" lon="25.561318"><ele>532.9</ele><time>2026-07-28T08:27:11Z</time></trkpt><trkpt lat="45.660022" lon="25.56142"><ele>532.5</ele><time>2026-07-28T08:27:12Z</time></trkpt><trkpt lat="45.66002" lon="25.561542"><ele>531.8</ele><time>2026-07-28T08:27:14Z</time></trkpt><trkpt lat="45.660023" lon="25.561668"><ele>531.2</ele><time>2026-07-28T08:27:16Z</time></trkpt><trkpt lat="45.660068" lon="25.561778"><ele>531.0</ele><time>2026-07-28T08:27:18Z</time></trkpt><trkpt lat="45.660117" lon="25.561865"><ele>530.6</ele><time>2026-07-28T08:27:20Z</time></trkpt><trkpt lat="45.660185" lon="25.561953"><ele>530.3</ele><time>2026-07-28T08:27:22Z</time></trkpt><trkpt lat="45.660233" lon="25.562052"><ele>530.2</ele><time>2026-07-28T08:27:24Z</time></trkpt><trkpt lat="45.660245" lon="25.562193"><ele>530.2</ele><time>2026-07-28T08:27:26Z</time></trkpt><trkpt lat="45.660278" lon="25.562338"><ele>530.2</ele><time>2026-07-28T08:27:28Z</time></trkpt><trkpt lat="45.660303" lon="25.562497"><ele>530.3</ele><time>2026-07-28T08:27:30Z</time></trkpt><trkpt lat="45.660325" lon="25.562652"><ele>530.3</ele><time>2026-07-28T08:27:32Z</time></trkpt><trkpt lat="45.660343" lon="25.562802"><ele>530.3</ele><time>2026-07-28T08:27:34Z</time></trkpt><trkpt lat="45.660355" lon="25.562958"><ele>530.2</ele><time>2026-07-28T08:27:36Z</time></trkpt><trkpt lat="45.660365" lon="25.563078"><ele>530.1</ele><time>2026-07-28T08:27:38Z</time></trkpt><trkpt lat="45.660373" lon="25.563237"><ele>530.0</ele><time>2026-07-28T08:27:40Z</time></trkpt><trkpt lat="45.660378" lon="25.563423"><ele>529.9</ele><time>2026-07-28T08:27:42Z</time></trkpt><trkpt lat="45.660368" lon="25.56358"><ele>530.0</ele><time>2026-07-28T08:27:44Z</time></trkpt><trkpt lat="45.660362" lon="25.563735"><ele>530.1</ele><time>2026-07-28T08:27:46Z</time></trkpt><trkpt lat="45.660352" lon="25.563895"><ele>530.1</ele><time>2026-07-28T08:27:48Z</time></trkpt><trkpt lat="45.660345" lon="25.564025"><ele>530.1</ele><time>2026-07-28T08:27:50Z</time></trkpt><trkpt lat="45.660335" lon="25.564162"><ele>529.9</ele><time>2026-07-28T08:27:52Z</time></trkpt><trkpt lat="45.660325" lon="25.564307"><ele>529.9</ele><time>2026-07-28T08:27:54Z</time></trkpt><trkpt lat="45.660315" lon="25.564447"><ele>529.9</ele><time>2026-07-28T08:27:56Z</time></trkpt><trkpt lat="45.660308" lon="25.564573"><ele>529.9</ele><time>2026-07-28T08:27:58Z</time></trkpt><trkpt lat="45.6603" lon="25.564707"><ele>529.8</ele><time>2026-07-28T08:28:00Z</time></trkpt><trkpt lat="45.66029" lon="25.564842"><ele>529.7</ele><time>2026-07-28T08:28:02Z</time></trkpt><trkpt lat="45.660277" lon="25.564982"><ele>529.7</ele><time>2026-07-28T08:28:04Z</time></trkpt><trkpt lat="45.660268" lon="25.565118"><ele>529.7</ele><time>2026-07-28T08:28:06Z</time></trkpt><trkpt lat="45.660258" lon="25.565248"><ele>529.7</ele><time>2026-07-28T08:28:08Z</time></trkpt><trkpt lat="45.660248" lon="25.565373"><ele>529.7</ele><time>2026-07-28T08:28:10Z</time></trkpt><trkpt lat="45.660233" lon="25.565492"><ele>529.7</ele><time>2026-07-28T08:28:12Z</time></trkpt><trkpt lat="45.660212" lon="25.565645"><ele>529.7</ele><time>2026-07-28T08:28:15Z</time></trkpt><trkpt lat="45.660198" lon="25.56577"><ele>529.7</ele><time>2026-07-28T08:28:17Z</time></trkpt><trkpt lat="45.66019" lon="25.5659"><ele>529.8</ele><time>2026-07-28T08:28:19Z</time></trkpt><trkpt lat="45.660177" lon="25.566025"><ele>529.9</ele><time>2026-07-28T08:28:21Z</time></trkpt><trkpt lat="45.660168" lon="25.566147"><ele>529.9</ele><time>2026-07-28T08:28:23Z</time></trkpt><trkpt lat="45.660158" lon="25.566273"><ele>529.8</ele><time>2026-07-28T08:28:25Z</time></trkpt><trkpt lat="45.660145" lon="25.566408"><ele>529.7</ele><time>2026-07-28T08:28:27Z</time></trkpt><trkpt lat="45.660138" lon="25.566543"><ele>529.6</ele><time>2026-07-28T08:28:29Z</time></trkpt><trkpt lat="45.660127" lon="25.566675"><ele>529.6</ele><time>2026-07-28T08:28:31Z</time></trkpt><trkpt lat="45.66008" lon="25.56678"><ele>529.6</ele><time>2026-07-28T08:28:34Z</time></trkpt><trkpt lat="45.660015" lon="25.566872"><ele>529.5</ele><time>2026-07-28T08:28:36Z</time></trkpt><trkpt lat="45.660048" lon="25.567035"><ele>529.5</ele><time>2026-07-28T08:28:38Z</time></trkpt><trkpt lat="45.660053" lon="25.567172"><ele>529.4</ele><time>2026-07-28T08:28:40Z</time></trkpt><trkpt lat="45.660062" lon="25.567283"><ele>529.3</ele><time>2026-07-28T08:28:42Z</time></trkpt><trkpt lat="45.660055" lon="25.567413"><ele>529.3</ele><time>2026-07-28T08:28:44Z</time></trkpt><trkpt lat="45.66005" lon="25.56752"><ele>529.3</ele><time>2026-07-28T08:28:46Z</time></trkpt><trkpt lat="45.660052" lon="25.567662"><ele>529.3</ele><time>2026-07-28T08:28:49Z</time></trkpt><trkpt lat="45.660058" lon="25.567778"><ele>529.5</ele><time>2026-07-28T08:28:52Z</time></trkpt><trkpt lat="45.660047" lon="25.56793"><ele>529.5</ele><time>2026-07-28T08:28:55Z</time></trkpt><trkpt lat="45.660035" lon="25.568042"><ele>529.5</ele><time>2026-07-28T08:28:57Z</time></trkpt><trkpt lat="45.660018" lon="25.568157"><ele>529.3</ele><time>2026-07-28T08:28:59Z</time></trkpt><trkpt lat="45.659995" lon="25.568282"><ele>529.2</ele><time>2026-07-28T08:29:01Z</time></trkpt><trkpt lat="45.659963" lon="25.568408"><ele>529.2</ele><time>2026-07-28T08:29:04Z</time></trkpt><trkpt lat="45.65993" lon="25.56854"><ele>528.9</ele><time>2026-07-28T08:29:06Z</time></trkpt><trkpt lat="45.6599" lon="25.568677"><ele>528.7</ele><time>2026-07-28T08:29:08Z</time></trkpt><trkpt lat="45.659867" lon="25.568822"><ele>528.6</ele><time>2026-07-28T08:29:10Z</time></trkpt><trkpt lat="45.659835" lon="25.568965"><ele>528.6</ele><time>2026-07-28T08:29:12Z</time></trkpt><trkpt lat="45.659813" lon="25.569113"><ele>528.2</ele><time>2026-07-28T08:29:14Z</time></trkpt><trkpt lat="45.659825" lon="25.569257"><ele>528.0</ele><time>2026-07-28T08:29:16Z</time></trkpt><trkpt lat="45.659882" lon="25.56937"><ele>528.1</ele><time>2026-07-28T08:29:18Z</time></trkpt><trkpt lat="45.659948" lon="25.569473"><ele>528.3</ele><time>2026-07-28T08:29:20Z</time></trkpt><trkpt lat="45.660005" lon="25.569573"><ele>528.4</ele><time>2026-07-28T08:29:22Z</time></trkpt><trkpt lat="45.66005" lon="25.569687"><ele>528.4</ele><time>2026-07-28T08:29:24Z</time></trkpt><trkpt lat="45.660113" lon="25.569803"><ele>528.6</ele><time>2026-07-28T08:29:26Z</time></trkpt><trkpt lat="45.660177" lon="25.56991"><ele>528.7</ele><time>2026-07-28T08:29:28Z</time></trkpt><trkpt lat="45.660242" lon="25.570018"><ele>528.9</ele><time>2026-07-28T08:29:31Z</time></trkpt><trkpt lat="45.660342" lon="25.570182"><ele>529.1</ele><time>2026-07-28T08:29:33Z</time></trkpt><trkpt lat="45.660403" lon="25.570288"><ele>529.2</ele><time>2026-07-28T08:29:35Z</time></trkpt><trkpt lat="45.660452" lon="25.570405"><ele>529.2</ele><time>2026-07-28T08:29:37Z</time></trkpt><trkpt lat="45.660487" lon="25.570525"><ele>529.2</ele><time>2026-07-28T08:29:39Z</time></trkpt><trkpt lat="45.660535" lon="25.570668"><ele>529.3</ele><time>2026-07-28T08:29:41Z</time></trkpt><trkpt lat="45.66058" lon="25.570802"><ele>529.3</ele><time>2026-07-28T08:29:43Z</time></trkpt><trkpt lat="45.660617" lon="25.57094"><ele>529.3</ele><time>2026-07-28T08:29:45Z</time></trkpt><trkpt lat="45.660638" lon="25.571038"><ele>529.2</ele><time>2026-07-28T08:29:47Z</time></trkpt><trkpt lat="45.660672" lon="25.571162"><ele>529.3</ele><time>2026-07-28T08:29:49Z</time></trkpt><trkpt lat="45.660708" lon="25.571293"><ele>529.3</ele><time>2026-07-28T08:29:51Z</time></trkpt><trkpt lat="45.660753" lon="25.571408"><ele>529.3</ele><time>2026-07-28T08:29:53Z</time></trkpt><trkpt lat="45.660798" lon="25.571528"><ele>529.1</ele><time>2026-07-28T08:29:55Z</time></trkpt><trkpt lat="45.660837" lon="25.571662"><ele>529.1</ele><time>2026-07-28T08:29:57Z</time></trkpt><trkpt lat="45.660888" lon="25.571793"><ele>529.1</ele><time>2026-07-28T08:30:00Z</time></trkpt><trkpt lat="45.66098" lon="25.572053"><ele>529.3</ele><time>2026-07-28T08:30:03Z</time></trkpt><trkpt lat="45.66103" lon="25.572172"><ele>529.5</ele><time>2026-07-28T08:30:05Z</time></trkpt><trkpt lat="45.661078" lon="25.572293"><ele>529.6</ele><time>2026-07-28T08:30:07Z</time></trkpt><trkpt lat="45.661132" lon="25.572412"><ele>529.7</ele><time>2026-07-28T08:30:09Z</time></trkpt><trkpt lat="45.661178" lon="25.572535"><ele>529.7</ele><time>2026-07-28T08:30:10Z</time></trkpt><trkpt lat="45.661232" lon="25.572653"><ele>529.7</ele><time>2026-07-28T08:30:12Z</time></trkpt><trkpt lat="45.661292" lon="25.57275"><ele>529.6</ele><time>2026-07-28T08:30:14Z</time></trkpt><trkpt lat="45.661335" lon="25.572848"><ele>529.6</ele><time>2026-07-28T08:30:16Z</time></trkpt><trkpt lat="45.661377" lon="25.57295"><ele>529.6</ele><time>2026-07-28T08:30:18Z</time></trkpt><trkpt lat="45.661412" lon="25.573042"><ele>529.8</ele><time>2026-07-28T08:30:20Z</time></trkpt><trkpt lat="45.661452" lon="25.573153"><ele>529.8</ele><time>2026-07-28T08:30:22Z</time></trkpt><trkpt lat="45.661492" lon="25.57326"><ele>529.9</ele><time>2026-07-28T08:30:24Z</time></trkpt><trkpt lat="45.66152" lon="25.573383"><ele>530.0</ele><time>2026-07-28T08:30:26Z</time></trkpt><trkpt lat="45.661573" lon="25.573475"><ele>530.2</ele><time>2026-07-28T08:30:28Z</time></trkpt><trkpt lat="45.661612" lon="25.573578"><ele>530.2</ele><time>2026-07-28T08:30:30Z</time></trkpt><trkpt lat="45.661663" lon="25.573705"><ele>530.3</ele><time>2026-07-28T08:30:33Z</time></trkpt><trkpt lat="45.661703" lon="25.5738"><ele>530.3</ele><time>2026-07-28T08:30:35Z</time></trkpt><trkpt lat="45.661823" lon="25.574043"><ele>530.0</ele><time>2026-07-28T08:30:38Z</time></trkpt><trkpt lat="45.661883" lon="25.574132"><ele>529.8</ele><time>2026-07-28T08:30:40Z</time></trkpt><trkpt lat="45.661925" lon="25.574232"><ele>530.1</ele><time>2026-07-28T08:30:42Z</time></trkpt><trkpt lat="45.661967" lon="25.574345"><ele>530.4</ele><time>2026-07-28T08:30:44Z</time></trkpt><trkpt lat="45.662005" lon="25.574463"><ele>530.7</ele><time>2026-07-28T08:30:47Z</time></trkpt><trkpt lat="45.662048" lon="25.57458"><ele>530.8</ele><time>2026-07-28T08:30:49Z</time></trkpt><trkpt lat="45.662098" lon="25.574695"><ele>531.1</ele><time>2026-07-28T08:30:51Z</time></trkpt><trkpt lat="45.66214" lon="25.574785"><ele>531.3</ele><time>2026-07-28T08:30:53Z</time></trkpt><trkpt lat="45.66219" lon="25.574922"><ele>531.6</ele><time>2026-07-28T08:30:56Z</time></trkpt><trkpt lat="45.662233" lon="25.575022"><ele>531.9</ele><time>2026-07-28T08:30:58Z</time></trkpt><trkpt lat="45.662268" lon="25.575113"><ele>532.0</ele><time>2026-07-28T08:31:00Z</time></trkpt><trkpt lat="45.662363" lon="25.5753"><ele>532.2</ele><time>2026-07-28T08:31:02Z</time></trkpt><trkpt lat="45.662413" lon="25.575415"><ele>532.6</ele><time>2026-07-28T08:31:04Z</time></trkpt><trkpt lat="45.662457" lon="25.575528"><ele>532.8</ele><time>2026-07-28T08:31:06Z</time></trkpt><trkpt lat="45.662493" lon="25.57564"><ele>533.2</ele><time>2026-07-28T08:31:08Z</time></trkpt><trkpt lat="45.662532" lon="25.575747"><ele>533.4</ele><time>2026-07-28T08:31:10Z</time></trkpt><trkpt lat="45.662577" lon="25.575843"><ele>533.6</ele><time>2026-07-28T08:31:12Z</time></trkpt><trkpt lat="45.662622" lon="25.575947"><ele>533.7</ele><time>2026-07-28T08:31:14Z</time></trkpt><trkpt lat="45.662683" lon="25.576045"><ele>533.7</ele><time>2026-07-28T08:31:16Z</time></trkpt><trkpt lat="45.662723" lon="25.576162"><ele>533.9</ele><time>2026-07-28T08:31:18Z</time></trkpt><trkpt lat="45.662765" lon="25.576257"><ele>534.3</ele><time>2026-07-28T08:31:21Z</time></trkpt><trkpt lat="45.662812" lon="25.57635"><ele>534.3</ele><time>2026-07-28T08:31:23Z</time></trkpt><trkpt lat="45.662853" lon="25.576485"><ele>534.4</ele><time>2026-07-28T08:31:26Z</time></trkpt><trkpt lat="45.662903" lon="25.576615"><ele>534.5</ele><time>2026-07-28T08:31:29Z</time></trkpt><trkpt lat="45.662965" lon="25.576723"><ele>534.4</ele><time>2026-07-28T08:31:32Z</time></trkpt><trkpt lat="45.663007" lon="25.576855"><ele>534.6</ele><time>2026-07-28T08:31:35Z</time></trkpt><trkpt lat="45.663048" lon="25.576975"><ele>534.7</ele><time>2026-07-28T08:31:38Z</time></trkpt><trkpt lat="45.663092" lon="25.577073"><ele>534.8</ele><time>2026-07-28T08:31:41Z</time></trkpt><trkpt lat="45.663125" lon="25.577167"><ele>535.0</ele><time>2026-07-28T08:31:44Z</time></trkpt><trkpt lat="45.663147" lon="25.57728"><ele>535.2</ele><time>2026-07-28T08:31:48Z</time></trkpt><trkpt lat="45.663167" lon="25.577417"><ele>535.3</ele><time>2026-07-28T08:31:52Z</time></trkpt><trkpt lat="45.66319" lon="25.57756"><ele>535.4</ele><time>2026-07-28T08:31:55Z</time></trkpt><trkpt lat="45.663202" lon="25.577663"><ele>535.6</ele><time>2026-07-28T08:31:57Z</time></trkpt><trkpt lat="45.663215" lon="25.577812"><ele>535.8</ele><time>2026-07-28T08:32:00Z</time></trkpt><trkpt lat="45.663167" lon="25.577918"><ele>536.1</ele><time>2026-07-28T08:32:03Z</time></trkpt><trkpt lat="45.663078" lon="25.57796"><ele>536.3</ele><time>2026-07-28T08:32:06Z</time></trkpt><trkpt lat="45.663008" lon="25.578002"><ele>536.4</ele><time>2026-07-28T08:32:08Z</time></trkpt><trkpt lat="45.662912" lon="25.57805"><ele>536.5</ele><time>2026-07-28T08:32:11Z</time></trkpt><trkpt lat="45.662843" lon="25.57809"><ele>536.4</ele><time>2026-07-28T08:32:13Z</time></trkpt><trkpt lat="45.662773" lon="25.578138"><ele>536.5</ele><time>2026-07-28T08:32:16Z</time></trkpt><trkpt lat="45.662685" lon="25.578202"><ele>536.6</ele><time>2026-07-28T08:32:17Z</time></trkpt><trkpt lat="45.662595" lon="25.578242"><ele>536.3</ele><time>2026-07-28T08:32:21Z</time></trkpt><trkpt lat="45.662515" lon="25.578265"><ele>536.4</ele><time>2026-07-28T08:32:23Z</time></trkpt><trkpt lat="45.662438" lon="25.578282"><ele>536.6</ele><time>2026-07-28T08:32:25Z</time></trkpt><trkpt lat="45.662362" lon="25.578298"><ele>537.0</ele><time>2026-07-28T08:32:27Z</time></trkpt><trkpt lat="45.662283" lon="25.578305"><ele>537.0</ele><time>2026-07-28T08:32:29Z</time></trkpt><trkpt lat="45.662208" lon="25.578328"><ele>537.0</ele><time>2026-07-28T08:32:31Z</time></trkpt><trkpt lat="45.662135" lon="25.578382"><ele>537.0</ele><time>2026-07-28T08:32:33Z</time></trkpt><trkpt lat="45.662027" lon="25.5784"><ele>537.2</ele><time>2026-07-28T08:32:37Z</time></trkpt><trkpt lat="45.661952" lon="25.578432"><ele>537.2</ele><time>2026-07-28T08:32:39Z</time></trkpt><trkpt lat="45.661883" lon="25.57847"><ele>537.2</ele><time>2026-07-28T08:32:41Z</time></trkpt><trkpt lat="45.66181" lon="25.578485"><ele>537.0</ele><time>2026-07-28T08:32:43Z</time></trkpt><trkpt lat="45.661742" lon="25.578533"><ele>536.8</ele><time>2026-07-28T08:32:45Z</time></trkpt><trkpt lat="45.661655" lon="25.578568"><ele>536.8</ele><time>2026-07-28T08:32:47Z</time></trkpt><trkpt lat="45.661583" lon="25.578625"><ele>537.0</ele><time>2026-07-28T08:32:49Z</time></trkpt><trkpt lat="45.661495" lon="25.578668"><ele>537.0</ele><time>2026-07-28T08:32:51Z</time></trkpt><trkpt lat="45.661418" lon="25.5787"><ele>537.1</ele><time>2026-07-28T08:32:53Z</time></trkpt><trkpt lat="45.661348" lon="25.578735"><ele>537.2</ele><time>2026-07-28T08:32:55Z</time></trkpt><trkpt lat="45.661283" lon="25.57878"><ele>537.2</ele><time>2026-07-28T08:32:57Z</time></trkpt><trkpt lat="45.661195" lon="25.578805"><ele>537.5</ele><time>2026-07-28T08:33:00Z</time></trkpt><trkpt lat="45.661088" lon="25.578853"><ele>537.9</ele><time>2026-07-28T08:33:03Z</time></trkpt><trkpt lat="45.660992" lon="25.578905"><ele>538.3</ele><time>2026-07-28T08:33:06Z</time></trkpt><trkpt lat="45.660922" lon="25.578932"><ele>538.3</ele><time>2026-07-28T08:33:08Z</time></trkpt><trkpt lat="45.660822" lon="25.578978"><ele>538.5</ele><time>2026-07-28T08:33:11Z</time></trkpt><trkpt lat="45.660725" lon="25.579042"><ele>538.5</ele><time>2026-07-28T08:33:14Z</time></trkpt><trkpt lat="45.660632" lon="25.579098"><ele>538.5</ele><time>2026-07-28T08:33:16Z</time></trkpt><trkpt lat="45.660545" lon="25.57914"><ele>538.7</ele><time>2026-07-28T08:33:19Z</time></trkpt><trkpt lat="45.660455" lon="25.579182"><ele>539.0</ele><time>2026-07-28T08:33:21Z</time></trkpt><trkpt lat="45.660365" lon="25.579253"><ele>539.3</ele><time>2026-07-28T08:33:23Z</time></trkpt><trkpt lat="45.660287" lon="25.579312"><ele>539.3</ele><time>2026-07-28T08:33:25Z</time></trkpt><trkpt lat="45.660208" lon="25.579358"><ele>539.4</ele><time>2026-07-28T08:33:27Z</time></trkpt><trkpt lat="45.660123" lon="25.579405"><ele>539.5</ele><time>2026-07-28T08:33:30Z</time></trkpt><trkpt lat="45.660043" lon="25.579443"><ele>539.7</ele><time>2026-07-28T08:33:32Z</time></trkpt><trkpt lat="45.659968" lon="25.579452"><ele>539.7</ele><time>2026-07-28T08:33:34Z</time></trkpt><trkpt lat="45.659895" lon="25.579493"><ele>539.8</ele><time>2026-07-28T08:33:37Z</time></trkpt><trkpt lat="45.659833" lon="25.579557"><ele>540.0</ele><time>2026-07-28T08:33:40Z</time></trkpt><trkpt lat="45.659717" lon="25.579583"><ele>540.2</ele><time>2026-07-28T08:33:43Z</time></trkpt><trkpt lat="45.659643" lon="25.579605"><ele>540.4</ele><time>2026-07-28T08:33:45Z</time></trkpt><trkpt lat="45.659535" lon="25.579622"><ele>540.6</ele><time>2026-07-28T08:33:48Z</time></trkpt><trkpt lat="45.65943" lon="25.579692"><ele>540.6</ele><time>2026-07-28T08:33:51Z</time></trkpt><trkpt lat="45.659328" lon="25.579753"><ele>555.4</ele><time>2026-07-28T08:33:53Z</time></trkpt><trkpt lat="45.659237" lon="25.57985"><ele>555.5</ele><time>2026-07-28T08:33:55Z</time></trkpt><trkpt lat="45.659143" lon="25.57993"><ele>555.6</ele><time>2026-07-28T08:33:57Z</time></trkpt><trkpt lat="45.659075" lon="25.580007"><ele>555.6</ele><time>2026-07-28T08:33:59Z</time></trkpt><trkpt lat="45.65901" lon="25.580053"><ele>555.6</ele><time>2026-07-28T08:34:02Z</time></trkpt><trkpt lat="45.658942" lon="25.580113"><ele>555.6</ele><time>2026-07-28T08:34:05Z</time></trkpt><trkpt lat="45.658848" lon="25.58014"><ele>555.8</ele><time>2026-07-28T08:34:08Z</time></trkpt><trkpt lat="45.658758" lon="25.580175"><ele>556.0</ele><time>2026-07-28T08:34:11Z</time></trkpt><trkpt lat="45.658657" lon="25.58022"><ele>556.2</ele><time>2026-07-28T08:34:14Z</time></trkpt><trkpt lat="45.658585" lon="25.580258"><ele>556.2</ele><time>2026-07-28T08:34:16Z</time></trkpt><trkpt lat="45.658512" lon="25.5803"><ele>556.1</ele><time>2026-07-28T08:34:18Z</time></trkpt><trkpt lat="45.658407" lon="25.580345"><ele>556.0</ele><time>2026-07-28T08:34:21Z</time></trkpt><trkpt lat="45.658335" lon="25.58044"><ele>556.1</ele><time>2026-07-28T08:34:23Z</time></trkpt><trkpt lat="45.658267" lon="25.580512"><ele>556.5</ele><time>2026-07-28T08:34:25Z</time></trkpt><trkpt lat="45.658177" lon="25.58055"><ele>556.8</ele><time>2026-07-28T08:34:27Z</time></trkpt><trkpt lat="45.658103" lon="25.58061"><ele>556.9</ele><time>2026-07-28T08:34:29Z</time></trkpt><trkpt lat="45.658027" lon="25.580663"><ele>557.0</ele><time>2026-07-28T08:34:31Z</time></trkpt><trkpt lat="45.657955" lon="25.580697"><ele>557.4</ele><time>2026-07-28T08:34:33Z</time></trkpt><trkpt lat="45.657872" lon="25.58074"><ele>557.6</ele><time>2026-07-28T08:34:35Z</time></trkpt><trkpt lat="45.657795" lon="25.580718"><ele>557.8</ele><time>2026-07-28T08:34:37Z</time></trkpt><trkpt lat="45.657725" lon="25.580802"><ele>557.7</ele><time>2026-07-28T08:34:39Z</time></trkpt><trkpt lat="45.657653" lon="25.580875"><ele>557.6</ele><time>2026-07-28T08:34:41Z</time></trkpt><trkpt lat="45.65757" lon="25.58093"><ele>557.6</ele><time>2026-07-28T08:34:43Z</time></trkpt><trkpt lat="45.657488" lon="25.580973"><ele>557.8</ele><time>2026-07-28T08:34:45Z</time></trkpt><trkpt lat="45.657425" lon="25.581025"><ele>557.9</ele><time>2026-07-28T08:34:47Z</time></trkpt><trkpt lat="45.657335" lon="25.581077"><ele>558.1</ele><time>2026-07-28T08:34:49Z</time></trkpt><trkpt lat="45.657248" lon="25.581112"><ele>558.2</ele><time>2026-07-28T08:34:52Z</time></trkpt><trkpt lat="45.65718" lon="25.581178"><ele>558.2</ele><time>2026-07-28T08:34:55Z</time></trkpt><trkpt lat="45.657097" lon="25.581213"><ele>558.3</ele><time>2026-07-28T08:34:58Z</time></trkpt><trkpt lat="45.656995" lon="25.581247"><ele>558.6</ele><time>2026-07-28T08:35:01Z</time></trkpt><trkpt lat="45.656932" lon="25.581308"><ele>558.8</ele><time>2026-07-28T08:35:03Z</time></trkpt><trkpt lat="45.656863" lon="25.581358"><ele>559.0</ele><time>2026-07-28T08:35:05Z</time></trkpt><trkpt lat="45.656793" lon="25.581392"><ele>559.2</ele><time>2026-07-28T08:35:07Z</time></trkpt><trkpt lat="45.656707" lon="25.581462"><ele>559.4</ele><time>2026-07-28T08:35:10Z</time></trkpt><trkpt lat="45.656633" lon="25.581523"><ele>559.5</ele><time>2026-07-28T08:35:13Z</time></trkpt><trkpt lat="45.65656" lon="25.581573"><ele>559.8</ele><time>2026-07-28T08:35:17Z</time></trkpt><trkpt lat="45.656465" lon="25.581653"><ele>560.1</ele><time>2026-07-28T08:35:20Z</time></trkpt><trkpt lat="45.656365" lon="25.581745"><ele>560.4</ele><time>2026-07-28T08:35:23Z</time></trkpt><trkpt lat="45.656288" lon="25.581822"><ele>560.6</ele><time>2026-07-28T08:35:26Z</time></trkpt><trkpt lat="45.656182" lon="25.581902"><ele>560.7</ele><time>2026-07-28T08:35:29Z</time></trkpt><trkpt lat="45.656088" lon="25.581962"><ele>560.8</ele><time>2026-07-28T08:35:32Z</time></trkpt><trkpt lat="45.655998" lon="25.582022"><ele>560.8</ele><time>2026-07-28T08:35:35Z</time></trkpt><trkpt lat="45.65592" lon="25.58206"><ele>560.9</ele><time>2026-07-28T08:35:37Z</time></trkpt><trkpt lat="45.655842" lon="25.582113"><ele>561.0</ele><time>2026-07-28T08:35:39Z</time></trkpt><trkpt lat="45.655742" lon="25.582142"><ele>561.3</ele><time>2026-07-28T08:35:42Z</time></trkpt><trkpt lat="45.65565" lon="25.5822"><ele>561.5</ele><time>2026-07-28T08:35:45Z</time></trkpt><trkpt lat="45.655565" lon="25.58226"><ele>561.8</ele><time>2026-07-28T08:35:48Z</time></trkpt><trkpt lat="45.655477" lon="25.582317"><ele>562.1</ele><time>2026-07-28T08:35:51Z</time></trkpt><trkpt lat="45.655395" lon="25.582378"><ele>562.3</ele><time>2026-07-28T08:35:54Z</time></trkpt><trkpt lat="45.655327" lon="25.582448"><ele>562.6</ele><time>2026-07-28T08:35:57Z</time></trkpt><trkpt lat="45.655253" lon="25.582518"><ele>562.9</ele><time>2026-07-28T08:36:00Z</time></trkpt><trkpt lat="45.655182" lon="25.582573"><ele>563.0</ele><time>2026-07-28T08:36:03Z</time></trkpt><trkpt lat="45.655107" lon="25.58261"><ele>563.2</ele><time>2026-07-28T08:36:06Z</time></trkpt><trkpt lat="45.655015" lon="25.58269"><ele>563.7</ele><time>2026-07-28T08:36:09Z</time></trkpt><trkpt lat="45.654463" lon="25.583258"><ele>563.9</ele><time>2026-07-28T08:36:11Z</time></trkpt><trkpt lat="45.654382" lon="25.583322"><ele>564.1</ele><time>2026-07-28T08:36:14Z</time></trkpt><trkpt lat="45.654302" lon="25.583402"><ele>564.5</ele><time>2026-07-28T08:36:17Z</time></trkpt><trkpt lat="45.65423" lon="25.583445"><ele>564.6</ele><time>2026-07-28T08:36:19Z</time></trkpt><trkpt lat="45.654147" lon="25.583513"><ele>564.7</ele><time>2026-07-28T08:36:22Z</time></trkpt><trkpt lat="45.65406" lon="25.583558"><ele>564.9</ele><time>2026-07-28T08:36:25Z</time></trkpt><trkpt lat="45.653977" lon="25.583597"><ele>565.1</ele><time>2026-07-28T08:36:28Z</time></trkpt><trkpt lat="45.653893" lon="25.583645"><ele>565.4</ele><time>2026-07-28T08:36:31Z</time></trkpt><trkpt lat="45.653785" lon="25.58374"><ele>565.6</ele><time>2026-07-28T08:36:33Z</time></trkpt><trkpt lat="45.653693" lon="25.583808"><ele>565.8</ele><time>2026-07-28T08:36:35Z</time></trkpt><trkpt lat="45.653622" lon="25.583887"><ele>565.9</ele><time>2026-07-28T08:36:38Z</time></trkpt><trkpt lat="45.653542" lon="25.583928"><ele>566.1</ele><time>2026-07-28T08:36:40Z</time></trkpt><trkpt lat="45.653408" lon="25.584027"><ele>566.2</ele><time>2026-07-28T08:36:42Z</time></trkpt><trkpt lat="45.653313" lon="25.584087"><ele>566.3</ele><time>2026-07-28T08:36:44Z</time></trkpt><trkpt lat="45.653245" lon="25.584218"><ele>566.5</ele><time>2026-07-28T08:36:46Z</time></trkpt><trkpt lat="45.653158" lon="25.584305"><ele>566.7</ele><time>2026-07-28T08:36:48Z</time></trkpt><trkpt lat="45.653548" lon="25.583872"><ele>566.8</ele><time>2026-07-28T08:36:49Z</time></trkpt><trkpt lat="45.653478" lon="25.583975"><ele>566.9</ele><time>2026-07-28T08:36:50Z</time></trkpt><trkpt lat="45.653393" lon="25.584087"><ele>567.0</ele><time>2026-07-28T08:36:51Z</time></trkpt><trkpt lat="45.653308" lon="25.584195"><ele>567.1</ele><time>2026-07-28T08:36:52Z</time></trkpt><trkpt lat="45.653205" lon="25.584312"><ele>567.1</ele><time>2026-07-28T08:36:53Z</time></trkpt><trkpt lat="45.653113" lon="25.584407"><ele>567.2</ele><time>2026-07-28T08:36:54Z</time></trkpt><trkpt lat="45.653025" lon="25.584502"><ele>567.2</ele><time>2026-07-28T08:36:55Z</time></trkpt><trkpt lat="45.652917" lon="25.584582"><ele>567.3</ele><time>2026-07-28T08:36:56Z</time></trkpt><trkpt lat="45.652792" lon="25.584722"><ele>567.4</ele><time>2026-07-28T08:36:57Z</time></trkpt><trkpt lat="45.652735" lon="25.584787"><ele>567.5</ele><time>2026-07-28T08:36:58Z</time></trkpt><trkpt lat="45.652667" lon="25.584895"><ele>567.9</ele><time>2026-07-28T08:37:00Z</time></trkpt><trkpt lat="45.652627" lon="25.584998"><ele>568.2</ele><time>2026-07-28T08:37:02Z</time></trkpt><trkpt lat="45.652558" lon="25.585075"><ele>568.3</ele><time>2026-07-28T08:37:04Z</time></trkpt><trkpt lat="45.652495" lon="25.585152"><ele>568.6</ele><time>2026-07-28T08:37:06Z</time></trkpt><trkpt lat="45.652418" lon="25.58517"><ele>568.7</ele><time>2026-07-28T08:37:08Z</time></trkpt><trkpt lat="45.652362" lon="25.585245"><ele>568.8</ele><time>2026-07-28T08:37:10Z</time></trkpt><trkpt lat="45.652305" lon="25.585315"><ele>568.9</ele><time>2026-07-28T08:37:12Z</time></trkpt><trkpt lat="45.652247" lon="25.585388"><ele>569.0</ele><time>2026-07-28T08:37:14Z</time></trkpt><trkpt lat="45.652183" lon="25.585438"><ele>569.2</ele><time>2026-07-28T08:37:16Z</time></trkpt><trkpt lat="45.652123" lon="25.585502"><ele>569.5</ele><time>2026-07-28T08:37:18Z</time></trkpt><trkpt lat="45.65206" lon="25.58557"><ele>569.7</ele><time>2026-07-28T08:37:20Z</time></trkpt><trkpt lat="45.651962" lon="25.585695"><ele>570.1</ele><time>2026-07-28T08:37:24Z</time></trkpt><trkpt lat="45.65188" lon="25.585752"><ele>570.3</ele><time>2026-07-28T08:37:26Z</time></trkpt><trkpt lat="45.651817" lon="25.585827"><ele>570.4</ele><time>2026-07-28T08:37:28Z</time></trkpt><trkpt lat="45.65174" lon="25.585918"><ele>570.8</ele><time>2026-07-28T08:37:31Z</time></trkpt><trkpt lat="45.65165" lon="25.585973"><ele>570.9</ele><time>2026-07-28T08:37:33Z</time></trkpt><trkpt lat="45.651598" lon="25.586047"><ele>571.0</ele><time>2026-07-28T08:37:35Z</time></trkpt><trkpt lat="45.651528" lon="25.586107"><ele>571.3</ele><time>2026-07-28T08:37:37Z</time></trkpt><trkpt lat="45.651468" lon="25.586173"><ele>571.4</ele><time>2026-07-28T08:37:39Z</time></trkpt><trkpt lat="45.651407" lon="25.58624"><ele>571.5</ele><time>2026-07-28T08:37:41Z</time></trkpt><trkpt lat="45.651342" lon="25.586305"><ele>571.5</ele><time>2026-07-28T08:37:43Z</time></trkpt><trkpt lat="45.651273" lon="25.586372"><ele>571.5</ele><time>2026-07-28T08:37:45Z</time></trkpt><trkpt lat="45.651212" lon="25.586438"><ele>571.5</ele><time>2026-07-28T08:37:47Z</time></trkpt><trkpt lat="45.651142" lon="25.586512"><ele>571.6</ele><time>2026-07-28T08:37:49Z</time></trkpt><trkpt lat="45.651055" lon="25.586593"><ele>571.8</ele><time>2026-07-28T08:37:52Z</time></trkpt><trkpt lat="45.650993" lon="25.586653"><ele>571.9</ele><time>2026-07-28T08:37:54Z</time></trkpt><trkpt lat="45.650928" lon="25.586707"><ele>571.9</ele><time>2026-07-28T08:37:56Z</time></trkpt><trkpt lat="45.650863" lon="25.586755"><ele>572.0</ele><time>2026-07-28T08:37:58Z</time></trkpt><trkpt lat="45.650795" lon="25.586827"><ele>572.0</ele><time>2026-07-28T08:38:00Z</time></trkpt><trkpt lat="45.650708" lon="25.586907"><ele>572.1</ele><time>2026-07-28T08:38:03Z</time></trkpt><trkpt lat="45.650648" lon="25.586968"><ele>572.2</ele><time>2026-07-28T08:38:05Z</time></trkpt><trkpt lat="45.650557" lon="25.587042"><ele>572.2</ele><time>2026-07-28T08:38:08Z</time></trkpt><trkpt lat="45.650482" lon="25.587082"><ele>572.3</ele><time>2026-07-28T08:38:10Z</time></trkpt><trkpt lat="45.65039" lon="25.587157"><ele>572.5</ele><time>2026-07-28T08:38:13Z</time></trkpt><trkpt lat="45.650322" lon="25.587205"><ele>572.7</ele><time>2026-07-28T08:38:15Z</time></trkpt><trkpt lat="45.650237" lon="25.58729"><ele>573.0</ele><time>2026-07-28T08:38:18Z</time></trkpt><trkpt lat="45.650163" lon="25.587342"><ele>573.0</ele><time>2026-07-28T08:38:20Z</time></trkpt><trkpt lat="45.650097" lon="25.587383"><ele>573.2</ele><time>2026-07-28T08:38:22Z</time></trkpt><trkpt lat="45.650003" lon="25.587458"><ele>573.4</ele><time>2026-07-28T08:38:25Z</time></trkpt><trkpt lat="45.64994" lon="25.587507"><ele>573.5</ele><time>2026-07-28T08:38:27Z</time></trkpt><trkpt lat="45.649872" lon="25.587565"><ele>573.6</ele><time>2026-07-28T08:38:29Z</time></trkpt><trkpt lat="45.649803" lon="25.5876"><ele>573.7</ele><time>2026-07-28T08:38:31Z</time></trkpt><trkpt lat="45.64974" lon="25.587655"><ele>573.7</ele><time>2026-07-28T08:38:33Z</time></trkpt><trkpt lat="45.649662" lon="25.587713"><ele>573.9</ele><time>2026-07-28T08:38:36Z</time></trkpt><trkpt lat="45.649578" lon="25.58777"><ele>574.1</ele><time>2026-07-28T08:38:39Z</time></trkpt><trkpt lat="45.649495" lon="25.587828"><ele>574.2</ele><time>2026-07-28T08:38:42Z</time></trkpt><trkpt lat="45.649437" lon="25.587897"><ele>574.1</ele><time>2026-07-28T08:38:44Z</time></trkpt><trkpt lat="45.649368" lon="25.587942"><ele>574.2</ele><time>2026-07-28T08:38:46Z</time></trkpt><trkpt lat="45.649268" lon="25.588022"><ele>574.4</ele><time>2026-07-28T08:38:49Z</time></trkpt><trkpt lat="45.649178" lon="25.588107"><ele>574.6</ele><time>2026-07-28T08:38:52Z</time></trkpt><trkpt lat="45.649107" lon="25.588162"><ele>574.8</ele><time>2026-07-28T08:38:54Z</time></trkpt><trkpt lat="45.649047" lon="25.588222"><ele>574.9</ele><time>2026-07-28T08:38:56Z</time></trkpt><trkpt lat="45.648978" lon="25.588287"><ele>575.0</ele><time>2026-07-28T08:38:58Z</time></trkpt><trkpt lat="45.648908" lon="25.588345"><ele>575.2</ele><time>2026-07-28T08:39:00Z</time></trkpt><trkpt lat="45.64884" lon="25.588408"><ele>575.3</ele><time>2026-07-28T08:39:02Z</time></trkpt><trkpt lat="45.648763" lon="25.588445"><ele>575.6</ele><time>2026-07-28T08:39:04Z</time></trkpt><trkpt lat="45.64869" lon="25.588483"><ele>575.8</ele><time>2026-07-28T08:39:06Z</time></trkpt><trkpt lat="45.648618" lon="25.58852"><ele>576.0</ele><time>2026-07-28T08:39:08Z</time></trkpt><trkpt lat="45.648548" lon="25.588565"><ele>576.1</ele><time>2026-07-28T08:39:10Z</time></trkpt><trkpt lat="45.648473" lon="25.588602"><ele>576.2</ele><time>2026-07-28T08:39:12Z</time></trkpt><trkpt lat="45.648398" lon="25.588642"><ele>576.4</ele><time>2026-07-28T08:39:14Z</time></trkpt><trkpt lat="45.648327" lon="25.588677"><ele>576.6</ele><time>2026-07-28T08:39:16Z</time></trkpt><trkpt lat="45.648252" lon="25.588695"><ele>576.8</ele><time>2026-07-28T08:39:18Z</time></trkpt><trkpt lat="45.648178" lon="25.588695"><ele>577.0</ele><time>2026-07-28T08:39:20Z</time></trkpt><trkpt lat="45.648085" lon="25.588718"><ele>577.1</ele><time>2026-07-28T08:39:23Z</time></trkpt><trkpt lat="45.647987" lon="25.58875"><ele>577.3</ele><time>2026-07-28T08:39:26Z</time></trkpt><trkpt lat="45.647915" lon="25.588772"><ele>577.4</ele><time>2026-07-28T08:39:28Z</time></trkpt><trkpt lat="45.64783" lon="25.588797"><ele>577.5</ele><time>2026-07-28T08:39:31Z</time></trkpt><trkpt lat="45.647733" lon="25.588848"><ele>577.6</ele><time>2026-07-28T08:39:34Z</time></trkpt><trkpt lat="45.647648" lon="25.588873"><ele>577.9</ele><time>2026-07-28T08:39:37Z</time></trkpt><trkpt lat="45.647577" lon="25.58891"><ele>578.1</ele><time>2026-07-28T08:39:40Z</time></trkpt><trkpt lat="45.64749" lon="25.588922"><ele>578.4</ele><time>2026-07-28T08:39:43Z</time></trkpt><trkpt lat="45.647405" lon="25.588955"><ele>578.6</ele><time>2026-07-28T08:39:45Z</time></trkpt><trkpt lat="45.647337" lon="25.589"><ele>578.7</ele><time>2026-07-28T08:39:47Z</time></trkpt><trkpt lat="45.647265" lon="25.589013"><ele>578.9</ele><time>2026-07-28T08:39:49Z</time></trkpt><trkpt lat="45.647193" lon="25.589047"><ele>579.1</ele><time>2026-07-28T08:39:51Z</time></trkpt><trkpt lat="45.647095" lon="25.589082"><ele>579.4</ele><time>2026-07-28T08:39:54Z</time></trkpt><trkpt lat="45.647015" lon="25.589055"><ele>579.8</ele><time>2026-07-28T08:39:59Z</time></trkpt><trkpt lat="45.646935" lon="25.588987"><ele>580.2</ele><time>2026-07-28T08:40:04Z</time></trkpt><trkpt lat="45.646882" lon="25.588878"><ele>580.7</ele><time>2026-07-28T08:40:08Z</time></trkpt><trkpt lat="45.646818" lon="25.588798"><ele>581.2</ele><time>2026-07-28T08:40:11Z</time></trkpt><trkpt lat="45.646757" lon="25.588695"><ele>581.7</ele><time>2026-07-28T08:40:14Z</time></trkpt><trkpt lat="45.646678" lon="25.588615"><ele>582.2</ele><time>2026-07-28T08:40:17Z</time></trkpt><trkpt lat="45.646612" lon="25.58854"><ele>582.5</ele><time>2026-07-28T08:40:19Z</time></trkpt><trkpt lat="45.64652" lon="25.588508"><ele>582.8</ele><time>2026-07-28T08:40:21Z</time></trkpt><trkpt lat="45.646455" lon="25.588455"><ele>582.9</ele><time>2026-07-28T08:40:23Z</time></trkpt><trkpt lat="45.646385" lon="25.588373"><ele>583.4</ele><time>2026-07-28T08:40:26Z</time></trkpt><trkpt lat="45.646347" lon="25.588277"><ele>584.0</ele><time>2026-07-28T08:40:30Z</time></trkpt><trkpt lat="45.646292" lon="25.588173"><ele>584.5</ele><time>2026-07-28T08:40:34Z</time></trkpt><trkpt lat="45.64622" lon="25.588085"><ele>584.8</ele><time>2026-07-28T08:40:37Z</time></trkpt><trkpt lat="45.646178" lon="25.587962"><ele>584.8</ele><time>2026-07-28T08:40:40Z</time></trkpt><trkpt lat="45.646117" lon="25.587902"><ele>585.3</ele><time>2026-07-28T08:40:48Z</time></trkpt><trkpt lat="45.646042" lon="25.587872"><ele>585.3</ele><time>2026-07-28T08:40:57Z</time></trkpt><trkpt lat="45.645978" lon="25.587782"><ele>585.3</ele><time>2026-07-28T08:41:01Z</time></trkpt><trkpt lat="45.64591" lon="25.587693"><ele>585.6</ele><time>2026-07-28T08:41:04Z</time></trkpt><trkpt lat="45.645832" lon="25.587638"><ele>585.8</ele><time>2026-07-28T08:41:07Z</time></trkpt><trkpt lat="45.645748" lon="25.587632"><ele>585.7</ele><time>2026-07-28T08:41:10Z</time></trkpt><trkpt lat="45.64567" lon="25.587655"><ele>585.5</ele><time>2026-07-28T08:41:13Z</time></trkpt><trkpt lat="45.645607" lon="25.587717"><ele>585.0</ele><time>2026-07-28T08:41:20Z</time></trkpt><trkpt lat="45.64556" lon="25.587815"><ele>585.7</ele><time>2026-07-28T08:45:33Z</time></trkpt><trkpt lat="45.645555" lon="25.587918"><ele>585.7</ele><time>2026-07-28T08:45:36Z</time></trkpt><trkpt lat="45.645545" lon="25.588023"><ele>585.7</ele><time>2026-07-28T08:45:39Z</time></trkpt><trkpt lat="45.64552" lon="25.58815"><ele>585.5</ele><time>2026-07-28T08:45:42Z</time></trkpt><trkpt lat="45.645528" lon="25.58827"><ele>585.3</ele><time>2026-07-28T08:45:46Z</time></trkpt><trkpt lat="45.645513" lon="25.588378"><ele>585.1</ele><time>2026-07-28T08:45:49Z</time></trkpt><trkpt lat="45.645498" lon="25.588482"><ele>584.9</ele><time>2026-07-28T08:45:52Z</time></trkpt><trkpt lat="45.645508" lon="25.588592"><ele>584.8</ele><time>2026-07-28T08:45:55Z</time></trkpt><trkpt lat="45.645552" lon="25.588692"><ele>584.6</ele><time>2026-07-28T08:45:59Z</time></trkpt><trkpt lat="45.64558" lon="25.588793"><ele>584.4</ele><time>2026-07-28T08:46:03Z</time></trkpt><trkpt lat="45.645602" lon="25.588927"><ele>584.4</ele><time>2026-07-28T08:46:07Z</time></trkpt><trkpt lat="45.64562" lon="25.589048"><ele>584.4</ele><time>2026-07-28T08:46:10Z</time></trkpt><trkpt lat="45.64564" lon="25.589167"><ele>584.4</ele><time>2026-07-28T08:46:13Z</time></trkpt><trkpt lat="45.64564" lon="25.589295"><ele>584.3</ele><time>2026-07-28T08:46:17Z</time></trkpt><trkpt lat="45.645587" lon="25.589383"><ele>583.9</ele><time>2026-07-28T08:46:24Z</time></trkpt><trkpt lat="45.645493" lon="25.589447"><ele>584.0</ele><time>2026-07-28T08:46:27Z</time></trkpt><trkpt lat="45.64544" lon="25.589515"><ele>584.2</ele><time>2026-07-28T08:46:29Z</time></trkpt><trkpt lat="45.645358" lon="25.58961"><ele>584.2</ele><time>2026-07-28T08:46:32Z</time></trkpt><trkpt lat="45.64528" lon="25.589612"><ele>584.3</ele><time>2026-07-28T08:46:34Z</time></trkpt><trkpt lat="45.645178" lon="25.589583"><ele>584.3</ele><time>2026-07-28T08:46:37Z</time></trkpt><trkpt lat="45.645085" lon="25.589582"><ele>584.1</ele><time>2026-07-28T08:46:40Z</time></trkpt><trkpt lat="45.645013" lon="25.589562"><ele>584.0</ele><time>2026-07-28T08:46:45Z</time></trkpt><trkpt lat="45.64493" lon="25.589535"><ele>584.1</ele><time>2026-07-28T08:46:48Z</time></trkpt><trkpt lat="45.644843" lon="25.589495"><ele>584.3</ele><time>2026-07-28T08:46:51Z</time></trkpt><trkpt lat="45.644755" lon="25.589477"><ele>584.5</ele><time>2026-07-28T08:46:54Z</time></trkpt><trkpt lat="45.644662" lon="25.589433"><ele>584.7</ele><time>2026-07-28T08:46:58Z</time></trkpt><trkpt lat="45.644565" lon="25.589413"><ele>584.8</ele><time>2026-07-28T08:47:01Z</time></trkpt><trkpt lat="45.644475" lon="25.589402"><ele>585.0</ele><time>2026-07-28T08:47:05Z</time></trkpt><trkpt lat="45.644412" lon="25.589287"><ele>585.0</ele><time>2026-07-28T08:47:10Z</time></trkpt><trkpt lat="45.644325" lon="25.589283"><ele>585.0</ele><time>2026-07-28T08:47:13Z</time></trkpt><trkpt lat="45.644252" lon="25.589265"><ele>585.3</ele><time>2026-07-28T08:47:26Z</time></trkpt><trkpt lat="45.644298" lon="25.589347"><ele>586.3</ele><time>2026-07-28T08:47:52Z</time></trkpt><trkpt lat="45.644382" lon="25.589397"><ele>586.2</ele><time>2026-07-28T08:47:59Z</time></trkpt><trkpt lat="45.644453" lon="25.589383"><ele>585.6</ele><time>2026-07-28T08:48:05Z</time></trkpt><trkpt lat="45.64453" lon="25.58943"><ele>585.4</ele><time>2026-07-28T08:48:11Z</time></trkpt><trkpt lat="45.644612" lon="25.589437"><ele>585.4</ele><time>2026-07-28T08:48:17Z</time></trkpt><trkpt lat="45.644645" lon="25.58953"><ele>585.4</ele><time>2026-07-28T08:48:37Z</time></trkpt><trkpt lat="45.644602" lon="25.589628"><ele>585.5</ele><time>2026-07-28T08:48:43Z</time></trkpt><trkpt lat="45.644517" lon="25.589622"><ele>586.0</ele><time>2026-07-28T08:48:52Z</time></trkpt><trkpt lat="45.644463" lon="25.589553"><ele>585.5</ele><time>2026-07-28T08:49:36Z</time></trkpt><trkpt lat="45.644533" lon="25.589608"><ele>585.1</ele><time>2026-07-28T08:52:49Z</time></trkpt><trkpt lat="45.644605" lon="25.589643"><ele>584.9</ele><time>2026-07-28T08:52:56Z</time></trkpt><trkpt lat="45.644673" lon="25.58956"><ele>584.7</ele><time>2026-07-28T08:53:11Z</time></trkpt><trkpt lat="45.644705" lon="25.589453"><ele>584.6</ele><time>2026-07-28T08:53:22Z</time></trkpt><trkpt lat="45.644638" lon="25.58957"><ele>584.4</ele><time>2026-07-28T08:54:12Z</time></trkpt><trkpt lat="45.644635" lon="25.589708"><ele>584.5</ele><time>2026-07-28T08:54:19Z</time></trkpt><trkpt lat="45.644577" lon="25.589577"><ele>584.4</ele><time>2026-07-28T08:55:06Z</time></trkpt><trkpt lat="45.644642" lon="25.589672"><ele>584.3</ele><time>2026-07-28T08:55:18Z</time></trkpt><trkpt lat="45.644542" lon="25.58961"><ele>584.1</ele><time>2026-07-28T08:56:52Z</time></trkpt><trkpt lat="45.644473" lon="25.589563"><ele>584.4</ele><time>2026-07-28T08:58:02Z</time></trkpt><trkpt lat="45.64439" lon="25.58952"><ele>584.6</ele><time>2026-07-28T08:58:08Z</time></trkpt><trkpt lat="45.644305" lon="25.58951"><ele>585.0</ele><time>2026-07-28T08:58:13Z</time></trkpt><trkpt lat="45.64423" lon="25.589495"><ele>585.2</ele><time>2026-07-28T08:58:17Z</time></trkpt><trkpt lat="45.644148" lon="25.589438"><ele>585.2</ele><time>2026-07-28T08:58:21Z</time></trkpt><trkpt lat="45.644068" lon="25.589407"><ele>585.4</ele><time>2026-07-28T08:58:24Z</time></trkpt><trkpt lat="45.643997" lon="25.589337"><ele>585.6</ele><time>2026-07-28T08:58:27Z</time></trkpt><trkpt lat="45.643927" lon="25.58929"><ele>585.8</ele><time>2026-07-28T08:58:30Z</time></trkpt><trkpt lat="45.64384" lon="25.589265"><ele>586.0</ele><time>2026-07-28T08:58:34Z</time></trkpt><trkpt lat="45.643755" lon="25.589182"><ele>586.2</ele><time>2026-07-28T08:58:39Z</time></trkpt><trkpt lat="45.643672" lon="25.589127"><ele>586.6</ele><time>2026-07-28T08:58:43Z</time></trkpt><trkpt lat="45.643595" lon="25.589097"><ele>586.5</ele><time>2026-07-28T08:58:46Z</time></trkpt><trkpt lat="45.643503" lon="25.589078"><ele>586.6</ele><time>2026-07-28T08:58:52Z</time></trkpt><trkpt lat="45.64343" lon="25.589008"><ele>586.7</ele><time>2026-07-28T08:58:57Z</time></trkpt><trkpt lat="45.643342" lon="25.588962"><ele>586.9</ele><time>2026-07-28T08:59:01Z</time></trkpt><trkpt lat="45.643275" lon="25.588917"><ele>587.1</ele><time>2026-07-28T08:59:05Z</time></trkpt><trkpt lat="45.643198" lon="25.588883"><ele>587.3</ele><time>2026-07-28T08:59:09Z</time></trkpt><trkpt lat="45.643108" lon="25.588843"><ele>587.6</ele><time>2026-07-28T08:59:13Z</time></trkpt><trkpt lat="45.643033" lon="25.588827"><ele>587.7</ele><time>2026-07-28T08:59:16Z</time></trkpt><trkpt lat="45.642962" lon="25.588808"><ele>587.9</ele><time>2026-07-28T08:59:23Z</time></trkpt><trkpt lat="45.642887" lon="25.588762"><ele>587.9</ele><time>2026-07-28T08:59:29Z</time></trkpt><trkpt lat="45.64281" lon="25.588737"><ele>588.0</ele><time>2026-07-28T08:59:33Z</time></trkpt><trkpt lat="45.642732" lon="25.588728"><ele>588.1</ele><time>2026-07-28T08:59:43Z</time></trkpt><trkpt lat="45.642652" lon="25.58872"><ele>588.2</ele><time>2026-07-28T08:59:49Z</time></trkpt><trkpt lat="45.642575" lon="25.588687"><ele>588.4</ele><time>2026-07-28T08:59:53Z</time></trkpt><trkpt lat="45.642495" lon="25.588652"><ele>588.8</ele><time>2026-07-28T08:59:57Z</time></trkpt><trkpt lat="45.642415" lon="25.588617"><ele>589.1</ele><time>2026-07-28T09:00:01Z</time></trkpt><trkpt lat="45.64233" lon="25.58861"><ele>589.2</ele><time>2026-07-28T09:00:06Z</time></trkpt><trkpt lat="45.642258" lon="25.588587"><ele>588.7</ele><time>2026-07-28T09:00:13Z</time></trkpt><trkpt lat="45.642185" lon="25.58856"><ele>588.7</ele><time>2026-07-28T09:00:20Z</time></trkpt><trkpt lat="45.642112" lon="25.58857"><ele>588.8</ele><time>2026-07-28T09:00:23Z</time></trkpt><trkpt lat="45.642047" lon="25.588503"><ele>589.1</ele><time>2026-07-28T09:00:27Z</time></trkpt><trkpt lat="45.641983" lon="25.58845"><ele>588.9</ele><time>2026-07-28T09:00:50Z</time></trkpt><trkpt lat="45.641958" lon="25.588458"><ele>589.4</ele><time>2026-07-28T09:22:59Z</time></trkpt><trkpt lat="45.641918" lon="25.588552"><ele>587.7</ele><time>2026-07-28T09:24:41Z</time></trkpt><trkpt lat="45.641878" lon="25.58866"><ele>587.7</ele><time>2026-07-28T09:24:45Z</time></trkpt><trkpt lat="45.641802" lon="25.588737"><ele>587.6</ele><time>2026-07-28T09:24:50Z</time></trkpt><trkpt lat="45.641723" lon="25.58878"><ele>587.6</ele><time>2026-07-28T09:24:54Z</time></trkpt><trkpt lat="45.641642" lon="25.588808"><ele>587.7</ele><time>2026-07-28T09:24:58Z</time></trkpt><trkpt lat="45.641573" lon="25.58877"><ele>587.5</ele><time>2026-07-28T09:25:02Z</time></trkpt><trkpt lat="45.641498" lon="25.588765"><ele>587.7</ele><time>2026-07-28T09:25:06Z</time></trkpt><trkpt lat="45.641432" lon="25.588715"><ele>587.9</ele><time>2026-07-28T09:25:11Z</time></trkpt><trkpt lat="45.641375" lon="25.588637"><ele>587.9</ele><time>2026-07-28T09:25:16Z</time></trkpt><trkpt lat="45.641338" lon="25.588542"><ele>588.1</ele><time>2026-07-28T09:25:20Z</time></trkpt><trkpt lat="45.641305" lon="25.588435"><ele>588.3</ele><time>2026-07-28T09:25:24Z</time></trkpt><trkpt lat="45.64128" lon="25.58832"><ele>588.6</ele><time>2026-07-28T09:25:28Z</time></trkpt><trkpt lat="45.641277" lon="25.588215"><ele>588.9</ele><time>2026-07-28T09:25:32Z</time></trkpt><trkpt lat="45.641247" lon="25.588102"><ele>589.2</ele><time>2026-07-28T09:25:37Z</time></trkpt><trkpt lat="45.64121" lon="25.58799"><ele>589.5</ele><time>2026-07-28T09:25:41Z</time></trkpt><trkpt lat="45.641197" lon="25.587888"><ele>589.7</ele><time>2026-07-28T09:25:46Z</time></trkpt><trkpt lat="45.641172" lon="25.587765"><ele>590.0</ele><time>2026-07-28T09:25:51Z</time></trkpt><trkpt lat="45.641143" lon="25.587672"><ele>590.0</ele><time>2026-07-28T09:25:54Z</time></trkpt><trkpt lat="45.6411" lon="25.587562"><ele>590.1</ele><time>2026-07-28T09:25:58Z</time></trkpt><trkpt lat="45.641033" lon="25.587517"><ele>590.3</ele><time>2026-07-28T09:26:01Z</time></trkpt><trkpt lat="45.640958" lon="25.58754"><ele>590.1</ele><time>2026-07-28T09:26:04Z</time></trkpt><trkpt lat="45.640888" lon="25.58757"><ele>589.7</ele><time>2026-07-28T09:26:08Z</time></trkpt><trkpt lat="45.640805" lon="25.587613"><ele>589.7</ele><time>2026-07-28T09:26:12Z</time></trkpt><trkpt lat="45.640715" lon="25.587638"><ele>589.8</ele><time>2026-07-28T09:26:16Z</time></trkpt><trkpt lat="45.640638" lon="25.587597"><ele>590.0</ele><time>2026-07-28T09:26:19Z</time></trkpt><trkpt lat="45.64059" lon="25.58748"><ele>590.4</ele><time>2026-07-28T09:26:24Z</time></trkpt><trkpt lat="45.640562" lon="25.587353"><ele>590.7</ele><time>2026-07-28T09:26:28Z</time></trkpt><trkpt lat="45.640512" lon="25.587262"><ele>591.1</ele><time>2026-07-28T09:26:32Z</time></trkpt><trkpt lat="45.640457" lon="25.587155"><ele>591.3</ele><time>2026-07-28T09:26:36Z</time></trkpt><trkpt lat="45.640417" lon="25.587057"><ele>591.6</ele><time>2026-07-28T09:26:40Z</time></trkpt><trkpt lat="45.640378" lon="25.586963"><ele>591.8</ele><time>2026-07-28T09:26:44Z</time></trkpt><trkpt lat="45.640305" lon="25.586932"><ele>591.8</ele><time>2026-07-28T09:26:50Z</time></trkpt><trkpt lat="45.640237" lon="25.586967"><ele>591.9</ele><time>2026-07-28T09:26:54Z</time></trkpt><trkpt lat="45.640157" lon="25.587015"><ele>591.9</ele><time>2026-07-28T09:26:58Z</time></trkpt><trkpt lat="45.640083" lon="25.587095"><ele>592.1</ele><time>2026-07-28T09:27:02Z</time></trkpt><trkpt lat="45.640003" lon="25.587127"><ele>592.3</ele><time>2026-07-28T09:27:06Z</time></trkpt><trkpt lat="45.639923" lon="25.58718"><ele>592.1</ele><time>2026-07-28T09:27:10Z</time></trkpt><trkpt lat="45.63985" lon="25.587215"><ele>592.1</ele><time>2026-07-28T09:27:13Z</time></trkpt><trkpt lat="45.639762" lon="25.587235"><ele>592.0</ele><time>2026-07-28T09:27:18Z</time></trkpt><trkpt lat="45.639678" lon="25.587293"><ele>591.8</ele><time>2026-07-28T09:27:21Z</time></trkpt><trkpt lat="45.63959" lon="25.587337"><ele>591.7</ele><time>2026-07-28T09:27:26Z</time></trkpt><trkpt lat="45.639535" lon="25.587242"><ele>592.0</ele><time>2026-07-28T09:27:30Z</time></trkpt><trkpt lat="45.639475" lon="25.587185"><ele>592.2</ele><time>2026-07-28T09:27:33Z</time></trkpt><trkpt lat="45.639418" lon="25.587093"><ele>592.4</ele><time>2026-07-28T09:27:38Z</time></trkpt><trkpt lat="45.639368" lon="25.586988"><ele>592.9</ele><time>2026-07-28T09:27:42Z</time></trkpt><trkpt lat="45.639312" lon="25.5869"><ele>593.6</ele><time>2026-07-28T09:27:46Z</time></trkpt><trkpt lat="45.639328" lon="25.58679"><ele>593.9</ele><time>2026-07-28T09:27:48Z</time></trkpt><trkpt lat="45.63933" lon="25.58668"><ele>594.6</ele><time>2026-07-28T09:27:51Z</time></trkpt><trkpt lat="45.639317" lon="25.58658"><ele>595.0</ele><time>2026-07-28T09:27:54Z</time></trkpt><trkpt lat="45.639295" lon="25.586482"><ele>595.8</ele><time>2026-07-28T09:27:59Z</time></trkpt><trkpt lat="45.639253" lon="25.586383"><ele>596.1</ele><time>2026-07-28T09:28:07Z</time></trkpt><trkpt lat="45.639197" lon="25.586318"><ele>596.3</ele><time>2026-07-28T09:28:10Z</time></trkpt><trkpt lat="45.639132" lon="25.586233"><ele>596.6</ele><time>2026-07-28T09:28:15Z</time></trkpt><trkpt lat="45.639095" lon="25.586137"><ele>596.8</ele><time>2026-07-28T09:28:19Z</time></trkpt><trkpt lat="45.639055" lon="25.58604"><ele>597.6</ele><time>2026-07-28T09:28:26Z</time></trkpt><trkpt lat="45.639008" lon="25.585947"><ele>597.8</ele><time>2026-07-28T09:28:32Z</time></trkpt><trkpt lat="45.638998" lon="25.585828"><ele>598.3</ele><time>2026-07-28T09:28:39Z</time></trkpt><trkpt lat="45.639035" lon="25.585722"><ele>598.5</ele><time>2026-07-28T09:28:44Z</time></trkpt><trkpt lat="45.639103" lon="25.585685"><ele>598.4</ele><time>2026-07-28T09:28:48Z</time></trkpt><trkpt lat="45.639193" lon="25.58563"><ele>598.2</ele><time>2026-07-28T09:28:52Z</time></trkpt><trkpt lat="45.639265" lon="25.58559"><ele>598.1</ele><time>2026-07-28T09:28:55Z</time></trkpt><trkpt lat="45.639357" lon="25.58554"><ele>597.9</ele><time>2026-07-28T09:28:58Z</time></trkpt><trkpt lat="45.639455" lon="25.585498"><ele>597.6</ele><time>2026-07-28T09:29:01Z</time></trkpt><trkpt lat="45.639557" lon="25.585447"><ele>597.4</ele><time>2026-07-28T09:29:04Z</time></trkpt><trkpt lat="45.63965" lon="25.5854"><ele>597.0</ele><time>2026-07-28T09:29:07Z</time></trkpt><trkpt lat="45.639737" lon="25.585355"><ele>596.8</ele><time>2026-07-28T09:29:10Z</time></trkpt><trkpt lat="45.639827" lon="25.585315"><ele>596.8</ele><time>2026-07-28T09:29:13Z</time></trkpt><trkpt lat="45.639885" lon="25.585252"><ele>595.8</ele><time>2026-07-28T09:29:18Z</time></trkpt><trkpt lat="45.639882" lon="25.585135"><ele>595.6</ele><time>2026-07-28T09:29:21Z</time></trkpt><trkpt lat="45.639857" lon="25.585028"><ele>595.9</ele><time>2026-07-28T09:29:28Z</time></trkpt><trkpt lat="45.639792" lon="25.585095"><ele>596.1</ele><time>2026-07-28T09:31:29Z</time></trkpt><trkpt lat="45.639718" lon="25.58503"><ele>596.5</ele><time>2026-07-28T09:31:53Z</time></trkpt><trkpt lat="45.63969" lon="25.584927"><ele>596.7</ele><time>2026-07-28T09:31:57Z</time></trkpt><trkpt lat="45.639612" lon="25.584852"><ele>596.9</ele><time>2026-07-28T09:32:01Z</time></trkpt><trkpt lat="45.639552" lon="25.584777"><ele>597.3</ele><time>2026-07-28T09:32:06Z</time></trkpt><trkpt lat="45.639492" lon="25.584677"><ele>597.7</ele><time>2026-07-28T09:32:10Z</time></trkpt><trkpt lat="45.639448" lon="25.58456"><ele>597.9</ele><time>2026-07-28T09:32:14Z</time></trkpt><trkpt lat="45.639445" lon="25.584427"><ele>598.0</ele><time>2026-07-28T09:32:17Z</time></trkpt><trkpt lat="45.639432" lon="25.584308"><ele>597.9</ele><time>2026-07-28T09:32:22Z</time></trkpt><trkpt lat="45.639423" lon="25.584183"><ele>597.9</ele><time>2026-07-28T09:32:26Z</time></trkpt><trkpt lat="45.639432" lon="25.584045"><ele>597.9</ele><time>2026-07-28T09:32:29Z</time></trkpt><trkpt lat="45.639443" lon="25.583907"><ele>597.9</ele><time>2026-07-28T09:32:32Z</time></trkpt><trkpt lat="45.639443" lon="25.583795"><ele>598.0</ele><time>2026-07-28T09:32:35Z</time></trkpt><trkpt lat="45.639455" lon="25.58368"><ele>597.6</ele><time>2026-07-28T09:32:48Z</time></trkpt><trkpt lat="45.639472" lon="25.583575"><ele>597.7</ele><time>2026-07-28T09:32:51Z</time></trkpt><trkpt lat="45.639417" lon="25.583473"><ele>597.9</ele><time>2026-07-28T09:32:54Z</time></trkpt><trkpt lat="45.639387" lon="25.583353"><ele>598.0</ele><time>2026-07-28T09:32:57Z</time></trkpt><trkpt lat="45.639322" lon="25.583297"><ele>598.3</ele><time>2026-07-28T09:33:00Z</time></trkpt><trkpt lat="45.639278" lon="25.583175"><ele>598.6</ele><time>2026-07-28T09:33:03Z</time></trkpt><trkpt lat="45.639247" lon="25.583078"><ele>598.8</ele><time>2026-07-28T09:33:06Z</time></trkpt><trkpt lat="45.639195" lon="25.582962"><ele>599.0</ele><time>2026-07-28T09:33:09Z</time></trkpt><trkpt lat="45.639153" lon="25.582843"><ele>599.2</ele><time>2026-07-28T09:33:12Z</time></trkpt><trkpt lat="45.639092" lon="25.582757"><ele>599.4</ele><time>2026-07-28T09:33:16Z</time></trkpt><trkpt lat="45.639053" lon="25.582652"><ele>599.7</ele><time>2026-07-28T09:33:20Z</time></trkpt><trkpt lat="45.638995" lon="25.582558"><ele>599.9</ele><time>2026-07-28T09:33:23Z</time></trkpt><trkpt lat="45.638957" lon="25.582423"><ele>600.0</ele><time>2026-07-28T09:33:26Z</time></trkpt><trkpt lat="45.638918" lon="25.582312"><ele>600.3</ele><time>2026-07-28T09:33:29Z</time></trkpt><trkpt lat="45.638875" lon="25.582207"><ele>600.6</ele><time>2026-07-28T09:33:32Z</time></trkpt><trkpt lat="45.638822" lon="25.582113"><ele>600.9</ele><time>2026-07-28T09:33:35Z</time></trkpt><trkpt lat="45.638768" lon="25.582017"><ele>601.3</ele><time>2026-07-28T09:33:38Z</time></trkpt><trkpt lat="45.638722" lon="25.581902"><ele>601.6</ele><time>2026-07-28T09:33:42Z</time></trkpt><trkpt lat="45.63869" lon="25.581797"><ele>602.0</ele><time>2026-07-28T09:33:45Z</time></trkpt><trkpt lat="45.638643" lon="25.581688"><ele>602.5</ele><time>2026-07-28T09:33:48Z</time></trkpt><trkpt lat="45.638585" lon="25.581592"><ele>602.9</ele><time>2026-07-28T09:33:51Z</time></trkpt><trkpt lat="45.638517" lon="25.581507"><ele>603.0</ele><time>2026-07-28T09:33:54Z</time></trkpt><trkpt lat="45.638455" lon="25.581398"><ele>603.1</ele><time>2026-07-28T09:33:57Z</time></trkpt><trkpt lat="45.638407" lon="25.581303"><ele>603.1</ele><time>2026-07-28T09:33:59Z</time></trkpt><trkpt lat="45.638352" lon="25.58119"><ele>603.1</ele><time>2026-07-28T09:34:02Z</time></trkpt><trkpt lat="45.638287" lon="25.581085"><ele>603.2</ele><time>2026-07-28T09:34:05Z</time></trkpt><trkpt lat="45.638217" lon="25.581017"><ele>603.4</ele><time>2026-07-28T09:34:08Z</time></trkpt><trkpt lat="45.638153" lon="25.580945"><ele>603.6</ele><time>2026-07-28T09:34:11Z</time></trkpt><trkpt lat="45.638118" lon="25.580848"><ele>603.8</ele><time>2026-07-28T09:34:13Z</time></trkpt><trkpt lat="45.638085" lon="25.580745"><ele>603.9</ele><time>2026-07-28T09:34:16Z</time></trkpt><trkpt lat="45.638022" lon="25.580672"><ele>604.1</ele><time>2026-07-28T09:34:19Z</time></trkpt><trkpt lat="45.637958" lon="25.580572"><ele>604.4</ele><time>2026-07-28T09:34:22Z</time></trkpt><trkpt lat="45.637892" lon="25.580487"><ele>604.8</ele><time>2026-07-28T09:34:25Z</time></trkpt><trkpt lat="45.637837" lon="25.580378"><ele>605.0</ele><time>2026-07-28T09:34:28Z</time></trkpt><trkpt lat="45.637777" lon="25.580305"><ele>605.5</ele><time>2026-07-28T09:34:31Z</time></trkpt><trkpt lat="45.637703" lon="25.580232"><ele>605.9</ele><time>2026-07-28T09:34:35Z</time></trkpt><trkpt lat="45.637648" lon="25.580142"><ele>606.3</ele><time>2026-07-28T09:34:39Z</time></trkpt><trkpt lat="45.63758" lon="25.580093"><ele>606.5</ele><time>2026-07-28T09:34:42Z</time></trkpt><trkpt lat="45.637527" lon="25.580008"><ele>607.0</ele><time>2026-07-28T09:34:45Z</time></trkpt><trkpt lat="45.637467" lon="25.579937"><ele>607.4</ele><time>2026-07-28T09:34:48Z</time></trkpt><trkpt lat="45.637397" lon="25.579867"><ele>607.8</ele><time>2026-07-28T09:34:52Z</time></trkpt><trkpt lat="45.637343" lon="25.579767"><ele>608.4</ele><time>2026-07-28T09:34:56Z</time></trkpt><trkpt lat="45.637262" lon="25.579707"><ele>608.6</ele><time>2026-07-28T09:35:00Z</time></trkpt><trkpt lat="45.637185" lon="25.579623"><ele>608.9</ele><time>2026-07-28T09:35:04Z</time></trkpt><trkpt lat="45.637125" lon="25.579558"><ele>609.1</ele><time>2026-07-28T09:35:07Z</time></trkpt><trkpt lat="45.63706" lon="25.579512"><ele>609.2</ele><time>2026-07-28T09:35:10Z</time></trkpt><trkpt lat="45.63699" lon="25.57946"><ele>609.2</ele><time>2026-07-28T09:35:13Z</time></trkpt><trkpt lat="45.636895" lon="25.579373"><ele>609.3</ele><time>2026-07-28T09:35:16Z</time></trkpt><trkpt lat="45.63683" lon="25.579285"><ele>609.5</ele><time>2026-07-28T09:35:19Z</time></trkpt><trkpt lat="45.636767" lon="25.579232"><ele>609.7</ele><time>2026-07-28T09:35:22Z</time></trkpt><trkpt lat="45.636698" lon="25.57917"><ele>609.8</ele><time>2026-07-28T09:35:24Z</time></trkpt><trkpt lat="45.636612" lon="25.579132"><ele>610.1</ele><time>2026-07-28T09:35:28Z</time></trkpt><trkpt lat="45.636607" lon="25.579008"><ele>610.6</ele><time>2026-07-28T09:35:31Z</time></trkpt><trkpt lat="45.63652" lon="25.579052"><ele>610.6</ele><time>2026-07-28T09:35:34Z</time></trkpt><trkpt lat="45.636448" lon="25.579063"><ele>610.4</ele><time>2026-07-28T09:35:37Z</time></trkpt><trkpt lat="45.636375" lon="25.5791"><ele>610.0</ele><time>2026-07-28T09:35:40Z</time></trkpt><trkpt lat="45.63629" lon="25.579143"><ele>609.6</ele><time>2026-07-28T09:35:44Z</time></trkpt><trkpt lat="45.636207" lon="25.579207"><ele>609.1</ele><time>2026-07-28T09:35:48Z</time></trkpt><trkpt lat="45.636152" lon="25.579275"><ele>608.8</ele><time>2026-07-28T09:35:51Z</time></trkpt><trkpt lat="45.636072" lon="25.579295"><ele>608.5</ele><time>2026-07-28T09:35:55Z</time></trkpt><trkpt lat="45.636032" lon="25.579188"><ele>608.3</ele><time>2026-07-28T09:36:02Z</time></trkpt><trkpt lat="45.636027" lon="25.579065"><ele>608.5</ele><time>2026-07-28T09:36:06Z</time></trkpt><trkpt lat="45.636012" lon="25.578963"><ele>608.4</ele><time>2026-07-28T09:36:09Z</time></trkpt><trkpt lat="45.636003" lon="25.57886"><ele>608.3</ele><time>2026-07-28T09:36:12Z</time></trkpt><trkpt lat="45.635985" lon="25.57876"><ele>608.6</ele><time>2026-07-28T09:36:15Z</time></trkpt><trkpt lat="45.635957" lon="25.578637"><ele>609.0</ele><time>2026-07-28T09:36:19Z</time></trkpt><trkpt lat="45.635963" lon="25.578517"><ele>618.1</ele><time>2026-07-28T09:36:23Z</time></trkpt><trkpt lat="45.635973" lon="25.578413"><ele>618.0</ele><time>2026-07-28T09:36:27Z</time></trkpt><trkpt lat="45.63591" lon="25.578333"><ele>618.3</ele><time>2026-07-28T09:36:32Z</time></trkpt><trkpt lat="45.635862" lon="25.578252"><ele>618.4</ele><time>2026-07-28T09:36:35Z</time></trkpt><trkpt lat="45.635812" lon="25.578173"><ele>618.5</ele><time>2026-07-28T09:36:38Z</time></trkpt><trkpt lat="45.635737" lon="25.578125"><ele>619.3</ele><time>2026-07-28T09:36:41Z</time></trkpt><trkpt lat="45.635663" lon="25.57807"><ele>620.0</ele><time>2026-07-28T09:36:45Z</time></trkpt><trkpt lat="45.635573" lon="25.578038"><ele>620.0</ele><time>2026-07-28T09:36:49Z</time></trkpt><trkpt lat="45.635505" lon="25.57799"><ele>620.1</ele><time>2026-07-28T09:36:52Z</time></trkpt><trkpt lat="45.635437" lon="25.577947"><ele>620.3</ele><time>2026-07-28T09:36:55Z</time></trkpt><trkpt lat="45.63537" lon="25.5779"><ele>620.2</ele><time>2026-07-28T09:36:57Z</time></trkpt><trkpt lat="45.635292" lon="25.57784"><ele>620.2</ele><time>2026-07-28T09:36:59Z</time></trkpt><trkpt lat="45.635207" lon="25.577802"><ele>620.4</ele><time>2026-07-28T09:37:02Z</time></trkpt><trkpt lat="45.635133" lon="25.57776"><ele>620.6</ele><time>2026-07-28T09:37:05Z</time></trkpt><trkpt lat="45.635062" lon="25.577735"><ele>620.7</ele><time>2026-07-28T09:37:08Z</time></trkpt><trkpt lat="45.634982" lon="25.577688"><ele>620.7</ele><time>2026-07-28T09:37:10Z</time></trkpt><trkpt lat="45.634915" lon="25.577642"><ele>620.8</ele><time>2026-07-28T09:37:12Z</time></trkpt><trkpt lat="45.634828" lon="25.577588"><ele>620.8</ele><time>2026-07-28T09:37:16Z</time></trkpt><trkpt lat="45.634753" lon="25.577525"><ele>620.6</ele><time>2026-07-28T09:37:19Z</time></trkpt><trkpt lat="45.63468" lon="25.577468"><ele>620.7</ele><time>2026-07-28T09:37:22Z</time></trkpt><trkpt lat="45.63461" lon="25.577407"><ele>620.9</ele><time>2026-07-28T09:37:25Z</time></trkpt><trkpt lat="45.63454" lon="25.577362"><ele>621.0</ele><time>2026-07-28T09:37:28Z</time></trkpt><trkpt lat="45.634468" lon="25.577318"><ele>621.0</ele><time>2026-07-28T09:37:31Z</time></trkpt><trkpt lat="45.634392" lon="25.577278"><ele>621.1</ele><time>2026-07-28T09:37:34Z</time></trkpt><trkpt lat="45.634317" lon="25.577213"><ele>621.2</ele><time>2026-07-28T09:37:37Z</time></trkpt><trkpt lat="45.634235" lon="25.577158"><ele>621.5</ele><time>2026-07-28T09:37:40Z</time></trkpt><trkpt lat="45.634152" lon="25.577127"><ele>621.7</ele><time>2026-07-28T09:37:43Z</time></trkpt><trkpt lat="45.634072" lon="25.577077"><ele>621.8</ele><time>2026-07-28T09:37:46Z</time></trkpt><trkpt lat="45.634002" lon="25.577027"><ele>621.9</ele><time>2026-07-28T09:37:49Z</time></trkpt><trkpt lat="45.633933" lon="25.576942"><ele>621.8</ele><time>2026-07-28T09:37:53Z</time></trkpt><trkpt lat="45.63388" lon="25.576867"><ele>621.9</ele><time>2026-07-28T09:37:56Z</time></trkpt><trkpt lat="45.633823" lon="25.576797"><ele>622.1</ele><time>2026-07-28T09:37:59Z</time></trkpt><trkpt lat="45.633737" lon="25.576752"><ele>622.4</ele><time>2026-07-28T09:38:02Z</time></trkpt><trkpt lat="45.63367" lon="25.576683"><ele>622.6</ele><time>2026-07-28T09:38:05Z</time></trkpt><trkpt lat="45.6336" lon="25.576612"><ele>622.8</ele><time>2026-07-28T09:38:08Z</time></trkpt><trkpt lat="45.633532" lon="25.576542"><ele>623.1</ele><time>2026-07-28T09:38:11Z</time></trkpt><trkpt lat="45.63346" lon="25.576498"><ele>623.4</ele><time>2026-07-28T09:38:14Z</time></trkpt><trkpt lat="45.633413" lon="25.57641"><ele>623.9</ele><time>2026-07-28T09:38:18Z</time></trkpt><trkpt lat="45.633337" lon="25.576337"><ele>624.1</ele><time>2026-07-28T09:38:21Z</time></trkpt><trkpt lat="45.633263" lon="25.57627"><ele>624.4</ele><time>2026-07-28T09:38:24Z</time></trkpt><trkpt lat="45.633197" lon="25.576205"><ele>624.7</ele><time>2026-07-28T09:38:27Z</time></trkpt><trkpt lat="45.63313" lon="25.576132"><ele>625.0</ele><time>2026-07-28T09:38:31Z</time></trkpt><trkpt lat="45.633078" lon="25.57605"><ele>625.5</ele><time>2026-07-28T09:38:35Z</time></trkpt><trkpt lat="45.633013" lon="25.575948"><ele>625.9</ele><time>2026-07-28T09:38:39Z</time></trkpt><trkpt lat="45.632965" lon="25.575865"><ele>626.1</ele><time>2026-07-28T09:38:42Z</time></trkpt><trkpt lat="45.632905" lon="25.575767"><ele>626.5</ele><time>2026-07-28T09:38:46Z</time></trkpt><trkpt lat="45.63285" lon="25.575657"><ele>626.7</ele><time>2026-07-28T09:38:50Z</time></trkpt><trkpt lat="45.63281" lon="25.575562"><ele>626.8</ele><time>2026-07-28T09:38:53Z</time></trkpt><trkpt lat="45.632772" lon="25.57547"><ele>627.0</ele><time>2026-07-28T09:38:56Z</time></trkpt><trkpt lat="45.63273" lon="25.575383"><ele>627.2</ele><time>2026-07-28T09:38:59Z</time></trkpt><trkpt lat="45.632697" lon="25.575288"><ele>627.4</ele><time>2026-07-28T09:39:02Z</time></trkpt><trkpt lat="45.632638" lon="25.575182"><ele>627.6</ele><time>2026-07-28T09:39:06Z</time></trkpt><trkpt lat="45.63258" lon="25.575103"><ele>627.9</ele><time>2026-07-28T09:39:09Z</time></trkpt><trkpt lat="45.632517" lon="25.575033"><ele>628.1</ele><time>2026-07-28T09:39:12Z</time></trkpt><trkpt lat="45.63245" lon="25.574963"><ele>628.1</ele><time>2026-07-28T09:39:15Z</time></trkpt><trkpt lat="45.63239" lon="25.574887"><ele>628.3</ele><time>2026-07-28T09:39:17Z</time></trkpt><trkpt lat="45.632298" lon="25.574825"><ele>628.6</ele><time>2026-07-28T09:39:21Z</time></trkpt><trkpt lat="45.632228" lon="25.574748"><ele>629.0</ele><time>2026-07-28T09:39:24Z</time></trkpt><trkpt lat="45.63216" lon="25.574665"><ele>629.2</ele><time>2026-07-28T09:39:27Z</time></trkpt><trkpt lat="45.63209" lon="25.574612"><ele>629.2</ele><time>2026-07-28T09:39:30Z</time></trkpt><trkpt lat="45.632027" lon="25.574543"><ele>629.6</ele><time>2026-07-28T09:39:33Z</time></trkpt><trkpt lat="45.631957" lon="25.574467"><ele>630.0</ele><time>2026-07-28T09:39:37Z</time></trkpt><trkpt lat="45.631898" lon="25.574405"><ele>630.3</ele><time>2026-07-28T09:39:40Z</time></trkpt><trkpt lat="45.631835" lon="25.57432"><ele>630.6</ele><time>2026-07-28T09:39:44Z</time></trkpt><trkpt lat="45.631773" lon="25.57422"><ele>631.0</ele><time>2026-07-28T09:39:48Z</time></trkpt><trkpt lat="45.631715" lon="25.57415"><ele>631.3</ele><time>2026-07-28T09:39:51Z</time></trkpt><trkpt lat="45.63166" lon="25.574077"><ele>631.7</ele><time>2026-07-28T09:39:54Z</time></trkpt><trkpt lat="45.631597" lon="25.574017"><ele>631.9</ele><time>2026-07-28T09:39:57Z</time></trkpt><trkpt lat="45.631537" lon="25.573958"><ele>632.0</ele><time>2026-07-28T09:40:00Z</time></trkpt><trkpt lat="45.631467" lon="25.57387"><ele>632.2</ele><time>2026-07-28T09:40:04Z</time></trkpt><trkpt lat="45.631407" lon="25.573773"><ele>632.5</ele><time>2026-07-28T09:40:08Z</time></trkpt><trkpt lat="45.631362" lon="25.57367"><ele>633.1</ele><time>2026-07-28T09:40:12Z</time></trkpt><trkpt lat="45.631308" lon="25.573572"><ele>633.8</ele><time>2026-07-28T09:40:17Z</time></trkpt><trkpt lat="45.631267" lon="25.573473"><ele>634.6</ele><time>2026-07-28T09:40:22Z</time></trkpt><trkpt lat="45.631213" lon="25.5734"><ele>635.2</ele><time>2026-07-28T09:40:26Z</time></trkpt><trkpt lat="45.631175" lon="25.573307"><ele>635.7</ele><time>2026-07-28T09:40:30Z</time></trkpt><trkpt lat="45.631123" lon="25.573215"><ele>635.9</ele><time>2026-07-28T09:40:34Z</time></trkpt><trkpt lat="45.631078" lon="25.573107"><ele>636.0</ele><time>2026-07-28T09:40:38Z</time></trkpt><trkpt lat="45.631012" lon="25.573043"><ele>636.0</ele><time>2026-07-28T09:40:41Z</time></trkpt><trkpt lat="45.630943" lon="25.572963"><ele>635.9</ele><time>2026-07-28T09:40:44Z</time></trkpt><trkpt lat="45.630888" lon="25.572883"><ele>635.9</ele><time>2026-07-28T09:40:47Z</time></trkpt><trkpt lat="45.630827" lon="25.572793"><ele>636.0</ele><time>2026-07-28T09:40:50Z</time></trkpt><trkpt lat="45.630763" lon="25.572728"><ele>636.1</ele><time>2026-07-28T09:40:53Z</time></trkpt><trkpt lat="45.630703" lon="25.572648"><ele>636.2</ele><time>2026-07-28T09:40:56Z</time></trkpt><trkpt lat="45.630648" lon="25.57257"><ele>636.3</ele><time>2026-07-28T09:40:59Z</time></trkpt><trkpt lat="45.63061" lon="25.57248"><ele>636.4</ele><time>2026-07-28T09:41:02Z</time></trkpt><trkpt lat="45.630553" lon="25.572382"><ele>636.6</ele><time>2026-07-28T09:41:06Z</time></trkpt><trkpt lat="45.630497" lon="25.572288"><ele>637.1</ele><time>2026-07-28T09:41:10Z</time></trkpt><trkpt lat="45.630437" lon="25.572205"><ele>637.6</ele><time>2026-07-28T09:41:14Z</time></trkpt><trkpt lat="45.630378" lon="25.572102"><ele>638.0</ele><time>2026-07-28T09:41:18Z</time></trkpt><trkpt lat="45.630308" lon="25.572003"><ele>638.6</ele><time>2026-07-28T09:41:23Z</time></trkpt><trkpt lat="45.630277" lon="25.5719"><ele>639.3</ele><time>2026-07-28T09:41:27Z</time></trkpt><trkpt lat="45.630212" lon="25.571792"><ele>639.8</ele><time>2026-07-28T09:41:31Z</time></trkpt><trkpt lat="45.630178" lon="25.571697"><ele>640.2</ele><time>2026-07-28T09:41:35Z</time></trkpt><trkpt lat="45.630127" lon="25.571592"><ele>640.5</ele><time>2026-07-28T09:41:39Z</time></trkpt><trkpt lat="45.63008" lon="25.571497"><ele>640.9</ele><time>2026-07-28T09:41:43Z</time></trkpt><trkpt lat="45.630023" lon="25.571397"><ele>641.3</ele><time>2026-07-28T09:41:47Z</time></trkpt><trkpt lat="45.629992" lon="25.57129"><ele>641.5</ele><time>2026-07-28T09:41:51Z</time></trkpt><trkpt lat="45.629947" lon="25.571188"><ele>641.7</ele><time>2026-07-28T09:41:55Z</time></trkpt><trkpt lat="45.629918" lon="25.571078"><ele>642.0</ele><time>2026-07-28T09:41:59Z</time></trkpt><trkpt lat="45.629908" lon="25.570947"><ele>642.3</ele><time>2026-07-28T09:42:03Z</time></trkpt><trkpt lat="45.629922" lon="25.570833"><ele>642.6</ele><time>2026-07-28T09:42:07Z</time></trkpt><trkpt lat="45.629897" lon="25.570733"><ele>642.8</ele><time>2026-07-28T09:42:10Z</time></trkpt><trkpt lat="45.629893" lon="25.57063"><ele>642.9</ele><time>2026-07-28T09:42:13Z</time></trkpt><trkpt lat="45.629883" lon="25.57052"><ele>643.2</ele><time>2026-07-28T09:42:16Z</time></trkpt><trkpt lat="45.629893" lon="25.570412"><ele>643.4</ele><time>2026-07-28T09:42:19Z</time></trkpt><trkpt lat="45.629885" lon="25.570285"><ele>643.6</ele><time>2026-07-28T09:42:23Z</time></trkpt><trkpt lat="45.629878" lon="25.57016"><ele>643.8</ele><time>2026-07-28T09:42:27Z</time></trkpt><trkpt lat="45.629898" lon="25.570047"><ele>644.0</ele><time>2026-07-28T09:42:31Z</time></trkpt><trkpt lat="45.629865" lon="25.569925"><ele>644.3</ele><time>2026-07-28T09:42:35Z</time></trkpt><trkpt lat="45.629825" lon="25.569837"><ele>644.4</ele><time>2026-07-28T09:42:38Z</time></trkpt><trkpt lat="45.629778" lon="25.569745"><ele>644.5</ele><time>2026-07-28T09:42:41Z</time></trkpt><trkpt lat="45.62974" lon="25.569657"><ele>644.6</ele><time>2026-07-28T09:42:44Z</time></trkpt><trkpt lat="45.629702" lon="25.569565"><ele>644.9</ele><time>2026-07-28T09:42:47Z</time></trkpt><trkpt lat="45.629652" lon="25.569453"><ele>645.3</ele><time>2026-07-28T09:42:51Z</time></trkpt><trkpt lat="45.629607" lon="25.569338"><ele>645.8</ele><time>2026-07-28T09:42:55Z</time></trkpt><trkpt lat="45.629558" lon="25.569228"><ele>646.4</ele><time>2026-07-28T09:42:59Z</time></trkpt><trkpt lat="45.629518" lon="25.569127"><ele>646.8</ele><time>2026-07-28T09:43:03Z</time></trkpt><trkpt lat="45.629477" lon="25.569028"><ele>647.4</ele><time>2026-07-28T09:43:07Z</time></trkpt><trkpt lat="45.62943" lon="25.568942"><ele>647.9</ele><time>2026-07-28T09:43:11Z</time></trkpt><trkpt lat="45.629368" lon="25.56884"><ele>648.4</ele><time>2026-07-28T09:43:15Z</time></trkpt><trkpt lat="45.629313" lon="25.568758"><ele>648.6</ele><time>2026-07-28T09:43:19Z</time></trkpt><trkpt lat="45.629258" lon="25.568677"><ele>648.9</ele><time>2026-07-28T09:43:23Z</time></trkpt><trkpt lat="45.629198" lon="25.568608"><ele>649.2</ele><time>2026-07-28T09:43:27Z</time></trkpt><trkpt lat="45.629132" lon="25.568553"><ele>649.5</ele><time>2026-07-28T09:43:31Z</time></trkpt><trkpt lat="45.629065" lon="25.568507"><ele>649.6</ele><time>2026-07-28T09:43:35Z</time></trkpt><trkpt lat="45.628993" lon="25.56846"><ele>649.8</ele><time>2026-07-28T09:43:39Z</time></trkpt><trkpt lat="45.628913" lon="25.568422"><ele>650.1</ele><time>2026-07-28T09:43:43Z</time></trkpt><trkpt lat="45.628833" lon="25.568383"><ele>650.3</ele><time>2026-07-28T09:43:47Z</time></trkpt><trkpt lat="45.62876" lon="25.568345"><ele>650.4</ele><time>2026-07-28T09:43:51Z</time></trkpt><trkpt lat="45.628682" lon="25.568315"><ele>650.5</ele><time>2026-07-28T09:43:55Z</time></trkpt><trkpt lat="45.6286" lon="25.568292"><ele>650.6</ele><time>2026-07-28T09:43:59Z</time></trkpt><trkpt lat="45.628507" lon="25.56826"><ele>650.5</ele><time>2026-07-28T09:44:03Z</time></trkpt><trkpt lat="45.628422" lon="25.568233"><ele>650.7</ele><time>2026-07-28T09:44:07Z</time></trkpt><trkpt lat="45.628345" lon="25.56819"><ele>650.6</ele><time>2026-07-28T09:44:11Z</time></trkpt><trkpt lat="45.628267" lon="25.56817"><ele>650.9</ele><time>2026-07-28T09:44:15Z</time></trkpt><trkpt lat="45.62819" lon="25.568142"><ele>651.3</ele><time>2026-07-28T09:44:19Z</time></trkpt><trkpt lat="45.628118" lon="25.568105"><ele>651.6</ele><time>2026-07-28T09:44:23Z</time></trkpt><trkpt lat="45.628047" lon="25.568047"><ele>651.9</ele><time>2026-07-28T09:44:27Z</time></trkpt><trkpt lat="45.627983" lon="25.567985"><ele>652.2</ele><time>2026-07-28T09:44:31Z</time></trkpt><trkpt lat="45.627912" lon="25.567935"><ele>652.6</ele><time>2026-07-28T09:44:35Z</time></trkpt><trkpt lat="45.627838" lon="25.567853"><ele>652.9</ele><time>2026-07-28T09:44:39Z</time></trkpt><trkpt lat="45.627765" lon="25.567792"><ele>653.3</ele><time>2026-07-28T09:44:43Z</time></trkpt><trkpt lat="45.627697" lon="25.56772"><ele>653.6</ele><time>2026-07-28T09:44:47Z</time></trkpt><trkpt lat="45.627632" lon="25.567645"><ele>654.0</ele><time>2026-07-28T09:44:51Z</time></trkpt><trkpt lat="45.627563" lon="25.567562"><ele>654.4</ele><time>2026-07-28T09:44:55Z</time></trkpt><trkpt lat="45.627492" lon="25.567492"><ele>654.8</ele><time>2026-07-28T09:44:59Z</time></trkpt><trkpt lat="45.62743" lon="25.56743"><ele>655.1</ele><time>2026-07-28T09:45:03Z</time></trkpt><trkpt lat="45.627357" lon="25.567375"><ele>655.6</ele><time>2026-07-28T09:45:07Z</time></trkpt><trkpt lat="45.627285" lon="25.567328"><ele>656.0</ele><time>2026-07-28T09:45:11Z</time></trkpt><trkpt lat="45.627207" lon="25.567268"><ele>656.3</ele><time>2026-07-28T09:45:15Z</time></trkpt><trkpt lat="45.627133" lon="25.567207"><ele>656.6</ele><time>2026-07-28T09:45:19Z</time></trkpt><trkpt lat="45.627082" lon="25.567117"><ele>656.8</ele><time>2026-07-28T09:45:23Z</time></trkpt><trkpt lat="45.627028" lon="25.56703"><ele>657.1</ele><time>2026-07-28T09:45:27Z</time></trkpt><trkpt lat="45.626972" lon="25.566942"><ele>657.4</ele><time>2026-07-28T09:45:31Z</time></trkpt><trkpt lat="45.626923" lon="25.56686"><ele>657.7</ele><time>2026-07-28T09:45:35Z</time></trkpt><trkpt lat="45.626872" lon="25.566778"><ele>657.9</ele><time>2026-07-28T09:45:39Z</time></trkpt><trkpt lat="45.626813" lon="25.566698"><ele>658.3</ele><time>2026-07-28T09:45:43Z</time></trkpt><trkpt lat="45.626743" lon="25.566655"><ele>658.6</ele><time>2026-07-28T09:45:47Z</time></trkpt><trkpt lat="45.626675" lon="25.566602"><ele>658.8</ele><time>2026-07-28T09:45:51Z</time></trkpt><trkpt lat="45.626613" lon="25.566535"><ele>659.2</ele><time>2026-07-28T09:45:55Z</time></trkpt><trkpt lat="45.626532" lon="25.566488"><ele>659.5</ele><time>2026-07-28T09:45:59Z</time></trkpt><trkpt lat="45.626453" lon="25.566467"><ele>659.9</ele><time>2026-07-28T09:46:03Z</time></trkpt><trkpt lat="45.626365" lon="25.566447"><ele>660.2</ele><time>2026-07-28T09:46:07Z</time></trkpt><trkpt lat="45.626288" lon="25.566433"><ele>660.5</ele><time>2026-07-28T09:46:11Z</time></trkpt><trkpt lat="45.626222" lon="25.566388"><ele>660.8</ele><time>2026-07-28T09:46:20Z</time></trkpt><trkpt lat="45.626142" lon="25.566382"><ele>661.0</ele><time>2026-07-28T09:46:25Z</time></trkpt><trkpt lat="45.626055" lon="25.566358"><ele>661.3</ele><time>2026-07-28T09:46:29Z</time></trkpt><trkpt lat="45.625975" lon="25.56634"><ele>661.9</ele><time>2026-07-28T09:46:33Z</time></trkpt><trkpt lat="45.625903" lon="25.566308"><ele>662.6</ele><time>2026-07-28T09:46:37Z</time></trkpt><trkpt lat="45.625835" lon="25.566262"><ele>663.5</ele><time>2026-07-28T09:46:41Z</time></trkpt><trkpt lat="45.625772" lon="25.566185"><ele>664.2</ele><time>2026-07-28T09:46:46Z</time></trkpt><trkpt lat="45.625707" lon="25.566138"><ele>664.6</ele><time>2026-07-28T09:46:50Z</time></trkpt><trkpt lat="45.625642" lon="25.566083"><ele>664.9</ele><time>2026-07-28T09:46:55Z</time></trkpt><trkpt lat="45.625575" lon="25.566038"><ele>665.3</ele><time>2026-07-28T09:46:59Z</time></trkpt><trkpt lat="45.625503" lon="25.56597"><ele>665.6</ele><time>2026-07-28T09:47:04Z</time></trkpt><trkpt lat="45.625443" lon="25.565882"><ele>666.0</ele><time>2026-07-28T09:47:10Z</time></trkpt><trkpt lat="45.625377" lon="25.565817"><ele>666.4</ele><time>2026-07-28T09:47:15Z</time></trkpt><trkpt lat="45.625315" lon="25.565748"><ele>666.8</ele><time>2026-07-28T09:47:20Z</time></trkpt><trkpt lat="45.625252" lon="25.565675"><ele>667.1</ele><time>2026-07-28T09:47:25Z</time></trkpt><trkpt lat="45.625183" lon="25.565602"><ele>667.5</ele><time>2026-07-28T09:47:30Z</time></trkpt><trkpt lat="45.62512" lon="25.565518"><ele>668.0</ele><time>2026-07-28T09:47:35Z</time></trkpt><trkpt lat="45.62506" lon="25.565442"><ele>668.4</ele><time>2026-07-28T09:47:40Z</time></trkpt><trkpt lat="45.625017" lon="25.565357"><ele>668.8</ele><time>2026-07-28T09:47:45Z</time></trkpt><trkpt lat="45.62495" lon="25.565295"><ele>669.3</ele><time>2026-07-28T09:47:50Z</time></trkpt><trkpt lat="45.624932" lon="25.565195"><ele>669.7</ele><time>2026-07-28T09:47:54Z</time></trkpt><trkpt lat="45.6249" lon="25.565092"><ele>670.5</ele><time>2026-07-28T09:47:59Z</time></trkpt><trkpt lat="45.624848" lon="25.565012"><ele>671.9</ele><time>2026-07-28T09:48:04Z</time></trkpt><trkpt lat="45.624792" lon="25.564913"><ele>673.2</ele><time>2026-07-28T09:48:09Z</time></trkpt><trkpt lat="45.624728" lon="25.564815"><ele>674.1</ele><time>2026-07-28T09:48:14Z</time></trkpt><trkpt lat="45.624668" lon="25.564738"><ele>675.1</ele><time>2026-07-28T09:48:18Z</time></trkpt><trkpt lat="45.624608" lon="25.564662"><ele>675.9</ele><time>2026-07-28T09:48:22Z</time></trkpt><trkpt lat="45.62456" lon="25.564567"><ele>676.7</ele><time>2026-07-28T09:48:27Z</time></trkpt><trkpt lat="45.624508" lon="25.564477"><ele>677.1</ele><time>2026-07-28T09:48:34Z</time></trkpt><trkpt lat="45.624465" lon="25.564387"><ele>677.5</ele><time>2026-07-28T09:48:40Z</time></trkpt><trkpt lat="45.624395" lon="25.564367"><ele>677.1</ele><time>2026-07-28T09:50:26Z</time></trkpt><trkpt lat="45.624343" lon="25.564278"><ele>677.1</ele><time>2026-07-28T09:53:33Z</time></trkpt><trkpt lat="45.624295" lon="25.564195"><ele>677.3</ele><time>2026-07-28T09:53:39Z</time></trkpt><trkpt lat="45.624255" lon="25.564093"><ele>677.6</ele><time>2026-07-28T09:53:46Z</time></trkpt><trkpt lat="45.624203" lon="25.56399"><ele>677.9</ele><time>2026-07-28T09:53:53Z</time></trkpt><trkpt lat="45.624145" lon="25.563923"><ele>678.2</ele><time>2026-07-28T09:53:59Z</time></trkpt><trkpt lat="45.624083" lon="25.563857"><ele>678.5</ele><time>2026-07-28T09:54:04Z</time></trkpt><trkpt lat="45.624032" lon="25.56376"><ele>678.8</ele><time>2026-07-28T09:54:09Z</time></trkpt><trkpt lat="45.623975" lon="25.563678"><ele>679.1</ele><time>2026-07-28T09:54:13Z</time></trkpt><trkpt lat="45.623913" lon="25.563605"><ele>679.5</ele><time>2026-07-28T09:54:17Z</time></trkpt><trkpt lat="45.623843" lon="25.563552"><ele>679.7</ele><time>2026-07-28T09:54:21Z</time></trkpt><trkpt lat="45.623792" lon="25.563453"><ele>680.1</ele><time>2026-07-28T09:54:26Z</time></trkpt><trkpt lat="45.623735" lon="25.56337"><ele>680.4</ele><time>2026-07-28T09:54:30Z</time></trkpt><trkpt lat="45.623658" lon="25.563313"><ele>680.8</ele><time>2026-07-28T09:54:34Z</time></trkpt><trkpt lat="45.623588" lon="25.563263"><ele>681.3</ele><time>2026-07-28T09:54:38Z</time></trkpt><trkpt lat="45.623532" lon="25.563195"><ele>681.6</ele><time>2026-07-28T09:54:42Z</time></trkpt><trkpt lat="45.623473" lon="25.563128"><ele>681.8</ele><time>2026-07-28T09:54:46Z</time></trkpt><trkpt lat="45.623398" lon="25.56307"><ele>682.0</ele><time>2026-07-28T09:54:50Z</time></trkpt><trkpt lat="45.623318" lon="25.563012"><ele>682.2</ele><time>2026-07-28T09:54:54Z</time></trkpt><trkpt lat="45.623235" lon="25.562957"><ele>682.4</ele><time>2026-07-28T09:54:58Z</time></trkpt><trkpt lat="45.623165" lon="25.562902"><ele>682.7</ele><time>2026-07-28T09:55:02Z</time></trkpt><trkpt lat="45.623093" lon="25.562843"><ele>683.0</ele><time>2026-07-28T09:55:06Z</time></trkpt><trkpt lat="45.623033" lon="25.562777"><ele>683.3</ele><time>2026-07-28T09:55:10Z</time></trkpt><trkpt lat="45.622963" lon="25.562725"><ele>683.5</ele><time>2026-07-28T09:55:14Z</time></trkpt><trkpt lat="45.622887" lon="25.562677"><ele>683.8</ele><time>2026-07-28T09:55:17Z</time></trkpt><trkpt lat="45.622818" lon="25.562618"><ele>684.1</ele><time>2026-07-28T09:55:21Z</time></trkpt><trkpt lat="45.622757" lon="25.56253"><ele>684.3</ele><time>2026-07-28T09:55:25Z</time></trkpt><trkpt lat="45.62271" lon="25.56244"><ele>684.9</ele><time>2026-07-28T09:55:29Z</time></trkpt><trkpt lat="45.622663" lon="25.562347"><ele>685.3</ele><time>2026-07-28T09:55:33Z</time></trkpt><trkpt lat="45.622602" lon="25.562275"><ele>685.7</ele><time>2026-07-28T09:55:37Z</time></trkpt><trkpt lat="45.622547" lon="25.5622"><ele>686.0</ele><time>2026-07-28T09:55:41Z</time></trkpt><trkpt lat="45.622487" lon="25.562135"><ele>686.2</ele><time>2026-07-28T09:55:45Z</time></trkpt><trkpt lat="45.622425" lon="25.562077"><ele>686.4</ele><time>2026-07-28T09:55:49Z</time></trkpt><trkpt lat="45.622362" lon="25.562018"><ele>686.7</ele><time>2026-07-28T09:55:53Z</time></trkpt><trkpt lat="45.622288" lon="25.56195"><ele>687.1</ele><time>2026-07-28T09:55:58Z</time></trkpt><trkpt lat="45.62223" lon="25.561885"><ele>687.4</ele><time>2026-07-28T09:56:02Z</time></trkpt><trkpt lat="45.622172" lon="25.561788"><ele>687.8</ele><time>2026-07-28T09:56:07Z</time></trkpt><trkpt lat="45.622122" lon="25.561675"><ele>688.2</ele><time>2026-07-28T09:56:12Z</time></trkpt><trkpt lat="45.622102" lon="25.561575"><ele>688.6</ele><time>2026-07-28T09:56:16Z</time></trkpt><trkpt lat="45.622078" lon="25.561475"><ele>689.0</ele><time>2026-07-28T09:56:20Z</time></trkpt><trkpt lat="45.622065" lon="25.561367"><ele>689.3</ele><time>2026-07-28T09:56:24Z</time></trkpt><trkpt lat="45.622043" lon="25.561267"><ele>689.8</ele><time>2026-07-28T09:56:28Z</time></trkpt><trkpt lat="45.622025" lon="25.561162"><ele>690.6</ele><time>2026-07-28T09:56:33Z</time></trkpt><trkpt lat="45.621997" lon="25.561058"><ele>691.2</ele><time>2026-07-28T09:56:37Z</time></trkpt><trkpt lat="45.621932" lon="25.560993"><ele>691.5</ele><time>2026-07-28T09:56:41Z</time></trkpt><trkpt lat="45.621865" lon="25.560915"><ele>692.4</ele><time>2026-07-28T09:56:48Z</time></trkpt><trkpt lat="45.6218" lon="25.560863"><ele>693.2</ele><time>2026-07-28T09:56:54Z</time></trkpt><trkpt lat="45.62175" lon="25.560787"><ele>693.9</ele><time>2026-07-28T09:56:59Z</time></trkpt><trkpt lat="45.62168" lon="25.560717"><ele>695.1</ele><time>2026-07-28T09:57:07Z</time></trkpt><trkpt lat="45.62162" lon="25.560658"><ele>695.9</ele><time>2026-07-28T09:57:12Z</time></trkpt><trkpt lat="45.621598" lon="25.56056"><ele>696.4</ele><time>2026-07-28T09:57:16Z</time></trkpt><trkpt lat="45.62156" lon="25.560448"><ele>697.0</ele><time>2026-07-28T09:57:20Z</time></trkpt><trkpt lat="45.62152" lon="25.560338"><ele>697.7</ele><time>2026-07-28T09:57:24Z</time></trkpt><trkpt lat="45.621473" lon="25.560258"><ele>698.4</ele><time>2026-07-28T09:57:28Z</time></trkpt><trkpt lat="45.621438" lon="25.560152"><ele>699.0</ele><time>2026-07-28T09:57:33Z</time></trkpt><trkpt lat="45.621383" lon="25.560058"><ele>699.9</ele><time>2026-07-28T09:57:37Z</time></trkpt><trkpt lat="45.621305" lon="25.560008"><ele>700.5</ele><time>2026-07-28T09:57:41Z</time></trkpt><trkpt lat="45.621237" lon="25.559957"><ele>701.1</ele><time>2026-07-28T09:57:45Z</time></trkpt><trkpt lat="45.621162" lon="25.559905"><ele>701.5</ele><time>2026-07-28T09:57:49Z</time></trkpt><trkpt lat="45.621093" lon="25.559857"><ele>702.0</ele><time>2026-07-28T09:57:53Z</time></trkpt><trkpt lat="45.621022" lon="25.559787"><ele>702.6</ele><time>2026-07-28T09:57:58Z</time></trkpt><trkpt lat="45.620957" lon="25.559742"><ele>703.2</ele><time>2026-07-28T09:58:02Z</time></trkpt><trkpt lat="45.620895" lon="25.559683"><ele>703.8</ele><time>2026-07-28T09:58:06Z</time></trkpt><trkpt lat="45.620832" lon="25.559627"><ele>704.4</ele><time>2026-07-28T09:58:10Z</time></trkpt><trkpt lat="45.620775" lon="25.55956"><ele>705.2</ele><time>2026-07-28T09:58:14Z</time></trkpt><trkpt lat="45.620717" lon="25.559468"><ele>706.2</ele><time>2026-07-28T09:58:19Z</time></trkpt><trkpt lat="45.620668" lon="25.559387"><ele>706.8</ele><time>2026-07-28T09:58:23Z</time></trkpt><trkpt lat="45.620612" lon="25.5593"><ele>707.2</ele><time>2026-07-28T09:58:28Z</time></trkpt><trkpt lat="45.62056" lon="25.55922"><ele>707.3</ele><time>2026-07-28T09:58:32Z</time></trkpt><trkpt lat="45.620498" lon="25.559145"><ele>707.4</ele><time>2026-07-28T09:58:36Z</time></trkpt><trkpt lat="45.620457" lon="25.559047"><ele>707.5</ele><time>2026-07-28T09:58:40Z</time></trkpt><trkpt lat="45.620413" lon="25.558953"><ele>707.7</ele><time>2026-07-28T09:58:45Z</time></trkpt><trkpt lat="45.620372" lon="25.558863"><ele>708.0</ele><time>2026-07-28T09:58:49Z</time></trkpt><trkpt lat="45.620298" lon="25.558807"><ele>708.6</ele><time>2026-07-28T09:58:55Z</time></trkpt><trkpt lat="45.620238" lon="25.558738"><ele>709.0</ele><time>2026-07-28T09:59:00Z</time></trkpt><trkpt lat="45.62018" lon="25.558668"><ele>709.5</ele><time>2026-07-28T09:59:05Z</time></trkpt><trkpt lat="45.620142" lon="25.558553"><ele>710.3</ele><time>2026-07-28T09:59:40Z</time></trkpt><trkpt lat="45.62007" lon="25.558577"><ele>710.4</ele><time>2026-07-28T09:59:44Z</time></trkpt><trkpt lat="45.620027" lon="25.558485"><ele>710.6</ele><time>2026-07-28T09:59:48Z</time></trkpt><trkpt lat="45.619973" lon="25.558402"><ele>710.9</ele><time>2026-07-28T09:59:52Z</time></trkpt><trkpt lat="45.619928" lon="25.558312"><ele>711.3</ele><time>2026-07-28T09:59:57Z</time></trkpt><trkpt lat="45.61988" lon="25.55823"><ele>711.9</ele><time>2026-07-28T10:00:03Z</time></trkpt><trkpt lat="45.61986" lon="25.558128"><ele>712.4</ele><time>2026-07-28T10:00:08Z</time></trkpt><trkpt lat="45.61983" lon="25.558022"><ele>712.9</ele><time>2026-07-28T10:00:15Z</time></trkpt><trkpt lat="45.619792" lon="25.557915"><ele>713.7</ele><time>2026-07-28T10:00:23Z</time></trkpt><trkpt lat="45.61973" lon="25.557862"><ele>714.0</ele><time>2026-07-28T10:00:27Z</time></trkpt><trkpt lat="45.619705" lon="25.55776"><ele>714.6</ele><time>2026-07-28T10:00:33Z</time></trkpt><trkpt lat="45.619657" lon="25.557662"><ele>715.0</ele><time>2026-07-28T10:00:38Z</time></trkpt><trkpt lat="45.619635" lon="25.557548"><ele>715.5</ele><time>2026-07-28T10:00:43Z</time></trkpt><trkpt lat="45.619598" lon="25.557458"><ele>716.1</ele><time>2026-07-28T10:00:48Z</time></trkpt><trkpt lat="45.619517" lon="25.557417"><ele>716.7</ele><time>2026-07-28T10:00:53Z</time></trkpt><trkpt lat="45.61944" lon="25.557405"><ele>717.3</ele><time>2026-07-28T10:01:01Z</time></trkpt><trkpt lat="45.619375" lon="25.557355"><ele>717.4</ele><time>2026-07-28T10:01:40Z</time></trkpt><trkpt lat="45.619343" lon="25.55726"><ele>718.3</ele><time>2026-07-28T10:02:42Z</time></trkpt><trkpt lat="45.61933" lon="25.557362"><ele>718.5</ele><time>2026-07-28T10:03:07Z</time></trkpt><trkpt lat="45.619257" lon="25.557363"><ele>718.0</ele><time>2026-07-28T10:03:13Z</time></trkpt><trkpt lat="45.619197" lon="25.5573"><ele>718.3</ele><time>2026-07-28T10:03:17Z</time></trkpt><trkpt lat="45.619127" lon="25.55724"><ele>718.4</ele><time>2026-07-28T10:03:20Z</time></trkpt><trkpt lat="45.619078" lon="25.557157"><ele>718.7</ele><time>2026-07-28T10:03:24Z</time></trkpt><trkpt lat="45.619015" lon="25.557108"><ele>720.7</ele><time>2026-07-28T10:03:33Z</time></trkpt><trkpt lat="45.618943" lon="25.557063"><ele>721.2</ele><time>2026-07-28T10:03:39Z</time></trkpt><trkpt lat="45.618872" lon="25.557008"><ele>721.5</ele><time>2026-07-28T10:03:45Z</time></trkpt><trkpt lat="45.618817" lon="25.556932"><ele>722.0</ele><time>2026-07-28T10:04:04Z</time></trkpt><trkpt lat="45.618733" lon="25.556878"><ele>722.7</ele><time>2026-07-28T10:04:08Z</time></trkpt><trkpt lat="45.618655" lon="25.556808"><ele>723.6</ele><time>2026-07-28T10:04:11Z</time></trkpt><trkpt lat="45.618592" lon="25.556748"><ele>724.4</ele><time>2026-07-28T10:04:15Z</time></trkpt><trkpt lat="45.618522" lon="25.556827"><ele>725.4</ele><time>2026-07-28T10:04:20Z</time></trkpt><trkpt lat="45.618465" lon="25.556902"><ele>727.2</ele><time>2026-07-28T10:04:25Z</time></trkpt><trkpt lat="45.618393" lon="25.5569"><ele>728.9</ele><time>2026-07-28T10:04:32Z</time></trkpt><trkpt lat="45.618367" lon="25.556998"><ele>729.5</ele><time>2026-07-28T10:04:47Z</time></trkpt><trkpt lat="45.618303" lon="25.55694"><ele>729.8</ele><time>2026-07-28T10:05:03Z</time></trkpt><trkpt lat="45.61823" lon="25.55694"><ele>733.8</ele><time>2026-07-28T10:05:22Z</time></trkpt><trkpt lat="45.618153" lon="25.556963"><ele>734.4</ele><time>2026-07-28T10:05:58Z</time></trkpt><trkpt lat="45.618083" lon="25.55699"><ele>738.2</ele><time>2026-07-28T10:06:11Z</time></trkpt><trkpt lat="45.618025" lon="25.557052"><ele>740.5</ele><time>2026-07-28T10:06:19Z</time></trkpt><trkpt lat="45.617983" lon="25.557145"><ele>714.4</ele><time>2026-07-28T10:06:28Z</time></trkpt><trkpt lat="45.617907" lon="25.557152"><ele>715.5</ele><time>2026-07-28T10:06:55Z</time></trkpt><trkpt lat="45.61783" lon="25.55717"><ele>717.6</ele><time>2026-07-28T10:07:06Z</time></trkpt><trkpt lat="45.617793" lon="25.557262"><ele>717.9</ele><time>2026-07-28T10:07:38Z</time></trkpt><trkpt lat="45.617735" lon="25.557335"><ele>718.3</ele><time>2026-07-28T10:07:44Z</time></trkpt><trkpt lat="45.617692" lon="25.557417"><ele>719.0</ele><time>2026-07-28T10:07:49Z</time></trkpt><trkpt lat="45.617628" lon="25.557472"><ele>719.9</ele><time>2026-07-28T10:07:55Z</time></trkpt><trkpt lat="45.617597" lon="25.557563"><ele>720.5</ele><time>2026-07-28T10:08:00Z</time></trkpt><trkpt lat="45.617553" lon="25.557662"><ele>721.0</ele><time>2026-07-28T10:08:05Z</time></trkpt><trkpt lat="45.617537" lon="25.557783"><ele>721.7</ele><time>2026-07-28T10:08:09Z</time></trkpt><trkpt lat="45.617535" lon="25.557885"><ele>722.1</ele><time>2026-07-28T10:08:13Z</time></trkpt><trkpt lat="45.617502" lon="25.557988"><ele>722.6</ele><time>2026-07-28T10:08:17Z</time></trkpt><trkpt lat="45.61748" lon="25.558095"><ele>723.0</ele><time>2026-07-28T10:08:22Z</time></trkpt><trkpt lat="45.617468" lon="25.55821"><ele>723.8</ele><time>2026-07-28T10:08:26Z</time></trkpt><trkpt lat="45.617418" lon="25.55829"><ele>725.4</ele><time>2026-07-28T10:08:31Z</time></trkpt><trkpt lat="45.617382" lon="25.55838"><ele>726.9</ele><time>2026-07-28T10:08:37Z</time></trkpt><trkpt lat="45.617345" lon="25.558483"><ele>727.7</ele><time>2026-07-28T10:08:43Z</time></trkpt><trkpt lat="45.61731" lon="25.558572"><ele>728.0</ele><time>2026-07-28T10:08:49Z</time></trkpt><trkpt lat="45.617308" lon="25.558678"><ele>728.1</ele><time>2026-07-28T10:09:01Z</time></trkpt><trkpt lat="45.61739" lon="25.558675"><ele>729.9</ele><time>2026-07-28T10:09:39Z</time></trkpt><trkpt lat="45.617462" lon="25.558695"><ele>729.2</ele><time>2026-07-28T10:09:44Z</time></trkpt><trkpt lat="45.617508" lon="25.558607"><ele>728.4</ele><time>2026-07-28T10:09:51Z</time></trkpt><trkpt lat="45.61758" lon="25.558558"><ele>727.7</ele><time>2026-07-28T10:09:58Z</time></trkpt><trkpt lat="45.617622" lon="25.55847"><ele>727.5</ele><time>2026-07-28T10:10:06Z</time></trkpt><trkpt lat="45.617673" lon="25.558383"><ele>727.6</ele><time>2026-07-28T10:10:13Z</time></trkpt><trkpt lat="45.617715" lon="25.558295"><ele>727.6</ele><time>2026-07-28T10:10:20Z</time></trkpt><trkpt lat="45.617755" lon="25.558195"><ele>727.6</ele><time>2026-07-28T10:10:26Z</time></trkpt><trkpt lat="45.617785" lon="25.558097"><ele>727.6</ele><time>2026-07-28T10:10:31Z</time></trkpt><trkpt lat="45.617777" lon="25.557988"><ele>727.4</ele><time>2026-07-28T10:10:37Z</time></trkpt><trkpt lat="45.617725" lon="25.55808"><ele>728.1</ele><time>2026-07-28T10:11:58Z</time></trkpt><trkpt lat="45.617688" lon="25.558168"><ele>728.1</ele><time>2026-07-28T10:12:04Z</time></trkpt><trkpt lat="45.617658" lon="25.558272"><ele>727.9</ele><time>2026-07-28T10:12:10Z</time></trkpt><trkpt lat="45.617623" lon="25.558363"><ele>727.6</ele><time>2026-07-28T10:12:15Z</time></trkpt><trkpt lat="45.61758" lon="25.558452"><ele>727.4</ele><time>2026-07-28T10:12:21Z</time></trkpt><trkpt lat="45.617525" lon="25.558518"><ele>727.3</ele><time>2026-07-28T10:12:28Z</time></trkpt><trkpt lat="45.617457" lon="25.558578"><ele>727.7</ele><time>2026-07-28T10:12:35Z</time></trkpt><trkpt lat="45.617388" lon="25.55863"><ele>728.5</ele><time>2026-07-28T10:12:41Z</time></trkpt><trkpt lat="45.617318" lon="25.558675"><ele>729.4</ele><time>2026-07-28T10:12:47Z</time></trkpt><trkpt lat="45.617252" lon="25.558722"><ele>730.7</ele><time>2026-07-28T10:13:11Z</time></trkpt><trkpt lat="45.6172" lon="25.558797"><ele>732.1</ele><time>2026-07-28T10:13:22Z</time></trkpt><trkpt lat="45.617205" lon="25.558905"><ele>733.8</ele><time>2026-07-28T10:13:31Z</time></trkpt><trkpt lat="45.617193" lon="25.558797"><ele>732.2</ele><time>2026-07-28T10:13:51Z</time></trkpt><trkpt lat="45.617268" lon="25.558743"><ele>731.0</ele><time>2026-07-28T10:14:31Z</time></trkpt><trkpt lat="45.61719" lon="25.558702"><ele>731.0</ele><time>2026-07-28T10:14:59Z</time></trkpt><trkpt lat="45.617113" lon="25.558665"><ele>732.4</ele><time>2026-07-28T10:15:06Z</time></trkpt><trkpt lat="45.617037" lon="25.55863"><ele>735.8</ele><time>2026-07-28T10:15:17Z</time></trkpt><trkpt lat="45.616957" lon="25.558645"><ele>736.9</ele><time>2026-07-28T10:15:21Z</time></trkpt><trkpt lat="45.61688" lon="25.558628"><ele>739.2</ele><time>2026-07-28T10:15:27Z</time></trkpt><trkpt lat="45.616807" lon="25.55861"><ele>740.8</ele><time>2026-07-28T10:15:34Z</time></trkpt><trkpt lat="45.616738" lon="25.558663"><ele>741.5</ele><time>2026-07-28T10:15:39Z</time></trkpt><trkpt lat="45.616652" lon="25.558667"><ele>742.8</ele><time>2026-07-28T10:15:47Z</time></trkpt><trkpt lat="45.61657" lon="25.558675"><ele>743.6</ele><time>2026-07-28T10:15:53Z</time></trkpt><trkpt lat="45.616497" lon="25.558675"><ele>744.2</ele><time>2026-07-28T10:15:58Z</time></trkpt><trkpt lat="45.616423" lon="25.558678"><ele>746.4</ele><time>2026-07-28T10:16:08Z</time></trkpt><trkpt lat="45.616392" lon="25.558772"><ele>747.8</ele><time>2026-07-28T10:16:15Z</time></trkpt><trkpt lat="45.616405" lon="25.558873"><ele>749.9</ele><time>2026-07-28T10:16:26Z</time></trkpt><trkpt lat="45.616437" lon="25.558997"><ele>750.6</ele><time>2026-07-28T10:16:31Z</time></trkpt><trkpt lat="45.616353" lon="25.558978"><ele>751.1</ele><time>2026-07-28T10:16:41Z</time></trkpt><trkpt lat="45.616318" lon="25.559083"><ele>751.4</ele><time>2026-07-28T10:16:54Z</time></trkpt><trkpt lat="45.616335" lon="25.559185"><ele>751.7</ele><time>2026-07-28T10:17:11Z</time></trkpt><trkpt lat="45.616263" lon="25.559202"><ele>751.0</ele><time>2026-07-28T10:19:05Z</time></trkpt><trkpt lat="45.616188" lon="25.559232"><ele>751.2</ele><time>2026-07-28T10:19:12Z</time></trkpt><trkpt lat="45.616133" lon="25.559332"><ele>752.4</ele><time>2026-07-28T10:19:20Z</time></trkpt><trkpt lat="45.616087" lon="25.559422"><ele>753.8</ele><time>2026-07-28T10:19:29Z</time></trkpt><trkpt lat="45.616052" lon="25.559535"><ele>755.0</ele><time>2026-07-28T10:19:35Z</time></trkpt><trkpt lat="45.616022" lon="25.559647"><ele>756.2</ele><time>2026-07-28T10:19:43Z</time></trkpt><trkpt lat="45.615992" lon="25.559748"><ele>757.2</ele><time>2026-07-28T10:19:50Z</time></trkpt><trkpt lat="45.615965" lon="25.559863"><ele>757.8</ele><time>2026-07-28T10:19:57Z</time></trkpt><trkpt lat="45.615903" lon="25.559953"><ele>758.3</ele><time>2026-07-28T10:20:02Z</time></trkpt><trkpt lat="45.615857" lon="25.560053"><ele>758.7</ele><time>2026-07-28T10:20:07Z</time></trkpt><trkpt lat="45.61579" lon="25.560118"><ele>759.2</ele><time>2026-07-28T10:20:13Z</time></trkpt><trkpt lat="45.615735" lon="25.560185"><ele>759.6</ele><time>2026-07-28T10:20:19Z</time></trkpt><trkpt lat="45.615665" lon="25.560255"><ele>760.0</ele><time>2026-07-28T10:20:24Z</time></trkpt><trkpt lat="45.615598" lon="25.560315"><ele>760.7</ele><time>2026-07-28T10:20:31Z</time></trkpt><trkpt lat="45.615508" lon="25.56037"><ele>761.2</ele><time>2026-07-28T10:20:37Z</time></trkpt><trkpt lat="45.615432" lon="25.560422"><ele>761.7</ele><time>2026-07-28T10:20:42Z</time></trkpt><trkpt lat="45.615362" lon="25.560457"><ele>762.2</ele><time>2026-07-28T10:20:47Z</time></trkpt><trkpt lat="45.6153" lon="25.56052"><ele>762.6</ele><time>2026-07-28T10:20:52Z</time></trkpt><trkpt lat="45.615223" lon="25.560572"><ele>763.1</ele><time>2026-07-28T10:20:57Z</time></trkpt><trkpt lat="45.615145" lon="25.560605"><ele>763.6</ele><time>2026-07-28T10:21:02Z</time></trkpt><trkpt lat="45.615062" lon="25.560623"><ele>764.1</ele><time>2026-07-28T10:21:07Z</time></trkpt><trkpt lat="45.614988" lon="25.560653"><ele>765.1</ele><time>2026-07-28T10:21:14Z</time></trkpt><trkpt lat="45.614907" lon="25.560667"><ele>765.6</ele><time>2026-07-28T10:21:18Z</time></trkpt><trkpt lat="45.614822" lon="25.560717"><ele>766.3</ele><time>2026-07-28T10:21:23Z</time></trkpt><trkpt lat="45.614747" lon="25.560722"><ele>767.2</ele><time>2026-07-28T10:21:30Z</time></trkpt><trkpt lat="45.61467" lon="25.560733"><ele>767.9</ele><time>2026-07-28T10:21:35Z</time></trkpt><trkpt lat="45.614593" lon="25.560763"><ele>768.8</ele><time>2026-07-28T10:21:43Z</time></trkpt><trkpt lat="45.61451" lon="25.560795"><ele>769.5</ele><time>2026-07-28T10:21:48Z</time></trkpt><trkpt lat="45.614432" lon="25.560695"><ele>770.2</ele><time>2026-07-28T10:21:53Z</time></trkpt><trkpt lat="45.61437" lon="25.56064"><ele>770.6</ele><time>2026-07-28T10:21:56Z</time></trkpt><trkpt lat="45.614278" lon="25.560655"><ele>771.4</ele><time>2026-07-28T10:22:02Z</time></trkpt><trkpt lat="45.614227" lon="25.560748"><ele>771.9</ele><time>2026-07-28T10:22:06Z</time></trkpt><trkpt lat="45.614198" lon="25.56085"><ele>772.4</ele><time>2026-07-28T10:22:10Z</time></trkpt><trkpt lat="45.614153" lon="25.560952"><ele>773.1</ele><time>2026-07-28T10:22:15Z</time></trkpt><trkpt lat="45.61416" lon="25.561055"><ele>773.5</ele><time>2026-07-28T10:22:18Z</time></trkpt><trkpt lat="45.614135" lon="25.561162"><ele>774.1</ele><time>2026-07-28T10:22:22Z</time></trkpt><trkpt lat="45.614123" lon="25.561278"><ele>774.8</ele><time>2026-07-28T10:22:26Z</time></trkpt><trkpt lat="45.614122" lon="25.561392"><ele>775.7</ele><time>2026-07-28T10:22:31Z</time></trkpt><trkpt lat="45.614133" lon="25.56151"><ele>776.5</ele><time>2026-07-28T10:22:37Z</time></trkpt><trkpt lat="45.614127" lon="25.561623"><ele>777.2</ele><time>2026-07-28T10:22:42Z</time></trkpt><trkpt lat="45.614108" lon="25.561737"><ele>777.8</ele><time>2026-07-28T10:22:46Z</time></trkpt><trkpt lat="45.614105" lon="25.561848"><ele>778.4</ele><time>2026-07-28T10:22:50Z</time></trkpt><trkpt lat="45.614095" lon="25.561983"><ele>779.1</ele><time>2026-07-28T10:22:55Z</time></trkpt><trkpt lat="45.614077" lon="25.562087"><ele>779.8</ele><time>2026-07-28T10:22:59Z</time></trkpt><trkpt lat="45.61408" lon="25.56221"><ele>780.9</ele><time>2026-07-28T10:23:05Z</time></trkpt><trkpt lat="45.614098" lon="25.562337"><ele>781.7</ele><time>2026-07-28T10:23:09Z</time></trkpt><trkpt lat="45.614113" lon="25.562458"><ele>782.2</ele><time>2026-07-28T10:23:13Z</time></trkpt><trkpt lat="45.61412" lon="25.56257"><ele>782.8</ele><time>2026-07-28T10:23:17Z</time></trkpt><trkpt lat="45.614138" lon="25.562675"><ele>783.4</ele><time>2026-07-28T10:23:20Z</time></trkpt><trkpt lat="45.614133" lon="25.562785"><ele>784.0</ele><time>2026-07-28T10:23:24Z</time></trkpt><trkpt lat="45.614175" lon="25.562885"><ele>784.8</ele><time>2026-07-28T10:23:32Z</time></trkpt><trkpt lat="45.614223" lon="25.562985"><ele>785.0</ele><time>2026-07-28T10:23:42Z</time></trkpt><trkpt lat="45.61415" lon="25.562955"><ele>784.9</ele><time>2026-07-28T10:24:17Z</time></trkpt><trkpt lat="45.61422" lon="25.562995"><ele>785.1</ele><time>2026-07-28T10:25:05Z</time></trkpt><trkpt lat="45.614148" lon="25.563015"><ele>784.1</ele><time>2026-07-28T10:26:01Z</time></trkpt><trkpt lat="45.614067" lon="25.563028"><ele>784.4</ele><time>2026-07-28T10:26:09Z</time></trkpt><trkpt lat="45.614018" lon="25.563108"><ele>784.7</ele><time>2026-07-28T10:26:14Z</time></trkpt><trkpt lat="45.61401" lon="25.563278"><ele>784.6</ele><time>2026-07-28T10:26:42Z</time></trkpt><trkpt lat="45.613948" lon="25.563357"><ele>784.9</ele><time>2026-07-28T10:26:50Z</time></trkpt><trkpt lat="45.613892" lon="25.56345"><ele>785.3</ele><time>2026-07-28T10:26:57Z</time></trkpt><trkpt lat="45.61384" lon="25.563538"><ele>785.8</ele><time>2026-07-28T10:27:04Z</time></trkpt><trkpt lat="45.613777" lon="25.563628"><ele>786.4</ele><time>2026-07-28T10:27:09Z</time></trkpt><trkpt lat="45.613717" lon="25.563715"><ele>787.0</ele><time>2026-07-28T10:27:14Z</time></trkpt><trkpt lat="45.613677" lon="25.563815"><ele>787.2</ele><time>2026-07-28T10:27:18Z</time></trkpt><trkpt lat="45.613612" lon="25.563885"><ele>787.6</ele><time>2026-07-28T10:27:22Z</time></trkpt><trkpt lat="45.613555" lon="25.563953"><ele>788.2</ele><time>2026-07-28T10:27:27Z</time></trkpt><trkpt lat="45.613488" lon="25.564005"><ele>788.6</ele><time>2026-07-28T10:27:32Z</time></trkpt><trkpt lat="45.613417" lon="25.564015"><ele>789.4</ele><time>2026-07-28T10:27:38Z</time></trkpt><trkpt lat="45.613322" lon="25.56399"><ele>790.0</ele><time>2026-07-28T10:27:43Z</time></trkpt><trkpt lat="45.613242" lon="25.563982"><ele>790.8</ele><time>2026-07-28T10:27:48Z</time></trkpt><trkpt lat="45.613147" lon="25.563995"><ele>791.5</ele><time>2026-07-28T10:27:53Z</time></trkpt><trkpt lat="45.613067" lon="25.564008"><ele>792.2</ele><time>2026-07-28T10:27:57Z</time></trkpt><trkpt lat="45.612988" lon="25.564053"><ele>792.8</ele><time>2026-07-28T10:28:01Z</time></trkpt><trkpt lat="45.612922" lon="25.564093"><ele>793.3</ele><time>2026-07-28T10:28:05Z</time></trkpt><trkpt lat="45.612847" lon="25.56414"><ele>793.6</ele><time>2026-07-28T10:28:10Z</time></trkpt><trkpt lat="45.612785" lon="25.564203"><ele>794.1</ele><time>2026-07-28T10:28:15Z</time></trkpt><trkpt lat="45.612708" lon="25.564247"><ele>794.7</ele><time>2026-07-28T10:28:20Z</time></trkpt><trkpt lat="45.612622" lon="25.564283"><ele>795.3</ele><time>2026-07-28T10:28:26Z</time></trkpt><trkpt lat="45.612552" lon="25.564352"><ele>796.1</ele><time>2026-07-28T10:28:32Z</time></trkpt><trkpt lat="45.61248" lon="25.564423"><ele>796.8</ele><time>2026-07-28T10:28:37Z</time></trkpt><trkpt lat="45.612422" lon="25.564497"><ele>797.2</ele><time>2026-07-28T10:28:42Z</time></trkpt><trkpt lat="45.61235" lon="25.564538"><ele>797.8</ele><time>2026-07-28T10:28:47Z</time></trkpt><trkpt lat="45.612278" lon="25.56459"><ele>798.4</ele><time>2026-07-28T10:28:52Z</time></trkpt><trkpt lat="45.612253" lon="25.564698"><ele>798.9</ele><time>2026-07-28T10:28:57Z</time></trkpt><trkpt lat="45.612237" lon="25.564822"><ele>799.4</ele><time>2026-07-28T10:29:02Z</time></trkpt><trkpt lat="45.612198" lon="25.564912"><ele>800.0</ele><time>2026-07-28T10:29:07Z</time></trkpt><trkpt lat="45.612142" lon="25.564998"><ele>800.6</ele><time>2026-07-28T10:29:12Z</time></trkpt><trkpt lat="45.612075" lon="25.565055"><ele>801.2</ele><time>2026-07-28T10:29:17Z</time></trkpt><trkpt lat="45.61202" lon="25.565155"><ele>802.0</ele><time>2026-07-28T10:29:22Z</time></trkpt><trkpt lat="45.611967" lon="25.565227"><ele>802.8</ele><time>2026-07-28T10:29:27Z</time></trkpt><trkpt lat="45.6119" lon="25.5653"><ele>803.6</ele><time>2026-07-28T10:29:32Z</time></trkpt><trkpt lat="45.611832" lon="25.565368"><ele>804.2</ele><time>2026-07-28T10:29:37Z</time></trkpt><trkpt lat="45.611758" lon="25.565442"><ele>804.8</ele><time>2026-07-28T10:29:42Z</time></trkpt><trkpt lat="45.611728" lon="25.565547"><ele>805.5</ele><time>2026-07-28T10:29:46Z</time></trkpt><trkpt lat="45.611728" lon="25.56567"><ele>805.9</ele><time>2026-07-28T10:29:49Z</time></trkpt><trkpt lat="45.611687" lon="25.565775"><ele>806.2</ele><time>2026-07-28T10:29:53Z</time></trkpt><trkpt lat="45.61167" lon="25.565877"><ele>806.7</ele><time>2026-07-28T10:29:58Z</time></trkpt><trkpt lat="45.611623" lon="25.565958"><ele>807.2</ele><time>2026-07-28T10:30:03Z</time></trkpt><trkpt lat="45.61157" lon="25.566052"><ele>807.7</ele><time>2026-07-28T10:30:09Z</time></trkpt><trkpt lat="45.611505" lon="25.566122"><ele>808.1</ele><time>2026-07-28T10:30:14Z</time></trkpt><trkpt lat="45.611443" lon="25.566202"><ele>808.7</ele><time>2026-07-28T10:30:19Z</time></trkpt><trkpt lat="45.611402" lon="25.566295"><ele>809.2</ele><time>2026-07-28T10:30:23Z</time></trkpt><trkpt lat="45.611333" lon="25.566348"><ele>809.7</ele><time>2026-07-28T10:30:28Z</time></trkpt><trkpt lat="45.611278" lon="25.56642"><ele>810.2</ele><time>2026-07-28T10:30:33Z</time></trkpt><trkpt lat="45.611222" lon="25.566492"><ele>810.8</ele><time>2026-07-28T10:30:40Z</time></trkpt><trkpt lat="45.611147" lon="25.566515"><ele>811.2</ele><time>2026-07-28T10:30:45Z</time></trkpt><trkpt lat="45.611077" lon="25.566577"><ele>811.8</ele><time>2026-07-28T10:30:50Z</time></trkpt><trkpt lat="45.611015" lon="25.566658"><ele>812.4</ele><time>2026-07-28T10:30:55Z</time></trkpt><trkpt lat="45.610945" lon="25.566713"><ele>813.0</ele><time>2026-07-28T10:31:00Z</time></trkpt><trkpt lat="45.610888" lon="25.566787"><ele>813.6</ele><time>2026-07-28T10:31:05Z</time></trkpt><trkpt lat="45.610813" lon="25.566802"><ele>814.1</ele><time>2026-07-28T10:31:09Z</time></trkpt><trkpt lat="45.610727" lon="25.566822"><ele>814.7</ele><time>2026-07-28T10:31:14Z</time></trkpt><trkpt lat="45.610653" lon="25.566867"><ele>815.3</ele><time>2026-07-28T10:31:19Z</time></trkpt><trkpt lat="45.610585" lon="25.56692"><ele>816.1</ele><time>2026-07-28T10:31:25Z</time></trkpt><trkpt lat="45.610513" lon="25.566972"><ele>816.8</ele><time>2026-07-28T10:31:30Z</time></trkpt><trkpt lat="45.610528" lon="25.567087"><ele>817.1</ele><time>2026-07-28T10:31:35Z</time></trkpt><trkpt lat="45.610548" lon="25.567187"><ele>817.2</ele><time>2026-07-28T10:32:26Z</time></trkpt><trkpt lat="45.610477" lon="25.56724"><ele>816.5</ele><time>2026-07-28T10:35:06Z</time></trkpt><trkpt lat="45.610398" lon="25.567247"><ele>816.9</ele><time>2026-07-28T10:35:11Z</time></trkpt><trkpt lat="45.61032" lon="25.567277"><ele>817.5</ele><time>2026-07-28T10:35:17Z</time></trkpt><trkpt lat="45.610248" lon="25.567305"><ele>818.1</ele><time>2026-07-28T10:35:23Z</time></trkpt><trkpt lat="45.610163" lon="25.567322"><ele>818.7</ele><time>2026-07-28T10:35:29Z</time></trkpt><trkpt lat="45.610088" lon="25.567375"><ele>819.5</ele><time>2026-07-28T10:35:36Z</time></trkpt><trkpt lat="45.610012" lon="25.56741"><ele>819.9</ele><time>2026-07-28T10:35:42Z</time></trkpt><trkpt lat="45.609938" lon="25.567435"><ele>820.5</ele><time>2026-07-28T10:35:49Z</time></trkpt><trkpt lat="45.609867" lon="25.567493"><ele>821.2</ele><time>2026-07-28T10:35:56Z</time></trkpt><trkpt lat="45.609793" lon="25.567543"><ele>821.6</ele><time>2026-07-28T10:36:01Z</time></trkpt><trkpt lat="45.60973" lon="25.567593"><ele>822.2</ele><time>2026-07-28T10:36:07Z</time></trkpt><trkpt lat="45.609667" lon="25.567645"><ele>822.8</ele><time>2026-07-28T10:36:13Z</time></trkpt><trkpt lat="45.609602" lon="25.567692"><ele>823.2</ele><time>2026-07-28T10:36:17Z</time></trkpt><trkpt lat="45.60956" lon="25.567777"><ele>823.8</ele><time>2026-07-28T10:36:22Z</time></trkpt><trkpt lat="45.609493" lon="25.567833"><ele>824.4</ele><time>2026-07-28T10:36:28Z</time></trkpt><trkpt lat="45.609425" lon="25.567882"><ele>825.0</ele><time>2026-07-28T10:36:34Z</time></trkpt><trkpt lat="45.609372" lon="25.567958"><ele>825.6</ele><time>2026-07-28T10:36:39Z</time></trkpt><trkpt lat="45.609303" lon="25.567997"><ele>826.2</ele><time>2026-07-28T10:36:44Z</time></trkpt><trkpt lat="45.609242" lon="25.568058"><ele>827.1</ele><time>2026-07-28T10:36:50Z</time></trkpt><trkpt lat="45.609185" lon="25.568155"><ele>827.8</ele><time>2026-07-28T10:36:56Z</time></trkpt><trkpt lat="45.609155" lon="25.56825"><ele>828.5</ele><time>2026-07-28T10:37:01Z</time></trkpt><trkpt lat="45.6091" lon="25.568338"><ele>829.2</ele><time>2026-07-28T10:37:07Z</time></trkpt><trkpt lat="45.609047" lon="25.568428"><ele>829.9</ele><time>2026-07-28T10:37:13Z</time></trkpt><trkpt lat="45.608983" lon="25.568502"><ele>830.9</ele><time>2026-07-28T10:37:20Z</time></trkpt><trkpt lat="45.60895" lon="25.568622"><ele>831.6</ele><time>2026-07-28T10:37:26Z</time></trkpt><trkpt lat="45.608887" lon="25.56872"><ele>832.5</ele><time>2026-07-28T10:37:32Z</time></trkpt><trkpt lat="45.60887" lon="25.568825"><ele>833.2</ele><time>2026-07-28T10:37:57Z</time></trkpt><trkpt lat="45.60879" lon="25.568835"><ele>833.8</ele><time>2026-07-28T10:38:06Z</time></trkpt><trkpt lat="45.608747" lon="25.568935"><ele>834.4</ele><time>2026-07-28T10:38:11Z</time></trkpt><trkpt lat="45.608688" lon="25.569003"><ele>835.1</ele><time>2026-07-28T10:38:16Z</time></trkpt><trkpt lat="45.608635" lon="25.569073"><ele>835.7</ele><time>2026-07-28T10:38:22Z</time></trkpt><trkpt lat="45.608585" lon="25.569172"><ele>836.4</ele><time>2026-07-28T10:38:28Z</time></trkpt><trkpt lat="45.60851" lon="25.569228"><ele>837.1</ele><time>2026-07-28T10:38:33Z</time></trkpt><trkpt lat="45.608465" lon="25.569308"><ele>837.7</ele><time>2026-07-28T10:38:38Z</time></trkpt><trkpt lat="45.608417" lon="25.569392"><ele>838.4</ele><time>2026-07-28T10:38:43Z</time></trkpt><trkpt lat="45.608365" lon="25.56947"><ele>839.1</ele><time>2026-07-28T10:38:48Z</time></trkpt><trkpt lat="45.608307" lon="25.56954"><ele>839.6</ele><time>2026-07-28T10:38:53Z</time></trkpt><trkpt lat="45.60827" lon="25.569635"><ele>840.2</ele><time>2026-07-28T10:38:57Z</time></trkpt><trkpt lat="45.608212" lon="25.569702"><ele>840.9</ele><time>2026-07-28T10:39:02Z</time></trkpt><trkpt lat="45.608128" lon="25.569735"><ele>841.8</ele><time>2026-07-28T10:39:07Z</time></trkpt><trkpt lat="45.608053" lon="25.569797"><ele>842.7</ele><time>2026-07-28T10:39:13Z</time></trkpt><trkpt lat="45.607998" lon="25.569865"><ele>843.5</ele><time>2026-07-28T10:39:18Z</time></trkpt><trkpt lat="45.607945" lon="25.569938"><ele>844.2</ele><time>2026-07-28T10:39:23Z</time></trkpt><trkpt lat="45.60788" lon="25.570012"><ele>844.9</ele><time>2026-07-28T10:39:29Z</time></trkpt><trkpt lat="45.607828" lon="25.570097"><ele>845.7</ele><time>2026-07-28T10:39:35Z</time></trkpt><trkpt lat="45.607773" lon="25.570193"><ele>846.8</ele><time>2026-07-28T10:39:42Z</time></trkpt><trkpt lat="45.607747" lon="25.57029"><ele>847.4</ele><time>2026-07-28T10:39:47Z</time></trkpt><trkpt lat="45.607688" lon="25.570373"><ele>848.5</ele><time>2026-07-28T10:39:53Z</time></trkpt><trkpt lat="45.607633" lon="25.570457"><ele>849.6</ele><time>2026-07-28T10:39:59Z</time></trkpt><trkpt lat="45.607575" lon="25.570525"><ele>850.5</ele><time>2026-07-28T10:40:05Z</time></trkpt><trkpt lat="45.607535" lon="25.570618"><ele>851.7</ele><time>2026-07-28T10:40:12Z</time></trkpt><trkpt lat="45.607495" lon="25.570728"><ele>852.7</ele><time>2026-07-28T10:40:19Z</time></trkpt><trkpt lat="45.60748" lon="25.570853"><ele>853.1</ele><time>2026-07-28T10:40:23Z</time></trkpt><trkpt lat="45.607438" lon="25.570942"><ele>853.7</ele><time>2026-07-28T10:40:27Z</time></trkpt><trkpt lat="45.607397" lon="25.571047"><ele>854.5</ele><time>2026-07-28T10:40:33Z</time></trkpt><trkpt lat="45.607378" lon="25.571157"><ele>855.2</ele><time>2026-07-28T10:40:40Z</time></trkpt><trkpt lat="45.607328" lon="25.571245"><ele>856.0</ele><time>2026-07-28T10:40:46Z</time></trkpt><trkpt lat="45.607293" lon="25.571335"><ele>857.0</ele><time>2026-07-28T10:40:51Z</time></trkpt><trkpt lat="45.607262" lon="25.571442"><ele>858.0</ele><time>2026-07-28T10:40:58Z</time></trkpt><trkpt lat="45.607255" lon="25.571545"><ele>859.0</ele><time>2026-07-28T10:41:04Z</time></trkpt><trkpt lat="45.607245" lon="25.571663"><ele>859.9</ele><time>2026-07-28T10:41:09Z</time></trkpt><trkpt lat="45.60726" lon="25.571765"><ele>860.6</ele><time>2026-07-28T10:41:14Z</time></trkpt><trkpt lat="45.60727" lon="25.571878"><ele>861.3</ele><time>2026-07-28T10:41:19Z</time></trkpt><trkpt lat="45.607232" lon="25.57199"><ele>862.0</ele><time>2026-07-28T10:41:24Z</time></trkpt><trkpt lat="45.607225" lon="25.572095"><ele>863.3</ele><time>2026-07-28T10:41:33Z</time></trkpt><trkpt lat="45.607213" lon="25.572207"><ele>864.4</ele><time>2026-07-28T10:41:39Z</time></trkpt><trkpt lat="45.60723" lon="25.572325"><ele>865.4</ele><time>2026-07-28T10:41:44Z</time></trkpt><trkpt lat="45.607218" lon="25.572453"><ele>866.0</ele><time>2026-07-28T10:41:49Z</time></trkpt><trkpt lat="45.607195" lon="25.572552"><ele>866.5</ele><time>2026-07-28T10:41:53Z</time></trkpt><trkpt lat="45.607147" lon="25.572662"><ele>867.3</ele><time>2026-07-28T10:41:58Z</time></trkpt><trkpt lat="45.607113" lon="25.572753"><ele>868.0</ele><time>2026-07-28T10:42:03Z</time></trkpt><trkpt lat="45.607085" lon="25.572857"><ele>868.6</ele><time>2026-07-28T10:42:08Z</time></trkpt><trkpt lat="45.607077" lon="25.572968"><ele>869.4</ele><time>2026-07-28T10:42:13Z</time></trkpt><trkpt lat="45.607033" lon="25.573062"><ele>870.1</ele><time>2026-07-28T10:42:18Z</time></trkpt><trkpt lat="45.606985" lon="25.573158"><ele>870.9</ele><time>2026-07-28T10:42:24Z</time></trkpt><trkpt lat="45.606967" lon="25.573258"><ele>871.6</ele><time>2026-07-28T10:42:29Z</time></trkpt><trkpt lat="45.606947" lon="25.573378"><ele>872.3</ele><time>2026-07-28T10:42:34Z</time></trkpt><trkpt lat="45.606972" lon="25.573482"><ele>872.9</ele><time>2026-07-28T10:42:42Z</time></trkpt><trkpt lat="45.606998" lon="25.573578"><ele>873.0</ele><time>2026-07-28T10:44:53Z</time></trkpt><trkpt lat="45.60696" lon="25.57367"><ele>873.5</ele><time>2026-07-28T10:45:01Z</time></trkpt><trkpt lat="45.606898" lon="25.573745"><ele>874.0</ele><time>2026-07-28T10:45:07Z</time></trkpt><trkpt lat="45.60686" lon="25.573835"><ele>874.6</ele><time>2026-07-28T10:45:12Z</time></trkpt><trkpt lat="45.606818" lon="25.573923"><ele>875.2</ele><time>2026-07-28T10:45:17Z</time></trkpt><trkpt lat="45.606792" lon="25.574023"><ele>875.8</ele><time>2026-07-28T10:45:22Z</time></trkpt><trkpt lat="45.60678" lon="25.574125"><ele>876.6</ele><time>2026-07-28T10:45:27Z</time></trkpt><trkpt lat="45.606745" lon="25.574238"><ele>877.6</ele><time>2026-07-28T10:45:33Z</time></trkpt><trkpt lat="45.606727" lon="25.574345"><ele>878.4</ele><time>2026-07-28T10:45:39Z</time></trkpt><trkpt lat="45.606698" lon="25.574458"><ele>879.2</ele><time>2026-07-28T10:45:46Z</time></trkpt><trkpt lat="45.606648" lon="25.574543"><ele>879.8</ele><time>2026-07-28T10:45:52Z</time></trkpt><trkpt lat="45.606608" lon="25.574637"><ele>880.2</ele><time>2026-07-28T10:45:57Z</time></trkpt><trkpt lat="45.606547" lon="25.574713"><ele>880.8</ele><time>2026-07-28T10:46:03Z</time></trkpt><trkpt lat="45.606488" lon="25.574777"><ele>881.7</ele><time>2026-07-28T10:46:09Z</time></trkpt><trkpt lat="45.60644" lon="25.574877"><ele>882.6</ele><time>2026-07-28T10:46:16Z</time></trkpt><trkpt lat="45.606415" lon="25.574992"><ele>883.2</ele><time>2026-07-28T10:46:22Z</time></trkpt><trkpt lat="45.606388" lon="25.575098"><ele>884.0</ele><time>2026-07-28T10:46:27Z</time></trkpt><trkpt lat="45.606393" lon="25.575213"><ele>884.4</ele><time>2026-07-28T10:46:31Z</time></trkpt><trkpt lat="45.60641" lon="25.575318"><ele>885.2</ele><time>2026-07-28T10:46:36Z</time></trkpt><trkpt lat="45.606388" lon="25.57542"><ele>886.1</ele><time>2026-07-28T10:46:41Z</time></trkpt><trkpt lat="45.606362" lon="25.575515"><ele>886.9</ele><time>2026-07-28T10:46:47Z</time></trkpt><trkpt lat="45.60637" lon="25.575628"><ele>888.1</ele><time>2026-07-28T10:46:55Z</time></trkpt><trkpt lat="45.60642" lon="25.575712"><ele>889.0</ele><time>2026-07-28T10:47:00Z</time></trkpt><trkpt lat="45.60644" lon="25.575815"><ele>889.7</ele><time>2026-07-28T10:47:05Z</time></trkpt><trkpt lat="45.606447" lon="25.575925"><ele>890.9</ele><time>2026-07-28T10:47:10Z</time></trkpt><trkpt lat="45.606447" lon="25.57604"><ele>891.8</ele><time>2026-07-28T10:47:14Z</time></trkpt><trkpt lat="45.606457" lon="25.576157"><ele>892.7</ele><time>2026-07-28T10:47:19Z</time></trkpt><trkpt lat="45.606457" lon="25.57627"><ele>893.5</ele><time>2026-07-28T10:47:25Z</time></trkpt><trkpt lat="45.606468" lon="25.576385"><ele>894.6</ele><time>2026-07-28T10:47:33Z</time></trkpt><trkpt lat="45.60646" lon="25.57649"><ele>895.4</ele><time>2026-07-28T10:47:40Z</time></trkpt><trkpt lat="45.606512" lon="25.57656"><ele>896.0</ele><time>2026-07-28T10:47:48Z</time></trkpt><trkpt lat="45.606445" lon="25.576607"><ele>896.8</ele><time>2026-07-28T10:48:27Z</time></trkpt><trkpt lat="45.60643" lon="25.576717"><ele>897.4</ele><time>2026-07-28T10:48:32Z</time></trkpt><trkpt lat="45.606415" lon="25.576822"><ele>898.1</ele><time>2026-07-28T10:48:36Z</time></trkpt><trkpt lat="45.606368" lon="25.576905"><ele>899.6</ele><time>2026-07-28T10:48:46Z</time></trkpt><trkpt lat="45.606325" lon="25.576997"><ele>900.5</ele><time>2026-07-28T10:48:53Z</time></trkpt><trkpt lat="45.606268" lon="25.577083"><ele>901.6</ele><time>2026-07-28T10:49:00Z</time></trkpt><trkpt lat="45.606232" lon="25.57717"><ele>902.4</ele><time>2026-07-28T10:49:04Z</time></trkpt><trkpt lat="45.606173" lon="25.577252"><ele>903.0</ele><time>2026-07-28T10:49:08Z</time></trkpt><trkpt lat="45.606113" lon="25.577315"><ele>903.9</ele><time>2026-07-28T10:49:12Z</time></trkpt><trkpt lat="45.606042" lon="25.57738"><ele>905.2</ele><time>2026-07-28T10:49:17Z</time></trkpt><trkpt lat="45.605973" lon="25.577435"><ele>906.6</ele><time>2026-07-28T10:49:22Z</time></trkpt><trkpt lat="45.605918" lon="25.577512"><ele>907.3</ele><time>2026-07-28T10:49:26Z</time></trkpt><trkpt lat="45.605913" lon="25.577632"><ele>908.3</ele><time>2026-07-28T10:49:30Z</time></trkpt><trkpt lat="45.605925" lon="25.577755"><ele>909.5</ele><time>2026-07-28T10:49:36Z</time></trkpt><trkpt lat="45.605895" lon="25.57785"><ele>910.4</ele><time>2026-07-28T10:49:40Z</time></trkpt><trkpt lat="45.605865" lon="25.577948"><ele>911.0</ele><time>2026-07-28T10:49:44Z</time></trkpt><trkpt lat="45.605848" lon="25.578063"><ele>911.8</ele><time>2026-07-28T10:49:48Z</time></trkpt><trkpt lat="45.605832" lon="25.57818"><ele>912.8</ele><time>2026-07-28T10:49:53Z</time></trkpt><trkpt lat="45.605828" lon="25.578285"><ele>913.9</ele><time>2026-07-28T10:49:58Z</time></trkpt><trkpt lat="45.605853" lon="25.578395"><ele>914.5</ele><time>2026-07-28T10:50:02Z</time></trkpt><trkpt lat="45.60584" lon="25.578507"><ele>915.8</ele><time>2026-07-28T10:50:07Z</time></trkpt><trkpt lat="45.605812" lon="25.578622"><ele>917.1</ele><time>2026-07-28T10:50:12Z</time></trkpt><trkpt lat="45.605778" lon="25.578715"><ele>918.0</ele><time>2026-07-28T10:50:17Z</time></trkpt><trkpt lat="45.605787" lon="25.578823"><ele>918.9</ele><time>2026-07-28T10:50:20Z</time></trkpt><trkpt lat="45.605773" lon="25.578943"><ele>920.0</ele><time>2026-07-28T10:50:25Z</time></trkpt><trkpt lat="45.605742" lon="25.579043"><ele>920.8</ele><time>2026-07-28T10:50:29Z</time></trkpt><trkpt lat="45.60572" lon="25.579158"><ele>921.4</ele><time>2026-07-28T10:50:34Z</time></trkpt><trkpt lat="45.605698" lon="25.579275"><ele>922.3</ele><time>2026-07-28T10:50:38Z</time></trkpt><trkpt lat="45.605753" lon="25.57934"><ele>923.2</ele><time>2026-07-28T10:50:52Z</time></trkpt><trkpt lat="45.605762" lon="25.579443"><ele>924.0</ele><time>2026-07-28T10:58:09Z</time></trkpt><trkpt lat="45.605767" lon="25.579557"><ele>924.7</ele><time>2026-07-28T10:58:15Z</time></trkpt><trkpt lat="45.605735" lon="25.579672"><ele>926.0</ele><time>2026-07-28T10:58:21Z</time></trkpt><trkpt lat="45.605745" lon="25.579798"><ele>927.3</ele><time>2026-07-28T10:58:27Z</time></trkpt><trkpt lat="45.605747" lon="25.57992"><ele>928.6</ele><time>2026-07-28T10:58:32Z</time></trkpt><trkpt lat="45.605767" lon="25.58002"><ele>929.5</ele><time>2026-07-28T10:58:36Z</time></trkpt><trkpt lat="45.605768" lon="25.580137"><ele>930.6</ele><time>2026-07-28T10:58:41Z</time></trkpt><trkpt lat="45.605795" lon="25.580243"><ele>931.8</ele><time>2026-07-28T10:58:45Z</time></trkpt><trkpt lat="45.605828" lon="25.580362"><ele>932.8</ele><time>2026-07-28T10:58:50Z</time></trkpt><trkpt lat="45.60586" lon="25.580477"><ele>934.3</ele><time>2026-07-28T10:58:55Z</time></trkpt><trkpt lat="45.605918" lon="25.580555"><ele>935.6</ele><time>2026-07-28T10:59:00Z</time></trkpt><trkpt lat="45.605975" lon="25.58062"><ele>936.8</ele><time>2026-07-28T10:59:04Z</time></trkpt><trkpt lat="45.606045" lon="25.580673"><ele>938.7</ele><time>2026-07-28T10:59:09Z</time></trkpt><trkpt lat="45.606107" lon="25.580735"><ele>941.2</ele><time>2026-07-28T10:59:15Z</time></trkpt><trkpt lat="45.606167" lon="25.580797"><ele>943.1</ele><time>2026-07-28T10:59:21Z</time></trkpt><trkpt lat="45.606228" lon="25.580865"><ele>946.8</ele><time>2026-07-28T10:59:39Z</time></trkpt><trkpt lat="45.60626" lon="25.58096"><ele>949.4</ele><time>2026-07-28T10:59:51Z</time></trkpt><trkpt lat="45.60628" lon="25.581058"><ele>951.5</ele><time>2026-07-28T11:00:00Z</time></trkpt><trkpt lat="45.606283" lon="25.581165"><ele>953.1</ele><time>2026-07-28T11:00:16Z</time></trkpt><trkpt lat="45.6063" lon="25.58128"><ele>955.1</ele><time>2026-07-28T11:00:23Z</time></trkpt><trkpt lat="45.606318" lon="25.581397"><ele>956.3</ele><time>2026-07-28T11:00:28Z</time></trkpt><trkpt lat="45.606315" lon="25.581508"><ele>957.9</ele><time>2026-07-28T11:00:33Z</time></trkpt><trkpt lat="45.606328" lon="25.581617"><ele>960.1</ele><time>2026-07-28T11:00:39Z</time></trkpt><trkpt lat="45.606313" lon="25.58173"><ele>961.7</ele><time>2026-07-28T11:01:53Z</time></trkpt><trkpt lat="45.60624" lon="25.581787"><ele>963.5</ele><time>2026-07-28T11:02:01Z</time></trkpt><trkpt lat="45.60619" lon="25.58187"><ele>965.3</ele><time>2026-07-28T11:02:07Z</time></trkpt><trkpt lat="45.606173" lon="25.581975"><ele>966.5</ele><time>2026-07-28T11:02:13Z</time></trkpt><trkpt lat="45.606128" lon="25.58207"><ele>967.8</ele><time>2026-07-28T11:02:18Z</time></trkpt><trkpt lat="45.606082" lon="25.582152"><ele>969.2</ele><time>2026-07-28T11:02:23Z</time></trkpt><trkpt lat="45.606042" lon="25.582247"><ele>970.9</ele><time>2026-07-28T11:02:29Z</time></trkpt><trkpt lat="45.606037" lon="25.582362"><ele>972.4</ele><time>2026-07-28T11:02:35Z</time></trkpt><trkpt lat="45.606027" lon="25.582488"><ele>973.3</ele><time>2026-07-28T11:02:41Z</time></trkpt><trkpt lat="45.606055" lon="25.582598"><ele>974.4</ele><time>2026-07-28T11:02:45Z</time></trkpt><trkpt lat="45.606125" lon="25.582667"><ele>975.9</ele><time>2026-07-28T11:02:49Z</time></trkpt><trkpt lat="45.606213" lon="25.582722"><ele>977.9</ele><time>2026-07-28T11:02:54Z</time></trkpt><trkpt lat="45.606288" lon="25.582695"><ele>979.5</ele><time>2026-07-28T11:02:59Z</time></trkpt><trkpt lat="45.606362" lon="25.582633"><ele>980.6</ele><time>2026-07-28T11:03:05Z</time></trkpt><trkpt lat="45.606432" lon="25.58258"><ele>982.0</ele><time>2026-07-28T11:03:12Z</time></trkpt><trkpt lat="45.606488" lon="25.582502"><ele>982.7</ele><time>2026-07-28T11:03:17Z</time></trkpt><trkpt lat="45.606545" lon="25.582423"><ele>983.4</ele><time>2026-07-28T11:03:23Z</time></trkpt><trkpt lat="45.606602" lon="25.582342"><ele>984.6</ele><time>2026-07-28T11:03:31Z</time></trkpt><trkpt lat="45.60665" lon="25.582255"><ele>986.3</ele><time>2026-07-28T11:03:41Z</time></trkpt><trkpt lat="45.606697" lon="25.582163"><ele>987.3</ele><time>2026-07-28T11:03:46Z</time></trkpt><trkpt lat="45.60676" lon="25.582093"><ele>989.0</ele><time>2026-07-28T11:03:54Z</time></trkpt><trkpt lat="45.606823" lon="25.581995"><ele>990.4</ele><time>2026-07-28T11:04:01Z</time></trkpt><trkpt lat="45.60687" lon="25.581877"><ele>992.3</ele><time>2026-07-28T11:04:06Z</time></trkpt><trkpt lat="45.606925" lon="25.581785"><ele>994.2</ele><time>2026-07-28T11:04:12Z</time></trkpt><trkpt lat="45.606993" lon="25.581698"><ele>995.9</ele><time>2026-07-28T11:04:19Z</time></trkpt><trkpt lat="45.607023" lon="25.5816"><ele>996.4</ele><time>2026-07-28T11:04:38Z</time></trkpt><trkpt lat="45.607063" lon="25.581512"><ele>996.5</ele><time>2026-07-28T11:05:12Z</time></trkpt><trkpt lat="45.607018" lon="25.581427"><ele>996.4</ele><time>2026-07-28T11:09:29Z</time></trkpt><trkpt lat="45.607103" lon="25.581367"><ele>996.0</ele><time>2026-07-28T11:09:33Z</time></trkpt><trkpt lat="45.60719" lon="25.581315"><ele>995.7</ele><time>2026-07-28T11:09:36Z</time></trkpt><trkpt lat="45.607253" lon="25.581205"><ele>995.5</ele><time>2026-07-28T11:09:38Z</time></trkpt><trkpt lat="45.607333" lon="25.581202"><ele>995.3</ele><time>2026-07-28T11:09:40Z</time></trkpt><trkpt lat="45.607425" lon="25.581178"><ele>995.1</ele><time>2026-07-28T11:09:43Z</time></trkpt><trkpt lat="45.607515" lon="25.58112"><ele>994.9</ele><time>2026-07-28T11:09:46Z</time></trkpt><trkpt lat="45.607577" lon="25.581238"><ele>995.2</ele><time>2026-07-28T11:09:53Z</time></trkpt><trkpt lat="45.60766" lon="25.58116"><ele>995.7</ele><time>2026-07-28T11:09:56Z</time></trkpt><trkpt lat="45.607762" lon="25.581213"><ele>996.0</ele><time>2026-07-28T11:09:59Z</time></trkpt><trkpt lat="45.607853" lon="25.581202"><ele>996.3</ele><time>2026-07-28T11:10:03Z</time></trkpt><trkpt lat="45.607942" lon="25.581157"><ele>996.9</ele><time>2026-07-28T11:10:07Z</time></trkpt><trkpt lat="45.60802" lon="25.581108"><ele>997.3</ele><time>2026-07-28T11:10:11Z</time></trkpt><trkpt lat="45.608088" lon="25.581067"><ele>997.7</ele><time>2026-07-28T11:10:14Z</time></trkpt><trkpt lat="45.608168" lon="25.581053"><ele>998.3</ele><time>2026-07-28T11:10:17Z</time></trkpt><trkpt lat="45.608245" lon="25.581047"><ele>998.9</ele><time>2026-07-28T11:10:20Z</time></trkpt><trkpt lat="45.608315" lon="25.580965"><ele>999.0</ele><time>2026-07-28T11:10:23Z</time></trkpt><trkpt lat="45.608378" lon="25.580898"><ele>999.0</ele><time>2026-07-28T11:10:26Z</time></trkpt><trkpt lat="45.608423" lon="25.580815"><ele>998.7</ele><time>2026-07-28T11:10:40Z</time></trkpt><trkpt lat="45.608467" lon="25.58073"><ele>998.6</ele><time>2026-07-28T11:10:58Z</time></trkpt><trkpt lat="45.608515" lon="25.580627"><ele>998.5</ele><time>2026-07-28T11:11:00Z</time></trkpt><trkpt lat="45.60854" lon="25.580495"><ele>998.3</ele><time>2026-07-28T11:11:03Z</time></trkpt><trkpt lat="45.608587" lon="25.580395"><ele>997.9</ele><time>2026-07-28T11:11:05Z</time></trkpt><trkpt lat="45.608653" lon="25.580305"><ele>997.4</ele><time>2026-07-28T11:11:07Z</time></trkpt><trkpt lat="45.60873" lon="25.580202"><ele>996.9</ele><time>2026-07-28T11:11:09Z</time></trkpt><trkpt lat="45.608805" lon="25.580098"><ele>996.4</ele><time>2026-07-28T11:11:11Z</time></trkpt><trkpt lat="45.6089" lon="25.580022"><ele>996.2</ele><time>2026-07-28T11:11:13Z</time></trkpt><trkpt lat="45.608983" lon="25.579953"><ele>995.9</ele><time>2026-07-28T11:11:15Z</time></trkpt><trkpt lat="45.609045" lon="25.579895"><ele>995.8</ele><time>2026-07-28T11:11:17Z</time></trkpt><trkpt lat="45.609067" lon="25.579788"><ele>995.4</ele><time>2026-07-28T11:11:21Z</time></trkpt><trkpt lat="45.609083" lon="25.579675"><ele>994.5</ele><time>2026-07-28T11:11:26Z</time></trkpt><trkpt lat="45.609172" lon="25.579717"><ele>994.3</ele><time>2026-07-28T11:11:30Z</time></trkpt><trkpt lat="45.609268" lon="25.579733"><ele>995.2</ele><time>2026-07-28T11:11:40Z</time></trkpt><trkpt lat="45.609343" lon="25.579693"><ele>994.9</ele><time>2026-07-28T11:11:41Z</time></trkpt><trkpt lat="45.609465" lon="25.579662"><ele>994.3</ele><time>2026-07-28T11:11:43Z</time></trkpt><trkpt lat="45.60953" lon="25.579752"><ele>993.8</ele><time>2026-07-28T11:11:45Z</time></trkpt><trkpt lat="45.609617" lon="25.579823"><ele>993.7</ele><time>2026-07-28T11:11:47Z</time></trkpt><trkpt lat="45.609705" lon="25.579792"><ele>993.7</ele><time>2026-07-28T11:11:49Z</time></trkpt><trkpt lat="45.6098" lon="25.57981"><ele>993.8</ele><time>2026-07-28T11:11:52Z</time></trkpt><trkpt lat="45.609895" lon="25.579777"><ele>993.9</ele><time>2026-07-28T11:11:55Z</time></trkpt><trkpt lat="45.609963" lon="25.579745"><ele>994.0</ele><time>2026-07-28T11:11:57Z</time></trkpt><trkpt lat="45.610055" lon="25.579667"><ele>993.9</ele><time>2026-07-28T11:12:00Z</time></trkpt><trkpt lat="45.610135" lon="25.579668"><ele>993.7</ele><time>2026-07-28T11:12:02Z</time></trkpt><trkpt lat="45.610245" lon="25.579628"><ele>993.5</ele><time>2026-07-28T11:12:05Z</time></trkpt><trkpt lat="45.610315" lon="25.579567"><ele>993.4</ele><time>2026-07-28T11:12:08Z</time></trkpt><trkpt lat="45.610392" lon="25.579527"><ele>993.3</ele><time>2026-07-28T11:12:12Z</time></trkpt><trkpt lat="45.610488" lon="25.579422"><ele>991.7</ele><time>2026-07-28T11:12:16Z</time></trkpt><trkpt lat="45.610557" lon="25.579373"><ele>990.8</ele><time>2026-07-28T11:12:18Z</time></trkpt><trkpt lat="45.610638" lon="25.579403"><ele>990.2</ele><time>2026-07-28T11:12:21Z</time></trkpt><trkpt lat="45.610712" lon="25.579462"><ele>989.9</ele><time>2026-07-28T11:12:24Z</time></trkpt><trkpt lat="45.610782" lon="25.579387"><ele>990.5</ele><time>2026-07-28T11:12:35Z</time></trkpt><trkpt lat="45.610855" lon="25.57939"><ele>990.8</ele><time>2026-07-28T11:12:43Z</time></trkpt><trkpt lat="45.610953" lon="25.579367"><ele>990.7</ele><time>2026-07-28T11:13:00Z</time></trkpt><trkpt lat="45.611023" lon="25.579305"><ele>990.3</ele><time>2026-07-28T11:15:14Z</time></trkpt><trkpt lat="45.61108" lon="25.57942"><ele>989.6</ele><time>2026-07-28T11:15:31Z</time></trkpt><trkpt lat="45.611128" lon="25.579498"><ele>989.2</ele><time>2026-07-28T11:15:33Z</time></trkpt><trkpt lat="45.61119" lon="25.579588"><ele>989.0</ele><time>2026-07-28T11:15:35Z</time></trkpt><trkpt lat="45.611282" lon="25.579652"><ele>988.5</ele><time>2026-07-28T11:15:37Z</time></trkpt><trkpt lat="45.611372" lon="25.579595"><ele>988.1</ele><time>2026-07-28T11:15:40Z</time></trkpt><trkpt lat="45.611452" lon="25.579557"><ele>988.0</ele><time>2026-07-28T11:15:42Z</time></trkpt><trkpt lat="45.611557" lon="25.579612"><ele>987.8</ele><time>2026-07-28T11:15:44Z</time></trkpt><trkpt lat="45.61164" lon="25.579672"><ele>987.7</ele><time>2026-07-28T11:15:47Z</time></trkpt><trkpt lat="45.611682" lon="25.579783"><ele>988.4</ele><time>2026-07-28T11:15:52Z</time></trkpt><trkpt lat="45.61172" lon="25.579905"><ele>988.7</ele><time>2026-07-28T11:15:57Z</time></trkpt><trkpt lat="45.6118" lon="25.57995"><ele>988.8</ele><time>2026-07-28T11:15:59Z</time></trkpt><trkpt lat="45.61186" lon="25.580013"><ele>988.8</ele><time>2026-07-28T11:16:01Z</time></trkpt><trkpt lat="45.61194" lon="25.580033"><ele>988.9</ele><time>2026-07-28T11:16:03Z</time></trkpt><trkpt lat="45.61201" lon="25.579992"><ele>989.1</ele><time>2026-07-28T11:16:06Z</time></trkpt><trkpt lat="45.612085" lon="25.580005"><ele>989.2</ele><time>2026-07-28T11:16:08Z</time></trkpt><trkpt lat="45.612165" lon="25.58005"><ele>989.4</ele><time>2026-07-28T11:16:11Z</time></trkpt><trkpt lat="45.612252" lon="25.580082"><ele>989.7</ele><time>2026-07-28T11:16:14Z</time></trkpt><trkpt lat="45.612333" lon="25.580017"><ele>990.0</ele><time>2026-07-28T11:16:17Z</time></trkpt><trkpt lat="45.612442" lon="25.579945"><ele>990.6</ele><time>2026-07-28T11:16:21Z</time></trkpt><trkpt lat="45.61251" lon="25.579818"><ele>990.8</ele><time>2026-07-28T11:16:25Z</time></trkpt><trkpt lat="45.612582" lon="25.57976"><ele>991.0</ele><time>2026-07-28T11:16:27Z</time></trkpt><trkpt lat="45.61263" lon="25.579665"><ele>991.4</ele><time>2026-07-28T11:16:32Z</time></trkpt><trkpt lat="45.612695" lon="25.579607"><ele>991.9</ele><time>2026-07-28T11:16:36Z</time></trkpt><trkpt lat="45.612733" lon="25.579518"><ele>992.7</ele><time>2026-07-28T11:16:41Z</time></trkpt><trkpt lat="45.612775" lon="25.57943"><ele>993.2</ele><time>2026-07-28T11:16:44Z</time></trkpt><trkpt lat="45.612857" lon="25.579398"><ele>993.7</ele><time>2026-07-28T11:16:48Z</time></trkpt><trkpt lat="45.612933" lon="25.579342"><ele>994.5</ele><time>2026-07-28T11:16:52Z</time></trkpt><trkpt lat="45.612995" lon="25.57926"><ele>997.2</ele><time>2026-07-28T11:16:57Z</time></trkpt><trkpt lat="45.613065" lon="25.579203"><ele>998.6</ele><time>2026-07-28T11:17:02Z</time></trkpt><trkpt lat="45.613137" lon="25.579138"><ele>999.2</ele><time>2026-07-28T11:17:07Z</time></trkpt><trkpt lat="45.61322" lon="25.579047"><ele>999.9</ele><time>2026-07-28T11:17:11Z</time></trkpt><trkpt lat="45.613305" lon="25.579032"><ele>1000.9</ele><time>2026-07-28T11:17:15Z</time></trkpt><trkpt lat="45.613378" lon="25.579043"><ele>1002.3</ele><time>2026-07-28T11:17:21Z</time></trkpt><trkpt lat="45.613447" lon="25.578978"><ele>1003.0</ele><time>2026-07-28T11:17:36Z</time></trkpt><trkpt lat="45.613522" lon="25.578992"><ele>1024.5</ele><time>2026-07-28T11:22:20Z</time></trkpt><trkpt lat="45.61361" lon="25.579025"><ele>1025.3</ele><time>2026-07-28T11:22:26Z</time></trkpt><trkpt lat="45.613683" lon="25.57905"><ele>1026.0</ele><time>2026-07-28T11:22:30Z</time></trkpt><trkpt lat="45.61376" lon="25.579077"><ele>1026.7</ele><time>2026-07-28T11:22:35Z</time></trkpt><trkpt lat="45.613833" lon="25.579123"><ele>1027.6</ele><time>2026-07-28T11:22:40Z</time></trkpt><trkpt lat="45.61391" lon="25.57919"><ele>1028.4</ele><time>2026-07-28T11:22:45Z</time></trkpt><trkpt lat="45.613982" lon="25.579253"><ele>1029.0</ele><time>2026-07-28T11:22:50Z</time></trkpt><trkpt lat="45.61406" lon="25.579285"><ele>1029.3</ele><time>2026-07-28T11:22:55Z</time></trkpt><trkpt lat="45.614137" lon="25.579358"><ele>1029.7</ele><time>2026-07-28T11:22:59Z</time></trkpt><trkpt lat="45.614205" lon="25.579412"><ele>1030.1</ele><time>2026-07-28T11:23:03Z</time></trkpt><trkpt lat="45.614288" lon="25.579463"><ele>1030.7</ele><time>2026-07-28T11:23:08Z</time></trkpt><trkpt lat="45.61438" lon="25.579482"><ele>1030.9</ele><time>2026-07-28T11:23:13Z</time></trkpt><trkpt lat="45.61445" lon="25.579535"><ele>1030.8</ele><time>2026-07-28T11:23:16Z</time></trkpt><trkpt lat="45.614527" lon="25.579593"><ele>1030.5</ele><time>2026-07-28T11:23:19Z</time></trkpt><trkpt lat="45.614598" lon="25.579615"><ele>1030.3</ele><time>2026-07-28T11:23:21Z</time></trkpt><trkpt lat="45.61468" lon="25.579657"><ele>1030.1</ele><time>2026-07-28T11:23:23Z</time></trkpt><trkpt lat="45.614777" lon="25.579695"><ele>1029.9</ele><time>2026-07-28T11:23:26Z</time></trkpt><trkpt lat="45.614847" lon="25.579718"><ele>1029.8</ele><time>2026-07-28T11:23:28Z</time></trkpt><trkpt lat="45.614935" lon="25.579723"><ele>1029.7</ele><time>2026-07-28T11:23:31Z</time></trkpt><trkpt lat="45.615032" lon="25.579703"><ele>1029.5</ele><time>2026-07-28T11:23:34Z</time></trkpt><trkpt lat="45.61511" lon="25.579707"><ele>1029.2</ele><time>2026-07-28T11:23:36Z</time></trkpt><trkpt lat="45.615182" lon="25.57969"><ele>1028.9</ele><time>2026-07-28T11:23:38Z</time></trkpt><trkpt lat="45.615273" lon="25.579688"><ele>1028.6</ele><time>2026-07-28T11:23:40Z</time></trkpt><trkpt lat="45.615363" lon="25.579707"><ele>1028.3</ele><time>2026-07-28T11:23:42Z</time></trkpt><trkpt lat="45.615447" lon="25.579743"><ele>1028.1</ele><time>2026-07-28T11:23:44Z</time></trkpt><trkpt lat="45.615525" lon="25.579782"><ele>1027.7</ele><time>2026-07-28T11:23:46Z</time></trkpt><trkpt lat="45.615622" lon="25.5798"><ele>1027.3</ele><time>2026-07-28T11:23:48Z</time></trkpt><trkpt lat="45.615707" lon="25.579812"><ele>1026.9</ele><time>2026-07-28T11:23:50Z</time></trkpt><trkpt lat="45.615778" lon="25.579847"><ele>1026.2</ele><time>2026-07-28T11:23:54Z</time></trkpt><trkpt lat="45.61571" lon="25.579793"><ele>1026.1</ele><time>2026-07-28T11:27:10Z</time></trkpt><trkpt lat="45.615773" lon="25.579858"><ele>1026.1</ele><time>2026-07-28T11:27:40Z</time></trkpt><trkpt lat="45.615735" lon="25.579763"><ele>1027.2</ele><time>2026-07-28T11:32:14Z</time></trkpt><trkpt lat="45.615715" lon="25.579862"><ele>1027.7</ele><time>2026-07-28T11:32:36Z</time></trkpt><trkpt lat="45.615792" lon="25.579893"><ele>1027.0</ele><time>2026-07-28T11:33:22Z</time></trkpt><trkpt lat="45.61587" lon="25.579943"><ele>1027.0</ele><time>2026-07-28T11:33:25Z</time></trkpt><trkpt lat="45.615927" lon="25.580017"><ele>1026.9</ele><time>2026-07-28T11:33:27Z</time></trkpt><trkpt lat="45.615982" lon="25.580083"><ele>1026.6</ele><time>2026-07-28T11:33:29Z</time></trkpt><trkpt lat="45.616058" lon="25.58015"><ele>1026.3</ele><time>2026-07-28T11:33:31Z</time></trkpt><trkpt lat="45.616132" lon="25.580248"><ele>1026.0</ele><time>2026-07-28T11:33:33Z</time></trkpt><trkpt lat="45.616205" lon="25.580313"><ele>1025.7</ele><time>2026-07-28T11:33:35Z</time></trkpt><trkpt lat="45.61627" lon="25.58041"><ele>1025.3</ele><time>2026-07-28T11:33:38Z</time></trkpt><trkpt lat="45.616327" lon="25.580505"><ele>1024.6</ele><time>2026-07-28T11:33:41Z</time></trkpt><trkpt lat="45.616375" lon="25.580582"><ele>1023.7</ele><time>2026-07-28T11:33:46Z</time></trkpt><trkpt lat="45.616383" lon="25.5807"><ele>1022.9</ele><time>2026-07-28T11:33:51Z</time></trkpt><trkpt lat="45.616432" lon="25.580825"><ele>1022.5</ele><time>2026-07-28T11:33:54Z</time></trkpt><trkpt lat="45.616507" lon="25.580917"><ele>1022.0</ele><time>2026-07-28T11:33:57Z</time></trkpt><trkpt lat="45.616615" lon="25.58097"><ele>1021.0</ele><time>2026-07-28T11:34:00Z</time></trkpt><trkpt lat="45.616723" lon="25.580995"><ele>1020.1</ele><time>2026-07-28T11:34:02Z</time></trkpt><trkpt lat="45.616817" lon="25.580948"><ele>1019.0</ele><time>2026-07-28T11:34:04Z</time></trkpt><trkpt lat="45.616875" lon="25.581015"><ele>1017.5</ele><time>2026-07-28T11:34:07Z</time></trkpt><trkpt lat="45.616957" lon="25.580962"><ele>1016.3</ele><time>2026-07-28T11:34:35Z</time></trkpt><trkpt lat="45.61703" lon="25.580998"><ele>1016.4</ele><time>2026-07-28T11:34:41Z</time></trkpt><trkpt lat="45.617098" lon="25.581065"><ele>1016.3</ele><time>2026-07-28T11:34:44Z</time></trkpt><trkpt lat="45.617173" lon="25.581103"><ele>1016.2</ele><time>2026-07-28T11:34:47Z</time></trkpt><trkpt lat="45.617257" lon="25.58119"><ele>1015.9</ele><time>2026-07-28T11:34:50Z</time></trkpt><trkpt lat="45.617303" lon="25.581268"><ele>1015.6</ele><time>2026-07-28T11:34:52Z</time></trkpt><trkpt lat="45.617355" lon="25.581388"><ele>1015.3</ele><time>2026-07-28T11:34:54Z</time></trkpt><trkpt lat="45.617405" lon="25.581503"><ele>1014.8</ele><time>2026-07-28T11:34:57Z</time></trkpt><trkpt lat="45.61747" lon="25.581595"><ele>1014.3</ele><time>2026-07-28T11:35:00Z</time></trkpt><trkpt lat="45.617513" lon="25.581688"><ele>1013.8</ele><time>2026-07-28T11:35:03Z</time></trkpt><trkpt lat="45.617552" lon="25.581803"><ele>1012.9</ele><time>2026-07-28T11:35:06Z</time></trkpt><trkpt lat="45.617602" lon="25.581913"><ele>1012.0</ele><time>2026-07-28T11:35:09Z</time></trkpt><trkpt lat="45.617665" lon="25.58202"><ele>1011.4</ele><time>2026-07-28T11:35:13Z</time></trkpt><trkpt lat="45.617732" lon="25.582073"><ele>1011.3</ele><time>2026-07-28T11:35:15Z</time></trkpt><trkpt lat="45.617767" lon="25.582193"><ele>1011.0</ele><time>2026-07-28T11:35:18Z</time></trkpt><trkpt lat="45.617788" lon="25.582312"><ele>1010.6</ele><time>2026-07-28T11:35:22Z</time></trkpt><trkpt lat="45.61783" lon="25.58244"><ele>1010.4</ele><time>2026-07-28T11:35:26Z</time></trkpt><trkpt lat="45.617847" lon="25.582555"><ele>1010.6</ele><time>2026-07-28T11:35:30Z</time></trkpt><trkpt lat="45.617837" lon="25.582667"><ele>1010.8</ele><time>2026-07-28T11:35:36Z</time></trkpt><trkpt lat="45.61784" lon="25.582775"><ele>1010.4</ele><time>2026-07-28T11:35:44Z</time></trkpt><trkpt lat="45.617855" lon="25.582878"><ele>1009.2</ele><time>2026-07-28T11:35:50Z</time></trkpt><trkpt lat="45.617887" lon="25.582975"><ele>1007.7</ele><time>2026-07-28T11:35:57Z</time></trkpt><trkpt lat="45.617933" lon="25.583072"><ele>1006.4</ele><time>2026-07-28T11:36:02Z</time></trkpt><trkpt lat="45.617993" lon="25.58314"><ele>1005.3</ele><time>2026-07-28T11:36:08Z</time></trkpt><trkpt lat="45.61807" lon="25.583208"><ele>1005.1</ele><time>2026-07-28T11:36:11Z</time></trkpt><trkpt lat="45.618143" lon="25.583227"><ele>1004.9</ele><time>2026-07-28T11:36:14Z</time></trkpt><trkpt lat="45.618217" lon="25.583227"><ele>1016.7</ele><time>2026-07-28T11:36:30Z</time></trkpt><trkpt lat="45.618285" lon="25.583283"><ele>1016.4</ele><time>2026-07-28T11:36:35Z</time></trkpt><trkpt lat="45.618358" lon="25.583383"><ele>1015.6</ele><time>2026-07-28T11:36:40Z</time></trkpt><trkpt lat="45.61841" lon="25.583492"><ele>1015.2</ele><time>2026-07-28T11:36:44Z</time></trkpt><trkpt lat="45.618462" lon="25.583592"><ele>1015.1</ele><time>2026-07-28T11:36:47Z</time></trkpt><trkpt lat="45.618533" lon="25.583645"><ele>1015.1</ele><time>2026-07-28T11:36:50Z</time></trkpt><trkpt lat="45.618638" lon="25.583702"><ele>1015.1</ele><time>2026-07-28T11:36:54Z</time></trkpt><trkpt lat="45.618717" lon="25.58379"><ele>1015.0</ele><time>2026-07-28T11:36:56Z</time></trkpt><trkpt lat="45.618797" lon="25.583815"><ele>1014.3</ele><time>2026-07-28T11:37:00Z</time></trkpt><trkpt lat="45.618873" lon="25.583858"><ele>1011.6</ele><time>2026-07-28T11:37:08Z</time></trkpt><trkpt lat="45.618943" lon="25.583918"><ele>1009.3</ele><time>2026-07-28T11:37:14Z</time></trkpt><trkpt lat="45.619008" lon="25.583973"><ele>1006.6</ele><time>2026-07-28T11:37:31Z</time></trkpt><trkpt lat="45.619017" lon="25.584077"><ele>1004.6</ele><time>2026-07-28T11:37:37Z</time></trkpt><trkpt lat="45.619083" lon="25.584128"><ele>1002.1</ele><time>2026-07-28T11:37:43Z</time></trkpt><trkpt lat="45.61915" lon="25.584182"><ele>999.4</ele><time>2026-07-28T11:37:49Z</time></trkpt><trkpt lat="45.619233" lon="25.58419"><ele>997.1</ele><time>2026-07-28T11:37:54Z</time></trkpt><trkpt lat="45.619317" lon="25.584258"><ele>994.8</ele><time>2026-07-28T11:37:58Z</time></trkpt><trkpt lat="45.619365" lon="25.584345"><ele>992.3</ele><time>2026-07-28T11:38:03Z</time></trkpt><trkpt lat="45.619447" lon="25.584408"><ele>989.3</ele><time>2026-07-28T11:38:09Z</time></trkpt><trkpt lat="45.619522" lon="25.584435"><ele>987.3</ele><time>2026-07-28T11:38:13Z</time></trkpt><trkpt lat="45.619608" lon="25.584498"><ele>986.2</ele><time>2026-07-28T11:38:17Z</time></trkpt><trkpt lat="45.619702" lon="25.584552"><ele>985.4</ele><time>2026-07-28T11:38:20Z</time></trkpt><trkpt lat="45.619777" lon="25.584585"><ele>985.0</ele><time>2026-07-28T11:38:22Z</time></trkpt><trkpt lat="45.61986" lon="25.58464"><ele>984.4</ele><time>2026-07-28T11:38:25Z</time></trkpt><trkpt lat="45.61993" lon="25.584735"><ele>984.0</ele><time>2026-07-28T11:38:28Z</time></trkpt><trkpt lat="45.619995" lon="25.584793"><ele>983.9</ele><time>2026-07-28T11:38:31Z</time></trkpt><trkpt lat="45.620077" lon="25.584842"><ele>984.2</ele><time>2026-07-28T11:38:34Z</time></trkpt><trkpt lat="45.62015" lon="25.584902"><ele>984.8</ele><time>2026-07-28T11:38:37Z</time></trkpt><trkpt lat="45.620223" lon="25.584933"><ele>985.5</ele><time>2026-07-28T11:38:42Z</time></trkpt><trkpt lat="45.620302" lon="25.584927"><ele>985.8</ele><time>2026-07-28T11:39:02Z</time></trkpt><trkpt lat="45.620375" lon="25.584935"><ele>985.5</ele><time>2026-07-28T11:39:52Z</time></trkpt><trkpt lat="45.620383" lon="25.58504"><ele>984.4</ele><time>2026-07-28T11:40:02Z</time></trkpt><trkpt lat="45.620405" lon="25.585158"><ele>982.6</ele><time>2026-07-28T11:40:07Z</time></trkpt><trkpt lat="45.620472" lon="25.585277"><ele>981.5</ele><time>2026-07-28T11:40:11Z</time></trkpt><trkpt lat="45.620507" lon="25.58538"><ele>980.9</ele><time>2026-07-28T11:40:14Z</time></trkpt><trkpt lat="45.620557" lon="25.58551"><ele>980.3</ele><time>2026-07-28T11:40:17Z</time></trkpt><trkpt lat="45.620622" lon="25.585558"><ele>979.9</ele><time>2026-07-28T11:40:20Z</time></trkpt><trkpt lat="45.62066" lon="25.585653"><ele>978.9</ele><time>2026-07-28T11:40:24Z</time></trkpt><trkpt lat="45.620735" lon="25.585707"><ele>978.2</ele><time>2026-07-28T11:40:27Z</time></trkpt><trkpt lat="45.620798" lon="25.585757"><ele>977.3</ele><time>2026-07-28T11:40:30Z</time></trkpt><trkpt lat="45.620887" lon="25.585802"><ele>976.2</ele><time>2026-07-28T11:40:34Z</time></trkpt><trkpt lat="45.620958" lon="25.585857"><ele>975.6</ele><time>2026-07-28T11:40:37Z</time></trkpt><trkpt lat="45.621035" lon="25.585922"><ele>974.0</ele><time>2026-07-28T11:40:41Z</time></trkpt><trkpt lat="45.621115" lon="25.585972"><ele>971.7</ele><time>2026-07-28T11:40:46Z</time></trkpt><trkpt lat="45.621198" lon="25.585987"><ele>969.9</ele><time>2026-07-28T11:40:51Z</time></trkpt><trkpt lat="45.621285" lon="25.58607"><ele>968.0</ele><time>2026-07-28T11:40:55Z</time></trkpt><trkpt lat="45.621338" lon="25.586158"><ele>964.9</ele><time>2026-07-28T11:41:00Z</time></trkpt><trkpt lat="45.621388" lon="25.586237"><ele>963.6</ele><time>2026-07-28T11:41:03Z</time></trkpt><trkpt lat="45.621452" lon="25.58629"><ele>962.7</ele><time>2026-07-28T11:41:05Z</time></trkpt><trkpt lat="45.62156" lon="25.586353"><ele>961.2</ele><time>2026-07-28T11:41:08Z</time></trkpt><trkpt lat="45.621625" lon="25.586408"><ele>960.8</ele><time>2026-07-28T11:41:10Z</time></trkpt><trkpt lat="45.621733" lon="25.586513"><ele>959.9</ele><time>2026-07-28T11:41:12Z</time></trkpt><trkpt lat="45.621793" lon="25.586572"><ele>959.5</ele><time>2026-07-28T11:41:13Z</time></trkpt><trkpt lat="45.62191" lon="25.586612"><ele>958.6</ele><time>2026-07-28T11:41:15Z</time></trkpt><trkpt lat="45.62203" lon="25.586698"><ele>958.0</ele><time>2026-07-28T11:41:17Z</time></trkpt><trkpt lat="45.622155" lon="25.586752"><ele>957.5</ele><time>2026-07-28T11:41:19Z</time></trkpt><trkpt lat="45.622242" lon="25.586832"><ele>957.2</ele><time>2026-07-28T11:41:21Z</time></trkpt><trkpt lat="45.622347" lon="25.586915"><ele>956.8</ele><time>2026-07-28T11:41:23Z</time></trkpt><trkpt lat="45.622423" lon="25.587008"><ele>956.0</ele><time>2026-07-28T11:41:25Z</time></trkpt><trkpt lat="45.622517" lon="25.587095"><ele>954.8</ele><time>2026-07-28T11:41:27Z</time></trkpt><trkpt lat="45.622598" lon="25.587137"><ele>954.8</ele><time>2026-07-28T11:41:28Z</time></trkpt><trkpt lat="45.622675" lon="25.587182"><ele>953.9</ele><time>2026-07-28T11:41:29Z</time></trkpt><trkpt lat="45.622763" lon="25.587217"><ele>953.1</ele><time>2026-07-28T11:41:30Z</time></trkpt><trkpt lat="45.622827" lon="25.58728"><ele>952.5</ele><time>2026-07-28T11:41:31Z</time></trkpt><trkpt lat="45.622892" lon="25.587327"><ele>951.8</ele><time>2026-07-28T11:41:32Z</time></trkpt><trkpt lat="45.622968" lon="25.587365"><ele>951.3</ele><time>2026-07-28T11:41:33Z</time></trkpt><trkpt lat="45.623072" lon="25.587385"><ele>950.5</ele><time>2026-07-28T11:41:35Z</time></trkpt><trkpt lat="45.623157" lon="25.587485"><ele>949.5</ele><time>2026-07-28T11:41:37Z</time></trkpt><trkpt lat="45.623213" lon="25.58756"><ele>948.8</ele><time>2026-07-28T11:41:38Z</time></trkpt><trkpt lat="45.623338" lon="25.587623"><ele>947.6</ele><time>2026-07-28T11:41:40Z</time></trkpt><trkpt lat="45.623452" lon="25.587682"><ele>946.7</ele><time>2026-07-28T11:41:42Z</time></trkpt><trkpt lat="45.623557" lon="25.58778"><ele>945.9</ele><time>2026-07-28T11:41:44Z</time></trkpt><trkpt lat="45.62365" lon="25.587848"><ele>945.5</ele><time>2026-07-28T11:41:46Z</time></trkpt><trkpt lat="45.623755" lon="25.58794"><ele>944.9</ele><time>2026-07-28T11:41:48Z</time></trkpt><trkpt lat="45.623852" lon="25.58801"><ele>944.5</ele><time>2026-07-28T11:41:50Z</time></trkpt><trkpt lat="45.623938" lon="25.588085"><ele>944.1</ele><time>2026-07-28T11:41:52Z</time></trkpt><trkpt lat="45.62403" lon="25.588142"><ele>944.2</ele><time>2026-07-28T11:41:55Z</time></trkpt><trkpt lat="45.624093" lon="25.5882"><ele>944.6</ele><time>2026-07-28T11:41:57Z</time></trkpt><trkpt lat="45.624193" lon="25.588267"><ele>945.4</ele><time>2026-07-28T11:42:00Z</time></trkpt><trkpt lat="45.62428" lon="25.588305"><ele>945.9</ele><time>2026-07-28T11:42:02Z</time></trkpt><trkpt lat="45.624348" lon="25.588352"><ele>946.3</ele><time>2026-07-28T11:42:04Z</time></trkpt><trkpt lat="45.624438" lon="25.588385"><ele>946.9</ele><time>2026-07-28T11:42:06Z</time></trkpt><trkpt lat="45.624532" lon="25.588415"><ele>947.6</ele><time>2026-07-28T11:42:08Z</time></trkpt><trkpt lat="45.62461" lon="25.588435"><ele>948.5</ele><time>2026-07-28T11:42:11Z</time></trkpt><trkpt lat="45.62469" lon="25.588452"><ele>949.4</ele><time>2026-07-28T11:42:14Z</time></trkpt><trkpt lat="45.62477" lon="25.588452"><ele>950.1</ele><time>2026-07-28T11:42:25Z</time></trkpt><trkpt lat="45.624842" lon="25.588457"><ele>949.3</ele><time>2026-07-28T11:44:15Z</time></trkpt><trkpt lat="45.624908" lon="25.588395"><ele>949.9</ele><time>2026-07-28T11:45:54Z</time></trkpt><trkpt lat="45.625007" lon="25.588398"><ele>949.7</ele><time>2026-07-28T11:45:57Z</time></trkpt><trkpt lat="45.625102" lon="25.588405"><ele>949.5</ele><time>2026-07-28T11:46:00Z</time></trkpt><trkpt lat="45.625177" lon="25.588417"><ele>949.6</ele><time>2026-07-28T11:46:02Z</time></trkpt><trkpt lat="45.62525" lon="25.588397"><ele>949.8</ele><time>2026-07-28T11:46:05Z</time></trkpt><trkpt lat="45.625333" lon="25.588405"><ele>950.0</ele><time>2026-07-28T11:46:09Z</time></trkpt><trkpt lat="45.625417" lon="25.588387"><ele>950.5</ele><time>2026-07-28T11:46:16Z</time></trkpt><trkpt lat="45.62552" lon="25.588367"><ele>950.4</ele><time>2026-07-28T11:46:20Z</time></trkpt><trkpt lat="45.625593" lon="25.588357"><ele>949.5</ele><time>2026-07-28T11:46:23Z</time></trkpt><trkpt lat="45.625687" lon="25.588332"><ele>948.3</ele><time>2026-07-28T11:46:26Z</time></trkpt><trkpt lat="45.625773" lon="25.588288"><ele>946.7</ele><time>2026-07-28T11:46:28Z</time></trkpt><trkpt lat="45.625868" lon="25.588203"><ele>944.8</ele><time>2026-07-28T11:46:30Z</time></trkpt><trkpt lat="45.625968" lon="25.588145"><ele>942.5</ele><time>2026-07-28T11:46:32Z</time></trkpt><trkpt lat="45.626073" lon="25.588102"><ele>939.5</ele><time>2026-07-28T11:46:34Z</time></trkpt><trkpt lat="45.626165" lon="25.588045"><ele>936.5</ele><time>2026-07-28T11:46:36Z</time></trkpt><trkpt lat="45.626242" lon="25.587997"><ele>933.1</ele><time>2026-07-28T11:46:39Z</time></trkpt><trkpt lat="45.626325" lon="25.587978"><ele>931.1</ele><time>2026-07-28T11:46:43Z</time></trkpt><trkpt lat="45.626427" lon="25.588012"><ele>929.2</ele><time>2026-07-28T11:46:46Z</time></trkpt><trkpt lat="45.62653" lon="25.588058"><ele>926.8</ele><time>2026-07-28T11:46:49Z</time></trkpt><trkpt lat="45.62657" lon="25.588182"><ele>925.2</ele><time>2026-07-28T11:46:51Z</time></trkpt><trkpt lat="45.626617" lon="25.588355"><ele>923.4</ele><time>2026-07-28T11:46:53Z</time></trkpt><trkpt lat="45.62663" lon="25.588463"><ele>921.3</ele><time>2026-07-28T11:46:55Z</time></trkpt><trkpt lat="45.626642" lon="25.588603"><ele>917.3</ele><time>2026-07-28T11:46:59Z</time></trkpt><trkpt lat="45.626625" lon="25.588738"><ele>915.2</ele><time>2026-07-28T11:47:03Z</time></trkpt><trkpt lat="45.626612" lon="25.588865"><ele>911.9</ele><time>2026-07-28T11:47:07Z</time></trkpt><trkpt lat="45.62663" lon="25.589032"><ele>909.2</ele><time>2026-07-28T11:47:10Z</time></trkpt><trkpt lat="45.626633" lon="25.589148"><ele>906.4</ele><time>2026-07-28T11:47:13Z</time></trkpt><trkpt lat="45.626658" lon="25.58925"><ele>904.6</ele><time>2026-07-28T11:47:15Z</time></trkpt><trkpt lat="45.626655" lon="25.589363"><ele>902.8</ele><time>2026-07-28T11:47:18Z</time></trkpt><trkpt lat="45.626685" lon="25.589478"><ele>898.5</ele><time>2026-07-28T11:47:23Z</time></trkpt><trkpt lat="45.626727" lon="25.589592"><ele>897.1</ele><time>2026-07-28T11:47:26Z</time></trkpt><trkpt lat="45.626847" lon="25.58983"><ele>896.1</ele><time>2026-07-28T11:47:28Z</time></trkpt><trkpt lat="45.626922" lon="25.589917"><ele>894.8</ele><time>2026-07-28T11:47:30Z</time></trkpt><trkpt lat="45.627025" lon="25.590013"><ele>893.6</ele><time>2026-07-28T11:47:32Z</time></trkpt><trkpt lat="45.627147" lon="25.590095"><ele>892.5</ele><time>2026-07-28T11:47:34Z</time></trkpt><trkpt lat="45.627258" lon="25.590168"><ele>891.8</ele><time>2026-07-28T11:47:36Z</time></trkpt><trkpt lat="45.627377" lon="25.590202"><ele>890.5</ele><time>2026-07-28T11:47:38Z</time></trkpt><trkpt lat="45.62751" lon="25.5902"><ele>889.3</ele><time>2026-07-28T11:47:40Z</time></trkpt><trkpt lat="45.627657" lon="25.590208"><ele>888.2</ele><time>2026-07-28T11:47:42Z</time></trkpt><trkpt lat="45.627805" lon="25.590202"><ele>887.2</ele><time>2026-07-28T11:47:44Z</time></trkpt><trkpt lat="45.62789" lon="25.590198"><ele>886.8</ele><time>2026-07-28T11:47:45Z</time></trkpt><trkpt lat="45.627963" lon="25.590207"><ele>886.3</ele><time>2026-07-28T11:47:46Z</time></trkpt><trkpt lat="45.628048" lon="25.59016"><ele>884.5</ele><time>2026-07-28T11:48:11Z</time></trkpt><trkpt lat="45.627973" lon="25.590145"><ele>883.9</ele><time>2026-07-28T11:49:19Z</time></trkpt><trkpt lat="45.628042" lon="25.590105"><ele>883.8</ele><time>2026-07-28T11:50:52Z</time></trkpt><trkpt lat="45.628098" lon="25.59004"><ele>879.9</ele><time>2026-07-28T11:52:07Z</time></trkpt><trkpt lat="45.628187" lon="25.589997"><ele>880.6</ele><time>2026-07-28T11:52:12Z</time></trkpt><trkpt lat="45.62826" lon="25.589965"><ele>881.0</ele><time>2026-07-28T11:52:16Z</time></trkpt><trkpt lat="45.628337" lon="25.589957"><ele>881.7</ele><time>2026-07-28T11:52:20Z</time></trkpt><trkpt lat="45.628408" lon="25.589925"><ele>882.7</ele><time>2026-07-28T11:52:25Z</time></trkpt><trkpt lat="45.628492" lon="25.589883"><ele>883.2</ele><time>2026-07-28T11:52:30Z</time></trkpt><trkpt lat="45.628557" lon="25.58983"><ele>883.9</ele><time>2026-07-28T11:52:35Z</time></trkpt><trkpt lat="45.628638" lon="25.58983"><ele>884.7</ele><time>2026-07-28T11:52:39Z</time></trkpt><trkpt lat="45.628713" lon="25.58981"><ele>885.2</ele><time>2026-07-28T11:52:42Z</time></trkpt><trkpt lat="45.628808" lon="25.589775"><ele>885.9</ele><time>2026-07-28T11:52:46Z</time></trkpt><trkpt lat="45.62889" lon="25.589773"><ele>886.3</ele><time>2026-07-28T11:52:50Z</time></trkpt><trkpt lat="45.628975" lon="25.589717"><ele>886.9</ele><time>2026-07-28T11:52:54Z</time></trkpt><trkpt lat="45.629052" lon="25.58966"><ele>886.8</ele><time>2026-07-28T11:52:57Z</time></trkpt><trkpt lat="45.629127" lon="25.58963"><ele>886.5</ele><time>2026-07-28T11:52:59Z</time></trkpt><trkpt lat="45.629195" lon="25.58959"><ele>886.0</ele><time>2026-07-28T11:53:01Z</time></trkpt><trkpt lat="45.629267" lon="25.589538"><ele>885.5</ele><time>2026-07-28T11:53:03Z</time></trkpt><trkpt lat="45.629357" lon="25.589485"><ele>884.9</ele><time>2026-07-28T11:53:05Z</time></trkpt><trkpt lat="45.629417" lon="25.589427"><ele>884.9</ele><time>2026-07-28T11:53:06Z</time></trkpt><trkpt lat="45.629502" lon="25.589353"><ele>884.5</ele><time>2026-07-28T11:53:07Z</time></trkpt><trkpt lat="45.62963" lon="25.589268"><ele>883.6</ele><time>2026-07-28T11:53:09Z</time></trkpt><trkpt lat="45.629737" lon="25.589193"><ele>882.4</ele><time>2026-07-28T11:53:12Z</time></trkpt><trkpt lat="45.629788" lon="25.58908"><ele>881.1</ele><time>2026-07-28T11:53:14Z</time></trkpt><trkpt lat="45.629878" lon="25.588995"><ele>879.8</ele><time>2026-07-28T11:53:16Z</time></trkpt><trkpt lat="45.629975" lon="25.588892"><ele>878.6</ele><time>2026-07-28T11:53:17Z</time></trkpt><trkpt lat="45.630065" lon="25.588763"><ele>877.4</ele><time>2026-07-28T11:53:19Z</time></trkpt><trkpt lat="45.630112" lon="25.588677"><ele>876.8</ele><time>2026-07-28T11:53:20Z</time></trkpt><trkpt lat="45.6302" lon="25.588553"><ele>875.4</ele><time>2026-07-28T11:53:22Z</time></trkpt><trkpt lat="45.630275" lon="25.588473"><ele>874.8</ele><time>2026-07-28T11:53:24Z</time></trkpt><trkpt lat="45.630305" lon="25.588345"><ele>872.4</ele><time>2026-07-28T11:53:27Z</time></trkpt><trkpt lat="45.63032" lon="25.588168"><ele>870.9</ele><time>2026-07-28T11:53:29Z</time></trkpt><trkpt lat="45.63036" lon="25.588002"><ele>869.5</ele><time>2026-07-28T11:53:31Z</time></trkpt><trkpt lat="45.630437" lon="25.587857"><ele>867.7</ele><time>2026-07-28T11:53:33Z</time></trkpt><trkpt lat="45.63044" lon="25.587722"><ele>865.6</ele><time>2026-07-28T11:53:35Z</time></trkpt><trkpt lat="45.6305" lon="25.587647"><ele>862.5</ele><time>2026-07-28T11:53:38Z</time></trkpt><trkpt lat="45.630543" lon="25.587738"><ele>859.0</ele><time>2026-07-28T11:55:09Z</time></trkpt><trkpt lat="45.63056" lon="25.58786"><ele>858.0</ele><time>2026-07-28T11:55:13Z</time></trkpt><trkpt lat="45.630568" lon="25.587972"><ele>857.5</ele><time>2026-07-28T11:55:15Z</time></trkpt><trkpt lat="45.630597" lon="25.588085"><ele>857.0</ele><time>2026-07-28T11:55:17Z</time></trkpt><trkpt lat="45.630652" lon="25.588222"><ele>856.5</ele><time>2026-07-28T11:55:19Z</time></trkpt><trkpt lat="45.630678" lon="25.58838"><ele>856.0</ele><time>2026-07-28T11:55:21Z</time></trkpt><trkpt lat="45.630667" lon="25.588558"><ele>855.1</ele><time>2026-07-28T11:55:23Z</time></trkpt><trkpt lat="45.630648" lon="25.588695"><ele>853.8</ele><time>2026-07-28T11:55:25Z</time></trkpt><trkpt lat="45.630623" lon="25.588858"><ele>853.1</ele><time>2026-07-28T11:55:27Z</time></trkpt><trkpt lat="45.630603" lon="25.589037"><ele>851.6</ele><time>2026-07-28T11:55:29Z</time></trkpt><trkpt lat="45.630568" lon="25.589128"><ele>850.9</ele><time>2026-07-28T11:55:30Z</time></trkpt><trkpt lat="45.630537" lon="25.589307"><ele>849.3</ele><time>2026-07-28T11:55:32Z</time></trkpt><trkpt lat="45.630542" lon="25.58944"><ele>848.5</ele><time>2026-07-28T11:55:33Z</time></trkpt><trkpt lat="45.630547" lon="25.589543"><ele>847.8</ele><time>2026-07-28T11:55:34Z</time></trkpt><trkpt lat="45.630518" lon="25.589727"><ele>846.7</ele><time>2026-07-28T11:55:36Z</time></trkpt><trkpt lat="45.630458" lon="25.589812"><ele>846.5</ele><time>2026-07-28T11:55:38Z</time></trkpt><trkpt lat="45.63044" lon="25.589925"><ele>846.8</ele><time>2026-07-28T11:55:40Z</time></trkpt><trkpt lat="45.630417" lon="25.590037"><ele>847.5</ele><time>2026-07-28T11:55:43Z</time></trkpt><trkpt lat="45.630393" lon="25.590135"><ele>847.8</ele><time>2026-07-28T11:55:45Z</time></trkpt><trkpt lat="45.63037" lon="25.590265"><ele>848.7</ele><time>2026-07-28T11:55:48Z</time></trkpt><trkpt lat="45.630372" lon="25.590387"><ele>849.6</ele><time>2026-07-28T11:55:51Z</time></trkpt><trkpt lat="45.630368" lon="25.5905"><ele>850.5</ele><time>2026-07-28T11:55:54Z</time></trkpt><trkpt lat="45.630387" lon="25.590615"><ele>851.4</ele><time>2026-07-28T11:55:58Z</time></trkpt><trkpt lat="45.630415" lon="25.590713"><ele>851.6</ele><time>2026-07-28T11:56:01Z</time></trkpt><trkpt lat="45.630455" lon="25.590805"><ele>850.3</ele><time>2026-07-28T11:56:14Z</time></trkpt><trkpt lat="45.630528" lon="25.590808"><ele>851.0</ele><time>2026-07-28T11:57:22Z</time></trkpt><trkpt lat="45.6306" lon="25.590785"><ele>850.9</ele><time>2026-07-28T11:57:28Z</time></trkpt><trkpt lat="45.630645" lon="25.5907"><ele>851.4</ele><time>2026-07-28T11:57:38Z</time></trkpt><trkpt lat="45.6306" lon="25.590812"><ele>850.9</ele><time>2026-07-28T12:15:53Z</time></trkpt><trkpt lat="45.630575" lon="25.590918"><ele>851.0</ele><time>2026-07-28T12:15:56Z</time></trkpt><trkpt lat="45.63053" lon="25.591043"><ele>850.7</ele><time>2026-07-28T12:15:59Z</time></trkpt><trkpt lat="45.630512" lon="25.591175"><ele>849.6</ele><time>2026-07-28T12:16:02Z</time></trkpt><trkpt lat="45.630505" lon="25.591308"><ele>848.5</ele><time>2026-07-28T12:16:04Z</time></trkpt><trkpt lat="45.630518" lon="25.591417"><ele>846.9</ele><time>2026-07-28T12:16:06Z</time></trkpt><trkpt lat="45.630537" lon="25.591565"><ele>844.1</ele><time>2026-07-28T12:16:09Z</time></trkpt><trkpt lat="45.630577" lon="25.591675"><ele>842.2</ele><time>2026-07-28T12:16:11Z</time></trkpt><trkpt lat="45.630645" lon="25.591733"><ele>840.5</ele><time>2026-07-28T12:16:14Z</time></trkpt><trkpt lat="45.630732" lon="25.591778"><ele>837.6</ele><time>2026-07-28T12:16:18Z</time></trkpt><trkpt lat="45.63079" lon="25.591845"><ele>836.6</ele><time>2026-07-28T12:16:20Z</time></trkpt><trkpt lat="45.630853" lon="25.591967"><ele>835.6</ele><time>2026-07-28T12:16:22Z</time></trkpt><trkpt lat="45.630868" lon="25.592067"><ele>835.1</ele><time>2026-07-28T12:16:23Z</time></trkpt><trkpt lat="45.630875" lon="25.592195"><ele>834.5</ele><time>2026-07-28T12:16:24Z</time></trkpt><trkpt lat="45.630902" lon="25.592322"><ele>833.7</ele><time>2026-07-28T12:16:25Z</time></trkpt><trkpt lat="45.630913" lon="25.592443"><ele>832.7</ele><time>2026-07-28T12:16:26Z</time></trkpt><trkpt lat="45.63093" lon="25.592573"><ele>831.5</ele><time>2026-07-28T12:16:27Z</time></trkpt><trkpt lat="45.630955" lon="25.592717"><ele>830.0</ele><time>2026-07-28T12:16:28Z</time></trkpt><trkpt lat="45.630995" lon="25.592877"><ele>830.0</ele><time>2026-07-28T12:16:29Z</time></trkpt><trkpt lat="45.631047" lon="25.59303"><ele>828.3</ele><time>2026-07-28T12:16:30Z</time></trkpt><trkpt lat="45.631095" lon="25.593193"><ele>826.6</ele><time>2026-07-28T12:16:31Z</time></trkpt><trkpt lat="45.631153" lon="25.593365"><ele>824.8</ele><time>2026-07-28T12:16:32Z</time></trkpt><trkpt lat="45.63121" lon="25.593528"><ele>823.0</ele><time>2026-07-28T12:16:33Z</time></trkpt><trkpt lat="45.631268" lon="25.593687"><ele>821.3</ele><time>2026-07-28T12:16:34Z</time></trkpt><trkpt lat="45.631318" lon="25.59383"><ele>819.6</ele><time>2026-07-28T12:16:35Z</time></trkpt><trkpt lat="45.631363" lon="25.593972"><ele>817.8</ele><time>2026-07-28T12:16:36Z</time></trkpt><trkpt lat="45.631418" lon="25.594087"><ele>816.1</ele><time>2026-07-28T12:16:37Z</time></trkpt><trkpt lat="45.631442" lon="25.594222"><ele>816.1</ele><time>2026-07-28T12:16:38Z</time></trkpt><trkpt lat="45.631477" lon="25.594372"><ele>814.4</ele><time>2026-07-28T12:16:39Z</time></trkpt><trkpt lat="45.631503" lon="25.594488"><ele>812.4</ele><time>2026-07-28T12:16:40Z</time></trkpt><trkpt lat="45.631542" lon="25.594592"><ele>810.3</ele><time>2026-07-28T12:16:41Z</time></trkpt><trkpt lat="45.631577" lon="25.594687"><ele>810.3</ele><time>2026-07-28T12:16:42Z</time></trkpt><trkpt lat="45.631625" lon="25.594782"><ele>808.1</ele><time>2026-07-28T12:16:43Z</time></trkpt><trkpt lat="45.63168" lon="25.594878"><ele>805.9</ele><time>2026-07-28T12:16:44Z</time></trkpt><trkpt lat="45.631743" lon="25.594977"><ele>803.8</ele><time>2026-07-28T12:16:45Z</time></trkpt><trkpt lat="45.631805" lon="25.595083"><ele>803.8</ele><time>2026-07-28T12:16:46Z</time></trkpt><trkpt lat="45.63187" lon="25.595193"><ele>801.8</ele><time>2026-07-28T12:16:47Z</time></trkpt><trkpt lat="45.63192" lon="25.595322"><ele>800.0</ele><time>2026-07-28T12:16:48Z</time></trkpt><trkpt lat="45.63196" lon="25.595453"><ele>798.2</ele><time>2026-07-28T12:16:49Z</time></trkpt><trkpt lat="45.632" lon="25.595608"><ele>798.2</ele><time>2026-07-28T12:16:50Z</time></trkpt><trkpt lat="45.632032" lon="25.595768"><ele>796.5</ele><time>2026-07-28T12:16:51Z</time></trkpt><trkpt lat="45.632048" lon="25.595915"><ele>794.8</ele><time>2026-07-28T12:16:52Z</time></trkpt><trkpt lat="45.632067" lon="25.59604"><ele>793.1</ele><time>2026-07-28T12:16:53Z</time></trkpt><trkpt lat="45.632078" lon="25.596147"><ele>793.1</ele><time>2026-07-28T12:16:54Z</time></trkpt><trkpt lat="45.632083" lon="25.596305"><ele>789.4</ele><time>2026-07-28T12:16:56Z</time></trkpt><trkpt lat="45.63205" lon="25.596397"><ele>787.3</ele><time>2026-07-28T12:16:58Z</time></trkpt><trkpt lat="45.632023" lon="25.59629"><ele>775.9</ele><time>2026-07-28T12:18:47Z</time></trkpt><trkpt lat="45.631973" lon="25.596198"><ele>774.6</ele><time>2026-07-28T12:18:55Z</time></trkpt><trkpt lat="45.631918" lon="25.59612"><ele>773.1</ele><time>2026-07-28T12:19:01Z</time></trkpt><trkpt lat="45.63186" lon="25.596053"><ele>772.0</ele><time>2026-07-28T12:19:05Z</time></trkpt><trkpt lat="45.63182" lon="25.595945"><ele>771.2</ele><time>2026-07-28T12:19:08Z</time></trkpt><trkpt lat="45.631763" lon="25.595833"><ele>770.1</ele><time>2026-07-28T12:19:11Z</time></trkpt><trkpt lat="45.631687" lon="25.595772"><ele>769.2</ele><time>2026-07-28T12:19:13Z</time></trkpt><trkpt lat="45.631608" lon="25.59574"><ele>767.8</ele><time>2026-07-28T12:19:15Z</time></trkpt><trkpt lat="45.631502" lon="25.595718"><ele>765.9</ele><time>2026-07-28T12:19:17Z</time></trkpt><trkpt lat="45.631417" lon="25.595718"><ele>764.7</ele><time>2026-07-28T12:19:19Z</time></trkpt><trkpt lat="45.631333" lon="25.595737"><ele>762.2</ele><time>2026-07-28T12:19:21Z</time></trkpt><trkpt lat="45.631248" lon="25.595773"><ele>759.6</ele><time>2026-07-28T12:19:23Z</time></trkpt><trkpt lat="45.631167" lon="25.595787"><ele>757.0</ele><time>2026-07-28T12:19:25Z</time></trkpt><trkpt lat="45.631092" lon="25.595805"><ele>754.4</ele><time>2026-07-28T12:19:27Z</time></trkpt><trkpt lat="45.630985" lon="25.595752"><ele>750.7</ele><time>2026-07-28T12:19:30Z</time></trkpt><trkpt lat="45.630907" lon="25.595723"><ele>748.4</ele><time>2026-07-28T12:19:32Z</time></trkpt><trkpt lat="45.630848" lon="25.595643"><ele>747.3</ele><time>2026-07-28T12:19:34Z</time></trkpt><trkpt lat="45.630718" lon="25.59552"><ele>745.1</ele><time>2026-07-28T12:19:36Z</time></trkpt><trkpt lat="45.630657" lon="25.595433"><ele>745.1</ele><time>2026-07-28T12:19:37Z</time></trkpt><trkpt lat="45.63059" lon="25.595337"><ele>743.9</ele><time>2026-07-28T12:19:38Z</time></trkpt><trkpt lat="45.630507" lon="25.595227"><ele>742.6</ele><time>2026-07-28T12:19:39Z</time></trkpt><trkpt lat="45.630437" lon="25.595112"><ele>741.1</ele><time>2026-07-28T12:19:40Z</time></trkpt><trkpt lat="45.630362" lon="25.595012"><ele>741.1</ele><time>2026-07-28T12:19:41Z</time></trkpt><trkpt lat="45.630293" lon="25.594913"><ele>739.4</ele><time>2026-07-28T12:19:42Z</time></trkpt><trkpt lat="45.630232" lon="25.594825"><ele>737.4</ele><time>2026-07-28T12:19:43Z</time></trkpt><trkpt lat="45.630118" lon="25.594748"><ele>735.1</ele><time>2026-07-28T12:19:45Z</time></trkpt><trkpt lat="45.630047" lon="25.594777"><ele>730.0</ele><time>2026-07-28T12:19:47Z</time></trkpt><trkpt lat="45.630025" lon="25.5949"><ele>723.8</ele><time>2026-07-28T12:19:51Z</time></trkpt><trkpt lat="45.630042" lon="25.59501"><ele>720.1</ele><time>2026-07-28T12:19:58Z</time></trkpt><trkpt lat="45.630068" lon="25.595123"><ele>718.5</ele><time>2026-07-28T12:20:03Z</time></trkpt><trkpt lat="45.630108" lon="25.595227"><ele>717.3</ele><time>2026-07-28T12:20:07Z</time></trkpt><trkpt lat="45.630163" lon="25.595328"><ele>716.0</ele><time>2026-07-28T12:20:11Z</time></trkpt><trkpt lat="45.630167" lon="25.595445"><ele>714.8</ele><time>2026-07-28T12:20:15Z</time></trkpt><trkpt lat="45.630203" lon="25.595537"><ele>713.6</ele><time>2026-07-28T12:20:19Z</time></trkpt><trkpt lat="45.630183" lon="25.595638"><ele>712.5</ele><time>2026-07-28T12:20:23Z</time></trkpt><trkpt lat="45.630238" lon="25.595718"><ele>710.7</ele><time>2026-07-28T12:20:29Z</time></trkpt><trkpt lat="45.630232" lon="25.595833"><ele>709.4</ele><time>2026-07-28T12:20:38Z</time></trkpt><trkpt lat="45.630235" lon="25.595955"><ele>710.3</ele><time>2026-07-28T12:22:02Z</time></trkpt><trkpt lat="45.630247" lon="25.596085"><ele>709.8</ele><time>2026-07-28T12:22:05Z</time></trkpt><trkpt lat="45.630253" lon="25.596223"><ele>709.2</ele><time>2026-07-28T12:22:07Z</time></trkpt><trkpt lat="45.630273" lon="25.596375"><ele>708.5</ele><time>2026-07-28T12:22:09Z</time></trkpt><trkpt lat="45.630295" lon="25.596515"><ele>707.6</ele><time>2026-07-28T12:22:11Z</time></trkpt><trkpt lat="45.630318" lon="25.596643"><ele>706.6</ele><time>2026-07-28T12:22:14Z</time></trkpt><trkpt lat="45.630342" lon="25.596743"><ele>703.4</ele><time>2026-07-28T12:22:32Z</time></trkpt><trkpt lat="45.630368" lon="25.596842"><ele>701.8</ele><time>2026-07-28T12:22:55Z</time></trkpt><trkpt lat="45.630392" lon="25.596943"><ele>701.5</ele><time>2026-07-28T12:22:59Z</time></trkpt><trkpt lat="45.630403" lon="25.597048"><ele>700.8</ele><time>2026-07-28T12:23:01Z</time></trkpt><trkpt lat="45.630422" lon="25.597197"><ele>699.8</ele><time>2026-07-28T12:23:04Z</time></trkpt><trkpt lat="45.63043" lon="25.5973"><ele>698.7</ele><time>2026-07-28T12:23:06Z</time></trkpt><trkpt lat="45.63047" lon="25.597397"><ele>696.7</ele><time>2026-07-28T12:23:09Z</time></trkpt><trkpt lat="45.63046" lon="25.597517"><ele>694.8</ele><time>2026-07-28T12:23:12Z</time></trkpt><trkpt lat="45.630447" lon="25.597647"><ele>692.7</ele><time>2026-07-28T12:23:16Z</time></trkpt><trkpt lat="45.630495" lon="25.597725"><ele>690.8</ele><time>2026-07-28T12:23:56Z</time></trkpt><trkpt lat="45.630463" lon="25.597823"><ele>691.2</ele><time>2026-07-28T12:26:37Z</time></trkpt><trkpt lat="45.63052" lon="25.597945"><ele>691.4</ele><time>2026-07-28T12:26:41Z</time></trkpt><trkpt lat="45.630572" lon="25.59809"><ele>691.5</ele><time>2026-07-28T12:26:44Z</time></trkpt><trkpt lat="45.630623" lon="25.598223"><ele>691.3</ele><time>2026-07-28T12:26:47Z</time></trkpt><trkpt lat="45.63068" lon="25.598345"><ele>691.2</ele><time>2026-07-28T12:26:50Z</time></trkpt><trkpt lat="45.630712" lon="25.598447"><ele>691.1</ele><time>2026-07-28T12:26:52Z</time></trkpt><trkpt lat="45.630752" lon="25.59857"><ele>691.0</ele><time>2026-07-28T12:26:55Z</time></trkpt><trkpt lat="45.63079" lon="25.598685"><ele>690.9</ele><time>2026-07-28T12:26:57Z</time></trkpt><trkpt lat="45.630887" lon="25.598865"><ele>690.9</ele><time>2026-07-28T12:26:59Z</time></trkpt><trkpt lat="45.63089" lon="25.598985"><ele>690.8</ele><time>2026-07-28T12:27:00Z</time></trkpt><trkpt lat="45.630873" lon="25.59909"><ele>690.8</ele><time>2026-07-28T12:27:01Z</time></trkpt><trkpt lat="45.630943" lon="25.599025"><ele>690.8</ele><time>2026-07-28T12:27:03Z</time></trkpt><trkpt lat="45.630977" lon="25.59916"><ele>690.7</ele><time>2026-07-28T12:27:06Z</time></trkpt><trkpt lat="45.631117" lon="25.599203"><ele>690.6</ele><time>2026-07-28T12:27:08Z</time></trkpt><trkpt lat="45.631137" lon="25.599328"><ele>690.5</ele><time>2026-07-28T12:27:12Z</time></trkpt><trkpt lat="45.63118" lon="25.599428"><ele>690.5</ele><time>2026-07-28T12:27:14Z</time></trkpt><trkpt lat="45.631208" lon="25.599542"><ele>690.4</ele><time>2026-07-28T12:27:16Z</time></trkpt><trkpt lat="45.631248" lon="25.59964"><ele>690.3</ele><time>2026-07-28T12:27:18Z</time></trkpt><trkpt lat="45.631298" lon="25.59973"><ele>690.2</ele><time>2026-07-28T12:27:20Z</time></trkpt><trkpt lat="45.63136" lon="25.599842"><ele>690.1</ele><time>2026-07-28T12:27:23Z</time></trkpt><trkpt lat="45.631403" lon="25.599943"><ele>690.1</ele><time>2026-07-28T12:27:27Z</time></trkpt><trkpt lat="45.631445" lon="25.600038"><ele>690.2</ele><time>2026-07-28T12:27:29Z</time></trkpt><trkpt lat="45.631492" lon="25.600137"><ele>690.2</ele><time>2026-07-28T12:27:32Z</time></trkpt><trkpt lat="45.631523" lon="25.60024"><ele>690.1</ele><time>2026-07-28T12:27:34Z</time></trkpt><trkpt lat="45.631662" lon="25.600472"><ele>690.1</ele><time>2026-07-28T12:27:37Z</time></trkpt><trkpt lat="45.631732" lon="25.600573"><ele>689.9</ele><time>2026-07-28T12:27:39Z</time></trkpt><trkpt lat="45.631798" lon="25.60066"><ele>689.7</ele><time>2026-07-28T12:27:41Z</time></trkpt><trkpt lat="45.631868" lon="25.600725"><ele>689.4</ele><time>2026-07-28T12:27:43Z</time></trkpt><trkpt lat="45.63194" lon="25.600795"><ele>689.2</ele><time>2026-07-28T12:27:45Z</time></trkpt><trkpt lat="45.632012" lon="25.600888"><ele>689.0</ele><time>2026-07-28T12:27:47Z</time></trkpt><trkpt lat="45.632092" lon="25.600977"><ele>688.9</ele><time>2026-07-28T12:27:49Z</time></trkpt><trkpt lat="45.632168" lon="25.601058"><ele>688.7</ele><time>2026-07-28T12:27:51Z</time></trkpt><trkpt lat="45.632232" lon="25.601133"><ele>688.6</ele><time>2026-07-28T12:27:53Z</time></trkpt><trkpt lat="45.632293" lon="25.6012"><ele>688.5</ele><time>2026-07-28T12:27:55Z</time></trkpt><trkpt lat="45.632355" lon="25.601293"><ele>688.5</ele><time>2026-07-28T12:27:58Z</time></trkpt><trkpt lat="45.632422" lon="25.601353"><ele>688.5</ele><time>2026-07-28T12:28:00Z</time></trkpt><trkpt lat="45.632497" lon="25.60142"><ele>688.5</ele><time>2026-07-28T12:28:02Z</time></trkpt><trkpt lat="45.632563" lon="25.601468"><ele>688.3</ele><time>2026-07-28T12:28:04Z</time></trkpt><trkpt lat="45.632632" lon="25.601543"><ele>688.3</ele><time>2026-07-28T12:28:06Z</time></trkpt><trkpt lat="45.632698" lon="25.601602"><ele>688.3</ele><time>2026-07-28T12:28:08Z</time></trkpt><trkpt lat="45.632762" lon="25.601663"><ele>688.4</ele><time>2026-07-28T12:28:10Z</time></trkpt><trkpt lat="45.632837" lon="25.601717"><ele>688.4</ele><time>2026-07-28T12:28:12Z</time></trkpt><trkpt lat="45.63292" lon="25.6018"><ele>688.3</ele><time>2026-07-28T12:28:15Z</time></trkpt><trkpt lat="45.633013" lon="25.601883"><ele>688.3</ele><time>2026-07-28T12:28:18Z</time></trkpt><trkpt lat="45.63308" lon="25.60195"><ele>688.3</ele><time>2026-07-28T12:28:20Z</time></trkpt><trkpt lat="45.633147" lon="25.602017"><ele>688.3</ele><time>2026-07-28T12:28:22Z</time></trkpt><trkpt lat="45.633235" lon="25.602107"><ele>688.1</ele><time>2026-07-28T12:28:25Z</time></trkpt><trkpt lat="45.633338" lon="25.602197"><ele>688.0</ele><time>2026-07-28T12:28:28Z</time></trkpt><trkpt lat="45.63341" lon="25.60225"><ele>687.9</ele><time>2026-07-28T12:28:30Z</time></trkpt><trkpt lat="45.633485" lon="25.602308"><ele>687.9</ele><time>2026-07-28T12:28:32Z</time></trkpt><trkpt lat="45.633572" lon="25.602363"><ele>687.9</ele><time>2026-07-28T12:28:34Z</time></trkpt><trkpt lat="45.633647" lon="25.602415"><ele>687.9</ele><time>2026-07-28T12:28:36Z</time></trkpt><trkpt lat="45.633708" lon="25.602478"><ele>687.8</ele><time>2026-07-28T12:28:38Z</time></trkpt><trkpt lat="45.633793" lon="25.602535"><ele>687.7</ele><time>2026-07-28T12:28:40Z</time></trkpt><trkpt lat="45.633873" lon="25.602582"><ele>687.6</ele><time>2026-07-28T12:28:42Z</time></trkpt><trkpt lat="45.633972" lon="25.602638"><ele>687.6</ele><time>2026-07-28T12:28:45Z</time></trkpt><trkpt lat="45.634063" lon="25.602695"><ele>687.6</ele><time>2026-07-28T12:28:48Z</time></trkpt><trkpt lat="45.634142" lon="25.602763"><ele>687.5</ele><time>2026-07-28T12:28:51Z</time></trkpt><trkpt lat="45.63421" lon="25.6028"><ele>687.4</ele><time>2026-07-28T12:28:53Z</time></trkpt><trkpt lat="45.634268" lon="25.602863"><ele>687.4</ele><time>2026-07-28T12:28:56Z</time></trkpt><trkpt lat="45.634345" lon="25.602892"><ele>687.3</ele><time>2026-07-28T12:28:59Z</time></trkpt><trkpt lat="45.634425" lon="25.60297"><ele>687.3</ele><time>2026-07-28T12:29:02Z</time></trkpt><trkpt lat="45.634508" lon="25.603"><ele>687.3</ele><time>2026-07-28T12:29:05Z</time></trkpt><trkpt lat="45.634575" lon="25.603058"><ele>687.3</ele><time>2026-07-28T12:29:08Z</time></trkpt><trkpt lat="45.634662" lon="25.603125"><ele>687.1</ele><time>2026-07-28T12:29:11Z</time></trkpt><trkpt lat="45.634733" lon="25.603197"><ele>687.0</ele><time>2026-07-28T12:29:15Z</time></trkpt><trkpt lat="45.63483" lon="25.603282"><ele>686.9</ele><time>2026-07-28T12:29:18Z</time></trkpt><trkpt lat="45.634907" lon="25.603332"><ele>686.6</ele><time>2026-07-28T12:29:22Z</time></trkpt><trkpt lat="45.634972" lon="25.60339"><ele>686.5</ele><time>2026-07-28T12:29:25Z</time></trkpt><trkpt lat="45.635032" lon="25.603463"><ele>686.5</ele><time>2026-07-28T12:29:28Z</time></trkpt><trkpt lat="45.6351" lon="25.60353"><ele>686.4</ele><time>2026-07-28T12:29:32Z</time></trkpt><trkpt lat="45.635157" lon="25.60361"><ele>686.3</ele><time>2026-07-28T12:29:35Z</time></trkpt><trkpt lat="45.63522" lon="25.603685"><ele>686.3</ele><time>2026-07-28T12:29:39Z</time></trkpt><trkpt lat="45.63529" lon="25.60377"><ele>686.4</ele><time>2026-07-28T12:29:42Z</time></trkpt><trkpt lat="45.635347" lon="25.603847"><ele>686.4</ele><time>2026-07-28T12:29:45Z</time></trkpt><trkpt lat="45.635413" lon="25.603942"><ele>686.4</ele><time>2026-07-28T12:29:48Z</time></trkpt><trkpt lat="45.635468" lon="25.604063"><ele>686.4</ele><time>2026-07-28T12:29:51Z</time></trkpt><trkpt lat="45.635515" lon="25.604145"><ele>686.3</ele><time>2026-07-28T12:29:53Z</time></trkpt><trkpt lat="45.635592" lon="25.604232"><ele>686.2</ele><time>2026-07-28T12:29:57Z</time></trkpt><trkpt lat="45.635642" lon="25.60433"><ele>686.0</ele><time>2026-07-28T12:30:00Z</time></trkpt><trkpt lat="45.635705" lon="25.604387"><ele>685.8</ele><time>2026-07-28T12:30:02Z</time></trkpt><trkpt lat="45.635782" lon="25.604455"><ele>685.7</ele><time>2026-07-28T12:30:05Z</time></trkpt><trkpt lat="45.635852" lon="25.604525"><ele>685.7</ele><time>2026-07-28T12:30:08Z</time></trkpt><trkpt lat="45.635933" lon="25.604592"><ele>685.6</ele><time>2026-07-28T12:30:11Z</time></trkpt><trkpt lat="45.636037" lon="25.604677"><ele>685.5</ele><time>2026-07-28T12:30:13Z</time></trkpt><trkpt lat="45.636145" lon="25.604717"><ele>685.4</ele><time>2026-07-28T12:30:16Z</time></trkpt><trkpt lat="45.636215" lon="25.604735"><ele>685.3</ele><time>2026-07-28T12:30:19Z</time></trkpt><trkpt lat="45.636313" lon="25.604763"><ele>685.2</ele><time>2026-07-28T12:30:21Z</time></trkpt><trkpt lat="45.636422" lon="25.60479"><ele>685.0</ele><time>2026-07-28T12:30:24Z</time></trkpt><trkpt lat="45.636497" lon="25.604797"><ele>684.9</ele><time>2026-07-28T12:30:26Z</time></trkpt><trkpt lat="45.636602" lon="25.604838"><ele>684.8</ele><time>2026-07-28T12:30:29Z</time></trkpt><trkpt lat="45.63669" lon="25.60485"><ele>684.6</ele><time>2026-07-28T12:30:32Z</time></trkpt><trkpt lat="45.636767" lon="25.604923"><ele>684.3</ele><time>2026-07-28T12:30:35Z</time></trkpt><trkpt lat="45.636835" lon="25.604967"><ele>684.2</ele><time>2026-07-28T12:30:37Z</time></trkpt><trkpt lat="45.636928" lon="25.60506"><ele>684.0</ele><time>2026-07-28T12:30:40Z</time></trkpt><trkpt lat="45.637" lon="25.605158"><ele>683.7</ele><time>2026-07-28T12:30:43Z</time></trkpt><trkpt lat="45.63706" lon="25.605262"><ele>683.7</ele><time>2026-07-28T12:30:46Z</time></trkpt><trkpt lat="45.637132" lon="25.605367"><ele>683.7</ele><time>2026-07-28T12:30:49Z</time></trkpt><trkpt lat="45.637195" lon="25.605433"><ele>683.8</ele><time>2026-07-28T12:30:51Z</time></trkpt><trkpt lat="45.637288" lon="25.605495"><ele>683.7</ele><time>2026-07-28T12:30:54Z</time></trkpt><trkpt lat="45.637365" lon="25.605552"><ele>683.6</ele><time>2026-07-28T12:30:56Z</time></trkpt><trkpt lat="45.637428" lon="25.60562"><ele>683.6</ele><time>2026-07-28T12:30:59Z</time></trkpt><trkpt lat="45.63752" lon="25.605745"><ele>683.5</ele><time>2026-07-28T12:31:02Z</time></trkpt><trkpt lat="45.637608" lon="25.605758"><ele>683.4</ele><time>2026-07-28T12:31:03Z</time></trkpt><trkpt lat="45.637653" lon="25.605848"><ele>683.3</ele><time>2026-07-28T12:31:05Z</time></trkpt><trkpt lat="45.63774" lon="25.60595"><ele>683.2</ele><time>2026-07-28T12:31:07Z</time></trkpt><trkpt lat="45.637802" lon="25.606017"><ele>683.0</ele><time>2026-07-28T12:31:09Z</time></trkpt><trkpt lat="45.637863" lon="25.606108"><ele>682.8</ele><time>2026-07-28T12:31:11Z</time></trkpt><trkpt lat="45.63794" lon="25.60619"><ele>682.6</ele><time>2026-07-28T12:31:13Z</time></trkpt><trkpt lat="45.638015" lon="25.606293"><ele>682.2</ele><time>2026-07-28T12:31:15Z</time></trkpt><trkpt lat="45.638083" lon="25.606403"><ele>681.8</ele><time>2026-07-28T12:31:17Z</time></trkpt><trkpt lat="45.638172" lon="25.606487"><ele>681.4</ele><time>2026-07-28T12:31:19Z</time></trkpt><trkpt lat="45.638222" lon="25.606583"><ele>680.9</ele><time>2026-07-28T12:31:21Z</time></trkpt><trkpt lat="45.638328" lon="25.60666"><ele>680.6</ele><time>2026-07-28T12:31:23Z</time></trkpt><trkpt lat="45.638393" lon="25.606713"><ele>680.2</ele><time>2026-07-28T12:31:25Z</time></trkpt><trkpt lat="45.63847" lon="25.606765"><ele>679.9</ele><time>2026-07-28T12:31:27Z</time></trkpt><trkpt lat="45.638558" lon="25.606805"><ele>679.7</ele><time>2026-07-28T12:31:29Z</time></trkpt><trkpt lat="45.638632" lon="25.606873"><ele>679.5</ele><time>2026-07-28T12:31:31Z</time></trkpt><trkpt lat="45.638702" lon="25.606928"><ele>679.3</ele><time>2026-07-28T12:31:33Z</time></trkpt><trkpt lat="45.63879" lon="25.60701"><ele>678.9</ele><time>2026-07-28T12:31:36Z</time></trkpt><trkpt lat="45.638887" lon="25.607067"><ele>678.7</ele><time>2026-07-28T12:31:39Z</time></trkpt><trkpt lat="45.638955" lon="25.607103"><ele>678.7</ele><time>2026-07-28T12:31:41Z</time></trkpt><trkpt lat="45.639052" lon="25.607147"><ele>678.5</ele><time>2026-07-28T12:31:44Z</time></trkpt><trkpt lat="45.639143" lon="25.60717"><ele>678.3</ele><time>2026-07-28T12:31:47Z</time></trkpt><trkpt lat="45.639228" lon="25.607188"><ele>677.9</ele><time>2026-07-28T12:31:51Z</time></trkpt><trkpt lat="45.63932" lon="25.607225"><ele>677.6</ele><time>2026-07-28T12:31:55Z</time></trkpt><trkpt lat="45.639405" lon="25.607245"><ele>677.5</ele><time>2026-07-28T12:32:02Z</time></trkpt><trkpt lat="45.639493" lon="25.60725"><ele>677.4</ele><time>2026-07-28T12:32:07Z</time></trkpt><trkpt lat="45.63958" lon="25.607287"><ele>677.3</ele><time>2026-07-28T12:32:11Z</time></trkpt><trkpt lat="45.63966" lon="25.6073"><ele>677.2</ele><time>2026-07-28T12:32:14Z</time></trkpt><trkpt lat="45.639737" lon="25.607293"><ele>677.2</ele><time>2026-07-28T12:32:18Z</time></trkpt><trkpt lat="45.63981" lon="25.607277"><ele>677.3</ele><time>2026-07-28T12:32:21Z</time></trkpt><trkpt lat="45.639903" lon="25.607267"><ele>677.4</ele><time>2026-07-28T12:32:25Z</time></trkpt><trkpt lat="45.639978" lon="25.607257"><ele>677.2</ele><time>2026-07-28T12:32:28Z</time></trkpt><trkpt lat="45.640053" lon="25.607232"><ele>677.2</ele><time>2026-07-28T12:32:32Z</time></trkpt><trkpt lat="45.640137" lon="25.607228"><ele>677.2</ele><time>2026-07-28T12:32:36Z</time></trkpt><trkpt lat="45.64023" lon="25.607207"><ele>677.0</ele><time>2026-07-28T12:32:40Z</time></trkpt><trkpt lat="45.640305" lon="25.607132"><ele>676.8</ele><time>2026-07-28T12:32:44Z</time></trkpt><trkpt lat="45.640375" lon="25.60709"><ele>676.8</ele><time>2026-07-28T12:32:48Z</time></trkpt><trkpt lat="45.640453" lon="25.60705"><ele>676.7</ele><time>2026-07-28T12:32:52Z</time></trkpt><trkpt lat="45.640525" lon="25.607008"><ele>676.5</ele><time>2026-07-28T12:32:56Z</time></trkpt><trkpt lat="45.64059" lon="25.606942"><ele>676.9</ele><time>2026-07-28T12:33:01Z</time></trkpt><trkpt lat="45.640667" lon="25.606903"><ele>677.0</ele><time>2026-07-28T12:33:54Z</time></trkpt><trkpt lat="45.64073" lon="25.606852"><ele>676.9</ele><time>2026-07-28T12:33:57Z</time></trkpt><trkpt lat="45.640808" lon="25.606787"><ele>676.6</ele><time>2026-07-28T12:34:00Z</time></trkpt><trkpt lat="45.640887" lon="25.606763"><ele>676.3</ele><time>2026-07-28T12:34:03Z</time></trkpt><trkpt lat="45.640967" lon="25.606732"><ele>676.4</ele><time>2026-07-28T12:34:07Z</time></trkpt><trkpt lat="45.641028" lon="25.60667"><ele>676.6</ele><time>2026-07-28T12:34:27Z</time></trkpt><trkpt lat="45.641003" lon="25.60656"><ele>679.5</ele><time>2026-07-28T12:34:43Z</time></trkpt><trkpt lat="45.641022" lon="25.606432"><ele>680.9</ele><time>2026-07-28T12:35:16Z</time></trkpt><trkpt lat="45.641055" lon="25.606333"><ele>681.4</ele><time>2026-07-28T12:35:18Z</time></trkpt><trkpt lat="45.641083" lon="25.606193"><ele>681.7</ele><time>2026-07-28T12:35:21Z</time></trkpt><trkpt lat="45.641098" lon="25.606088"><ele>681.5</ele><time>2026-07-28T12:35:23Z</time></trkpt><trkpt lat="45.641143" lon="25.605968"><ele>680.9</ele><time>2026-07-28T12:35:26Z</time></trkpt><trkpt lat="45.64117" lon="25.605853"><ele>680.2</ele><time>2026-07-28T12:35:28Z</time></trkpt><trkpt lat="45.641188" lon="25.60571"><ele>679.4</ele><time>2026-07-28T12:35:30Z</time></trkpt><trkpt lat="45.641185" lon="25.6056"><ele>678.7</ele><time>2026-07-28T12:35:33Z</time></trkpt><trkpt lat="45.641182" lon="25.605463"><ele>678.3</ele><time>2026-07-28T12:35:35Z</time></trkpt><trkpt lat="45.641228" lon="25.605385"><ele>678.2</ele><time>2026-07-28T12:35:49Z</time></trkpt><trkpt lat="45.641152" lon="25.605367"><ele>681.3</ele><time>2026-07-28T12:36:01Z</time></trkpt><trkpt lat="45.641228" lon="25.605313"><ele>681.6</ele><time>2026-07-28T12:36:50Z</time></trkpt><trkpt lat="45.641218" lon="25.605203"><ele>681.5</ele><time>2026-07-28T12:36:54Z</time></trkpt><trkpt lat="45.641233" lon="25.605098"><ele>681.6</ele><time>2026-07-28T12:36:57Z</time></trkpt><trkpt lat="45.641268" lon="25.604988"><ele>682.0</ele><time>2026-07-28T12:37:01Z</time></trkpt><trkpt lat="45.641298" lon="25.604868"><ele>682.0</ele><time>2026-07-28T12:37:05Z</time></trkpt><trkpt lat="45.641348" lon="25.604785"><ele>683.8</ele><time>2026-07-28T12:37:18Z</time></trkpt><trkpt lat="45.641403" lon="25.604697"><ele>684.2</ele><time>2026-07-28T12:37:24Z</time></trkpt><trkpt lat="45.641452" lon="25.604597"><ele>684.8</ele><time>2026-07-28T12:37:29Z</time></trkpt><trkpt lat="45.641488" lon="25.604492"><ele>685.8</ele><time>2026-07-28T12:37:35Z</time></trkpt><trkpt lat="45.641535" lon="25.604415"><ele>687.0</ele><time>2026-07-28T12:37:48Z</time></trkpt><trkpt lat="45.641573" lon="25.604327"><ele>688.4</ele><time>2026-07-28T12:37:55Z</time></trkpt><trkpt lat="45.641625" lon="25.60424"><ele>689.4</ele><time>2026-07-28T12:38:02Z</time></trkpt><trkpt lat="45.641677" lon="25.604162"><ele>691.0</ele><time>2026-07-28T12:38:10Z</time></trkpt><trkpt lat="45.641708" lon="25.604067"><ele>692.7</ele><time>2026-07-28T12:38:24Z</time></trkpt><trkpt lat="45.641703" lon="25.603962"><ele>693.5</ele><time>2026-07-28T12:38:33Z</time></trkpt><trkpt lat="45.641715" lon="25.603858"><ele>693.5</ele><time>2026-07-28T12:39:14Z</time></trkpt><trkpt lat="45.641677" lon="25.603757"><ele>695.0</ele><time>2026-07-28T12:40:30Z</time></trkpt><trkpt lat="45.641672" lon="25.603647"><ele>696.3</ele><time>2026-07-28T12:40:38Z</time></trkpt><trkpt lat="45.641642" lon="25.603543"><ele>697.5</ele><time>2026-07-28T12:40:45Z</time></trkpt><trkpt lat="45.641622" lon="25.603435"><ele>698.9</ele><time>2026-07-28T12:41:10Z</time></trkpt><trkpt lat="45.641597" lon="25.603332"><ele>699.8</ele><time>2026-07-28T12:41:17Z</time></trkpt><trkpt lat="45.641562" lon="25.603235"><ele>700.8</ele><time>2026-07-28T12:41:26Z</time></trkpt><trkpt lat="45.641558" lon="25.603128"><ele>701.7</ele><time>2026-07-28T12:41:34Z</time></trkpt><trkpt lat="45.641565" lon="25.603015"><ele>702.5</ele><time>2026-07-28T12:41:44Z</time></trkpt><trkpt lat="45.641573" lon="25.602908"><ele>702.1</ele><time>2026-07-28T12:41:50Z</time></trkpt><trkpt lat="45.641573" lon="25.602793"><ele>701.5</ele><time>2026-07-28T12:41:53Z</time></trkpt><trkpt lat="45.641623" lon="25.602705"><ele>700.7</ele><time>2026-07-28T12:41:56Z</time></trkpt><trkpt lat="45.641662" lon="25.602617"><ele>699.4</ele><time>2026-07-28T12:42:00Z</time></trkpt><trkpt lat="45.641667" lon="25.60249"><ele>698.5</ele><time>2026-07-28T12:42:04Z</time></trkpt><trkpt lat="45.641653" lon="25.602385"><ele>697.9</ele><time>2026-07-28T12:42:07Z</time></trkpt><trkpt lat="45.64169" lon="25.602292"><ele>697.6</ele><time>2026-07-28T12:42:10Z</time></trkpt><trkpt lat="45.641757" lon="25.60221"><ele>697.1</ele><time>2026-07-28T12:42:13Z</time></trkpt><trkpt lat="45.641802" lon="25.602098"><ele>696.5</ele><time>2026-07-28T12:42:17Z</time></trkpt><trkpt lat="45.641873" lon="25.602028"><ele>696.6</ele><time>2026-07-28T12:42:23Z</time></trkpt><trkpt lat="45.641918" lon="25.601938"><ele>696.7</ele><time>2026-07-28T12:42:26Z</time></trkpt><trkpt lat="45.641928" lon="25.601812"><ele>696.5</ele><time>2026-07-28T12:42:30Z</time></trkpt><trkpt lat="45.641938" lon="25.601702"><ele>696.0</ele><time>2026-07-28T12:42:34Z</time></trkpt><trkpt lat="45.641952" lon="25.601598"><ele>694.8</ele><time>2026-07-28T12:42:41Z</time></trkpt><trkpt lat="45.641917" lon="25.601502"><ele>693.4</ele><time>2026-07-28T12:42:53Z</time></trkpt><trkpt lat="45.64191" lon="25.601398"><ele>691.0</ele><time>2026-07-28T12:49:06Z</time></trkpt><trkpt lat="45.64188" lon="25.601293"><ele>690.8</ele><time>2026-07-28T12:49:11Z</time></trkpt><trkpt lat="45.641842" lon="25.601193"><ele>689.2</ele><time>2026-07-28T12:49:15Z</time></trkpt><trkpt lat="45.641827" lon="25.601092"><ele>688.0</ele><time>2026-07-28T12:49:19Z</time></trkpt><trkpt lat="45.641805" lon="25.600982"><ele>686.3</ele><time>2026-07-28T12:49:23Z</time></trkpt><trkpt lat="45.641772" lon="25.60086"><ele>684.1</ele><time>2026-07-28T12:49:27Z</time></trkpt><trkpt lat="45.641747" lon="25.600753"><ele>682.3</ele><time>2026-07-28T12:49:30Z</time></trkpt><trkpt lat="45.641733" lon="25.60065"><ele>681.1</ele><time>2026-07-28T12:49:33Z</time></trkpt><trkpt lat="45.641712" lon="25.600535"><ele>679.3</ele><time>2026-07-28T12:49:36Z</time></trkpt><trkpt lat="45.641683" lon="25.60043"><ele>676.1</ele><time>2026-07-28T12:49:44Z</time></trkpt><trkpt lat="45.641638" lon="25.600348"><ele>675.4</ele><time>2026-07-28T12:50:30Z</time></trkpt><trkpt lat="45.641663" lon="25.60047"><ele>675.2</ele><time>2026-07-28T12:51:20Z</time></trkpt><trkpt lat="45.641713" lon="25.600552"><ele>674.3</ele><time>2026-07-28T12:51:24Z</time></trkpt><trkpt lat="45.64178" lon="25.600638"><ele>673.0</ele><time>2026-07-28T12:51:28Z</time></trkpt><trkpt lat="45.641832" lon="25.600743"><ele>671.2</ele><time>2026-07-28T12:51:32Z</time></trkpt><trkpt lat="45.641883" lon="25.60084"><ele>669.9</ele><time>2026-07-28T12:51:36Z</time></trkpt><trkpt lat="45.641918" lon="25.600937"><ele>668.5</ele><time>2026-07-28T12:51:40Z</time></trkpt><trkpt lat="45.641942" lon="25.600808"><ele>665.7</ele><time>2026-07-28T12:51:53Z</time></trkpt><trkpt lat="45.641928" lon="25.600693"><ele>664.7</ele><time>2026-07-28T12:51:57Z</time></trkpt><trkpt lat="45.641983" lon="25.600778"><ele>660.6</ele><time>2026-07-28T12:52:17Z</time></trkpt><trkpt lat="45.642033" lon="25.60088"><ele>659.4</ele><time>2026-07-28T12:52:20Z</time></trkpt><trkpt lat="45.64209" lon="25.600958"><ele>658.0</ele><time>2026-07-28T12:52:23Z</time></trkpt><trkpt lat="45.64212" lon="25.601063"><ele>656.8</ele><time>2026-07-28T12:52:27Z</time></trkpt><trkpt lat="45.642158" lon="25.600965"><ele>654.8</ele><time>2026-07-28T12:52:40Z</time></trkpt><trkpt lat="45.64215" lon="25.60084"><ele>653.9</ele><time>2026-07-28T12:52:45Z</time></trkpt><trkpt lat="45.64211" lon="25.60072"><ele>652.1</ele><time>2026-07-28T12:52:49Z</time></trkpt><trkpt lat="45.642085" lon="25.600602"><ele>650.9</ele><time>2026-07-28T12:52:52Z</time></trkpt><trkpt lat="45.642068" lon="25.600498"><ele>649.8</ele><time>2026-07-28T12:52:55Z</time></trkpt><trkpt lat="45.642053" lon="25.600388"><ele>648.2</ele><time>2026-07-28T12:52:59Z</time></trkpt><trkpt lat="45.642063" lon="25.600287"><ele>647.4</ele><time>2026-07-28T12:53:02Z</time></trkpt><trkpt lat="45.64209" lon="25.600168"><ele>646.6</ele><time>2026-07-28T12:53:04Z</time></trkpt><trkpt lat="45.642103" lon="25.600012"><ele>645.1</ele><time>2026-07-28T12:53:07Z</time></trkpt><trkpt lat="45.642075" lon="25.599835"><ele>644.2</ele><time>2026-07-28T12:53:09Z</time></trkpt><trkpt lat="45.64204" lon="25.599662"><ele>643.2</ele><time>2026-07-28T12:53:11Z</time></trkpt><trkpt lat="45.642005" lon="25.599473"><ele>641.8</ele><time>2026-07-28T12:53:13Z</time></trkpt><trkpt lat="45.641987" lon="25.599362"><ele>640.9</ele><time>2026-07-28T12:53:14Z</time></trkpt><trkpt lat="45.641965" lon="25.599262"><ele>639.9</ele><time>2026-07-28T12:53:15Z</time></trkpt><trkpt lat="45.641943" lon="25.599162"><ele>638.9</ele><time>2026-07-28T12:53:16Z</time></trkpt><trkpt lat="45.641915" lon="25.599063"><ele>637.8</ele><time>2026-07-28T12:53:17Z</time></trkpt><trkpt lat="45.641882" lon="25.59896"><ele>636.7</ele><time>2026-07-28T12:53:18Z</time></trkpt><trkpt lat="45.641848" lon="25.598852"><ele>635.7</ele><time>2026-07-28T12:53:19Z</time></trkpt><trkpt lat="45.641825" lon="25.598745"><ele>635.7</ele><time>2026-07-28T12:53:20Z</time></trkpt><trkpt lat="45.641792" lon="25.598558"><ele>633.7</ele><time>2026-07-28T12:53:22Z</time></trkpt><trkpt lat="45.641745" lon="25.598402"><ele>631.5</ele><time>2026-07-28T12:53:24Z</time></trkpt><trkpt lat="45.641695" lon="25.598278"><ele>629.3</ele><time>2026-07-28T12:53:26Z</time></trkpt><trkpt lat="45.641695" lon="25.598155"><ele>625.7</ele><time>2026-07-28T12:53:30Z</time></trkpt><trkpt lat="45.641702" lon="25.598267"><ele>624.7</ele><time>2026-07-28T12:57:15Z</time></trkpt><trkpt lat="45.64178" lon="25.598428"><ele>624.2</ele><time>2026-07-28T12:57:17Z</time></trkpt><trkpt lat="45.641822" lon="25.598527"><ele>623.8</ele><time>2026-07-28T12:57:18Z</time></trkpt><trkpt lat="45.641862" lon="25.598627"><ele>623.5</ele><time>2026-07-28T12:57:19Z</time></trkpt><trkpt lat="45.64189" lon="25.598735"><ele>623.1</ele><time>2026-07-28T12:57:20Z</time></trkpt><trkpt lat="45.64192" lon="25.598845"><ele>622.6</ele><time>2026-07-28T12:57:21Z</time></trkpt><trkpt lat="45.641977" lon="25.599003"><ele>621.5</ele><time>2026-07-28T12:57:23Z</time></trkpt><trkpt lat="45.642003" lon="25.599128"><ele>620.8</ele><time>2026-07-28T12:57:25Z</time></trkpt><trkpt lat="45.642062" lon="25.599218"><ele>620.1</ele><time>2026-07-28T12:57:26Z</time></trkpt><trkpt lat="45.64214" lon="25.59928"><ele>618.3</ele><time>2026-07-28T12:57:29Z</time></trkpt><trkpt lat="45.642215" lon="25.599403"><ele>617.2</ele><time>2026-07-28T12:57:31Z</time></trkpt><trkpt lat="45.64228" lon="25.59951"><ele>616.3</ele><time>2026-07-28T12:57:33Z</time></trkpt><trkpt lat="45.642337" lon="25.599583"><ele>614.7</ele><time>2026-07-28T12:57:36Z</time></trkpt><trkpt lat="45.642437" lon="25.59954"><ele>613.8</ele><time>2026-07-28T12:57:38Z</time></trkpt><trkpt lat="45.642507" lon="25.599408"><ele>613.2</ele><time>2026-07-28T12:57:40Z</time></trkpt><trkpt lat="45.642463" lon="25.599327"><ele>613.2</ele><time>2026-07-28T12:57:41Z</time></trkpt><trkpt lat="45.642463" lon="25.599127"><ele>612.6</ele><time>2026-07-28T12:57:43Z</time></trkpt><trkpt lat="45.642468" lon="25.599017"><ele>612.3</ele><time>2026-07-28T12:57:44Z</time></trkpt><trkpt lat="45.642448" lon="25.598828"><ele>611.3</ele><time>2026-07-28T12:57:46Z</time></trkpt><trkpt lat="45.64243" lon="25.59867"><ele>609.6</ele><time>2026-07-28T12:57:49Z</time></trkpt><trkpt lat="45.642423" lon="25.598558"><ele>607.9</ele><time>2026-07-28T12:57:52Z</time></trkpt><trkpt lat="45.642495" lon="25.598557"><ele>601.4</ele><time>2026-07-28T12:58:08Z</time></trkpt><trkpt lat="45.642573" lon="25.598552"><ele>600.7</ele><time>2026-07-28T12:58:10Z</time></trkpt><trkpt lat="45.642653" lon="25.598563"><ele>598.1</ele><time>2026-07-28T12:58:14Z</time></trkpt><trkpt lat="45.642725" lon="25.598532"><ele>596.9</ele><time>2026-07-28T12:58:18Z</time></trkpt><trkpt lat="45.642787" lon="25.598462"><ele>596.5</ele><time>2026-07-28T12:58:20Z</time></trkpt><trkpt lat="45.642832" lon="25.598378"><ele>595.7</ele><time>2026-07-28T12:58:22Z</time></trkpt><trkpt lat="45.642887" lon="25.59829"><ele>593.1</ele><time>2026-07-28T12:58:26Z</time></trkpt><trkpt lat="45.64295" lon="25.598228"><ele>591.3</ele><time>2026-07-28T12:58:31Z</time></trkpt><trkpt lat="45.642983" lon="25.598132"><ele>590.6</ele><time>2026-07-28T12:59:00Z</time></trkpt><trkpt lat="45.642935" lon="25.598023"><ele>590.5</ele><time>2026-07-28T12:59:04Z</time></trkpt><trkpt lat="45.642992" lon="25.597915"><ele>590.4</ele><time>2026-07-28T12:59:08Z</time></trkpt><trkpt lat="45.643053" lon="25.597815"><ele>589.3</ele><time>2026-07-28T12:59:12Z</time></trkpt><trkpt lat="45.643108" lon="25.597715"><ele>588.3</ele><time>2026-07-28T12:59:15Z</time></trkpt><trkpt lat="45.643173" lon="25.597608"><ele>587.5</ele><time>2026-07-28T12:59:18Z</time></trkpt><trkpt lat="45.643223" lon="25.59753"><ele>586.2</ele><time>2026-07-28T12:59:23Z</time></trkpt><trkpt lat="45.64328" lon="25.59744"><ele>585.9</ele><time>2026-07-28T12:59:26Z</time></trkpt><trkpt lat="45.643338" lon="25.597353"><ele>585.7</ele><time>2026-07-28T12:59:29Z</time></trkpt><trkpt lat="45.643405" lon="25.597247"><ele>585.5</ele><time>2026-07-28T12:59:32Z</time></trkpt><trkpt lat="45.643457" lon="25.59717"><ele>584.7</ele><time>2026-07-28T12:59:35Z</time></trkpt><trkpt lat="45.6435" lon="25.597087"><ele>583.2</ele><time>2026-07-28T13:00:07Z</time></trkpt><trkpt lat="45.64357" lon="25.597178"><ele>583.1</ele><time>2026-07-28T13:00:12Z</time></trkpt><trkpt lat="45.643637" lon="25.597273"><ele>583.2</ele><time>2026-07-28T13:00:16Z</time></trkpt><trkpt lat="45.643727" lon="25.597347"><ele>583.3</ele><time>2026-07-28T13:00:19Z</time></trkpt><trkpt lat="45.643807" lon="25.597415"><ele>582.8</ele><time>2026-07-28T13:00:22Z</time></trkpt><trkpt lat="45.64387" lon="25.597472"><ele>582.5</ele><time>2026-07-28T13:00:25Z</time></trkpt><trkpt lat="45.643933" lon="25.597535"><ele>582.5</ele><time>2026-07-28T13:00:28Z</time></trkpt><trkpt lat="45.643982" lon="25.59763"><ele>582.6</ele><time>2026-07-28T13:00:30Z</time></trkpt><trkpt lat="45.644027" lon="25.597723"><ele>582.8</ele><time>2026-07-28T13:00:32Z</time></trkpt><trkpt lat="45.64411" lon="25.597822"><ele>582.8</ele><time>2026-07-28T13:00:36Z</time></trkpt><trkpt lat="45.64419" lon="25.597927"><ele>582.8</ele><time>2026-07-28T13:00:38Z</time></trkpt><trkpt lat="45.644258" lon="25.598005"><ele>582.6</ele><time>2026-07-28T13:00:40Z</time></trkpt><trkpt lat="45.64433" lon="25.598082"><ele>582.4</ele><time>2026-07-28T13:00:42Z</time></trkpt><trkpt lat="45.644387" lon="25.598165"><ele>582.3</ele><time>2026-07-28T13:00:44Z</time></trkpt><trkpt lat="45.644458" lon="25.598235"><ele>582.3</ele><time>2026-07-28T13:00:46Z</time></trkpt><trkpt lat="45.644515" lon="25.598308"><ele>582.2</ele><time>2026-07-28T13:00:48Z</time></trkpt><trkpt lat="45.64457" lon="25.598378"><ele>582.1</ele><time>2026-07-28T13:00:50Z</time></trkpt><trkpt lat="45.6446" lon="25.598493"><ele>582.1</ele><time>2026-07-28T13:00:53Z</time></trkpt><trkpt lat="45.644653" lon="25.598617"><ele>581.9</ele><time>2026-07-28T13:00:56Z</time></trkpt><trkpt lat="45.644705" lon="25.598693"><ele>581.8</ele><time>2026-07-28T13:00:58Z</time></trkpt><trkpt lat="45.644745" lon="25.59878"><ele>581.5</ele><time>2026-07-28T13:01:01Z</time></trkpt><trkpt lat="45.644815" lon="25.598848"><ele>581.2</ele><time>2026-07-28T13:01:03Z</time></trkpt><trkpt lat="45.644903" lon="25.598893"><ele>581.0</ele><time>2026-07-28T13:01:06Z</time></trkpt><trkpt lat="45.644957" lon="25.59899"><ele>581.3</ele><time>2026-07-28T13:01:08Z</time></trkpt><trkpt lat="45.64504" lon="25.599075"><ele>581.4</ele><time>2026-07-28T13:01:11Z</time></trkpt><trkpt lat="45.645102" lon="25.599145"><ele>580.5</ele><time>2026-07-28T13:01:15Z</time></trkpt><trkpt lat="45.645173" lon="25.599187"><ele>580.0</ele><time>2026-07-28T13:01:18Z</time></trkpt><trkpt lat="45.64525" lon="25.59921"><ele>580.1</ele><time>2026-07-28T13:01:21Z</time></trkpt><trkpt lat="45.645325" lon="25.599253"><ele>579.7</ele><time>2026-07-28T13:01:24Z</time></trkpt><trkpt lat="45.645393" lon="25.599318"><ele>579.4</ele><time>2026-07-28T13:01:27Z</time></trkpt><trkpt lat="45.645462" lon="25.599352"><ele>579.1</ele><time>2026-07-28T13:01:30Z</time></trkpt><trkpt lat="45.64553" lon="25.599398"><ele>578.9</ele><time>2026-07-28T13:01:36Z</time></trkpt><trkpt lat="45.6456" lon="25.59942"><ele>578.3</ele><time>2026-07-28T13:03:18Z</time></trkpt><trkpt lat="45.64553" lon="25.599375"><ele>578.7</ele><time>2026-07-28T13:05:00Z</time></trkpt><trkpt lat="45.645468" lon="25.599318"><ele>578.9</ele><time>2026-07-28T13:05:03Z</time></trkpt><trkpt lat="45.645402" lon="25.59925"><ele>578.8</ele><time>2026-07-28T13:05:06Z</time></trkpt><trkpt lat="45.645338" lon="25.599187"><ele>578.7</ele><time>2026-07-28T13:05:11Z</time></trkpt><trkpt lat="45.645387" lon="25.599098"><ele>578.3</ele><time>2026-07-28T13:05:20Z</time></trkpt><trkpt lat="45.645427" lon="25.599007"><ele>578.5</ele><time>2026-07-28T13:05:27Z</time></trkpt><trkpt lat="45.645363" lon="25.598925"><ele>578.1</ele><time>2026-07-28T13:06:00Z</time></trkpt><trkpt lat="45.645285" lon="25.598935"><ele>578.3</ele><time>2026-07-28T13:06:03Z</time></trkpt><trkpt lat="45.645182" lon="25.59893"><ele>578.4</ele><time>2026-07-28T13:06:06Z</time></trkpt><trkpt lat="45.645095" lon="25.598862"><ele>578.6</ele><time>2026-07-28T13:06:09Z</time></trkpt><trkpt lat="45.645035" lon="25.598797"><ele>578.7</ele><time>2026-07-28T13:06:11Z</time></trkpt><trkpt lat="45.644972" lon="25.598732"><ele>578.8</ele><time>2026-07-28T13:06:13Z</time></trkpt><trkpt lat="45.644892" lon="25.598625"><ele>579.2</ele><time>2026-07-28T13:06:16Z</time></trkpt><trkpt lat="45.644843" lon="25.598542"><ele>579.5</ele><time>2026-07-28T13:06:18Z</time></trkpt><trkpt lat="45.644802" lon="25.598418"><ele>571.6</ele><time>2026-07-28T13:06:21Z</time></trkpt><trkpt lat="45.644763" lon="25.598325"><ele>571.8</ele><time>2026-07-28T13:06:23Z</time></trkpt><trkpt lat="45.644703" lon="25.598243"><ele>572.5</ele><time>2026-07-28T13:06:26Z</time></trkpt><trkpt lat="45.644647" lon="25.598155"><ele>572.9</ele><time>2026-07-28T13:06:29Z</time></trkpt><trkpt lat="45.644568" lon="25.598068"><ele>573.0</ele><time>2026-07-28T13:06:32Z</time></trkpt><trkpt lat="45.644458" lon="25.597978"><ele>572.6</ele><time>2026-07-28T13:06:35Z</time></trkpt><trkpt lat="45.644393" lon="25.59788"><ele>572.7</ele><time>2026-07-28T13:06:37Z</time></trkpt><trkpt lat="45.644332" lon="25.597805"><ele>572.9</ele><time>2026-07-28T13:06:39Z</time></trkpt><trkpt lat="45.644275" lon="25.597743"><ele>572.9</ele><time>2026-07-28T13:06:41Z</time></trkpt><trkpt lat="45.644187" lon="25.59766"><ele>573.1</ele><time>2026-07-28T13:06:44Z</time></trkpt><trkpt lat="45.644103" lon="25.597567"><ele>573.2</ele><time>2026-07-28T13:06:46Z</time></trkpt><trkpt lat="45.64403" lon="25.59746"><ele>573.2</ele><time>2026-07-28T13:06:49Z</time></trkpt><trkpt lat="45.643952" lon="25.597388"><ele>573.2</ele><time>2026-07-28T13:06:52Z</time></trkpt><trkpt lat="45.64389" lon="25.597308"><ele>573.3</ele><time>2026-07-28T13:06:56Z</time></trkpt><trkpt lat="45.643813" lon="25.5973"><ele>573.5</ele><time>2026-07-28T13:07:32Z</time></trkpt><trkpt lat="45.64375" lon="25.597177"><ele>573.9</ele><time>2026-07-28T13:07:35Z</time></trkpt><trkpt lat="45.643727" lon="25.597075"><ele>574.2</ele><time>2026-07-28T13:07:37Z</time></trkpt><trkpt lat="45.643722" lon="25.59696"><ele>574.1</ele><time>2026-07-28T13:07:39Z</time></trkpt><trkpt lat="45.643782" lon="25.59686"><ele>574.1</ele><time>2026-07-28T13:07:41Z</time></trkpt><trkpt lat="45.64385" lon="25.59675"><ele>574.0</ele><time>2026-07-28T13:07:44Z</time></trkpt><trkpt lat="45.6439" lon="25.596648"><ele>574.0</ele><time>2026-07-28T13:07:46Z</time></trkpt><trkpt lat="45.643953" lon="25.59657"><ele>574.1</ele><time>2026-07-28T13:07:48Z</time></trkpt><trkpt lat="45.644018" lon="25.596477"><ele>574.4</ele><time>2026-07-28T13:07:50Z</time></trkpt><trkpt lat="45.64409" lon="25.5964"><ele>574.4</ele><time>2026-07-28T13:07:52Z</time></trkpt><trkpt lat="45.644165" lon="25.596288"><ele>574.3</ele><time>2026-07-28T13:07:55Z</time></trkpt><trkpt lat="45.644238" lon="25.596165"><ele>574.3</ele><time>2026-07-28T13:07:58Z</time></trkpt><trkpt lat="45.644322" lon="25.596137"><ele>574.4</ele><time>2026-07-28T13:08:00Z</time></trkpt><trkpt lat="45.644368" lon="25.596038"><ele>575.0</ele><time>2026-07-28T13:08:02Z</time></trkpt><trkpt lat="45.644407" lon="25.595915"><ele>575.8</ele><time>2026-07-28T13:08:05Z</time></trkpt><trkpt lat="45.644463" lon="25.5958"><ele>575.5</ele><time>2026-07-28T13:08:08Z</time></trkpt><trkpt lat="45.644517" lon="25.595688"><ele>574.5</ele><time>2026-07-28T13:08:11Z</time></trkpt><trkpt lat="45.644567" lon="25.595595"><ele>574.4</ele><time>2026-07-28T13:08:14Z</time></trkpt><trkpt lat="45.644602" lon="25.59549"><ele>574.5</ele><time>2026-07-28T13:08:17Z</time></trkpt><trkpt lat="45.644655" lon="25.595397"><ele>574.6</ele><time>2026-07-28T13:08:20Z</time></trkpt><trkpt lat="45.644715" lon="25.595328"><ele>574.7</ele><time>2026-07-28T13:08:23Z</time></trkpt><trkpt lat="45.644783" lon="25.595283"><ele>574.9</ele><time>2026-07-28T13:08:26Z</time></trkpt><trkpt lat="45.644852" lon="25.595247"><ele>575.0</ele><time>2026-07-28T13:08:30Z</time></trkpt><trkpt lat="45.644937" lon="25.595252"><ele>575.1</ele><time>2026-07-28T13:08:50Z</time></trkpt><trkpt lat="45.645015" lon="25.59523"><ele>575.2</ele><time>2026-07-28T13:08:51Z</time></trkpt><trkpt lat="45.645098" lon="25.595163"><ele>575.4</ele><time>2026-07-28T13:08:55Z</time></trkpt><trkpt lat="45.645122" lon="25.59502"><ele>575.5</ele><time>2026-07-28T13:08:58Z</time></trkpt><trkpt lat="45.645137" lon="25.594873"><ele>575.8</ele><time>2026-07-28T13:09:01Z</time></trkpt><trkpt lat="45.645155" lon="25.59473"><ele>576.4</ele><time>2026-07-28T13:09:04Z</time></trkpt><trkpt lat="45.645172" lon="25.594628"><ele>576.7</ele><time>2026-07-28T13:09:06Z</time></trkpt><trkpt lat="45.645188" lon="25.594527"><ele>576.8</ele><time>2026-07-28T13:09:08Z</time></trkpt><trkpt lat="45.645202" lon="25.594395"><ele>576.5</ele><time>2026-07-28T13:09:11Z</time></trkpt><trkpt lat="45.645212" lon="25.59427"><ele>576.5</ele><time>2026-07-28T13:09:14Z</time></trkpt><trkpt lat="45.645235" lon="25.594137"><ele>576.5</ele><time>2026-07-28T13:09:17Z</time></trkpt><trkpt lat="45.645258" lon="25.594008"><ele>576.6</ele><time>2026-07-28T13:09:20Z</time></trkpt><trkpt lat="45.645278" lon="25.593877"><ele>576.8</ele><time>2026-07-28T13:09:24Z</time></trkpt><trkpt lat="45.645297" lon="25.59374"><ele>576.9</ele><time>2026-07-28T13:09:27Z</time></trkpt><trkpt lat="45.645322" lon="25.593622"><ele>577.2</ele><time>2026-07-28T13:09:30Z</time></trkpt><trkpt lat="45.64534" lon="25.593505"><ele>577.4</ele><time>2026-07-28T13:09:33Z</time></trkpt><trkpt lat="45.645365" lon="25.59338"><ele>577.6</ele><time>2026-07-28T13:09:36Z</time></trkpt><trkpt lat="45.645392" lon="25.593248"><ele>577.9</ele><time>2026-07-28T13:09:39Z</time></trkpt><trkpt lat="45.645392" lon="25.593135"><ele>577.9</ele><time>2026-07-28T13:09:42Z</time></trkpt><trkpt lat="45.645397" lon="25.593032"><ele>578.0</ele><time>2026-07-28T13:09:44Z</time></trkpt><trkpt lat="45.645408" lon="25.592915"><ele>578.1</ele><time>2026-07-28T13:09:46Z</time></trkpt><trkpt lat="45.645415" lon="25.592807"><ele>578.2</ele><time>2026-07-28T13:09:48Z</time></trkpt><trkpt lat="45.645435" lon="25.592685"><ele>578.2</ele><time>2026-07-28T13:09:50Z</time></trkpt><trkpt lat="45.645447" lon="25.592583"><ele>578.3</ele><time>2026-07-28T13:09:52Z</time></trkpt><trkpt lat="45.645475" lon="25.592413"><ele>578.4</ele><time>2026-07-28T13:09:54Z</time></trkpt><trkpt lat="45.645517" lon="25.592267"><ele>578.6</ele><time>2026-07-28T13:09:56Z</time></trkpt><trkpt lat="45.645533" lon="25.592162"><ele>578.8</ele><time>2026-07-28T13:09:58Z</time></trkpt><trkpt lat="45.64555" lon="25.592057"><ele>579.0</ele><time>2026-07-28T13:10:00Z</time></trkpt><trkpt lat="45.64556" lon="25.591935"><ele>579.0</ele><time>2026-07-28T13:10:02Z</time></trkpt><trkpt lat="45.645577" lon="25.591815"><ele>579.0</ele><time>2026-07-28T13:10:04Z</time></trkpt><trkpt lat="45.64559" lon="25.5917"><ele>579.0</ele><time>2026-07-28T13:10:06Z</time></trkpt><trkpt lat="45.645605" lon="25.59158"><ele>579.0</ele><time>2026-07-28T13:10:08Z</time></trkpt><trkpt lat="45.645622" lon="25.591457"><ele>579.0</ele><time>2026-07-28T13:10:10Z</time></trkpt><trkpt lat="45.645628" lon="25.591337"><ele>578.9</ele><time>2026-07-28T13:10:12Z</time></trkpt><trkpt lat="45.645643" lon="25.591208"><ele>578.7</ele><time>2026-07-28T13:10:14Z</time></trkpt><trkpt lat="45.645663" lon="25.591105"><ele>578.4</ele><time>2026-07-28T13:10:17Z</time></trkpt><trkpt lat="45.645685" lon="25.590957"><ele>578.2</ele><time>2026-07-28T13:10:19Z</time></trkpt><trkpt lat="45.645698" lon="25.590842"><ele>578.2</ele><time>2026-07-28T13:10:21Z</time></trkpt><trkpt lat="45.645707" lon="25.590727"><ele>578.3</ele><time>2026-07-28T13:10:23Z</time></trkpt><trkpt lat="45.645718" lon="25.590618"><ele>578.2</ele><time>2026-07-28T13:10:25Z</time></trkpt><trkpt lat="45.645732" lon="25.590498"><ele>578.1</ele><time>2026-07-28T13:10:27Z</time></trkpt><trkpt lat="45.645752" lon="25.590347"><ele>577.9</ele><time>2026-07-28T13:10:30Z</time></trkpt><trkpt lat="45.645767" lon="25.590243"><ele>578.1</ele><time>2026-07-28T13:10:32Z</time></trkpt><trkpt lat="45.6458" lon="25.59014"><ele>578.2</ele><time>2026-07-28T13:10:34Z</time></trkpt><trkpt lat="45.64585" lon="25.590052"><ele>578.3</ele><time>2026-07-28T13:10:36Z</time></trkpt><trkpt lat="45.64592" lon="25.589962"><ele>578.4</ele><time>2026-07-28T13:10:38Z</time></trkpt><trkpt lat="45.645965" lon="25.589872"><ele>578.5</ele><time>2026-07-28T13:10:40Z</time></trkpt><trkpt lat="45.646047" lon="25.589823"><ele>578.3</ele><time>2026-07-28T13:10:42Z</time></trkpt><trkpt lat="45.64613" lon="25.589785"><ele>578.2</ele><time>2026-07-28T13:10:44Z</time></trkpt><trkpt lat="45.646212" lon="25.589765"><ele>578.1</ele><time>2026-07-28T13:10:46Z</time></trkpt><trkpt lat="45.646302" lon="25.589715"><ele>577.8</ele><time>2026-07-28T13:10:48Z</time></trkpt><trkpt lat="45.646408" lon="25.58968"><ele>577.4</ele><time>2026-07-28T13:10:50Z</time></trkpt><trkpt lat="45.64652" lon="25.58963"><ele>577.2</ele><time>2026-07-28T13:10:52Z</time></trkpt><trkpt lat="45.646627" lon="25.58959"><ele>577.1</ele><time>2026-07-28T13:10:54Z</time></trkpt><trkpt lat="45.646727" lon="25.58954"><ele>577.0</ele><time>2026-07-28T13:10:56Z</time></trkpt><trkpt lat="45.646833" lon="25.58951"><ele>576.8</ele><time>2026-07-28T13:10:58Z</time></trkpt><trkpt lat="45.6469" lon="25.589452"><ele>576.3</ele><time>2026-07-28T13:11:00Z</time></trkpt><trkpt lat="45.646982" lon="25.589412"><ele>575.6</ele><time>2026-07-28T13:11:03Z</time></trkpt><trkpt lat="45.647082" lon="25.589355"><ele>575.0</ele><time>2026-07-28T13:11:06Z</time></trkpt><trkpt lat="45.647152" lon="25.589312"><ele>575.1</ele><time>2026-07-28T13:11:08Z</time></trkpt><trkpt lat="45.647233" lon="25.58927"><ele>575.2</ele><time>2026-07-28T13:11:10Z</time></trkpt><trkpt lat="45.647338" lon="25.589243"><ele>575.3</ele><time>2026-07-28T13:11:12Z</time></trkpt><trkpt lat="45.647447" lon="25.589215"><ele>575.4</ele><time>2026-07-28T13:11:14Z</time></trkpt><trkpt lat="45.64755" lon="25.589182"><ele>575.4</ele><time>2026-07-28T13:11:16Z</time></trkpt><trkpt lat="45.647652" lon="25.589142"><ele>575.1</ele><time>2026-07-28T13:11:18Z</time></trkpt><trkpt lat="45.647745" lon="25.589107"><ele>574.9</ele><time>2026-07-28T13:11:20Z</time></trkpt><trkpt lat="45.647833" lon="25.589065"><ele>574.6</ele><time>2026-07-28T13:11:22Z</time></trkpt><trkpt lat="45.647932" lon="25.58902"><ele>574.4</ele><time>2026-07-28T13:11:24Z</time></trkpt><trkpt lat="45.64801" lon="25.58897"><ele>574.3</ele><time>2026-07-28T13:11:26Z</time></trkpt><trkpt lat="45.648107" lon="25.588938"><ele>574.1</ele><time>2026-07-28T13:11:28Z</time></trkpt><trkpt lat="45.648193" lon="25.588908"><ele>573.7</ele><time>2026-07-28T13:11:30Z</time></trkpt><trkpt lat="45.648278" lon="25.588878"><ele>573.6</ele><time>2026-07-28T13:11:32Z</time></trkpt><trkpt lat="45.648362" lon="25.588857"><ele>573.5</ele><time>2026-07-28T13:11:34Z</time></trkpt><trkpt lat="45.648458" lon="25.588833"><ele>573.4</ele><time>2026-07-28T13:11:36Z</time></trkpt><trkpt lat="45.64855" lon="25.588802"><ele>573.3</ele><time>2026-07-28T13:11:38Z</time></trkpt><trkpt lat="45.648647" lon="25.588762"><ele>573.3</ele><time>2026-07-28T13:11:40Z</time></trkpt><trkpt lat="45.648715" lon="25.588708"><ele>573.1</ele><time>2026-07-28T13:11:42Z</time></trkpt><trkpt lat="45.648828" lon="25.588633"><ele>572.6</ele><time>2026-07-28T13:11:45Z</time></trkpt><trkpt lat="45.648925" lon="25.588552"><ele>572.3</ele><time>2026-07-28T13:11:47Z</time></trkpt><trkpt lat="45.649018" lon="25.58848"><ele>572.2</ele><time>2026-07-28T13:11:49Z</time></trkpt><trkpt lat="45.649107" lon="25.588412"><ele>572.2</ele><time>2026-07-28T13:11:51Z</time></trkpt><trkpt lat="45.649202" lon="25.588342"><ele>572.1</ele><time>2026-07-28T13:11:53Z</time></trkpt><trkpt lat="45.649292" lon="25.588277"><ele>572.0</ele><time>2026-07-28T13:11:55Z</time></trkpt><trkpt lat="45.649388" lon="25.588212"><ele>571.8</ele><time>2026-07-28T13:11:57Z</time></trkpt><trkpt lat="45.649472" lon="25.588133"><ele>571.7</ele><time>2026-07-28T13:11:59Z</time></trkpt><trkpt lat="45.649565" lon="25.588073"><ele>571.5</ele><time>2026-07-28T13:12:01Z</time></trkpt><trkpt lat="45.649642" lon="25.58801"><ele>571.0</ele><time>2026-07-28T13:12:03Z</time></trkpt><trkpt lat="45.64972" lon="25.587937"><ele>570.3</ele><time>2026-07-28T13:12:05Z</time></trkpt><trkpt lat="45.649795" lon="25.587875"><ele>569.5</ele><time>2026-07-28T13:12:07Z</time></trkpt><trkpt lat="45.649872" lon="25.587813"><ele>569.0</ele><time>2026-07-28T13:12:09Z</time></trkpt><trkpt lat="45.64994" lon="25.587748"><ele>568.4</ele><time>2026-07-28T13:12:11Z</time></trkpt><trkpt lat="45.65004" lon="25.587702"><ele>568.3</ele><time>2026-07-28T13:12:14Z</time></trkpt><trkpt lat="45.65011" lon="25.58765"><ele>568.5</ele><time>2026-07-28T13:12:16Z</time></trkpt><trkpt lat="45.650177" lon="25.587595"><ele>568.9</ele><time>2026-07-28T13:12:18Z</time></trkpt><trkpt lat="45.650248" lon="25.587553"><ele>568.7</ele><time>2026-07-28T13:12:21Z</time></trkpt><trkpt lat="45.65033" lon="25.587493"><ele>568.4</ele><time>2026-07-28T13:12:24Z</time></trkpt><trkpt lat="45.650425" lon="25.58743"><ele>568.6</ele><time>2026-07-28T13:12:27Z</time></trkpt><trkpt lat="45.650487" lon="25.587372"><ele>568.6</ele><time>2026-07-28T13:12:29Z</time></trkpt><trkpt lat="45.65055" lon="25.587303"><ele>568.0</ele><time>2026-07-28T13:12:32Z</time></trkpt><trkpt lat="45.65064" lon="25.58724"><ele>567.6</ele><time>2026-07-28T13:12:35Z</time></trkpt><trkpt lat="45.650752" lon="25.587152"><ele>567.7</ele><time>2026-07-28T13:12:38Z</time></trkpt><trkpt lat="45.65082" lon="25.587078"><ele>567.8</ele><time>2026-07-28T13:12:41Z</time></trkpt><trkpt lat="45.650935" lon="25.586965"><ele>567.8</ele><time>2026-07-28T13:12:43Z</time></trkpt><trkpt lat="45.651055" lon="25.58688"><ele>567.8</ele><time>2026-07-28T13:12:45Z</time></trkpt><trkpt lat="45.651133" lon="25.586785"><ele>567.9</ele><time>2026-07-28T13:12:47Z</time></trkpt><trkpt lat="45.651235" lon="25.586665"><ele>567.8</ele><time>2026-07-28T13:12:49Z</time></trkpt><trkpt lat="45.651327" lon="25.586563"><ele>567.6</ele><time>2026-07-28T13:12:51Z</time></trkpt><trkpt lat="45.651442" lon="25.586463"><ele>567.3</ele><time>2026-07-28T13:12:53Z</time></trkpt><trkpt lat="45.651537" lon="25.586353"><ele>567.3</ele><time>2026-07-28T13:12:55Z</time></trkpt><trkpt lat="45.651642" lon="25.586272"><ele>567.0</ele><time>2026-07-28T13:12:57Z</time></trkpt><trkpt lat="45.6517" lon="25.586205"><ele>566.8</ele><time>2026-07-28T13:12:58Z</time></trkpt><trkpt lat="45.651792" lon="25.586133"><ele>566.4</ele><time>2026-07-28T13:13:00Z</time></trkpt><trkpt lat="45.651882" lon="25.586053"><ele>566.2</ele><time>2026-07-28T13:13:02Z</time></trkpt><trkpt lat="45.651985" lon="25.585982"><ele>566.2</ele><time>2026-07-28T13:13:04Z</time></trkpt><trkpt lat="45.65204" lon="25.58591"><ele>566.1</ele><time>2026-07-28T13:13:05Z</time></trkpt><trkpt lat="45.652133" lon="25.585815"><ele>565.9</ele><time>2026-07-28T13:13:07Z</time></trkpt><trkpt lat="45.65219" lon="25.58575"><ele>565.1</ele><time>2026-07-28T13:13:09Z</time></trkpt><trkpt lat="45.652237" lon="25.585657"><ele>562.9</ele><time>2026-07-28T13:13:32Z</time></trkpt><trkpt lat="45.652293" lon="25.585592"><ele>563.0</ele><time>2026-07-28T13:13:34Z</time></trkpt><trkpt lat="45.652372" lon="25.58551"><ele>563.2</ele><time>2026-07-28T13:13:37Z</time></trkpt><trkpt lat="45.652438" lon="25.585418"><ele>563.2</ele><time>2026-07-28T13:13:39Z</time></trkpt><trkpt lat="45.652517" lon="25.585332"><ele>563.3</ele><time>2026-07-28T13:13:41Z</time></trkpt><trkpt lat="45.652595" lon="25.58523"><ele>563.3</ele><time>2026-07-28T13:13:43Z</time></trkpt><trkpt lat="45.652688" lon="25.585148"><ele>563.5</ele><time>2026-07-28T13:13:45Z</time></trkpt><trkpt lat="45.652758" lon="25.585045"><ele>563.7</ele><time>2026-07-28T13:13:47Z</time></trkpt><trkpt lat="45.652842" lon="25.584943"><ele>564.3</ele><time>2026-07-28T13:13:49Z</time></trkpt><trkpt lat="45.652937" lon="25.584847"><ele>564.2</ele><time>2026-07-28T13:13:51Z</time></trkpt><trkpt lat="45.653032" lon="25.584758"><ele>563.7</ele><time>2026-07-28T13:13:53Z</time></trkpt><trkpt lat="45.65314" lon="25.584638"><ele>562.9</ele><time>2026-07-28T13:13:55Z</time></trkpt><trkpt lat="45.653222" lon="25.584502"><ele>562.7</ele><time>2026-07-28T13:13:57Z</time></trkpt><trkpt lat="45.653325" lon="25.584407"><ele>562.6</ele><time>2026-07-28T13:13:59Z</time></trkpt><trkpt lat="45.653417" lon="25.584388"><ele>562.6</ele><time>2026-07-28T13:14:00Z</time></trkpt><trkpt lat="45.653513" lon="25.58438"><ele>562.6</ele><time>2026-07-28T13:14:01Z</time></trkpt><trkpt lat="45.653542" lon="25.584252"><ele>562.4</ele><time>2026-07-28T13:14:03Z</time></trkpt><trkpt lat="45.653652" lon="25.584145"><ele>562.1</ele><time>2026-07-28T13:14:05Z</time></trkpt><trkpt lat="45.65377" lon="25.584055"><ele>561.9</ele><time>2026-07-28T13:14:07Z</time></trkpt><trkpt lat="45.65388" lon="25.583955"><ele>561.9</ele><time>2026-07-28T13:14:09Z</time></trkpt><trkpt lat="45.654002" lon="25.583857"><ele>562.0</ele><time>2026-07-28T13:14:11Z</time></trkpt><trkpt lat="45.654125" lon="25.583748"><ele>562.3</ele><time>2026-07-28T13:14:13Z</time></trkpt><trkpt lat="45.654222" lon="25.583643"><ele>562.4</ele><time>2026-07-28T13:14:15Z</time></trkpt><trkpt lat="45.654312" lon="25.58355"><ele>562.0</ele><time>2026-07-28T13:14:17Z</time></trkpt><trkpt lat="45.65441" lon="25.583467"><ele>561.0</ele><time>2026-07-28T13:14:19Z</time></trkpt><trkpt lat="45.654493" lon="25.583408"><ele>560.6</ele><time>2026-07-28T13:14:20Z</time></trkpt><trkpt lat="45.654625" lon="25.583317"><ele>560.2</ele><time>2026-07-28T13:14:22Z</time></trkpt><trkpt lat="45.65471" lon="25.583223"><ele>560.1</ele><time>2026-07-28T13:14:23Z</time></trkpt><trkpt lat="45.654787" lon="25.583153"><ele>560.1</ele><time>2026-07-28T13:14:24Z</time></trkpt><trkpt lat="45.654857" lon="25.583123"><ele>560.2</ele><time>2026-07-28T13:14:26Z</time></trkpt><trkpt lat="45.654963" lon="25.583045"><ele>560.2</ele><time>2026-07-28T13:14:28Z</time></trkpt><trkpt lat="45.65508" lon="25.582928"><ele>559.9</ele><time>2026-07-28T13:14:30Z</time></trkpt><trkpt lat="45.655188" lon="25.582845"><ele>559.8</ele><time>2026-07-28T13:14:32Z</time></trkpt><trkpt lat="45.655302" lon="25.582772"><ele>559.3</ele><time>2026-07-28T13:14:34Z</time></trkpt><trkpt lat="45.655407" lon="25.582677"><ele>558.7</ele><time>2026-07-28T13:14:36Z</time></trkpt><trkpt lat="45.655503" lon="25.582593"><ele>558.3</ele><time>2026-07-28T13:14:38Z</time></trkpt><trkpt lat="45.655603" lon="25.582512"><ele>557.9</ele><time>2026-07-28T13:14:40Z</time></trkpt><trkpt lat="45.655695" lon="25.582427"><ele>557.6</ele><time>2026-07-28T13:14:42Z</time></trkpt><trkpt lat="45.655787" lon="25.582357"><ele>557.1</ele><time>2026-07-28T13:14:44Z</time></trkpt><trkpt lat="45.655883" lon="25.58228"><ele>556.9</ele><time>2026-07-28T13:14:46Z</time></trkpt><trkpt lat="45.655985" lon="25.582197"><ele>556.8</ele><time>2026-07-28T13:14:48Z</time></trkpt><trkpt lat="45.656092" lon="25.582117"><ele>556.9</ele><time>2026-07-28T13:14:50Z</time></trkpt><trkpt lat="45.6562" lon="25.582043"><ele>557.0</ele><time>2026-07-28T13:14:52Z</time></trkpt><trkpt lat="45.65631" lon="25.581957"><ele>556.8</ele><time>2026-07-28T13:14:54Z</time></trkpt><trkpt lat="45.656425" lon="25.581865"><ele>556.7</ele><time>2026-07-28T13:14:56Z</time></trkpt><trkpt lat="45.656535" lon="25.581807"><ele>556.4</ele><time>2026-07-28T13:14:58Z</time></trkpt><trkpt lat="45.656638" lon="25.58174"><ele>556.3</ele><time>2026-07-28T13:15:00Z</time></trkpt><trkpt lat="45.656743" lon="25.581685"><ele>555.8</ele><time>2026-07-28T13:15:02Z</time></trkpt><trkpt lat="45.656838" lon="25.581627"><ele>555.3</ele><time>2026-07-28T13:15:04Z</time></trkpt><trkpt lat="45.656957" lon="25.581575"><ele>554.9</ele><time>2026-07-28T13:15:06Z</time></trkpt><trkpt lat="45.657055" lon="25.5815"><ele>554.7</ele><time>2026-07-28T13:15:08Z</time></trkpt><trkpt lat="45.657172" lon="25.581437"><ele>554.9</ele><time>2026-07-28T13:15:10Z</time></trkpt><trkpt lat="45.657282" lon="25.581373"><ele>554.9</ele><time>2026-07-28T13:15:12Z</time></trkpt><trkpt lat="45.657382" lon="25.581292"><ele>554.9</ele><time>2026-07-28T13:15:14Z</time></trkpt><trkpt lat="45.657505" lon="25.581223"><ele>554.9</ele><time>2026-07-28T13:15:16Z</time></trkpt><trkpt lat="45.65762" lon="25.581153"><ele>554.6</ele><time>2026-07-28T13:15:18Z</time></trkpt><trkpt lat="45.657733" lon="25.581067"><ele>554.2</ele><time>2026-07-28T13:15:20Z</time></trkpt><trkpt lat="45.657842" lon="25.581025"><ele>553.8</ele><time>2026-07-28T13:15:22Z</time></trkpt><trkpt lat="45.657957" lon="25.580958"><ele>553.4</ele><time>2026-07-28T13:15:24Z</time></trkpt><trkpt lat="45.658072" lon="25.580888"><ele>552.7</ele><time>2026-07-28T13:15:26Z</time></trkpt><trkpt lat="45.658188" lon="25.580825"><ele>552.8</ele><time>2026-07-28T13:15:28Z</time></trkpt><trkpt lat="45.65826" lon="25.580743"><ele>553.2</ele><time>2026-07-28T13:15:30Z</time></trkpt><trkpt lat="45.65833" lon="25.580713"><ele>553.3</ele><time>2026-07-28T13:15:31Z</time></trkpt><trkpt lat="45.658438" lon="25.580638"><ele>553.3</ele><time>2026-07-28T13:15:33Z</time></trkpt><trkpt lat="45.658567" lon="25.580585"><ele>553.0</ele><time>2026-07-28T13:15:35Z</time></trkpt><trkpt lat="45.658678" lon="25.580522"><ele>552.5</ele><time>2026-07-28T13:15:37Z</time></trkpt><trkpt lat="45.658788" lon="25.580462"><ele>552.6</ele><time>2026-07-28T13:15:39Z</time></trkpt><trkpt lat="45.658897" lon="25.580405"><ele>552.8</ele><time>2026-07-28T13:15:41Z</time></trkpt><trkpt lat="45.659008" lon="25.580327"><ele>553.0</ele><time>2026-07-28T13:15:43Z</time></trkpt><trkpt lat="45.659117" lon="25.58026"><ele>552.8</ele><time>2026-07-28T13:15:45Z</time></trkpt><trkpt lat="45.659227" lon="25.580193"><ele>552.4</ele><time>2026-07-28T13:15:47Z</time></trkpt><trkpt lat="45.659345" lon="25.580125"><ele>552.0</ele><time>2026-07-28T13:15:49Z</time></trkpt><trkpt lat="45.659448" lon="25.580065"><ele>551.5</ele><time>2026-07-28T13:15:51Z</time></trkpt><trkpt lat="45.65957" lon="25.579998"><ele>551.1</ele><time>2026-07-28T13:15:53Z</time></trkpt><trkpt lat="45.659683" lon="25.579933"><ele>551.0</ele><time>2026-07-28T13:15:55Z</time></trkpt><trkpt lat="45.659798" lon="25.579858"><ele>551.1</ele><time>2026-07-28T13:15:57Z</time></trkpt><trkpt lat="45.659907" lon="25.579788"><ele>551.1</ele><time>2026-07-28T13:15:59Z</time></trkpt><trkpt lat="45.66002" lon="25.579728"><ele>550.9</ele><time>2026-07-28T13:16:01Z</time></trkpt><trkpt lat="45.660138" lon="25.579672"><ele>550.6</ele><time>2026-07-28T13:16:03Z</time></trkpt><trkpt lat="45.660247" lon="25.5796"><ele>550.6</ele><time>2026-07-28T13:16:05Z</time></trkpt><trkpt lat="45.660353" lon="25.579547"><ele>550.8</ele><time>2026-07-28T13:16:07Z</time></trkpt><trkpt lat="45.66047" lon="25.579477"><ele>550.9</ele><time>2026-07-28T13:16:09Z</time></trkpt><trkpt lat="45.660572" lon="25.579418"><ele>550.1</ele><time>2026-07-28T13:16:11Z</time></trkpt><trkpt lat="45.660673" lon="25.579355"><ele>548.9</ele><time>2026-07-28T13:16:13Z</time></trkpt><trkpt lat="45.660787" lon="25.579302"><ele>548.3</ele><time>2026-07-28T13:16:15Z</time></trkpt><trkpt lat="45.660867" lon="25.579238"><ele>547.4</ele><time>2026-07-28T13:16:17Z</time></trkpt><trkpt lat="45.660955" lon="25.579187"><ele>546.9</ele><time>2026-07-28T13:16:19Z</time></trkpt><trkpt lat="45.661037" lon="25.579138"><ele>546.8</ele><time>2026-07-28T13:16:21Z</time></trkpt><trkpt lat="45.661125" lon="25.579102"><ele>546.8</ele><time>2026-07-28T13:16:23Z</time></trkpt><trkpt lat="45.66121" lon="25.579048"><ele>546.8</ele><time>2026-07-28T13:16:25Z</time></trkpt><trkpt lat="45.661303" lon="25.579002"><ele>546.8</ele><time>2026-07-28T13:16:27Z</time></trkpt><trkpt lat="45.661398" lon="25.578952"><ele>546.6</ele><time>2026-07-28T13:16:29Z</time></trkpt><trkpt lat="45.661492" lon="25.578907"><ele>546.4</ele><time>2026-07-28T13:16:31Z</time></trkpt><trkpt lat="45.661587" lon="25.57886"><ele>546.2</ele><time>2026-07-28T13:16:33Z</time></trkpt><trkpt lat="45.661685" lon="25.578803"><ele>545.8</ele><time>2026-07-28T13:16:35Z</time></trkpt><trkpt lat="45.661792" lon="25.578762"><ele>545.5</ele><time>2026-07-28T13:16:37Z</time></trkpt><trkpt lat="45.661897" lon="25.578717"><ele>545.5</ele><time>2026-07-28T13:16:39Z</time></trkpt><trkpt lat="45.661993" lon="25.57867"><ele>545.4</ele><time>2026-07-28T13:16:41Z</time></trkpt><trkpt lat="45.662085" lon="25.578632"><ele>545.2</ele><time>2026-07-28T13:16:43Z</time></trkpt><trkpt lat="45.662175" lon="25.578585"><ele>545.0</ele><time>2026-07-28T13:16:45Z</time></trkpt><trkpt lat="45.662257" lon="25.57854"><ele>545.0</ele><time>2026-07-28T13:16:47Z</time></trkpt><trkpt lat="45.662357" lon="25.578505"><ele>545.7</ele><time>2026-07-28T13:16:49Z</time></trkpt><trkpt lat="45.662452" lon="25.578467"><ele>546.2</ele><time>2026-07-28T13:16:51Z</time></trkpt><trkpt lat="45.662545" lon="25.57844"><ele>547.0</ele><time>2026-07-28T13:16:53Z</time></trkpt><trkpt lat="45.66264" lon="25.578418"><ele>547.0</ele><time>2026-07-28T13:16:55Z</time></trkpt><trkpt lat="45.662743" lon="25.578377"><ele>547.2</ele><time>2026-07-28T13:16:57Z</time></trkpt><trkpt lat="45.662827" lon="25.578348"><ele>547.5</ele><time>2026-07-28T13:16:59Z</time></trkpt><trkpt lat="45.662907" lon="25.578318"><ele>547.7</ele><time>2026-07-28T13:17:01Z</time></trkpt><trkpt lat="45.663003" lon="25.578327"><ele>547.6</ele><time>2026-07-28T13:17:03Z</time></trkpt><trkpt lat="45.663087" lon="25.57831"><ele>547.2</ele><time>2026-07-28T13:17:05Z</time></trkpt><trkpt lat="45.663175" lon="25.578297"><ele>546.4</ele><time>2026-07-28T13:17:07Z</time></trkpt><trkpt lat="45.663248" lon="25.57832"><ele>545.4</ele><time>2026-07-28T13:17:10Z</time></trkpt><trkpt lat="45.663335" lon="25.578338"><ele>543.4</ele><time>2026-07-28T13:17:18Z</time></trkpt><trkpt lat="45.663425" lon="25.578333"><ele>543.8</ele><time>2026-07-28T13:17:20Z</time></trkpt><trkpt lat="45.663512" lon="25.578337"><ele>544.3</ele><time>2026-07-28T13:17:22Z</time></trkpt><trkpt lat="45.663607" lon="25.578267"><ele>544.9</ele><time>2026-07-28T13:17:24Z</time></trkpt><trkpt lat="45.663673" lon="25.578147"><ele>545.3</ele><time>2026-07-28T13:17:26Z</time></trkpt><trkpt lat="45.6637" lon="25.577997"><ele>545.7</ele><time>2026-07-28T13:17:28Z</time></trkpt><trkpt lat="45.663682" lon="25.577845"><ele>545.5</ele><time>2026-07-28T13:17:30Z</time></trkpt><trkpt lat="45.66363" lon="25.577732"><ele>544.2</ele><time>2026-07-28T13:17:32Z</time></trkpt><trkpt lat="45.663563" lon="25.577652"><ele>543.3</ele><time>2026-07-28T13:17:34Z</time></trkpt><trkpt lat="45.663512" lon="25.577578"><ele>543.2</ele><time>2026-07-28T13:17:36Z</time></trkpt><trkpt lat="45.66347" lon="25.577478"><ele>543.6</ele><time>2026-07-28T13:17:39Z</time></trkpt><trkpt lat="45.66347" lon="25.577373"><ele>543.4</ele><time>2026-07-28T13:17:52Z</time></trkpt><trkpt lat="45.663472" lon="25.577488"><ele>543.7</ele><time>2026-07-28T13:18:28Z</time></trkpt><trkpt lat="45.663523" lon="25.577563"><ele>543.8</ele><time>2026-07-28T13:18:32Z</time></trkpt><trkpt lat="45.6636" lon="25.57763"><ele>544.0</ele><time>2026-07-28T13:18:35Z</time></trkpt><trkpt lat="45.663658" lon="25.577692"><ele>544.0</ele><time>2026-07-28T13:18:37Z</time></trkpt><trkpt lat="45.663723" lon="25.577807"><ele>544.2</ele><time>2026-07-28T13:18:40Z</time></trkpt><trkpt lat="45.663763" lon="25.57794"><ele>544.1</ele><time>2026-07-28T13:18:43Z</time></trkpt><trkpt lat="45.663805" lon="25.578032"><ele>543.5</ele><time>2026-07-28T13:18:48Z</time></trkpt><trkpt lat="45.663878" lon="25.578035"><ele>543.3</ele><time>2026-07-28T13:18:53Z</time></trkpt><trkpt lat="45.663957" lon="25.578023"><ele>543.7</ele><time>2026-07-28T13:18:59Z</time></trkpt><trkpt lat="45.66403" lon="25.577937"><ele>543.6</ele><time>2026-07-28T13:19:04Z</time></trkpt><trkpt lat="45.664032" lon="25.577825"><ele>543.6</ele><time>2026-07-28T13:19:06Z</time></trkpt><trkpt lat="45.66401" lon="25.577713"><ele>543.8</ele><time>2026-07-28T13:19:08Z</time></trkpt><trkpt lat="45.663987" lon="25.577603"><ele>543.8</ele><time>2026-07-28T13:19:10Z</time></trkpt><trkpt lat="45.663955" lon="25.577482"><ele>543.7</ele><time>2026-07-28T13:19:13Z</time></trkpt><trkpt lat="45.663935" lon="25.577345"><ele>543.2</ele><time>2026-07-28T13:19:17Z</time></trkpt><trkpt lat="45.663902" lon="25.577222"><ele>543.1</ele><time>2026-07-28T13:19:21Z</time></trkpt><trkpt lat="45.66387" lon="25.577102"><ele>543.1</ele><time>2026-07-28T13:19:25Z</time></trkpt><trkpt lat="45.663852" lon="25.576998"><ele>542.9</ele><time>2026-07-28T13:19:29Z</time></trkpt><trkpt lat="45.663837" lon="25.576892"><ele>542.6</ele><time>2026-07-28T13:19:34Z</time></trkpt><trkpt lat="45.66382" lon="25.576778"><ele>542.9</ele><time>2026-07-28T13:19:38Z</time></trkpt><trkpt lat="45.663852" lon="25.576668"><ele>542.8</ele><time>2026-07-28T13:19:43Z</time></trkpt><trkpt lat="45.663923" lon="25.576583"><ele>542.9</ele><time>2026-07-28T13:19:48Z</time></trkpt><trkpt lat="45.663978" lon="25.576508"><ele>541.7</ele><time>2026-07-28T13:20:15Z</time></trkpt><trkpt lat="45.664063" lon="25.57645"><ele>541.9</ele><time>2026-07-28T13:20:19Z</time></trkpt><trkpt lat="45.664112" lon="25.576327"><ele>541.8</ele><time>2026-07-28T13:20:22Z</time></trkpt><trkpt lat="45.664162" lon="25.576237"><ele>541.8</ele><time>2026-07-28T13:20:24Z</time></trkpt><trkpt lat="45.664207" lon="25.576132"><ele>541.7</ele><time>2026-07-28T13:20:26Z</time></trkpt><trkpt lat="45.664257" lon="25.576032"><ele>541.6</ele><time>2026-07-28T13:20:28Z</time></trkpt><trkpt lat="45.664308" lon="25.575928"><ele>541.5</ele><time>2026-07-28T13:20:30Z</time></trkpt><trkpt lat="45.66436" lon="25.57582"><ele>541.5</ele><time>2026-07-28T13:20:32Z</time></trkpt><trkpt lat="45.664412" lon="25.575715"><ele>541.3</ele><time>2026-07-28T13:20:34Z</time></trkpt><trkpt lat="45.664468" lon="25.57562"><ele>541.2</ele><time>2026-07-28T13:20:36Z</time></trkpt><trkpt lat="45.664533" lon="25.575527"><ele>541.0</ele><time>2026-07-28T13:20:38Z</time></trkpt><trkpt lat="45.664595" lon="25.575428"><ele>540.9</ele><time>2026-07-28T13:20:40Z</time></trkpt><trkpt lat="45.664655" lon="25.575317"><ele>540.7</ele><time>2026-07-28T13:20:42Z</time></trkpt><trkpt lat="45.664712" lon="25.575197"><ele>540.6</ele><time>2026-07-28T13:20:44Z</time></trkpt><trkpt lat="45.664777" lon="25.575088"><ele>540.3</ele><time>2026-07-28T13:20:46Z</time></trkpt><trkpt lat="45.664857" lon="25.57497"><ele>540.2</ele><time>2026-07-28T13:20:48Z</time></trkpt><trkpt lat="45.664937" lon="25.574872"><ele>540.2</ele><time>2026-07-28T13:20:50Z</time></trkpt><trkpt lat="45.665008" lon="25.574752"><ele>540.4</ele><time>2026-07-28T13:20:52Z</time></trkpt><trkpt lat="45.665077" lon="25.57463"><ele>540.4</ele><time>2026-07-28T13:20:54Z</time></trkpt><trkpt lat="45.665145" lon="25.574517"><ele>540.2</ele><time>2026-07-28T13:20:56Z</time></trkpt><trkpt lat="45.665213" lon="25.57441"><ele>539.8</ele><time>2026-07-28T13:20:58Z</time></trkpt><trkpt lat="45.66528" lon="25.574308"><ele>539.5</ele><time>2026-07-28T13:21:00Z</time></trkpt><trkpt lat="45.665347" lon="25.574215"><ele>539.2</ele><time>2026-07-28T13:21:02Z</time></trkpt><trkpt lat="45.66541" lon="25.574122"><ele>538.7</ele><time>2026-07-28T13:21:04Z</time></trkpt><trkpt lat="45.665468" lon="25.574037"><ele>538.7</ele><time>2026-07-28T13:21:06Z</time></trkpt><trkpt lat="45.665523" lon="25.57396"><ele>538.6</ele><time>2026-07-28T13:21:08Z</time></trkpt><trkpt lat="45.66558" lon="25.573882"><ele>538.5</ele><time>2026-07-28T13:21:10Z</time></trkpt><trkpt lat="45.665635" lon="25.573798"><ele>538.5</ele><time>2026-07-28T13:21:12Z</time></trkpt><trkpt lat="45.665695" lon="25.573725"><ele>538.3</ele><time>2026-07-28T13:21:14Z</time></trkpt><trkpt lat="45.665753" lon="25.573643"><ele>538.1</ele><time>2026-07-28T13:21:16Z</time></trkpt><trkpt lat="45.665812" lon="25.573568"><ele>538.1</ele><time>2026-07-28T13:21:18Z</time></trkpt><trkpt lat="45.66587" lon="25.573492"><ele>538.0</ele><time>2026-07-28T13:21:20Z</time></trkpt><trkpt lat="45.665947" lon="25.573428"><ele>537.5</ele><time>2026-07-28T13:21:23Z</time></trkpt><trkpt lat="45.665985" lon="25.573313"><ele>536.5</ele><time>2026-07-28T13:22:02Z</time></trkpt><trkpt lat="45.666083" lon="25.573263"><ele>536.9</ele><time>2026-07-28T13:22:05Z</time></trkpt><trkpt lat="45.666142" lon="25.573155"><ele>537.2</ele><time>2026-07-28T13:22:08Z</time></trkpt><trkpt lat="45.666203" lon="25.57308"><ele>537.2</ele><time>2026-07-28T13:22:10Z</time></trkpt><trkpt lat="45.666297" lon="25.572983"><ele>537.2</ele><time>2026-07-28T13:22:13Z</time></trkpt><trkpt lat="45.66637" lon="25.57291"><ele>537.2</ele><time>2026-07-28T13:22:16Z</time></trkpt><trkpt lat="45.666455" lon="25.572807"><ele>537.1</ele><time>2026-07-28T13:22:19Z</time></trkpt><trkpt lat="45.66652" lon="25.572735"><ele>537.1</ele><time>2026-07-28T13:22:21Z</time></trkpt><trkpt lat="45.66658" lon="25.572655"><ele>537.4</ele><time>2026-07-28T13:22:23Z</time></trkpt><trkpt lat="45.666648" lon="25.572577"><ele>538.0</ele><time>2026-07-28T13:22:25Z</time></trkpt><trkpt lat="45.66672" lon="25.572502"><ele>538.2</ele><time>2026-07-28T13:22:27Z</time></trkpt><trkpt lat="45.666783" lon="25.572427"><ele>538.0</ele><time>2026-07-28T13:22:29Z</time></trkpt><trkpt lat="45.66686" lon="25.572338"><ele>537.0</ele><time>2026-07-28T13:22:32Z</time></trkpt><trkpt lat="45.666922" lon="25.57226"><ele>536.8</ele><time>2026-07-28T13:22:34Z</time></trkpt><trkpt lat="45.66699" lon="25.572175"><ele>536.8</ele><time>2026-07-28T13:22:37Z</time></trkpt><trkpt lat="45.667045" lon="25.572107"><ele>536.6</ele><time>2026-07-28T13:22:40Z</time></trkpt><trkpt lat="45.667113" lon="25.572033"><ele>535.8</ele><time>2026-07-28T13:22:45Z</time></trkpt><trkpt lat="45.667192" lon="25.571972"><ele>535.7</ele><time>2026-07-28T13:22:52Z</time></trkpt><trkpt lat="45.667255" lon="25.571923"><ele>536.2</ele><time>2026-07-28T13:23:00Z</time></trkpt><trkpt lat="45.667325" lon="25.571855"><ele>535.9</ele><time>2026-07-28T13:23:10Z</time></trkpt><trkpt lat="45.66738" lon="25.571775"><ele>536.2</ele><time>2026-07-28T13:23:12Z</time></trkpt><trkpt lat="45.667423" lon="25.571675"><ele>536.4</ele><time>2026-07-28T13:23:14Z</time></trkpt><trkpt lat="45.667478" lon="25.571592"><ele>536.8</ele><time>2026-07-28T13:23:16Z</time></trkpt><trkpt lat="45.66754" lon="25.571508"><ele>537.1</ele><time>2026-07-28T13:23:18Z</time></trkpt><trkpt lat="45.667595" lon="25.571417"><ele>537.3</ele><time>2026-07-28T13:23:20Z</time></trkpt><trkpt lat="45.66768" lon="25.571352"><ele>537.4</ele><time>2026-07-28T13:23:22Z</time></trkpt><trkpt lat="45.667753" lon="25.571275"><ele>537.1</ele><time>2026-07-28T13:23:24Z</time></trkpt><trkpt lat="45.667848" lon="25.571198"><ele>536.8</ele><time>2026-07-28T13:23:26Z</time></trkpt><trkpt lat="45.667913" lon="25.571095"><ele>536.7</ele><time>2026-07-28T13:23:28Z</time></trkpt><trkpt lat="45.668002" lon="25.571012"><ele>536.7</ele><time>2026-07-28T13:23:30Z</time></trkpt><trkpt lat="45.668083" lon="25.570962"><ele>536.7</ele><time>2026-07-28T13:23:32Z</time></trkpt><trkpt lat="45.668123" lon="25.57087"><ele>536.7</ele><time>2026-07-28T13:23:33Z</time></trkpt><trkpt lat="45.6682" lon="25.570747"><ele>536.7</ele><time>2026-07-28T13:23:35Z</time></trkpt><trkpt lat="45.668282" lon="25.570637"><ele>536.7</ele><time>2026-07-28T13:23:37Z</time></trkpt><trkpt lat="45.668363" lon="25.570538"><ele>536.6</ele><time>2026-07-28T13:23:39Z</time></trkpt><trkpt lat="45.66845" lon="25.570443"><ele>536.5</ele><time>2026-07-28T13:23:41Z</time></trkpt><trkpt lat="45.668533" lon="25.570345"><ele>536.2</ele><time>2026-07-28T13:23:43Z</time></trkpt><trkpt lat="45.66862" lon="25.570252"><ele>536.1</ele><time>2026-07-28T13:23:45Z</time></trkpt><trkpt lat="45.668698" lon="25.570138"><ele>536.1</ele><time>2026-07-28T13:23:47Z</time></trkpt><trkpt lat="45.668793" lon="25.570008"><ele>536.1</ele><time>2026-07-28T13:23:50Z</time></trkpt><trkpt lat="45.668928" lon="25.569848"><ele>536.1</ele><time>2026-07-28T13:23:53Z</time></trkpt><trkpt lat="45.668995" lon="25.569735"><ele>536.2</ele><time>2026-07-28T13:23:55Z</time></trkpt><trkpt lat="45.669055" lon="25.56961"><ele>536.2</ele><time>2026-07-28T13:23:57Z</time></trkpt><trkpt lat="45.669118" lon="25.569493"><ele>536.0</ele><time>2026-07-28T13:23:59Z</time></trkpt><trkpt lat="45.66915" lon="25.56934"><ele>536.0</ele><time>2026-07-28T13:24:01Z</time></trkpt><trkpt lat="45.669187" lon="25.569193"><ele>536.1</ele><time>2026-07-28T13:24:03Z</time></trkpt><trkpt lat="45.669235" lon="25.569008"><ele>536.2</ele><time>2026-07-28T13:24:05Z</time></trkpt><trkpt lat="45.669272" lon="25.568918"><ele>536.2</ele><time>2026-07-28T13:24:06Z</time></trkpt><trkpt lat="45.669333" lon="25.568748"><ele>536.2</ele><time>2026-07-28T13:24:08Z</time></trkpt><trkpt lat="45.669385" lon="25.568593"><ele>536.1</ele><time>2026-07-28T13:24:10Z</time></trkpt><trkpt lat="45.669447" lon="25.568433"><ele>535.8</ele><time>2026-07-28T13:24:12Z</time></trkpt><trkpt lat="45.669498" lon="25.568287"><ele>535.6</ele><time>2026-07-28T13:24:14Z</time></trkpt><trkpt lat="45.669548" lon="25.56815"><ele>535.7</ele><time>2026-07-28T13:24:16Z</time></trkpt><trkpt lat="45.669617" lon="25.568022"><ele>535.9</ele><time>2026-07-28T13:24:18Z</time></trkpt><trkpt lat="45.669683" lon="25.567902"><ele>536.1</ele><time>2026-07-28T13:24:20Z</time></trkpt><trkpt lat="45.669743" lon="25.567787"><ele>536.0</ele><time>2026-07-28T13:24:22Z</time></trkpt><trkpt lat="45.66981" lon="25.567678"><ele>535.9</ele><time>2026-07-28T13:24:24Z</time></trkpt><trkpt lat="45.66991" lon="25.5675"><ele>535.2</ele><time>2026-07-28T13:24:27Z</time></trkpt><trkpt lat="45.669985" lon="25.567395"><ele>535.0</ele><time>2026-07-28T13:24:29Z</time></trkpt><trkpt lat="45.670063" lon="25.567278"><ele>534.7</ele><time>2026-07-28T13:24:31Z</time></trkpt><trkpt lat="45.670133" lon="25.56717"><ele>534.5</ele><time>2026-07-28T13:24:33Z</time></trkpt><trkpt lat="45.6702" lon="25.567067"><ele>534.3</ele><time>2026-07-28T13:24:35Z</time></trkpt><trkpt lat="45.670265" lon="25.566965"><ele>534.3</ele><time>2026-07-28T13:24:37Z</time></trkpt><trkpt lat="45.67033" lon="25.566855"><ele>534.3</ele><time>2026-07-28T13:24:39Z</time></trkpt><trkpt lat="45.670393" lon="25.566748"><ele>534.2</ele><time>2026-07-28T13:24:41Z</time></trkpt><trkpt lat="45.670458" lon="25.566638"><ele>534.1</ele><time>2026-07-28T13:24:43Z</time></trkpt><trkpt lat="45.670523" lon="25.566532"><ele>534.1</ele><time>2026-07-28T13:24:45Z</time></trkpt><trkpt lat="45.670585" lon="25.566443"><ele>534.1</ele><time>2026-07-28T13:24:47Z</time></trkpt><trkpt lat="45.670648" lon="25.566363"><ele>534.0</ele><time>2026-07-28T13:24:49Z</time></trkpt><trkpt lat="45.670715" lon="25.566242"><ele>534.1</ele><time>2026-07-28T13:24:51Z</time></trkpt><trkpt lat="45.670763" lon="25.566157"><ele>533.9</ele><time>2026-07-28T13:24:53Z</time></trkpt><trkpt lat="45.670828" lon="25.566062"><ele>533.4</ele><time>2026-07-28T13:24:56Z</time></trkpt><trkpt lat="45.670917" lon="25.56596"><ele>533.4</ele><time>2026-07-28T13:24:57Z</time></trkpt><trkpt lat="45.670977" lon="25.565863"><ele>533.4</ele><time>2026-07-28T13:24:59Z</time></trkpt><trkpt lat="45.671037" lon="25.565762"><ele>533.7</ele><time>2026-07-28T13:25:01Z</time></trkpt><trkpt lat="45.671105" lon="25.565667"><ele>533.7</ele><time>2026-07-28T13:25:03Z</time></trkpt><trkpt lat="45.67117" lon="25.565572"><ele>533.8</ele><time>2026-07-28T13:25:05Z</time></trkpt><trkpt lat="45.671223" lon="25.5655"><ele>533.8</ele><time>2026-07-28T13:25:07Z</time></trkpt><trkpt lat="45.671288" lon="25.565442"><ele>532.9</ele><time>2026-07-28T13:25:12Z</time></trkpt><trkpt lat="45.671358" lon="25.5654"><ele>532.7</ele><time>2026-07-28T13:25:16Z</time></trkpt><trkpt lat="45.671402" lon="25.565293"><ele>532.9</ele><time>2026-07-28T13:25:19Z</time></trkpt><trkpt lat="45.671443" lon="25.565203"><ele>533.2</ele><time>2026-07-28T13:25:21Z</time></trkpt><trkpt lat="45.671495" lon="25.565123"><ele>533.2</ele><time>2026-07-28T13:25:23Z</time></trkpt><trkpt lat="45.671562" lon="25.565017"><ele>533.0</ele><time>2026-07-28T13:25:25Z</time></trkpt><trkpt lat="45.671618" lon="25.564865"><ele>532.6</ele><time>2026-07-28T13:25:27Z</time></trkpt><trkpt lat="45.671677" lon="25.56478"><ele>532.3</ele><time>2026-07-28T13:25:29Z</time></trkpt><trkpt lat="45.671742" lon="25.564687"><ele>532.3</ele><time>2026-07-28T13:25:31Z</time></trkpt><trkpt lat="45.671778" lon="25.564583"><ele>532.4</ele><time>2026-07-28T13:25:33Z</time></trkpt><trkpt lat="45.671905" lon="25.564512"><ele>532.6</ele><time>2026-07-28T13:25:35Z</time></trkpt><trkpt lat="45.672" lon="25.564405"><ele>533.3</ele><time>2026-07-28T13:25:38Z</time></trkpt><trkpt lat="45.672072" lon="25.564293"><ele>533.3</ele><time>2026-07-28T13:25:40Z</time></trkpt><trkpt lat="45.672147" lon="25.564265"><ele>533.1</ele><time>2026-07-28T13:25:42Z</time></trkpt><trkpt lat="45.672207" lon="25.564128"><ele>533.3</ele><time>2026-07-28T13:25:44Z</time></trkpt><trkpt lat="45.672233" lon="25.563982"><ele>533.6</ele><time>2026-07-28T13:25:46Z</time></trkpt><trkpt lat="45.672298" lon="25.563878"><ele>534.1</ele><time>2026-07-28T13:25:48Z</time></trkpt><trkpt lat="45.672392" lon="25.563783"><ele>534.1</ele><time>2026-07-28T13:25:50Z</time></trkpt><trkpt lat="45.67248" lon="25.563692"><ele>534.1</ele><time>2026-07-28T13:25:52Z</time></trkpt><trkpt lat="45.672563" lon="25.563565"><ele>533.6</ele><time>2026-07-28T13:25:54Z</time></trkpt><trkpt lat="45.672648" lon="25.56346"><ele>533.1</ele><time>2026-07-28T13:25:56Z</time></trkpt><trkpt lat="45.672727" lon="25.563385"><ele>533.1</ele><time>2026-07-28T13:25:58Z</time></trkpt><trkpt lat="45.6728" lon="25.563237"><ele>533.0</ele><time>2026-07-28T13:26:00Z</time></trkpt><trkpt lat="45.672887" lon="25.563207"><ele>532.8</ele><time>2026-07-28T13:26:02Z</time></trkpt><trkpt lat="45.672975" lon="25.56311"><ele>532.5</ele><time>2026-07-28T13:26:04Z</time></trkpt><trkpt lat="45.673057" lon="25.56302"><ele>532.5</ele><time>2026-07-28T13:26:06Z</time></trkpt><trkpt lat="45.673138" lon="25.56292"><ele>532.6</ele><time>2026-07-28T13:26:08Z</time></trkpt><trkpt lat="45.67322" lon="25.562822"><ele>532.8</ele><time>2026-07-28T13:26:10Z</time></trkpt><trkpt lat="45.673297" lon="25.562705"><ele>532.7</ele><time>2026-07-28T13:26:12Z</time></trkpt><trkpt lat="45.673387" lon="25.562585"><ele>532.4</ele><time>2026-07-28T13:26:14Z</time></trkpt><trkpt lat="45.67348" lon="25.562458"><ele>532.2</ele><time>2026-07-28T13:26:16Z</time></trkpt><trkpt lat="45.673562" lon="25.562352"><ele>532.3</ele><time>2026-07-28T13:26:18Z</time></trkpt><trkpt lat="45.673643" lon="25.562235"><ele>532.4</ele><time>2026-07-28T13:26:20Z</time></trkpt><trkpt lat="45.67372" lon="25.562127"><ele>532.5</ele><time>2026-07-28T13:26:22Z</time></trkpt><trkpt lat="45.673795" lon="25.562003"><ele>532.4</ele><time>2026-07-28T13:26:24Z</time></trkpt><trkpt lat="45.673868" lon="25.561885"><ele>532.3</ele><time>2026-07-28T13:26:26Z</time></trkpt><trkpt lat="45.673943" lon="25.561767"><ele>532.3</ele><time>2026-07-28T13:26:28Z</time></trkpt><trkpt lat="45.674007" lon="25.561655"><ele>532.3</ele><time>2026-07-28T13:26:30Z</time></trkpt><trkpt lat="45.674078" lon="25.561538"><ele>532.6</ele><time>2026-07-28T13:26:32Z</time></trkpt><trkpt lat="45.674128" lon="25.56146"><ele>532.7</ele><time>2026-07-28T13:26:34Z</time></trkpt><trkpt lat="45.674198" lon="25.561365"><ele>533.4</ele><time>2026-07-28T13:26:36Z</time></trkpt><trkpt lat="45.67426" lon="25.56125"><ele>533.8</ele><time>2026-07-28T13:26:38Z</time></trkpt><trkpt lat="45.674315" lon="25.56116"><ele>533.3</ele><time>2026-07-28T13:26:41Z</time></trkpt><trkpt lat="45.6744" lon="25.561018"><ele>532.9</ele><time>2026-07-28T13:26:42Z</time></trkpt><trkpt lat="45.674463" lon="25.560918"><ele>532.8</ele><time>2026-07-28T13:26:44Z</time></trkpt><trkpt lat="45.674532" lon="25.560812"><ele>532.6</ele><time>2026-07-28T13:26:46Z</time></trkpt><trkpt lat="45.6746" lon="25.5607"><ele>532.5</ele><time>2026-07-28T13:26:48Z</time></trkpt><trkpt lat="45.674668" lon="25.560595"><ele>532.1</ele><time>2026-07-28T13:26:50Z</time></trkpt><trkpt lat="45.67474" lon="25.560497"><ele>531.8</ele><time>2026-07-28T13:26:52Z</time></trkpt><trkpt lat="45.674815" lon="25.560407"><ele>531.7</ele><time>2026-07-28T13:26:54Z</time></trkpt><trkpt lat="45.674893" lon="25.560317"><ele>531.7</ele><time>2026-07-28T13:26:56Z</time></trkpt><trkpt lat="45.67499" lon="25.560265"><ele>532.0</ele><time>2026-07-28T13:26:58Z</time></trkpt><trkpt lat="45.67507" lon="25.560175"><ele>532.4</ele><time>2026-07-28T13:27:00Z</time></trkpt><trkpt lat="45.675133" lon="25.560058"><ele>533.0</ele><time>2026-07-28T13:27:02Z</time></trkpt><trkpt lat="45.67522" lon="25.559945"><ele>533.3</ele><time>2026-07-28T13:27:04Z</time></trkpt><trkpt lat="45.675295" lon="25.559857"><ele>533.2</ele><time>2026-07-28T13:27:06Z</time></trkpt><trkpt lat="45.675373" lon="25.559757"><ele>533.3</ele><time>2026-07-28T13:27:08Z</time></trkpt><trkpt lat="45.675452" lon="25.559655"><ele>533.4</ele><time>2026-07-28T13:27:10Z</time></trkpt><trkpt lat="45.675532" lon="25.559562"><ele>533.4</ele><time>2026-07-28T13:27:12Z</time></trkpt><trkpt lat="45.67568" lon="25.559378"><ele>533.6</ele><time>2026-07-28T13:27:16Z</time></trkpt><trkpt lat="45.675753" lon="25.559285"><ele>533.6</ele><time>2026-07-28T13:27:18Z</time></trkpt><trkpt lat="45.675832" lon="25.559197"><ele>533.5</ele><time>2026-07-28T13:27:20Z</time></trkpt><trkpt lat="45.675905" lon="25.559105"><ele>533.5</ele><time>2026-07-28T13:27:22Z</time></trkpt><trkpt lat="45.67598" lon="25.559015"><ele>533.5</ele><time>2026-07-28T13:27:24Z</time></trkpt><trkpt lat="45.676057" lon="25.558933"><ele>533.6</ele><time>2026-07-28T13:27:26Z</time></trkpt><trkpt lat="45.676133" lon="25.55884"><ele>533.4</ele><time>2026-07-28T13:27:28Z</time></trkpt><trkpt lat="45.676208" lon="25.558752"><ele>533.2</ele><time>2026-07-28T13:27:30Z</time></trkpt><trkpt lat="45.676282" lon="25.558662"><ele>533.1</ele><time>2026-07-28T13:27:32Z</time></trkpt><trkpt lat="45.676357" lon="25.558563"><ele>533.2</ele><time>2026-07-28T13:27:34Z</time></trkpt><trkpt lat="45.676435" lon="25.558467"><ele>533.2</ele><time>2026-07-28T13:27:36Z</time></trkpt><trkpt lat="45.676512" lon="25.558377"><ele>533.1</ele><time>2026-07-28T13:27:38Z</time></trkpt><trkpt lat="45.67661" lon="25.558248"><ele>533.0</ele><time>2026-07-28T13:27:41Z</time></trkpt><trkpt lat="45.67668" lon="25.558163"><ele>533.2</ele><time>2026-07-28T13:27:43Z</time></trkpt><trkpt lat="45.676795" lon="25.558028"><ele>533.2</ele><time>2026-07-28T13:27:46Z</time></trkpt><trkpt lat="45.676867" lon="25.557947"><ele>533.4</ele><time>2026-07-28T13:27:48Z</time></trkpt><trkpt lat="45.676933" lon="25.557863"><ele>533.9</ele><time>2026-07-28T13:27:50Z</time></trkpt><trkpt lat="45.676995" lon="25.557782"><ele>533.9</ele><time>2026-07-28T13:27:52Z</time></trkpt><trkpt lat="45.677062" lon="25.557708"><ele>533.7</ele><time>2026-07-28T13:27:54Z</time></trkpt><trkpt lat="45.677127" lon="25.557628"><ele>533.4</ele><time>2026-07-28T13:27:56Z</time></trkpt><trkpt lat="45.677197" lon="25.557553"><ele>533.2</ele><time>2026-07-28T13:27:58Z</time></trkpt><trkpt lat="45.677265" lon="25.55747"><ele>533.1</ele><time>2026-07-28T13:28:00Z</time></trkpt><trkpt lat="45.677325" lon="25.557395"><ele>533.2</ele><time>2026-07-28T13:28:02Z</time></trkpt><trkpt lat="45.67738" lon="25.557307"><ele>533.4</ele><time>2026-07-28T13:28:04Z</time></trkpt><trkpt lat="45.67745" lon="25.557252"><ele>533.7</ele><time>2026-07-28T13:28:06Z</time></trkpt><trkpt lat="45.677512" lon="25.557145"><ele>533.9</ele><time>2026-07-28T13:28:09Z</time></trkpt><trkpt lat="45.677568" lon="25.557078"><ele>533.8</ele><time>2026-07-28T13:28:11Z</time></trkpt><trkpt lat="45.67763" lon="25.557007"><ele>533.7</ele><time>2026-07-28T13:28:13Z</time></trkpt><trkpt lat="45.67769" lon="25.556937"><ele>533.9</ele><time>2026-07-28T13:28:15Z</time></trkpt><trkpt lat="45.677748" lon="25.55687"><ele>534.4</ele><time>2026-07-28T13:28:17Z</time></trkpt><trkpt lat="45.67783" lon="25.556772"><ele>534.9</ele><time>2026-07-28T13:28:20Z</time></trkpt><trkpt lat="45.677908" lon="25.55667"><ele>535.2</ele><time>2026-07-28T13:28:23Z</time></trkpt><trkpt lat="45.677975" lon="25.556592"><ele>535.6</ele><time>2026-07-28T13:28:26Z</time></trkpt><trkpt lat="45.678042" lon="25.556512"><ele>536.1</ele><time>2026-07-28T13:28:29Z</time></trkpt><trkpt lat="45.678103" lon="25.556438"><ele>536.4</ele><time>2026-07-28T13:28:31Z</time></trkpt><trkpt lat="45.678173" lon="25.556357"><ele>536.8</ele><time>2026-07-28T13:28:34Z</time></trkpt><trkpt lat="45.678238" lon="25.556272"><ele>537.7</ele><time>2026-07-28T13:28:37Z</time></trkpt><trkpt lat="45.678307" lon="25.556177"><ele>538.8</ele><time>2026-07-28T13:28:40Z</time></trkpt><trkpt lat="45.67837" lon="25.556102"><ele>539.1</ele><time>2026-07-28T13:28:42Z</time></trkpt><trkpt lat="45.678437" lon="25.55602"><ele>539.2</ele><time>2026-07-28T13:28:45Z</time></trkpt><trkpt lat="45.678498" lon="25.555933"><ele>539.1</ele><time>2026-07-28T13:28:48Z</time></trkpt><trkpt lat="45.678573" lon="25.55585"><ele>539.0</ele><time>2026-07-28T13:28:50Z</time></trkpt><trkpt lat="45.678638" lon="25.555785"><ele>538.8</ele><time>2026-07-28T13:28:52Z</time></trkpt><trkpt lat="45.6787" lon="25.555708"><ele>538.8</ele><time>2026-07-28T13:28:55Z</time></trkpt><trkpt lat="45.678775" lon="25.555643"><ele>538.6</ele><time>2026-07-28T13:28:58Z</time></trkpt><trkpt lat="45.678862" lon="25.555578"><ele>538.4</ele><time>2026-07-28T13:29:00Z</time></trkpt><trkpt lat="45.678945" lon="25.555517"><ele>538.5</ele><time>2026-07-28T13:29:03Z</time></trkpt><trkpt lat="45.679015" lon="25.555473"><ele>538.5</ele><time>2026-07-28T13:29:05Z</time></trkpt><trkpt lat="45.679085" lon="25.555423"><ele>538.6</ele><time>2026-07-28T13:29:07Z</time></trkpt><trkpt lat="45.67916" lon="25.555378"><ele>538.6</ele><time>2026-07-28T13:29:09Z</time></trkpt><trkpt lat="45.679237" lon="25.55534"><ele>538.6</ele><time>2026-07-28T13:29:11Z</time></trkpt><trkpt lat="45.67932" lon="25.555303"><ele>538.4</ele><time>2026-07-28T13:29:13Z</time></trkpt><trkpt lat="45.67941" lon="25.555267"><ele>538.2</ele><time>2026-07-28T13:29:15Z</time></trkpt><trkpt lat="45.679505" lon="25.55523"><ele>538.0</ele><time>2026-07-28T13:29:17Z</time></trkpt><trkpt lat="45.679608" lon="25.555202"><ele>537.9</ele><time>2026-07-28T13:29:19Z</time></trkpt><trkpt lat="45.679717" lon="25.555178"><ele>537.9</ele><time>2026-07-28T13:29:21Z</time></trkpt><trkpt lat="45.679835" lon="25.555163"><ele>537.4</ele><time>2026-07-28T13:29:23Z</time></trkpt><trkpt lat="45.679957" lon="25.555148"><ele>536.7</ele><time>2026-07-28T13:29:25Z</time></trkpt><trkpt lat="45.680083" lon="25.555132"><ele>536.0</ele><time>2026-07-28T13:29:27Z</time></trkpt><trkpt lat="45.680215" lon="25.555115"><ele>535.7</ele><time>2026-07-28T13:29:29Z</time></trkpt><trkpt lat="45.68035" lon="25.555097"><ele>535.2</ele><time>2026-07-28T13:29:31Z</time></trkpt><trkpt lat="45.680487" lon="25.555077"><ele>534.7</ele><time>2026-07-28T13:29:33Z</time></trkpt><trkpt lat="45.680623" lon="25.555058"><ele>534.1</ele><time>2026-07-28T13:29:35Z</time></trkpt><trkpt lat="45.680757" lon="25.555038"><ele>533.8</ele><time>2026-07-28T13:29:37Z</time></trkpt><trkpt lat="45.680885" lon="25.555017"><ele>533.3</ele><time>2026-07-28T13:29:39Z</time></trkpt><trkpt lat="45.681008" lon="25.555002"><ele>532.8</ele><time>2026-07-28T13:29:41Z</time></trkpt><trkpt lat="45.681123" lon="25.554965"><ele>532.2</ele><time>2026-07-28T13:29:43Z</time></trkpt><trkpt lat="45.681235" lon="25.55493"><ele>531.6</ele><time>2026-07-28T13:29:45Z</time></trkpt><trkpt lat="45.681338" lon="25.55489"><ele>531.0</ele><time>2026-07-28T13:29:47Z</time></trkpt><trkpt lat="45.681437" lon="25.554845"><ele>530.7</ele><time>2026-07-28T13:29:49Z</time></trkpt><trkpt lat="45.681527" lon="25.554787"><ele>530.7</ele><time>2026-07-28T13:29:51Z</time></trkpt><trkpt lat="45.681623" lon="25.554733"><ele>530.7</ele><time>2026-07-28T13:29:53Z</time></trkpt><trkpt lat="45.68171" lon="25.554668"><ele>530.7</ele><time>2026-07-28T13:29:55Z</time></trkpt><trkpt lat="45.681803" lon="25.554615"><ele>530.8</ele><time>2026-07-28T13:29:57Z</time></trkpt><trkpt lat="45.681887" lon="25.554573"><ele>530.8</ele><time>2026-07-28T13:29:59Z</time></trkpt><trkpt lat="45.681937" lon="25.554497"><ele>530.9</ele><time>2026-07-28T13:30:02Z</time></trkpt><trkpt lat="45.682013" lon="25.554433"><ele>530.9</ele><time>2026-07-28T13:30:03Z</time></trkpt><trkpt lat="45.682077" lon="25.554358"><ele>530.8</ele><time>2026-07-28T13:30:05Z</time></trkpt><trkpt lat="45.682135" lon="25.554282"><ele>530.6</ele><time>2026-07-28T13:30:07Z</time></trkpt><trkpt lat="45.682197" lon="25.554205"><ele>530.5</ele><time>2026-07-28T13:30:09Z</time></trkpt><trkpt lat="45.68225" lon="25.554127"><ele>530.3</ele><time>2026-07-28T13:30:11Z</time></trkpt><trkpt lat="45.68232" lon="25.554035"><ele>530.2</ele><time>2026-07-28T13:30:13Z</time></trkpt><trkpt lat="45.682373" lon="25.55395"><ele>530.0</ele><time>2026-07-28T13:30:15Z</time></trkpt><trkpt lat="45.682453" lon="25.553852"><ele>530.1</ele><time>2026-07-28T13:30:18Z</time></trkpt><trkpt lat="45.682533" lon="25.553747"><ele>530.1</ele><time>2026-07-28T13:30:21Z</time></trkpt><trkpt lat="45.682597" lon="25.553668"><ele>530.3</ele><time>2026-07-28T13:30:23Z</time></trkpt><trkpt lat="45.682663" lon="25.553557"><ele>530.5</ele><time>2026-07-28T13:30:26Z</time></trkpt><trkpt lat="45.682725" lon="25.553478"><ele>530.7</ele><time>2026-07-28T13:30:28Z</time></trkpt><trkpt lat="45.682785" lon="25.553393"><ele>530.9</ele><time>2026-07-28T13:30:30Z</time></trkpt><trkpt lat="45.682843" lon="25.553315"><ele>531.3</ele><time>2026-07-28T13:30:32Z</time></trkpt><trkpt lat="45.682902" lon="25.553232"><ele>531.3</ele><time>2026-07-28T13:30:35Z</time></trkpt><trkpt lat="45.682988" lon="25.553145"><ele>531.2</ele><time>2026-07-28T13:30:36Z</time></trkpt><trkpt lat="45.683053" lon="25.553047"><ele>531.2</ele><time>2026-07-28T13:30:38Z</time></trkpt><trkpt lat="45.683102" lon="25.552952"><ele>531.6</ele><time>2026-07-28T13:30:40Z</time></trkpt><trkpt lat="45.683153" lon="25.552853"><ele>531.6</ele><time>2026-07-28T13:30:42Z</time></trkpt><trkpt lat="45.683203" lon="25.55275"><ele>531.7</ele><time>2026-07-28T13:30:44Z</time></trkpt><trkpt lat="45.68325" lon="25.552657"><ele>532.0</ele><time>2026-07-28T13:30:46Z</time></trkpt><trkpt lat="45.683293" lon="25.552552"><ele>532.1</ele><time>2026-07-28T13:30:48Z</time></trkpt><trkpt lat="45.68334" lon="25.552453"><ele>532.2</ele><time>2026-07-28T13:30:50Z</time></trkpt><trkpt lat="45.683392" lon="25.552355"><ele>532.1</ele><time>2026-07-28T13:30:52Z</time></trkpt><trkpt lat="45.683437" lon="25.552258"><ele>532.4</ele><time>2026-07-28T13:30:54Z</time></trkpt><trkpt lat="45.68347" lon="25.552158"><ele>532.6</ele><time>2026-07-28T13:30:56Z</time></trkpt><trkpt lat="45.683512" lon="25.552067"><ele>532.6</ele><time>2026-07-28T13:30:58Z</time></trkpt><trkpt lat="45.68356" lon="25.55196"><ele>532.4</ele><time>2026-07-28T13:31:01Z</time></trkpt><trkpt lat="45.683618" lon="25.55183"><ele>532.5</ele><time>2026-07-28T13:31:02Z</time></trkpt><trkpt lat="45.683665" lon="25.551712"><ele>532.7</ele><time>2026-07-28T13:31:04Z</time></trkpt><trkpt lat="45.683712" lon="25.551605"><ele>532.7</ele><time>2026-07-28T13:31:06Z</time></trkpt><trkpt lat="45.683767" lon="25.551482"><ele>532.6</ele><time>2026-07-28T13:31:08Z</time></trkpt><trkpt lat="45.683818" lon="25.551357"><ele>532.4</ele><time>2026-07-28T13:31:10Z</time></trkpt><trkpt lat="45.68387" lon="25.55124"><ele>532.3</ele><time>2026-07-28T13:31:12Z</time></trkpt><trkpt lat="45.68392" lon="25.55113"><ele>532.1</ele><time>2026-07-28T13:31:14Z</time></trkpt><trkpt lat="45.683977" lon="25.551008"><ele>531.8</ele><time>2026-07-28T13:31:16Z</time></trkpt><trkpt lat="45.684035" lon="25.550883"><ele>531.7</ele><time>2026-07-28T13:31:18Z</time></trkpt><trkpt lat="45.684102" lon="25.550765"><ele>531.6</ele><time>2026-07-28T13:31:20Z</time></trkpt><trkpt lat="45.684165" lon="25.550657"><ele>531.7</ele><time>2026-07-28T13:31:22Z</time></trkpt><trkpt lat="45.684228" lon="25.550558"><ele>531.8</ele><time>2026-07-28T13:31:24Z</time></trkpt><trkpt lat="45.684288" lon="25.550447"><ele>532.1</ele><time>2026-07-28T13:31:26Z</time></trkpt><trkpt lat="45.684365" lon="25.550323"><ele>532.4</ele><time>2026-07-28T13:31:29Z</time></trkpt><trkpt lat="45.684472" lon="25.55016"><ele>532.0</ele><time>2026-07-28T13:31:32Z</time></trkpt><trkpt lat="45.684532" lon="25.550067"><ele>532.0</ele><time>2026-07-28T13:31:34Z</time></trkpt><trkpt lat="45.684588" lon="25.549965"><ele>531.9</ele><time>2026-07-28T13:31:36Z</time></trkpt><trkpt lat="45.684647" lon="25.549868"><ele>531.8</ele><time>2026-07-28T13:31:38Z</time></trkpt><trkpt lat="45.684705" lon="25.549772"><ele>531.7</ele><time>2026-07-28T13:31:40Z</time></trkpt><trkpt lat="45.684763" lon="25.549678"><ele>531.7</ele><time>2026-07-28T13:31:42Z</time></trkpt><trkpt lat="45.684825" lon="25.549585"><ele>531.8</ele><time>2026-07-28T13:31:44Z</time></trkpt><trkpt lat="45.684882" lon="25.549483"><ele>531.7</ele><time>2026-07-28T13:31:46Z</time></trkpt><trkpt lat="45.68494" lon="25.549388"><ele>531.7</ele><time>2026-07-28T13:31:48Z</time></trkpt><trkpt lat="45.685" lon="25.549282"><ele>531.5</ele><time>2026-07-28T13:31:50Z</time></trkpt><trkpt lat="45.685048" lon="25.549182"><ele>530.7</ele><time>2026-07-28T13:31:52Z</time></trkpt><trkpt lat="45.685132" lon="25.549027"><ele>529.6</ele><time>2026-07-28T13:31:56Z</time></trkpt><trkpt lat="45.685195" lon="25.548932"><ele>529.5</ele><time>2026-07-28T13:31:58Z</time></trkpt><trkpt lat="45.685252" lon="25.54884"><ele>529.5</ele><time>2026-07-28T13:32:00Z</time></trkpt><trkpt lat="45.685312" lon="25.548747"><ele>529.5</ele><time>2026-07-28T13:32:02Z</time></trkpt><trkpt lat="45.68537" lon="25.548655"><ele>529.6</ele><time>2026-07-28T13:32:04Z</time></trkpt><trkpt lat="45.685428" lon="25.548565"><ele>529.7</ele><time>2026-07-28T13:32:06Z</time></trkpt><trkpt lat="45.685487" lon="25.548477"><ele>529.7</ele><time>2026-07-28T13:32:08Z</time></trkpt><trkpt lat="45.685545" lon="25.548385"><ele>529.7</ele><time>2026-07-28T13:32:10Z</time></trkpt><trkpt lat="45.685605" lon="25.548293"><ele>529.8</ele><time>2026-07-28T13:32:12Z</time></trkpt><trkpt lat="45.685663" lon="25.548205"><ele>529.8</ele><time>2026-07-28T13:32:14Z</time></trkpt><trkpt lat="45.685723" lon="25.548117"><ele>529.8</ele><time>2026-07-28T13:32:16Z</time></trkpt><trkpt lat="45.68579" lon="25.548033"><ele>529.8</ele><time>2026-07-28T13:32:18Z</time></trkpt><trkpt lat="45.685853" lon="25.547948"><ele>529.8</ele><time>2026-07-28T13:32:20Z</time></trkpt><trkpt lat="45.685918" lon="25.547868"><ele>529.9</ele><time>2026-07-28T13:32:22Z</time></trkpt><trkpt lat="45.685983" lon="25.547788"><ele>530.0</ele><time>2026-07-28T13:32:24Z</time></trkpt><trkpt lat="45.686047" lon="25.547712"><ele>530.0</ele><time>2026-07-28T13:32:26Z</time></trkpt><trkpt lat="45.686113" lon="25.547635"><ele>530.0</ele><time>2026-07-28T13:32:28Z</time></trkpt><trkpt lat="45.686197" lon="25.547557"><ele>530.6</ele><time>2026-07-28T13:32:31Z</time></trkpt><trkpt lat="45.68626" lon="25.547477"><ele>530.9</ele><time>2026-07-28T13:32:33Z</time></trkpt><trkpt lat="45.68632" lon="25.547405"><ele>531.4</ele><time>2026-07-28T13:32:35Z</time></trkpt><trkpt lat="45.686388" lon="25.547333"><ele>531.3</ele><time>2026-07-28T13:32:37Z</time></trkpt><trkpt lat="45.68645" lon="25.54726"><ele>531.3</ele><time>2026-07-28T13:32:39Z</time></trkpt><trkpt lat="45.686512" lon="25.54718"><ele>531.3</ele><time>2026-07-28T13:32:41Z</time></trkpt><trkpt lat="45.686582" lon="25.547112"><ele>531.2</ele><time>2026-07-28T13:32:43Z</time></trkpt><trkpt lat="45.68665" lon="25.54704"><ele>531.0</ele><time>2026-07-28T13:32:46Z</time></trkpt><trkpt lat="45.686773" lon="25.546887"><ele>530.8</ele><time>2026-07-28T13:32:49Z</time></trkpt><trkpt lat="45.686848" lon="25.546795"><ele>530.5</ele><time>2026-07-28T13:32:52Z</time></trkpt><trkpt lat="45.686925" lon="25.546725"><ele>530.1</ele><time>2026-07-28T13:32:55Z</time></trkpt><trkpt lat="45.686962" lon="25.546617"><ele>529.5</ele><time>2026-07-28T13:34:57Z</time></trkpt><trkpt lat="45.687025" lon="25.546517"><ele>530.0</ele><time>2026-07-28T13:35:00Z</time></trkpt><trkpt lat="45.6871" lon="25.546403"><ele>530.5</ele><time>2026-07-28T13:35:03Z</time></trkpt><trkpt lat="45.687148" lon="25.54631"><ele>530.8</ele><time>2026-07-28T13:35:05Z</time></trkpt><trkpt lat="45.687192" lon="25.546205"><ele>531.0</ele><time>2026-07-28T13:35:07Z</time></trkpt><trkpt lat="45.687233" lon="25.546103"><ele>531.0</ele><time>2026-07-28T13:35:09Z</time></trkpt><trkpt lat="45.687282" lon="25.545997"><ele>530.9</ele><time>2026-07-28T13:35:11Z</time></trkpt><trkpt lat="45.687327" lon="25.545883"><ele>530.8</ele><time>2026-07-28T13:35:13Z</time></trkpt><trkpt lat="45.687375" lon="25.54578"><ele>530.6</ele><time>2026-07-28T13:35:15Z</time></trkpt><trkpt lat="45.687465" lon="25.545575"><ele>530.8</ele><time>2026-07-28T13:35:19Z</time></trkpt><trkpt lat="45.687512" lon="25.545463"><ele>531.2</ele><time>2026-07-28T13:35:21Z</time></trkpt><trkpt lat="45.687553" lon="25.545352"><ele>531.4</ele><time>2026-07-28T13:35:23Z</time></trkpt><trkpt lat="45.687595" lon="25.545245"><ele>531.4</ele><time>2026-07-28T13:35:25Z</time></trkpt><trkpt lat="45.68763" lon="25.545137"><ele>531.3</ele><time>2026-07-28T13:35:27Z</time></trkpt><trkpt lat="45.687658" lon="25.54503"><ele>531.2</ele><time>2026-07-28T13:35:29Z</time></trkpt><trkpt lat="45.687677" lon="25.544913"><ele>531.4</ele><time>2026-07-28T13:35:31Z</time></trkpt><trkpt lat="45.68768" lon="25.544793"><ele>531.7</ele><time>2026-07-28T13:35:33Z</time></trkpt><trkpt lat="45.687667" lon="25.544685"><ele>531.7</ele><time>2026-07-28T13:35:35Z</time></trkpt><trkpt lat="45.687623" lon="25.54458"><ele>531.3</ele><time>2026-07-28T13:35:37Z</time></trkpt><trkpt lat="45.687578" lon="25.544485"><ele>531.1</ele><time>2026-07-28T13:35:39Z</time></trkpt><trkpt lat="45.68753" lon="25.544405"><ele>530.9</ele><time>2026-07-28T13:35:41Z</time></trkpt><trkpt lat="45.687473" lon="25.544327"><ele>530.9</ele><time>2026-07-28T13:35:42Z</time></trkpt><trkpt lat="45.687408" lon="25.544227"><ele>530.9</ele><time>2026-07-28T13:35:44Z</time></trkpt><trkpt lat="45.687347" lon="25.544128"><ele>531.0</ele><time>2026-07-28T13:35:46Z</time></trkpt><trkpt lat="45.687287" lon="25.544027"><ele>531.0</ele><time>2026-07-28T13:35:48Z</time></trkpt><trkpt lat="45.687228" lon="25.543928"><ele>531.2</ele><time>2026-07-28T13:35:50Z</time></trkpt><trkpt lat="45.687172" lon="25.543823"><ele>531.3</ele><time>2026-07-28T13:35:52Z</time></trkpt><trkpt lat="45.687112" lon="25.543723"><ele>531.3</ele><time>2026-07-28T13:35:54Z</time></trkpt><trkpt lat="45.687052" lon="25.543613"><ele>531.2</ele><time>2026-07-28T13:35:56Z</time></trkpt><trkpt lat="45.68699" lon="25.543512"><ele>531.3</ele><time>2026-07-28T13:35:58Z</time></trkpt><trkpt lat="45.686925" lon="25.543408"><ele>531.4</ele><time>2026-07-28T13:36:00Z</time></trkpt><trkpt lat="45.686862" lon="25.543297"><ele>531.4</ele><time>2026-07-28T13:36:02Z</time></trkpt><trkpt lat="45.686743" lon="25.543108"><ele>531.8</ele><time>2026-07-28T13:36:06Z</time></trkpt><trkpt lat="45.686678" lon="25.543007"><ele>531.8</ele><time>2026-07-28T13:36:08Z</time></trkpt><trkpt lat="45.686615" lon="25.542912"><ele>531.8</ele><time>2026-07-28T13:36:10Z</time></trkpt><trkpt lat="45.686562" lon="25.542813"><ele>531.9</ele><time>2026-07-28T13:36:12Z</time></trkpt><trkpt lat="45.686503" lon="25.54271"><ele>532.0</ele><time>2026-07-28T13:36:14Z</time></trkpt><trkpt lat="45.686438" lon="25.542608"><ele>532.1</ele><time>2026-07-28T13:36:16Z</time></trkpt><trkpt lat="45.686377" lon="25.542508"><ele>532.1</ele><time>2026-07-28T13:36:18Z</time></trkpt><trkpt lat="45.686317" lon="25.542407"><ele>532.1</ele><time>2026-07-28T13:36:20Z</time></trkpt><trkpt lat="45.686262" lon="25.542302"><ele>538.6</ele><time>2026-07-28T13:36:22Z</time></trkpt><trkpt lat="45.686212" lon="25.542195"><ele>539.3</ele><time>2026-07-28T13:36:24Z</time></trkpt><trkpt lat="45.686155" lon="25.542098"><ele>540.4</ele><time>2026-07-28T13:36:27Z</time></trkpt><trkpt lat="45.686093" lon="25.542027"><ele>540.5</ele><time>2026-07-28T13:36:28Z</time></trkpt><trkpt lat="45.686042" lon="25.541938"><ele>540.4</ele><time>2026-07-28T13:36:30Z</time></trkpt><trkpt lat="45.685988" lon="25.541848"><ele>540.3</ele><time>2026-07-28T13:36:32Z</time></trkpt><trkpt lat="45.685928" lon="25.541758"><ele>540.6</ele><time>2026-07-28T13:36:34Z</time></trkpt><trkpt lat="45.685883" lon="25.541668"><ele>540.9</ele><time>2026-07-28T13:36:36Z</time></trkpt><trkpt lat="45.685838" lon="25.541583"><ele>541.2</ele><time>2026-07-28T13:36:38Z</time></trkpt><trkpt lat="45.685787" lon="25.541498"><ele>541.1</ele><time>2026-07-28T13:36:40Z</time></trkpt><trkpt lat="45.685735" lon="25.541408"><ele>540.4</ele><time>2026-07-28T13:36:42Z</time></trkpt><trkpt lat="45.685687" lon="25.541323"><ele>540.6</ele><time>2026-07-28T13:36:44Z</time></trkpt><trkpt lat="45.685632" lon="25.541232"><ele>540.9</ele><time>2026-07-28T13:36:46Z</time></trkpt><trkpt lat="45.685575" lon="25.541145"><ele>541.2</ele><time>2026-07-28T13:36:48Z</time></trkpt><trkpt lat="45.68553" lon="25.541037"><ele>540.7</ele><time>2026-07-28T13:36:51Z</time></trkpt><trkpt lat="45.685457" lon="25.540893"><ele>540.7</ele><time>2026-07-28T13:36:54Z</time></trkpt><trkpt lat="45.685403" lon="25.54079"><ele>540.9</ele><time>2026-07-28T13:36:56Z</time></trkpt><trkpt lat="45.685328" lon="25.540722"><ele>540.9</ele><time>2026-07-28T13:36:57Z</time></trkpt><trkpt lat="45.685267" lon="25.540625"><ele>540.4</ele><time>2026-07-28T13:36:59Z</time></trkpt><trkpt lat="45.685205" lon="25.54053"><ele>540.4</ele><time>2026-07-28T13:37:01Z</time></trkpt><trkpt lat="45.68516" lon="25.540435"><ele>540.7</ele><time>2026-07-28T13:37:03Z</time></trkpt><trkpt lat="45.685097" lon="25.540335"><ele>541.0</ele><time>2026-07-28T13:37:05Z</time></trkpt><trkpt lat="45.685037" lon="25.54024"><ele>541.2</ele><time>2026-07-28T13:37:07Z</time></trkpt><trkpt lat="45.68498" lon="25.540138"><ele>541.0</ele><time>2026-07-28T13:37:09Z</time></trkpt><trkpt lat="45.684918" lon="25.540035"><ele>540.9</ele><time>2026-07-28T13:37:11Z</time></trkpt><trkpt lat="45.684857" lon="25.539933"><ele>540.6</ele><time>2026-07-28T13:37:13Z</time></trkpt><trkpt lat="45.6848" lon="25.539825"><ele>540.5</ele><time>2026-07-28T13:37:15Z</time></trkpt><trkpt lat="45.684755" lon="25.539655"><ele>540.8</ele><time>2026-07-28T13:37:18Z</time></trkpt><trkpt lat="45.684738" lon="25.539547"><ele>541.6</ele><time>2026-07-28T13:37:21Z</time></trkpt><trkpt lat="45.684708" lon="25.5394"><ele>541.8</ele><time>2026-07-28T13:37:22Z</time></trkpt><trkpt lat="45.684728" lon="25.539275"><ele>541.9</ele><time>2026-07-28T13:37:24Z</time></trkpt><trkpt lat="45.684758" lon="25.53916"><ele>541.7</ele><time>2026-07-28T13:37:26Z</time></trkpt><trkpt lat="45.684788" lon="25.539035"><ele>541.7</ele><time>2026-07-28T13:37:28Z</time></trkpt><trkpt lat="45.684818" lon="25.53891"><ele>541.7</ele><time>2026-07-28T13:37:30Z</time></trkpt><trkpt lat="45.684852" lon="25.538785"><ele>541.9</ele><time>2026-07-28T13:37:32Z</time></trkpt><trkpt lat="45.684878" lon="25.538658"><ele>541.8</ele><time>2026-07-28T13:37:34Z</time></trkpt><trkpt lat="45.684908" lon="25.538542"><ele>541.7</ele><time>2026-07-28T13:37:36Z</time></trkpt><trkpt lat="45.684935" lon="25.538442"><ele>541.6</ele><time>2026-07-28T13:37:38Z</time></trkpt><trkpt lat="45.684968" lon="25.538345"><ele>540.9</ele><time>2026-07-28T13:37:41Z</time></trkpt><trkpt lat="45.685037" lon="25.538292"><ele>539.7</ele><time>2026-07-28T13:37:51Z</time></trkpt><trkpt lat="45.684997" lon="25.538205"><ele>539.4</ele><time>2026-07-28T13:38:55Z</time></trkpt><trkpt lat="45.684953" lon="25.538342"><ele>539.6</ele><time>2026-07-28T13:39:29Z</time></trkpt><trkpt lat="45.68492" lon="25.538448"><ele>539.5</ele><time>2026-07-28T13:39:32Z</time></trkpt><trkpt lat="45.684885" lon="25.538585"><ele>539.5</ele><time>2026-07-28T13:39:35Z</time></trkpt><trkpt lat="45.684853" lon="25.538685"><ele>539.5</ele><time>2026-07-28T13:39:37Z</time></trkpt><trkpt lat="45.684827" lon="25.53879"><ele>539.5</ele><time>2026-07-28T13:39:39Z</time></trkpt><trkpt lat="45.684808" lon="25.53889"><ele>539.5</ele><time>2026-07-28T13:39:41Z</time></trkpt><trkpt lat="45.684838" lon="25.538788"><ele>539.8</ele><time>2026-07-28T13:39:55Z</time></trkpt><trkpt lat="45.684867" lon="25.538675"><ele>540.1</ele><time>2026-07-28T13:39:58Z</time></trkpt><trkpt lat="45.684893" lon="25.538558"><ele>540.2</ele><time>2026-07-28T13:40:00Z</time></trkpt><trkpt lat="45.68493" lon="25.538437"><ele>540.6</ele><time>2026-07-28T13:40:03Z</time></trkpt><trkpt lat="45.684975" lon="25.53833"><ele>540.8</ele><time>2026-07-28T13:40:06Z</time></trkpt><trkpt lat="45.685008" lon="25.538237"><ele>539.4</ele><time>2026-07-28T13:40:47Z</time></trkpt><trkpt lat="45.68505" lon="25.538148"><ele>539.5</ele><time>2026-07-28T13:42:09Z</time></trkpt><trkpt lat="45.685097" lon="25.538048"><ele>540.2</ele><time>2026-07-28T13:42:13Z</time></trkpt><trkpt lat="45.685145" lon="25.537968"><ele>540.3</ele><time>2026-07-28T13:42:16Z</time></trkpt><trkpt lat="45.685193" lon="25.537885"><ele>540.5</ele><time>2026-07-28T13:42:19Z</time></trkpt><trkpt lat="45.685247" lon="25.5378"><ele>541.1</ele><time>2026-07-28T13:42:22Z</time></trkpt><trkpt lat="45.685303" lon="25.537713"><ele>541.2</ele><time>2026-07-28T13:42:25Z</time></trkpt><trkpt lat="45.685358" lon="25.537627"><ele>541.2</ele><time>2026-07-28T13:42:28Z</time></trkpt><trkpt lat="45.685418" lon="25.537537"><ele>541.3</ele><time>2026-07-28T13:42:31Z</time></trkpt><trkpt lat="45.68548" lon="25.537442"><ele>541.1</ele><time>2026-07-28T13:42:34Z</time></trkpt><trkpt lat="45.685545" lon="25.537347"><ele>541.0</ele><time>2026-07-28T13:42:37Z</time></trkpt><trkpt lat="45.68561" lon="25.537237"><ele>541.0</ele><time>2026-07-28T13:42:40Z</time></trkpt><trkpt lat="45.685675" lon="25.537128"><ele>541.2</ele><time>2026-07-28T13:42:43Z</time></trkpt><trkpt lat="45.68574" lon="25.53702"><ele>541.6</ele><time>2026-07-28T13:42:46Z</time></trkpt><trkpt lat="45.685812" lon="25.536913"><ele>541.4</ele><time>2026-07-28T13:42:50Z</time></trkpt><trkpt lat="45.685892" lon="25.536787"><ele>541.4</ele><time>2026-07-28T13:42:53Z</time></trkpt><trkpt lat="45.685953" lon="25.536683"><ele>541.5</ele><time>2026-07-28T13:42:56Z</time></trkpt><trkpt lat="45.686012" lon="25.536598"><ele>541.3</ele><time>2026-07-28T13:42:59Z</time></trkpt><trkpt lat="45.686062" lon="25.536522"><ele>541.2</ele><time>2026-07-28T13:43:00Z</time></trkpt><trkpt lat="45.68611" lon="25.536445"><ele>541.7</ele><time>2026-07-28T13:43:03Z</time></trkpt><trkpt lat="45.686168" lon="25.536353"><ele>542.1</ele><time>2026-07-28T13:43:05Z</time></trkpt><trkpt lat="45.686233" lon="25.53626"><ele>542.2</ele><time>2026-07-28T13:43:08Z</time></trkpt><trkpt lat="45.68629" lon="25.536163"><ele>541.8</ele><time>2026-07-28T13:43:11Z</time></trkpt><trkpt lat="45.68636" lon="25.53608"><ele>541.8</ele><time>2026-07-28T13:43:12Z</time></trkpt><trkpt lat="45.686412" lon="25.536003"><ele>541.8</ele><time>2026-07-28T13:43:14Z</time></trkpt><trkpt lat="45.686465" lon="25.535927"><ele>541.7</ele><time>2026-07-28T13:43:16Z</time></trkpt><trkpt lat="45.686518" lon="25.535837"><ele>541.3</ele><time>2026-07-28T13:43:18Z</time></trkpt><trkpt lat="45.686558" lon="25.535745"><ele>540.5</ele><time>2026-07-28T13:43:20Z</time></trkpt><trkpt lat="45.68661" lon="25.535667"><ele>540.0</ele><time>2026-07-28T13:43:22Z</time></trkpt><trkpt lat="45.686655" lon="25.535538"><ele>540.0</ele><time>2026-07-28T13:43:25Z</time></trkpt><trkpt lat="45.686727" lon="25.535452"><ele>540.0</ele><time>2026-07-28T13:43:28Z</time></trkpt><trkpt lat="45.68679" lon="25.535383"><ele>539.9</ele><time>2026-07-28T13:43:33Z</time></trkpt><trkpt lat="45.686823" lon="25.535267"><ele>539.5</ele><time>2026-07-28T13:50:00Z</time></trkpt><trkpt lat="45.686888" lon="25.535187"><ele>540.2</ele><time>2026-07-28T13:50:03Z</time></trkpt><trkpt lat="45.68696" lon="25.535078"><ele>541.4</ele><time>2026-07-28T13:50:06Z</time></trkpt><trkpt lat="45.687037" lon="25.534965"><ele>542.5</ele><time>2026-07-28T13:50:09Z</time></trkpt><trkpt lat="45.68711" lon="25.534853"><ele>542.7</ele><time>2026-07-28T13:50:12Z</time></trkpt><trkpt lat="45.687155" lon="25.534768"><ele>542.7</ele><time>2026-07-28T13:50:14Z</time></trkpt><trkpt lat="45.68721" lon="25.53468"><ele>542.4</ele><time>2026-07-28T13:50:17Z</time></trkpt><trkpt lat="45.687282" lon="25.53456"><ele>542.4</ele><time>2026-07-28T13:50:19Z</time></trkpt><trkpt lat="45.687335" lon="25.534485"><ele>542.0</ele><time>2026-07-28T13:50:21Z</time></trkpt><trkpt lat="45.687385" lon="25.5344"><ele>541.7</ele><time>2026-07-28T13:50:23Z</time></trkpt><trkpt lat="45.687448" lon="25.534295"><ele>541.5</ele><time>2026-07-28T13:50:26Z</time></trkpt><trkpt lat="45.687493" lon="25.53421"><ele>541.3</ele><time>2026-07-28T13:50:28Z</time></trkpt><trkpt lat="45.687558" lon="25.534127"><ele>540.9</ele><time>2026-07-28T13:50:31Z</time></trkpt><trkpt lat="45.68762" lon="25.534013"><ele>541.0</ele><time>2026-07-28T13:50:34Z</time></trkpt><trkpt lat="45.687677" lon="25.533948"><ele>541.1</ele><time>2026-07-28T13:50:36Z</time></trkpt><trkpt lat="45.687735" lon="25.533872"><ele>541.3</ele><time>2026-07-28T13:50:38Z</time></trkpt><trkpt lat="45.687785" lon="25.533797"><ele>541.5</ele><time>2026-07-28T13:50:40Z</time></trkpt><trkpt lat="45.68784" lon="25.533722"><ele>541.5</ele><time>2026-07-28T13:50:42Z</time></trkpt><trkpt lat="45.687892" lon="25.533642"><ele>542.1</ele><time>2026-07-28T13:50:44Z</time></trkpt><trkpt lat="45.687938" lon="25.533557"><ele>542.6</ele><time>2026-07-28T13:50:46Z</time></trkpt><trkpt lat="45.687998" lon="25.53343"><ele>542.3</ele><time>2026-07-28T13:50:49Z</time></trkpt><trkpt lat="45.688043" lon="25.533292"><ele>541.7</ele><time>2026-07-28T13:50:52Z</time></trkpt><trkpt lat="45.688048" lon="25.533185"><ele>541.1</ele><time>2026-07-28T13:50:54Z</time></trkpt><trkpt lat="45.688032" lon="25.533032"><ele>540.7</ele><time>2026-07-28T13:50:57Z</time></trkpt><trkpt lat="45.688008" lon="25.532932"><ele>540.6</ele><time>2026-07-28T13:50:59Z</time></trkpt><trkpt lat="45.687977" lon="25.532833"><ele>540.5</ele><time>2026-07-28T13:51:01Z</time></trkpt><trkpt lat="45.68792" lon="25.532747"><ele>540.4</ele><time>2026-07-28T13:51:03Z</time></trkpt><trkpt lat="45.687867" lon="25.532663"><ele>539.9</ele><time>2026-07-28T13:51:05Z</time></trkpt><trkpt lat="45.687813" lon="25.532578"><ele>539.6</ele><time>2026-07-28T13:51:07Z</time></trkpt><trkpt lat="45.687757" lon="25.532492"><ele>539.2</ele><time>2026-07-28T13:51:09Z</time></trkpt><trkpt lat="45.687702" lon="25.532418"><ele>539.2</ele><time>2026-07-28T13:51:11Z</time></trkpt><trkpt lat="45.687652" lon="25.532337"><ele>539.2</ele><time>2026-07-28T13:51:13Z</time></trkpt><trkpt lat="45.687597" lon="25.532252"><ele>539.3</ele><time>2026-07-28T13:51:16Z</time></trkpt><trkpt lat="45.687485" lon="25.532132"><ele>539.4</ele><time>2026-07-28T13:51:19Z</time></trkpt><trkpt lat="45.687435" lon="25.532057"><ele>530.4</ele><time>2026-07-28T13:51:21Z</time></trkpt><trkpt lat="45.687383" lon="25.531985"><ele>530.1</ele><time>2026-07-28T13:51:23Z</time></trkpt><trkpt lat="45.68733" lon="25.531908"><ele>529.9</ele><time>2026-07-28T13:51:25Z</time></trkpt><trkpt lat="45.68728" lon="25.53183"><ele>529.9</ele><time>2026-07-28T13:51:27Z</time></trkpt><trkpt lat="45.687223" lon="25.53175"><ele>530.3</ele><time>2026-07-28T13:51:29Z</time></trkpt><trkpt lat="45.687165" lon="25.531667"><ele>530.6</ele><time>2026-07-28T13:51:31Z</time></trkpt><trkpt lat="45.687105" lon="25.531582"><ele>530.9</ele><time>2026-07-28T13:51:33Z</time></trkpt><trkpt lat="45.687043" lon="25.531498"><ele>531.2</ele><time>2026-07-28T13:51:35Z</time></trkpt><trkpt lat="45.686993" lon="25.531413"><ele>531.3</ele><time>2026-07-28T13:51:37Z</time></trkpt><trkpt lat="45.68694" lon="25.531328"><ele>531.6</ele><time>2026-07-28T13:51:39Z</time></trkpt><trkpt lat="45.686862" lon="25.531215"><ele>531.5</ele><time>2026-07-28T13:51:42Z</time></trkpt><trkpt lat="45.686777" lon="25.531128"><ele>531.4</ele><time>2026-07-28T13:51:44Z</time></trkpt><trkpt lat="45.686715" lon="25.531043"><ele>531.2</ele><time>2026-07-28T13:51:46Z</time></trkpt><trkpt lat="45.686657" lon="25.530955"><ele>531.1</ele><time>2026-07-28T13:51:48Z</time></trkpt><trkpt lat="45.686597" lon="25.530868"><ele>531.1</ele><time>2026-07-28T13:51:50Z</time></trkpt><trkpt lat="45.686533" lon="25.530783"><ele>531.2</ele><time>2026-07-28T13:51:52Z</time></trkpt><trkpt lat="45.68647" lon="25.530693"><ele>531.4</ele><time>2026-07-28T13:51:54Z</time></trkpt><trkpt lat="45.68641" lon="25.530602"><ele>531.4</ele><time>2026-07-28T13:51:56Z</time></trkpt><trkpt lat="45.686347" lon="25.530513"><ele>531.4</ele><time>2026-07-28T13:51:58Z</time></trkpt><trkpt lat="45.68628" lon="25.530428"><ele>531.6</ele><time>2026-07-28T13:52:00Z</time></trkpt><trkpt lat="45.686233" lon="25.530317"><ele>531.7</ele><time>2026-07-28T13:52:02Z</time></trkpt><trkpt lat="45.686165" lon="25.530217"><ele>531.9</ele><time>2026-07-28T13:52:05Z</time></trkpt><trkpt lat="45.686113" lon="25.530135"><ele>532.0</ele><time>2026-07-28T13:52:07Z</time></trkpt><trkpt lat="45.686033" lon="25.530022"><ele>532.6</ele><time>2026-07-28T13:52:10Z</time></trkpt><trkpt lat="45.685978" lon="25.529937"><ele>532.9</ele><time>2026-07-28T13:52:12Z</time></trkpt><trkpt lat="45.685923" lon="25.529843"><ele>533.0</ele><time>2026-07-28T13:52:14Z</time></trkpt><trkpt lat="45.685863" lon="25.529735"><ele>533.4</ele><time>2026-07-28T13:52:16Z</time></trkpt><trkpt lat="45.685797" lon="25.529645"><ele>533.5</ele><time>2026-07-28T13:52:18Z</time></trkpt><trkpt lat="45.685727" lon="25.529557"><ele>533.4</ele><time>2026-07-28T13:52:20Z</time></trkpt><trkpt lat="45.685665" lon="25.52947"><ele>533.3</ele><time>2026-07-28T13:52:22Z</time></trkpt><trkpt lat="45.685607" lon="25.529387"><ele>533.6</ele><time>2026-07-28T13:52:24Z</time></trkpt><trkpt lat="45.685548" lon="25.529298"><ele>534.2</ele><time>2026-07-28T13:52:26Z</time></trkpt><trkpt lat="45.685493" lon="25.52922"><ele>534.2</ele><time>2026-07-28T13:52:28Z</time></trkpt><trkpt lat="45.685438" lon="25.529137"><ele>534.0</ele><time>2026-07-28T13:52:30Z</time></trkpt><trkpt lat="45.685375" lon="25.529053"><ele>533.7</ele><time>2026-07-28T13:52:32Z</time></trkpt><trkpt lat="45.68531" lon="25.528968"><ele>533.4</ele><time>2026-07-28T13:52:34Z</time></trkpt><trkpt lat="45.685247" lon="25.528893"><ele>533.6</ele><time>2026-07-28T13:52:36Z</time></trkpt><trkpt lat="45.685192" lon="25.528817"><ele>533.6</ele><time>2026-07-28T13:52:38Z</time></trkpt><trkpt lat="45.685122" lon="25.528718"><ele>533.4</ele><time>2026-07-28T13:52:40Z</time></trkpt><trkpt lat="45.685065" lon="25.528648"><ele>533.2</ele><time>2026-07-28T13:52:42Z</time></trkpt><trkpt lat="45.684987" lon="25.528537"><ele>533.3</ele><time>2026-07-28T13:52:45Z</time></trkpt><trkpt lat="45.684932" lon="25.52846"><ele>533.5</ele><time>2026-07-28T13:52:47Z</time></trkpt><trkpt lat="45.684878" lon="25.528383"><ele>534.1</ele><time>2026-07-28T13:52:49Z</time></trkpt><trkpt lat="45.68483" lon="25.528303"><ele>534.3</ele><time>2026-07-28T13:52:51Z</time></trkpt><trkpt lat="45.68478" lon="25.528223"><ele>534.3</ele><time>2026-07-28T13:52:53Z</time></trkpt><trkpt lat="45.684728" lon="25.528147"><ele>534.2</ele><time>2026-07-28T13:52:55Z</time></trkpt><trkpt lat="45.684677" lon="25.528067"><ele>534.2</ele><time>2026-07-28T13:52:57Z</time></trkpt><trkpt lat="45.684613" lon="25.527952"><ele>534.4</ele><time>2026-07-28T13:53:00Z</time></trkpt><trkpt lat="45.68454" lon="25.527843"><ele>534.4</ele><time>2026-07-28T13:53:02Z</time></trkpt><trkpt lat="45.684475" lon="25.527753"><ele>535.1</ele><time>2026-07-28T13:53:04Z</time></trkpt><trkpt lat="45.684422" lon="25.527663"><ele>535.2</ele><time>2026-07-28T13:53:07Z</time></trkpt><trkpt lat="45.68434" lon="25.52756"><ele>534.6</ele><time>2026-07-28T13:53:09Z</time></trkpt><trkpt lat="45.684285" lon="25.527487"><ele>534.3</ele><time>2026-07-28T13:53:11Z</time></trkpt><trkpt lat="45.684237" lon="25.527408"><ele>534.3</ele><time>2026-07-28T13:53:13Z</time></trkpt><trkpt lat="45.684183" lon="25.527328"><ele>534.5</ele><time>2026-07-28T13:53:15Z</time></trkpt><trkpt lat="45.68413" lon="25.527242"><ele>534.7</ele><time>2026-07-28T13:53:17Z</time></trkpt><trkpt lat="45.684078" lon="25.527157"><ele>534.9</ele><time>2026-07-28T13:53:19Z</time></trkpt><trkpt lat="45.684028" lon="25.527077"><ele>534.8</ele><time>2026-07-28T13:53:21Z</time></trkpt><trkpt lat="45.683983" lon="25.52697"><ele>534.5</ele><time>2026-07-28T13:53:24Z</time></trkpt><trkpt lat="45.683882" lon="25.526835"><ele>534.7</ele><time>2026-07-28T13:53:27Z</time></trkpt><trkpt lat="45.683813" lon="25.526732"><ele>534.5</ele><time>2026-07-28T13:53:30Z</time></trkpt><trkpt lat="45.683745" lon="25.52662"><ele>534.5</ele><time>2026-07-28T13:53:33Z</time></trkpt><trkpt lat="45.683695" lon="25.52654"><ele>534.8</ele><time>2026-07-28T13:53:35Z</time></trkpt><trkpt lat="45.683642" lon="25.52646"><ele>535.0</ele><time>2026-07-28T13:53:37Z</time></trkpt><trkpt lat="45.683588" lon="25.526375"><ele>535.0</ele><time>2026-07-28T13:53:39Z</time></trkpt><trkpt lat="45.683533" lon="25.526295"><ele>535.2</ele><time>2026-07-28T13:53:41Z</time></trkpt><trkpt lat="45.683478" lon="25.526187"><ele>535.6</ele><time>2026-07-28T13:53:43Z</time></trkpt><trkpt lat="45.683427" lon="25.526107"><ele>535.9</ele><time>2026-07-28T13:53:45Z</time></trkpt><trkpt lat="45.683375" lon="25.526022"><ele>535.9</ele><time>2026-07-28T13:53:47Z</time></trkpt><trkpt lat="45.683323" lon="25.525937"><ele>536.0</ele><time>2026-07-28T13:53:49Z</time></trkpt><trkpt lat="45.683275" lon="25.525852"><ele>536.1</ele><time>2026-07-28T13:53:51Z</time></trkpt><trkpt lat="45.683222" lon="25.525768"><ele>536.6</ele><time>2026-07-28T13:53:53Z</time></trkpt><trkpt lat="45.683172" lon="25.525685"><ele>536.5</ele><time>2026-07-28T13:53:55Z</time></trkpt><trkpt lat="45.683122" lon="25.525598"><ele>536.3</ele><time>2026-07-28T13:53:57Z</time></trkpt><trkpt lat="45.683072" lon="25.525517"><ele>536.0</ele><time>2026-07-28T13:53:59Z</time></trkpt><trkpt lat="45.68302" lon="25.525432"><ele>536.1</ele><time>2026-07-28T13:54:01Z</time></trkpt><trkpt lat="45.682912" lon="25.525282"><ele>536.1</ele><time>2026-07-28T13:54:05Z</time></trkpt><trkpt lat="45.68286" lon="25.525193"><ele>536.2</ele><time>2026-07-28T13:54:07Z</time></trkpt><trkpt lat="45.68281" lon="25.525112"><ele>536.6</ele><time>2026-07-28T13:54:09Z</time></trkpt><trkpt lat="45.68276" lon="25.525027"><ele>536.6</ele><time>2026-07-28T13:54:11Z</time></trkpt><trkpt lat="45.68271" lon="25.524945"><ele>536.2</ele><time>2026-07-28T13:54:13Z</time></trkpt><trkpt lat="45.682657" lon="25.524867"><ele>536.1</ele><time>2026-07-28T13:54:15Z</time></trkpt><trkpt lat="45.682605" lon="25.524782"><ele>536.2</ele><time>2026-07-28T13:54:17Z</time></trkpt><trkpt lat="45.682555" lon="25.524703"><ele>536.5</ele><time>2026-07-28T13:54:19Z</time></trkpt><trkpt lat="45.68251" lon="25.524618"><ele>536.6</ele><time>2026-07-28T13:54:21Z</time></trkpt><trkpt lat="45.682473" lon="25.524527"><ele>536.6</ele><time>2026-07-28T13:54:23Z</time></trkpt><trkpt lat="45.682415" lon="25.524428"><ele>536.5</ele><time>2026-07-28T13:54:26Z</time></trkpt><trkpt lat="45.682363" lon="25.524322"><ele>537.3</ele><time>2026-07-28T13:54:29Z</time></trkpt><trkpt lat="45.682303" lon="25.52423"><ele>537.5</ele><time>2026-07-28T13:54:31Z</time></trkpt><trkpt lat="45.682215" lon="25.52413"><ele>537.6</ele><time>2026-07-28T13:54:33Z</time></trkpt><trkpt lat="45.682165" lon="25.524043"><ele>537.6</ele><time>2026-07-28T13:54:35Z</time></trkpt><trkpt lat="45.682113" lon="25.523968"><ele>537.7</ele><time>2026-07-28T13:54:37Z</time></trkpt><trkpt lat="45.682062" lon="25.523892"><ele>537.7</ele><time>2026-07-28T13:54:39Z</time></trkpt><trkpt lat="45.681993" lon="25.523783"><ele>537.4</ele><time>2026-07-28T13:54:42Z</time></trkpt><trkpt lat="45.68194" lon="25.52369"><ele>536.4</ele><time>2026-07-28T13:54:45Z</time></trkpt><trkpt lat="45.681873" lon="25.523592"><ele>536.4</ele><time>2026-07-28T13:54:48Z</time></trkpt><trkpt lat="45.68181" lon="25.523493"><ele>536.8</ele><time>2026-07-28T13:54:51Z</time></trkpt><trkpt lat="45.681757" lon="25.523373"><ele>537.0</ele><time>2026-07-28T13:54:54Z</time></trkpt><trkpt lat="45.68169" lon="25.523255"><ele>536.8</ele><time>2026-07-28T13:54:57Z</time></trkpt><trkpt lat="45.681637" lon="25.523173"><ele>537.1</ele><time>2026-07-28T13:54:59Z</time></trkpt><trkpt lat="45.681582" lon="25.523097"><ele>537.6</ele><time>2026-07-28T13:55:01Z</time></trkpt><trkpt lat="45.681523" lon="25.523015"><ele>537.9</ele><time>2026-07-28T13:55:03Z</time></trkpt><trkpt lat="45.681462" lon="25.52294"><ele>537.9</ele><time>2026-07-28T13:55:05Z</time></trkpt><trkpt lat="45.681407" lon="25.522857"><ele>537.8</ele><time>2026-07-28T13:55:07Z</time></trkpt><trkpt lat="45.681353" lon="25.52277"><ele>537.7</ele><time>2026-07-28T13:55:09Z</time></trkpt><trkpt lat="45.681302" lon="25.522682"><ele>537.8</ele><time>2026-07-28T13:55:11Z</time></trkpt><trkpt lat="45.68124" lon="25.522593"><ele>537.9</ele><time>2026-07-28T13:55:13Z</time></trkpt><trkpt lat="45.681182" lon="25.522505"><ele>538.0</ele><time>2026-07-28T13:55:15Z</time></trkpt><trkpt lat="45.681118" lon="25.522415"><ele>538.0</ele><time>2026-07-28T13:55:17Z</time></trkpt><trkpt lat="45.681063" lon="25.522323"><ele>538.1</ele><time>2026-07-28T13:55:20Z</time></trkpt><trkpt lat="45.680983" lon="25.522212"><ele>538.3</ele><time>2026-07-28T13:55:22Z</time></trkpt><trkpt lat="45.680927" lon="25.522127"><ele>538.3</ele><time>2026-07-28T13:55:24Z</time></trkpt><trkpt lat="45.68087" lon="25.52204"><ele>537.9</ele><time>2026-07-28T13:55:26Z</time></trkpt><trkpt lat="45.680813" lon="25.521952"><ele>537.9</ele><time>2026-07-28T13:55:28Z</time></trkpt><trkpt lat="45.680755" lon="25.52186"><ele>538.3</ele><time>2026-07-28T13:55:30Z</time></trkpt><trkpt lat="45.680698" lon="25.521772"><ele>538.4</ele><time>2026-07-28T13:55:32Z</time></trkpt><trkpt lat="45.680647" lon="25.52168"><ele>538.8</ele><time>2026-07-28T13:55:34Z</time></trkpt><trkpt lat="45.680595" lon="25.521595"><ele>539.3</ele><time>2026-07-28T13:55:36Z</time></trkpt><trkpt lat="45.680538" lon="25.521513"><ele>539.4</ele><time>2026-07-28T13:55:38Z</time></trkpt><trkpt lat="45.680475" lon="25.521405"><ele>539.2</ele><time>2026-07-28T13:55:40Z</time></trkpt><trkpt lat="45.680415" lon="25.521293"><ele>539.1</ele><time>2026-07-28T13:55:43Z</time></trkpt><trkpt lat="45.680353" lon="25.521197"><ele>539.5</ele><time>2026-07-28T13:55:46Z</time></trkpt><trkpt lat="45.68029" lon="25.5211"><ele>539.6</ele><time>2026-07-28T13:55:47Z</time></trkpt><trkpt lat="45.680192" lon="25.520987"><ele>539.5</ele><time>2026-07-28T13:55:49Z</time></trkpt><trkpt lat="45.68014" lon="25.520902"><ele>539.5</ele><time>2026-07-28T13:55:51Z</time></trkpt><trkpt lat="45.680085" lon="25.52082"><ele>539.4</ele><time>2026-07-28T13:55:53Z</time></trkpt><trkpt lat="45.680032" lon="25.520735"><ele>539.3</ele><time>2026-07-28T13:55:55Z</time></trkpt><trkpt lat="45.679975" lon="25.520662"><ele>538.9</ele><time>2026-07-28T13:55:57Z</time></trkpt><trkpt lat="45.679922" lon="25.520577"><ele>538.6</ele><time>2026-07-28T13:55:59Z</time></trkpt><trkpt lat="45.679868" lon="25.520495"><ele>538.6</ele><time>2026-07-28T13:56:01Z</time></trkpt><trkpt lat="45.679807" lon="25.52041"><ele>539.1</ele><time>2026-07-28T13:56:03Z</time></trkpt><trkpt lat="45.679753" lon="25.520328"><ele>539.6</ele><time>2026-07-28T13:56:05Z</time></trkpt><trkpt lat="45.679698" lon="25.52024"><ele>539.8</ele><time>2026-07-28T13:56:07Z</time></trkpt><trkpt lat="45.67965" lon="25.520128"><ele>539.8</ele><time>2026-07-28T13:56:09Z</time></trkpt><trkpt lat="45.679602" lon="25.520042"><ele>540.0</ele><time>2026-07-28T13:56:12Z</time></trkpt><trkpt lat="45.679508" lon="25.519927"><ele>540.0</ele><time>2026-07-28T13:56:14Z</time></trkpt><trkpt lat="45.679458" lon="25.519838"><ele>540.1</ele><time>2026-07-28T13:56:16Z</time></trkpt><trkpt lat="45.679408" lon="25.519748"><ele>540.3</ele><time>2026-07-28T13:56:18Z</time></trkpt><trkpt lat="45.679357" lon="25.519663"><ele>540.5</ele><time>2026-07-28T13:56:20Z</time></trkpt><trkpt lat="45.679295" lon="25.519587"><ele>540.6</ele><time>2026-07-28T13:56:22Z</time></trkpt><trkpt lat="45.679245" lon="25.519502"><ele>540.6</ele><time>2026-07-28T13:56:24Z</time></trkpt><trkpt lat="45.679193" lon="25.519417"><ele>540.8</ele><time>2026-07-28T13:56:26Z</time></trkpt><trkpt lat="45.67914" lon="25.519325"><ele>540.7</ele><time>2026-07-28T13:56:28Z</time></trkpt><trkpt lat="45.679083" lon="25.519235"><ele>540.7</ele><time>2026-07-28T13:56:30Z</time></trkpt><trkpt lat="45.679023" lon="25.519147"><ele>540.7</ele><time>2026-07-28T13:56:32Z</time></trkpt><trkpt lat="45.678972" lon="25.519057"><ele>540.8</ele><time>2026-07-28T13:56:34Z</time></trkpt><trkpt lat="45.678923" lon="25.518975"><ele>540.9</ele><time>2026-07-28T13:56:36Z</time></trkpt><trkpt lat="45.678873" lon="25.518888"><ele>541.0</ele><time>2026-07-28T13:56:38Z</time></trkpt><trkpt lat="45.678833" lon="25.5188"><ele>540.9</ele><time>2026-07-28T13:56:41Z</time></trkpt><trkpt lat="45.678768" lon="25.518698"><ele>540.5</ele><time>2026-07-28T13:56:43Z</time></trkpt><trkpt lat="45.67872" lon="25.518622"><ele>540.2</ele><time>2026-07-28T13:56:45Z</time></trkpt><trkpt lat="45.678643" lon="25.518512"><ele>540.1</ele><time>2026-07-28T13:56:48Z</time></trkpt><trkpt lat="45.678595" lon="25.518428"><ele>540.2</ele><time>2026-07-28T13:56:50Z</time></trkpt><trkpt lat="45.678532" lon="25.518318"><ele>540.6</ele><time>2026-07-28T13:56:53Z</time></trkpt><trkpt lat="45.67848" lon="25.518232"><ele>540.8</ele><time>2026-07-28T13:56:55Z</time></trkpt><trkpt lat="45.678428" lon="25.518153"><ele>540.9</ele><time>2026-07-28T13:56:57Z</time></trkpt><trkpt lat="45.678373" lon="25.518068"><ele>540.9</ele><time>2026-07-28T13:56:59Z</time></trkpt><trkpt lat="45.678328" lon="25.517983"><ele>541.0</ele><time>2026-07-28T13:57:01Z</time></trkpt><trkpt lat="45.678272" lon="25.517902"><ele>541.3</ele><time>2026-07-28T13:57:03Z</time></trkpt><trkpt lat="45.678225" lon="25.517815"><ele>541.4</ele><time>2026-07-28T13:57:05Z</time></trkpt><trkpt lat="45.678175" lon="25.517735"><ele>541.2</ele><time>2026-07-28T13:57:08Z</time></trkpt><trkpt lat="45.678115" lon="25.517623"><ele>540.8</ele><time>2026-07-28T13:57:11Z</time></trkpt><trkpt lat="45.678057" lon="25.517537"><ele>540.8</ele><time>2026-07-28T13:57:14Z</time></trkpt><trkpt lat="45.677965" lon="25.517397"><ele>540.5</ele><time>2026-07-28T13:57:17Z</time></trkpt><trkpt lat="45.677913" lon="25.517308"><ele>540.3</ele><time>2026-07-28T13:57:19Z</time></trkpt><trkpt lat="45.677857" lon="25.517218"><ele>540.7</ele><time>2026-07-28T13:57:21Z</time></trkpt><trkpt lat="45.677797" lon="25.517123"><ele>541.2</ele><time>2026-07-28T13:57:23Z</time></trkpt><trkpt lat="45.677738" lon="25.517028"><ele>541.4</ele><time>2026-07-28T13:57:25Z</time></trkpt><trkpt lat="45.677687" lon="25.51694"><ele>541.5</ele><time>2026-07-28T13:57:27Z</time></trkpt><trkpt lat="45.677627" lon="25.516878"><ele>541.2</ele><time>2026-07-28T13:57:29Z</time></trkpt><trkpt lat="45.677555" lon="25.516918"><ele>541.0</ele><time>2026-07-28T13:57:31Z</time></trkpt><trkpt lat="45.677535" lon="25.51708"><ele>540.9</ele><time>2026-07-28T13:57:33Z</time></trkpt><trkpt lat="45.677478" lon="25.517003"><ele>540.9</ele><time>2026-07-28T13:57:34Z</time></trkpt><trkpt lat="45.677407" lon="25.516977"><ele>541.0</ele><time>2026-07-28T13:57:41Z</time></trkpt><trkpt lat="45.677335" lon="25.516938"><ele>540.7</ele><time>2026-07-28T13:57:49Z</time></trkpt><trkpt lat="45.677253" lon="25.516973"><ele>540.5</ele><time>2026-07-28T13:57:57Z</time></trkpt><trkpt lat="45.67718" lon="25.517023"><ele>540.7</ele><time>2026-07-28T13:58:03Z</time></trkpt><trkpt lat="45.67714" lon="25.517112"><ele>540.5</ele><time>2026-07-28T13:58:10Z</time></trkpt><trkpt lat="45.67712" lon="25.51722"><ele>540.6</ele><time>2026-07-28T13:58:22Z</time></trkpt><trkpt lat="45.677053" lon="25.517295"><ele>540.6</ele><time>2026-07-28T13:58:29Z</time></trkpt><trkpt lat="45.676985" lon="25.517375"><ele>540.7</ele><time>2026-07-28T13:58:35Z</time></trkpt><trkpt lat="45.676925" lon="25.517445"><ele>540.5</ele><time>2026-07-28T13:58:41Z</time></trkpt><trkpt lat="45.676865" lon="25.51753"><ele>540.6</ele><time>2026-07-28T13:58:48Z</time></trkpt><trkpt lat="45.676818" lon="25.517615"><ele>540.6</ele><time>2026-07-28T13:58:55Z</time></trkpt><trkpt lat="45.676793" lon="25.517718"><ele>540.8</ele><time>2026-07-28T13:59:26Z</time></trkpt></trkseg></trk></gpx>