<?xml version="1.0" encoding="UTF-8" standalone="no"?><gpx xmlns="http://www.topografix.com/GPX/1/1" xmlns:gpxtpx="http://www.garmin.com/xmlschemas/TrackPointExtension/v1" xmlns:xsi="http://www.w3.org/2001/XMLSchema-instance" creator="Sports Tracker" version="1.1" xsi:schemaLocation="http://www.topografix.com/GPX/1/1 http://www.topografix.com/GPX/1/1/gpx.xsd http://www.garmin.com/xmlschemas/TrackPointExtension/v1 http://www.garmin.com/xmlschemas/TrackPointExtensionv1.xsd"><metadata><name/><desc/><author><name>Olivian Daniel Tofan</name></author></metadata><trk><name/><trkseg><trkpt lat="45.558345" lon="25.312158"><ele>723.5</ele><time>2026-07-31T09:02:44Z</time></trkpt><trkpt lat="45.558377" lon="25.312063"><ele>732.5</ele><time>2026-07-31T09:03:09Z</time></trkpt><trkpt lat="45.558362" lon="25.311962"><ele>732.6</ele><time>2026-07-31T09:03:25Z</time></trkpt><trkpt lat="45.558287" lon="25.31187"><ele>732.8</ele><time>2026-07-31T09:03:29Z</time></trkpt><trkpt lat="45.55823" lon="25.311785"><ele>733.1</ele><time>2026-07-31T09:03:32Z</time></trkpt><trkpt lat="45.55817" lon="25.311725"><ele>733.2</ele><time>2026-07-31T09:03:35Z</time></trkpt><trkpt lat="45.558232" lon="25.311807"><ele>733.3</ele><time>2026-07-31T09:03:36Z</time></trkpt><trkpt lat="45.558088" lon="25.311632"><ele>733.4</ele><time>2026-07-31T09:03:39Z</time></trkpt><trkpt lat="45.558017" lon="25.311568"><ele>733.6</ele><time>2026-07-31T09:03:42Z</time></trkpt><trkpt lat="45.558108" lon="25.311673"><ele>733.8</ele><time>2026-07-31T09:03:44Z</time></trkpt><trkpt lat="45.557883" lon="25.311418"><ele>734.0</ele><time>2026-07-31T09:03:48Z</time></trkpt><trkpt lat="45.557865" lon="25.311307"><ele>734.2</ele><time>2026-07-31T09:03:51Z</time></trkpt><trkpt lat="45.557873" lon="25.311177"><ele>734.5</ele><time>2026-07-31T09:03:54Z</time></trkpt><trkpt lat="45.557877" lon="25.311062"><ele>734.9</ele><time>2026-07-31T09:03:57Z</time></trkpt><trkpt lat="45.557873" lon="25.31094"><ele>735.2</ele><time>2026-07-31T09:04:00Z</time></trkpt><trkpt lat="45.557867" lon="25.310798"><ele>735.4</ele><time>2026-07-31T09:04:03Z</time></trkpt><trkpt lat="45.557857" lon="25.310687"><ele>735.7</ele><time>2026-07-31T09:04:06Z</time></trkpt><trkpt lat="45.55785" lon="25.310562"><ele>735.7</ele><time>2026-07-31T09:04:09Z</time></trkpt><trkpt lat="45.557847" lon="25.310457"><ele>735.8</ele><time>2026-07-31T09:04:11Z</time></trkpt><trkpt lat="45.55785" lon="25.310577"><ele>735.8</ele><time>2026-07-31T09:04:13Z</time></trkpt><trkpt lat="45.557848" lon="25.310192"><ele>736.1</ele><time>2026-07-31T09:04:17Z</time></trkpt><trkpt lat="45.557835" lon="25.310085"><ele>736.1</ele><time>2026-07-31T09:04:22Z</time></trkpt><trkpt lat="45.557755" lon="25.310038"><ele>736.3</ele><time>2026-07-31T09:04:25Z</time></trkpt><trkpt lat="45.557662" lon="25.310022"><ele>736.5</ele><time>2026-07-31T09:04:28Z</time></trkpt><trkpt lat="45.557567" lon="25.310018"><ele>736.7</ele><time>2026-07-31T09:04:31Z</time></trkpt><trkpt lat="45.557493" lon="25.310023"><ele>736.9</ele><time>2026-07-31T09:04:33Z</time></trkpt><trkpt lat="45.55742" lon="25.310012"><ele>737.2</ele><time>2026-07-31T09:04:35Z</time></trkpt><trkpt lat="45.55733" lon="25.310007"><ele>737.4</ele><time>2026-07-31T09:04:38Z</time></trkpt><trkpt lat="45.557242" lon="25.309995"><ele>737.5</ele><time>2026-07-31T09:04:41Z</time></trkpt><trkpt lat="45.557155" lon="25.309985"><ele>737.7</ele><time>2026-07-31T09:04:44Z</time></trkpt><trkpt lat="45.557063" lon="25.30997"><ele>738.1</ele><time>2026-07-31T09:04:47Z</time></trkpt><trkpt lat="45.556987" lon="25.309927"><ele>738.4</ele><time>2026-07-31T09:04:50Z</time></trkpt><trkpt lat="45.556907" lon="25.309867"><ele>738.7</ele><time>2026-07-31T09:04:53Z</time></trkpt><trkpt lat="45.556835" lon="25.309817"><ele>739.0</ele><time>2026-07-31T09:04:56Z</time></trkpt><trkpt lat="45.556738" lon="25.309768"><ele>739.1</ele><time>2026-07-31T09:04:59Z</time></trkpt><trkpt lat="45.556657" lon="25.309723"><ele>739.4</ele><time>2026-07-31T09:05:02Z</time></trkpt><trkpt lat="45.556795" lon="25.309802"><ele>739.7</ele><time>2026-07-31T09:05:05Z</time></trkpt><trkpt lat="45.55655" lon="25.309688"><ele>739.7</ele><time>2026-07-31T09:05:06Z</time></trkpt><trkpt lat="45.556457" lon="25.30965"><ele>740.0</ele><time>2026-07-31T09:05:10Z</time></trkpt><trkpt lat="45.556373" lon="25.309605"><ele>740.4</ele><time>2026-07-31T09:05:13Z</time></trkpt><trkpt lat="45.556298" lon="25.309537"><ele>740.5</ele><time>2026-07-31T09:05:16Z</time></trkpt><trkpt lat="45.556213" lon="25.309465"><ele>740.7</ele><time>2026-07-31T09:05:19Z</time></trkpt><trkpt lat="45.55614" lon="25.309388"><ele>741.0</ele><time>2026-07-31T09:05:22Z</time></trkpt><trkpt lat="45.556058" lon="25.30932"><ele>741.3</ele><time>2026-07-31T09:05:25Z</time></trkpt><trkpt lat="45.55597" lon="25.30924"><ele>741.5</ele><time>2026-07-31T09:05:28Z</time></trkpt><trkpt lat="45.555897" lon="25.309153"><ele>741.7</ele><time>2026-07-31T09:05:31Z</time></trkpt><trkpt lat="45.555977" lon="25.309243"><ele>741.8</ele><time>2026-07-31T09:05:33Z</time></trkpt><trkpt lat="45.555748" lon="25.309028"><ele>741.9</ele><time>2026-07-31T09:05:36Z</time></trkpt><trkpt lat="45.55565" lon="25.308998"><ele>742.3</ele><time>2026-07-31T09:05:39Z</time></trkpt><trkpt lat="45.555553" lon="25.30901"><ele>742.8</ele><time>2026-07-31T09:05:42Z</time></trkpt><trkpt lat="45.555475" lon="25.309068"><ele>743.0</ele><time>2026-07-31T09:05:45Z</time></trkpt><trkpt lat="45.5554" lon="25.309142"><ele>743.2</ele><time>2026-07-31T09:05:48Z</time></trkpt><trkpt lat="45.555318" lon="25.30921"><ele>743.3</ele><time>2026-07-31T09:05:51Z</time></trkpt><trkpt lat="45.555232" lon="25.309268"><ele>743.5</ele><time>2026-07-31T09:05:54Z</time></trkpt><trkpt lat="45.555223" lon="25.309392"><ele>743.6</ele><time>2026-07-31T09:05:55Z</time></trkpt><trkpt lat="45.555147" lon="25.309357"><ele>743.7</ele><time>2026-07-31T09:05:57Z</time></trkpt><trkpt lat="45.55505" lon="25.309395"><ele>743.9</ele><time>2026-07-31T09:06:00Z</time></trkpt><trkpt lat="45.554958" lon="25.309395"><ele>744.2</ele><time>2026-07-31T09:06:03Z</time></trkpt><trkpt lat="45.554945" lon="25.309278"><ele>744.4</ele><time>2026-07-31T09:06:05Z</time></trkpt><trkpt lat="45.554877" lon="25.309352"><ele>744.5</ele><time>2026-07-31T09:06:06Z</time></trkpt><trkpt lat="45.554795" lon="25.309423"><ele>744.6</ele><time>2026-07-31T09:06:08Z</time></trkpt><trkpt lat="45.5547" lon="25.309445"><ele>744.8</ele><time>2026-07-31T09:06:11Z</time></trkpt><trkpt lat="45.554608" lon="25.309438"><ele>745.0</ele><time>2026-07-31T09:06:14Z</time></trkpt><trkpt lat="45.554533" lon="25.309422"><ele>745.2</ele><time>2026-07-31T09:06:16Z</time></trkpt><trkpt lat="45.554455" lon="25.30936"><ele>745.6</ele><time>2026-07-31T09:06:19Z</time></trkpt><trkpt lat="45.554412" lon="25.309267"><ele>745.9</ele><time>2026-07-31T09:06:21Z</time></trkpt><trkpt lat="45.554338" lon="25.309205"><ele>746.3</ele><time>2026-07-31T09:06:24Z</time></trkpt><trkpt lat="45.554258" lon="25.309132"><ele>746.5</ele><time>2026-07-31T09:06:27Z</time></trkpt><trkpt lat="45.554193" lon="25.309048"><ele>746.9</ele><time>2026-07-31T09:06:30Z</time></trkpt><trkpt lat="45.554135" lon="25.30899"><ele>747.1</ele><time>2026-07-31T09:06:32Z</time></trkpt><trkpt lat="45.554057" lon="25.308912"><ele>747.4</ele><time>2026-07-31T09:06:35Z</time></trkpt><trkpt lat="45.553978" lon="25.308832"><ele>747.8</ele><time>2026-07-31T09:06:38Z</time></trkpt><trkpt lat="45.553905" lon="25.308748"><ele>748.1</ele><time>2026-07-31T09:06:41Z</time></trkpt><trkpt lat="45.553823" lon="25.30867"><ele>748.2</ele><time>2026-07-31T09:06:44Z</time></trkpt><trkpt lat="45.553743" lon="25.308585"><ele>748.5</ele><time>2026-07-31T09:06:47Z</time></trkpt><trkpt lat="45.553662" lon="25.3085"><ele>748.8</ele><time>2026-07-31T09:06:50Z</time></trkpt><trkpt lat="45.55358" lon="25.308415"><ele>749.0</ele><time>2026-07-31T09:06:52Z</time></trkpt><trkpt lat="45.553502" lon="25.308322"><ele>749.2</ele><time>2026-07-31T09:06:55Z</time></trkpt><trkpt lat="45.553418" lon="25.308232"><ele>749.4</ele><time>2026-07-31T09:06:59Z</time></trkpt><trkpt lat="45.55334" lon="25.308138"><ele>749.6</ele><time>2026-07-31T09:07:02Z</time></trkpt><trkpt lat="45.553262" lon="25.308047"><ele>749.8</ele><time>2026-07-31T09:07:05Z</time></trkpt><trkpt lat="45.553183" lon="25.307948"><ele>750.0</ele><time>2026-07-31T09:07:08Z</time></trkpt><trkpt lat="45.553103" lon="25.30785"><ele>750.2</ele><time>2026-07-31T09:07:11Z</time></trkpt><trkpt lat="45.553048" lon="25.307783"><ele>750.4</ele><time>2026-07-31T09:07:13Z</time></trkpt><trkpt lat="45.55297" lon="25.307687"><ele>750.6</ele><time>2026-07-31T09:07:16Z</time></trkpt><trkpt lat="45.552888" lon="25.30759"><ele>750.7</ele><time>2026-07-31T09:07:19Z</time></trkpt><trkpt lat="45.552807" lon="25.307495"><ele>751.0</ele><time>2026-07-31T09:07:22Z</time></trkpt><trkpt lat="45.552722" lon="25.3074"><ele>751.4</ele><time>2026-07-31T09:07:25Z</time></trkpt><trkpt lat="45.55264" lon="25.307308"><ele>751.7</ele><time>2026-07-31T09:07:28Z</time></trkpt><trkpt lat="45.55256" lon="25.307213"><ele>752.0</ele><time>2026-07-31T09:07:31Z</time></trkpt><trkpt lat="45.552478" lon="25.307123"><ele>752.5</ele><time>2026-07-31T09:07:34Z</time></trkpt><trkpt lat="45.5524" lon="25.307038"><ele>752.7</ele><time>2026-07-31T09:07:37Z</time></trkpt><trkpt lat="45.552322" lon="25.306948"><ele>753.0</ele><time>2026-07-31T09:07:40Z</time></trkpt><trkpt lat="45.552248" lon="25.306858"><ele>753.3</ele><time>2026-07-31T09:07:43Z</time></trkpt><trkpt lat="45.552172" lon="25.30677"><ele>753.6</ele><time>2026-07-31T09:07:46Z</time></trkpt><trkpt lat="45.552093" lon="25.306673"><ele>753.9</ele><time>2026-07-31T09:07:49Z</time></trkpt><trkpt lat="45.552015" lon="25.30659"><ele>754.3</ele><time>2026-07-31T09:07:52Z</time></trkpt><trkpt lat="45.551935" lon="25.306502"><ele>754.7</ele><time>2026-07-31T09:07:55Z</time></trkpt><trkpt lat="45.551853" lon="25.30642"><ele>754.7</ele><time>2026-07-31T09:07:58Z</time></trkpt><trkpt lat="45.551765" lon="25.306342"><ele>754.6</ele><time>2026-07-31T09:08:01Z</time></trkpt><trkpt lat="45.551668" lon="25.306285"><ele>755.0</ele><time>2026-07-31T09:08:04Z</time></trkpt><trkpt lat="45.551575" lon="25.306232"><ele>755.2</ele><time>2026-07-31T09:08:07Z</time></trkpt><trkpt lat="45.55148" lon="25.306178"><ele>755.4</ele><time>2026-07-31T09:08:10Z</time></trkpt><trkpt lat="45.55138" lon="25.306125"><ele>755.6</ele><time>2026-07-31T09:08:13Z</time></trkpt><trkpt lat="45.551283" lon="25.306073"><ele>755.7</ele><time>2026-07-31T09:08:16Z</time></trkpt><trkpt lat="45.551187" lon="25.306017"><ele>756.1</ele><time>2026-07-31T09:08:19Z</time></trkpt><trkpt lat="45.551088" lon="25.305962"><ele>756.4</ele><time>2026-07-31T09:08:22Z</time></trkpt><trkpt lat="45.55099" lon="25.3059"><ele>756.8</ele><time>2026-07-31T09:08:25Z</time></trkpt><trkpt lat="45.550907" lon="25.305808"><ele>756.9</ele><time>2026-07-31T09:08:28Z</time></trkpt><trkpt lat="45.55084" lon="25.305698"><ele>757.1</ele><time>2026-07-31T09:08:31Z</time></trkpt><trkpt lat="45.5508" lon="25.305612"><ele>757.4</ele><time>2026-07-31T09:08:33Z</time></trkpt><trkpt lat="45.55075" lon="25.305478"><ele>757.7</ele><time>2026-07-31T09:08:36Z</time></trkpt><trkpt lat="45.550688" lon="25.30536"><ele>757.8</ele><time>2026-07-31T09:08:39Z</time></trkpt><trkpt lat="45.55063" lon="25.305233"><ele>758.2</ele><time>2026-07-31T09:08:42Z</time></trkpt><trkpt lat="45.550575" lon="25.305102"><ele>758.4</ele><time>2026-07-31T09:08:45Z</time></trkpt><trkpt lat="45.550515" lon="25.304977"><ele>758.6</ele><time>2026-07-31T09:08:48Z</time></trkpt><trkpt lat="45.550462" lon="25.304845"><ele>758.8</ele><time>2026-07-31T09:08:51Z</time></trkpt><trkpt lat="45.550403" lon="25.304718"><ele>759.1</ele><time>2026-07-31T09:08:54Z</time></trkpt><trkpt lat="45.550343" lon="25.304592"><ele>759.5</ele><time>2026-07-31T09:08:57Z</time></trkpt><trkpt lat="45.550288" lon="25.304465"><ele>759.9</ele><time>2026-07-31T09:09:00Z</time></trkpt><trkpt lat="45.550233" lon="25.304343"><ele>760.1</ele><time>2026-07-31T09:09:03Z</time></trkpt><trkpt lat="45.550177" lon="25.30422"><ele>760.5</ele><time>2026-07-31T09:09:06Z</time></trkpt><trkpt lat="45.55012" lon="25.304097"><ele>760.6</ele><time>2026-07-31T09:09:09Z</time></trkpt><trkpt lat="45.550063" lon="25.303973"><ele>760.7</ele><time>2026-07-31T09:09:12Z</time></trkpt><trkpt lat="45.550002" lon="25.303848"><ele>761.0</ele><time>2026-07-31T09:09:15Z</time></trkpt><trkpt lat="45.549953" lon="25.303773"><ele>761.2</ele><time>2026-07-31T09:09:17Z</time></trkpt><trkpt lat="45.549873" lon="25.303672"><ele>761.4</ele><time>2026-07-31T09:09:20Z</time></trkpt><trkpt lat="45.549815" lon="25.30361"><ele>761.6</ele><time>2026-07-31T09:09:22Z</time></trkpt><trkpt lat="45.549732" lon="25.303528"><ele>762.0</ele><time>2026-07-31T09:09:25Z</time></trkpt><trkpt lat="45.549647" lon="25.303465"><ele>762.4</ele><time>2026-07-31T09:09:28Z</time></trkpt><trkpt lat="45.549563" lon="25.303392"><ele>762.8</ele><time>2026-07-31T09:09:31Z</time></trkpt><trkpt lat="45.549478" lon="25.303327"><ele>763.1</ele><time>2026-07-31T09:09:34Z</time></trkpt><trkpt lat="45.549398" lon="25.303258"><ele>763.4</ele><time>2026-07-31T09:09:37Z</time></trkpt><trkpt lat="45.54931" lon="25.30319"><ele>763.8</ele><time>2026-07-31T09:09:40Z</time></trkpt><trkpt lat="45.549228" lon="25.303115"><ele>764.2</ele><time>2026-07-31T09:09:43Z</time></trkpt><trkpt lat="45.549143" lon="25.303045"><ele>764.7</ele><time>2026-07-31T09:09:46Z</time></trkpt><trkpt lat="45.549065" lon="25.302953"><ele>765.0</ele><time>2026-07-31T09:09:49Z</time></trkpt><trkpt lat="45.548988" lon="25.302853"><ele>765.4</ele><time>2026-07-31T09:09:52Z</time></trkpt><trkpt lat="45.548917" lon="25.302755"><ele>765.7</ele><time>2026-07-31T09:09:55Z</time></trkpt><trkpt lat="45.54884" lon="25.302658"><ele>766.0</ele><time>2026-07-31T09:09:58Z</time></trkpt><trkpt lat="45.548772" lon="25.302548"><ele>766.3</ele><time>2026-07-31T09:10:01Z</time></trkpt><trkpt lat="45.548698" lon="25.30246"><ele>766.7</ele><time>2026-07-31T09:10:04Z</time></trkpt><trkpt lat="45.548637" lon="25.302353"><ele>767.0</ele><time>2026-07-31T09:10:07Z</time></trkpt><trkpt lat="45.54857" lon="25.302258"><ele>767.2</ele><time>2026-07-31T09:10:10Z</time></trkpt><trkpt lat="45.548502" lon="25.30216"><ele>767.6</ele><time>2026-07-31T09:10:13Z</time></trkpt><trkpt lat="45.54843" lon="25.302058"><ele>768.1</ele><time>2026-07-31T09:10:16Z</time></trkpt><trkpt lat="45.548357" lon="25.301957"><ele>768.5</ele><time>2026-07-31T09:10:19Z</time></trkpt><trkpt lat="45.548288" lon="25.301848"><ele>768.9</ele><time>2026-07-31T09:10:22Z</time></trkpt><trkpt lat="45.548217" lon="25.301757"><ele>769.4</ele><time>2026-07-31T09:10:25Z</time></trkpt><trkpt lat="45.548148" lon="25.301655"><ele>769.7</ele><time>2026-07-31T09:10:28Z</time></trkpt><trkpt lat="45.548085" lon="25.301545"><ele>770.0</ele><time>2026-07-31T09:10:31Z</time></trkpt><trkpt lat="45.548012" lon="25.301445"><ele>770.4</ele><time>2026-07-31T09:10:34Z</time></trkpt><trkpt lat="45.547935" lon="25.301342"><ele>770.7</ele><time>2026-07-31T09:10:37Z</time></trkpt><trkpt lat="45.547885" lon="25.301265"><ele>770.9</ele><time>2026-07-31T09:10:39Z</time></trkpt><trkpt lat="45.547813" lon="25.301158"><ele>771.2</ele><time>2026-07-31T09:10:42Z</time></trkpt><trkpt lat="45.547745" lon="25.301057"><ele>771.4</ele><time>2026-07-31T09:10:45Z</time></trkpt><trkpt lat="45.547668" lon="25.300967"><ele>771.7</ele><time>2026-07-31T09:10:48Z</time></trkpt><trkpt lat="45.547597" lon="25.300872"><ele>772.1</ele><time>2026-07-31T09:10:51Z</time></trkpt><trkpt lat="45.547533" lon="25.300775"><ele>772.4</ele><time>2026-07-31T09:10:54Z</time></trkpt><trkpt lat="45.547455" lon="25.300687"><ele>772.8</ele><time>2026-07-31T09:10:57Z</time></trkpt><trkpt lat="45.547388" lon="25.300592"><ele>773.1</ele><time>2026-07-31T09:11:00Z</time></trkpt><trkpt lat="45.547327" lon="25.300505"><ele>773.4</ele><time>2026-07-31T09:11:03Z</time></trkpt><trkpt lat="45.547267" lon="25.30041"><ele>773.8</ele><time>2026-07-31T09:11:06Z</time></trkpt><trkpt lat="45.54721" lon="25.30032"><ele>774.3</ele><time>2026-07-31T09:11:09Z</time></trkpt><trkpt lat="45.54716" lon="25.300237"><ele>774.9</ele><time>2026-07-31T09:11:12Z</time></trkpt><trkpt lat="45.547102" lon="25.30016"><ele>775.6</ele><time>2026-07-31T09:11:15Z</time></trkpt><trkpt lat="45.54704" lon="25.300092"><ele>776.2</ele><time>2026-07-31T09:11:18Z</time></trkpt><trkpt lat="45.54698" lon="25.300025"><ele>776.7</ele><time>2026-07-31T09:11:22Z</time></trkpt><trkpt lat="45.546897" lon="25.299973"><ele>777.3</ele><time>2026-07-31T09:11:25Z</time></trkpt><trkpt lat="45.546812" lon="25.299938"><ele>777.6</ele><time>2026-07-31T09:11:27Z</time></trkpt><trkpt lat="45.546723" lon="25.299905"><ele>777.9</ele><time>2026-07-31T09:11:30Z</time></trkpt><trkpt lat="45.54663" lon="25.299873"><ele>778.2</ele><time>2026-07-31T09:11:33Z</time></trkpt><trkpt lat="45.546537" lon="25.299867"><ele>778.5</ele><time>2026-07-31T09:11:36Z</time></trkpt><trkpt lat="45.546442" lon="25.299852"><ele>778.7</ele><time>2026-07-31T09:11:39Z</time></trkpt><trkpt lat="45.546342" lon="25.29985"><ele>779.0</ele><time>2026-07-31T09:11:42Z</time></trkpt><trkpt lat="45.54625" lon="25.299843"><ele>779.2</ele><time>2026-07-31T09:11:45Z</time></trkpt><trkpt lat="45.546162" lon="25.299835"><ele>779.5</ele><time>2026-07-31T09:11:48Z</time></trkpt><trkpt lat="45.546075" lon="25.299802"><ele>779.8</ele><time>2026-07-31T09:11:51Z</time></trkpt><trkpt lat="45.545995" lon="25.299758"><ele>780.0</ele><time>2026-07-31T09:11:54Z</time></trkpt><trkpt lat="45.545933" lon="25.299693"><ele>780.5</ele><time>2026-07-31T09:11:58Z</time></trkpt><trkpt lat="45.545877" lon="25.299615"><ele>780.9</ele><time>2026-07-31T09:12:01Z</time></trkpt><trkpt lat="45.545822" lon="25.299532"><ele>781.4</ele><time>2026-07-31T09:12:04Z</time></trkpt><trkpt lat="45.545758" lon="25.299422"><ele>781.9</ele><time>2026-07-31T09:12:07Z</time></trkpt><trkpt lat="45.54571" lon="25.299325"><ele>782.6</ele><time>2026-07-31T09:12:10Z</time></trkpt><trkpt lat="45.545667" lon="25.29924"><ele>783.0</ele><time>2026-07-31T09:12:13Z</time></trkpt><trkpt lat="45.54562" lon="25.299148"><ele>783.5</ele><time>2026-07-31T09:12:16Z</time></trkpt><trkpt lat="45.545562" lon="25.299068"><ele>783.8</ele><time>2026-07-31T09:12:19Z</time></trkpt><trkpt lat="45.545508" lon="25.298998"><ele>784.1</ele><time>2026-07-31T09:12:21Z</time></trkpt><trkpt lat="45.545452" lon="25.298923"><ele>784.5</ele><time>2026-07-31T09:12:24Z</time></trkpt><trkpt lat="45.545378" lon="25.298837"><ele>784.7</ele><time>2026-07-31T09:12:26Z</time></trkpt><trkpt lat="45.545302" lon="25.298757"><ele>785.0</ele><time>2026-07-31T09:12:29Z</time></trkpt><trkpt lat="45.545218" lon="25.298697"><ele>785.5</ele><time>2026-07-31T09:12:32Z</time></trkpt><trkpt lat="45.545133" lon="25.298653"><ele>785.9</ele><time>2026-07-31T09:12:35Z</time></trkpt><trkpt lat="45.54505" lon="25.298613"><ele>786.3</ele><time>2026-07-31T09:12:38Z</time></trkpt><trkpt lat="45.544963" lon="25.298573"><ele>786.6</ele><time>2026-07-31T09:12:41Z</time></trkpt><trkpt lat="45.544878" lon="25.298542"><ele>786.9</ele><time>2026-07-31T09:12:44Z</time></trkpt><trkpt lat="45.544795" lon="25.298508"><ele>787.1</ele><time>2026-07-31T09:12:47Z</time></trkpt><trkpt lat="45.544723" lon="25.298468"><ele>787.8</ele><time>2026-07-31T09:12:52Z</time></trkpt><trkpt lat="45.544643" lon="25.298398"><ele>788.2</ele><time>2026-07-31T09:12:55Z</time></trkpt><trkpt lat="45.544585" lon="25.298318"><ele>788.9</ele><time>2026-07-31T09:12:59Z</time></trkpt><trkpt lat="45.54454" lon="25.298215"><ele>789.4</ele><time>2026-07-31T09:13:02Z</time></trkpt><trkpt lat="45.544498" lon="25.298118"><ele>789.8</ele><time>2026-07-31T09:13:05Z</time></trkpt><trkpt lat="45.54446" lon="25.297998"><ele>790.3</ele><time>2026-07-31T09:13:08Z</time></trkpt><trkpt lat="45.544418" lon="25.297873"><ele>791.0</ele><time>2026-07-31T09:13:11Z</time></trkpt><trkpt lat="45.544378" lon="25.297768"><ele>791.5</ele><time>2026-07-31T09:13:14Z</time></trkpt><trkpt lat="45.544345" lon="25.297675"><ele>791.9</ele><time>2026-07-31T09:13:16Z</time></trkpt><trkpt lat="45.544305" lon="25.297575"><ele>792.4</ele><time>2026-07-31T09:13:19Z</time></trkpt><trkpt lat="45.544267" lon="25.297472"><ele>792.7</ele><time>2026-07-31T09:13:22Z</time></trkpt><trkpt lat="45.544223" lon="25.297377"><ele>793.3</ele><time>2026-07-31T09:13:25Z</time></trkpt><trkpt lat="45.544172" lon="25.297282"><ele>794.1</ele><time>2026-07-31T09:13:29Z</time></trkpt><trkpt lat="45.544122" lon="25.297207"><ele>794.6</ele><time>2026-07-31T09:13:32Z</time></trkpt><trkpt lat="45.544063" lon="25.297143"><ele>794.9</ele><time>2026-07-31T09:13:34Z</time></trkpt><trkpt lat="45.543998" lon="25.297082"><ele>795.2</ele><time>2026-07-31T09:13:37Z</time></trkpt><trkpt lat="45.54393" lon="25.297028"><ele>795.6</ele><time>2026-07-31T09:13:41Z</time></trkpt><trkpt lat="45.54383" lon="25.29697"><ele>796.2</ele><time>2026-07-31T09:13:45Z</time></trkpt><trkpt lat="45.543738" lon="25.296902"><ele>796.9</ele><time>2026-07-31T09:13:50Z</time></trkpt><trkpt lat="45.54366" lon="25.296872"><ele>797.3</ele><time>2026-07-31T09:13:54Z</time></trkpt><trkpt lat="45.543588" lon="25.29683"><ele>797.7</ele><time>2026-07-31T09:13:57Z</time></trkpt><trkpt lat="45.543502" lon="25.296797"><ele>798.4</ele><time>2026-07-31T09:14:01Z</time></trkpt><trkpt lat="45.543417" lon="25.296757"><ele>799.1</ele><time>2026-07-31T09:14:05Z</time></trkpt><trkpt lat="45.543345" lon="25.296737"><ele>799.7</ele><time>2026-07-31T09:14:08Z</time></trkpt><trkpt lat="45.543268" lon="25.296718"><ele>800.3</ele><time>2026-07-31T09:14:11Z</time></trkpt><trkpt lat="45.543198" lon="25.296695"><ele>800.7</ele><time>2026-07-31T09:14:14Z</time></trkpt><trkpt lat="45.543127" lon="25.296675"><ele>801.2</ele><time>2026-07-31T09:14:18Z</time></trkpt><trkpt lat="45.543042" lon="25.296652"><ele>801.9</ele><time>2026-07-31T09:14:22Z</time></trkpt><trkpt lat="45.542958" lon="25.296627"><ele>802.6</ele><time>2026-07-31T09:14:26Z</time></trkpt><trkpt lat="45.542878" lon="25.296588"><ele>803.2</ele><time>2026-07-31T09:14:30Z</time></trkpt><trkpt lat="45.542798" lon="25.296553"><ele>804.0</ele><time>2026-07-31T09:14:34Z</time></trkpt><trkpt lat="45.542718" lon="25.296528"><ele>805.0</ele><time>2026-07-31T09:14:38Z</time></trkpt><trkpt lat="45.54264" lon="25.296512"><ele>805.9</ele><time>2026-07-31T09:14:42Z</time></trkpt><trkpt lat="45.542545" lon="25.296497"><ele>806.9</ele><time>2026-07-31T09:14:46Z</time></trkpt><trkpt lat="45.542463" lon="25.296488"><ele>807.7</ele><time>2026-07-31T09:14:50Z</time></trkpt><trkpt lat="45.542388" lon="25.296473"><ele>808.6</ele><time>2026-07-31T09:14:54Z</time></trkpt><trkpt lat="45.542312" lon="25.296455"><ele>809.4</ele><time>2026-07-31T09:14:58Z</time></trkpt><trkpt lat="45.542233" lon="25.296423"><ele>810.3</ele><time>2026-07-31T09:15:02Z</time></trkpt><trkpt lat="45.542148" lon="25.296387"><ele>811.1</ele><time>2026-07-31T09:15:07Z</time></trkpt><trkpt lat="45.542068" lon="25.296357"><ele>811.9</ele><time>2026-07-31T09:15:11Z</time></trkpt><trkpt lat="45.541995" lon="25.296323"><ele>812.4</ele><time>2026-07-31T09:15:14Z</time></trkpt><trkpt lat="45.541927" lon="25.296275"><ele>813.0</ele><time>2026-07-31T09:15:17Z</time></trkpt><trkpt lat="45.541848" lon="25.296233"><ele>813.7</ele><time>2026-07-31T09:15:22Z</time></trkpt><trkpt lat="45.541772" lon="25.296183"><ele>814.5</ele><time>2026-07-31T09:15:26Z</time></trkpt><trkpt lat="45.541692" lon="25.296142"><ele>815.6</ele><time>2026-07-31T09:15:31Z</time></trkpt><trkpt lat="45.541625" lon="25.2961"><ele>816.4</ele><time>2026-07-31T09:15:35Z</time></trkpt><trkpt lat="45.541557" lon="25.296047"><ele>817.1</ele><time>2026-07-31T09:15:39Z</time></trkpt><trkpt lat="45.541485" lon="25.295992"><ele>818.0</ele><time>2026-07-31T09:15:44Z</time></trkpt><trkpt lat="45.541413" lon="25.295945"><ele>819.1</ele><time>2026-07-31T09:15:50Z</time></trkpt><trkpt lat="45.541347" lon="25.2959"><ele>819.4</ele><time>2026-07-31T09:15:55Z</time></trkpt><trkpt lat="45.541265" lon="25.29587"><ele>819.5</ele><time>2026-07-31T09:16:00Z</time></trkpt><trkpt lat="45.541192" lon="25.295848"><ele>819.6</ele><time>2026-07-31T09:16:05Z</time></trkpt><trkpt lat="45.541108" lon="25.295822"><ele>819.8</ele><time>2026-07-31T09:16:13Z</time></trkpt><trkpt lat="45.541032" lon="25.295795"><ele>820.0</ele><time>2026-07-31T09:16:18Z</time></trkpt><trkpt lat="45.54095" lon="25.295762"><ele>820.2</ele><time>2026-07-31T09:16:23Z</time></trkpt><trkpt lat="45.540863" lon="25.29573"><ele>820.3</ele><time>2026-07-31T09:16:27Z</time></trkpt><trkpt lat="45.540772" lon="25.295683"><ele>820.4</ele><time>2026-07-31T09:16:31Z</time></trkpt><trkpt lat="45.5407" lon="25.295663"><ele>820.5</ele><time>2026-07-31T09:16:34Z</time></trkpt><trkpt lat="45.540628" lon="25.29563"><ele>820.6</ele><time>2026-07-31T09:16:37Z</time></trkpt><trkpt lat="45.540552" lon="25.295593"><ele>820.7</ele><time>2026-07-31T09:16:40Z</time></trkpt><trkpt lat="45.540468" lon="25.295558"><ele>820.8</ele><time>2026-07-31T09:16:43Z</time></trkpt><trkpt lat="45.54039" lon="25.295515"><ele>820.9</ele><time>2026-07-31T09:16:46Z</time></trkpt><trkpt lat="45.54031" lon="25.295468"><ele>821.0</ele><time>2026-07-31T09:16:49Z</time></trkpt><trkpt lat="45.540235" lon="25.295415"><ele>821.0</ele><time>2026-07-31T09:16:52Z</time></trkpt><trkpt lat="45.540152" lon="25.295367"><ele>821.1</ele><time>2026-07-31T09:16:55Z</time></trkpt><trkpt lat="45.54007" lon="25.29531"><ele>821.2</ele><time>2026-07-31T09:16:58Z</time></trkpt><trkpt lat="45.539988" lon="25.295257"><ele>821.3</ele><time>2026-07-31T09:17:01Z</time></trkpt><trkpt lat="45.539907" lon="25.295198"><ele>821.4</ele><time>2026-07-31T09:17:04Z</time></trkpt><trkpt lat="45.539827" lon="25.295137"><ele>821.5</ele><time>2026-07-31T09:17:07Z</time></trkpt><trkpt lat="45.539745" lon="25.295077"><ele>821.6</ele><time>2026-07-31T09:17:10Z</time></trkpt><trkpt lat="45.539665" lon="25.295015"><ele>821.7</ele><time>2026-07-31T09:17:13Z</time></trkpt><trkpt lat="45.539588" lon="25.294955"><ele>821.8</ele><time>2026-07-31T09:17:16Z</time></trkpt><trkpt lat="45.539515" lon="25.294895"><ele>822.0</ele><time>2026-07-31T09:17:19Z</time></trkpt><trkpt lat="45.539438" lon="25.294838"><ele>822.1</ele><time>2026-07-31T09:17:21Z</time></trkpt><trkpt lat="45.539358" lon="25.29479"><ele>822.2</ele><time>2026-07-31T09:17:24Z</time></trkpt><trkpt lat="45.53928" lon="25.294743"><ele>822.4</ele><time>2026-07-31T09:17:27Z</time></trkpt><trkpt lat="45.5392" lon="25.294688"><ele>822.6</ele><time>2026-07-31T09:17:30Z</time></trkpt><trkpt lat="45.539122" lon="25.294637"><ele>822.7</ele><time>2026-07-31T09:17:33Z</time></trkpt><trkpt lat="45.539043" lon="25.294583"><ele>822.9</ele><time>2026-07-31T09:17:36Z</time></trkpt><trkpt lat="45.538957" lon="25.294527"><ele>823.0</ele><time>2026-07-31T09:17:40Z</time></trkpt><trkpt lat="45.53888" lon="25.294478"><ele>823.3</ele><time>2026-07-31T09:17:43Z</time></trkpt><trkpt lat="45.538797" lon="25.294415"><ele>823.4</ele><time>2026-07-31T09:17:46Z</time></trkpt><trkpt lat="45.538722" lon="25.294367"><ele>823.7</ele><time>2026-07-31T09:17:49Z</time></trkpt><trkpt lat="45.53865" lon="25.29433"><ele>824.1</ele><time>2026-07-31T09:17:52Z</time></trkpt><trkpt lat="45.538578" lon="25.294305"><ele>824.4</ele><time>2026-07-31T09:17:55Z</time></trkpt><trkpt lat="45.538508" lon="25.294275"><ele>824.6</ele><time>2026-07-31T09:17:58Z</time></trkpt><trkpt lat="45.538432" lon="25.294238"><ele>824.9</ele><time>2026-07-31T09:18:01Z</time></trkpt><trkpt lat="45.538342" lon="25.294207"><ele>825.2</ele><time>2026-07-31T09:18:04Z</time></trkpt><trkpt lat="45.538258" lon="25.294183"><ele>825.6</ele><time>2026-07-31T09:18:07Z</time></trkpt><trkpt lat="45.538175" lon="25.294142"><ele>826.0</ele><time>2026-07-31T09:18:10Z</time></trkpt><trkpt lat="45.538098" lon="25.294088"><ele>826.5</ele><time>2026-07-31T09:18:13Z</time></trkpt><trkpt lat="45.538017" lon="25.294015"><ele>826.9</ele><time>2026-07-31T09:18:16Z</time></trkpt><trkpt lat="45.537953" lon="25.293948"><ele>827.4</ele><time>2026-07-31T09:18:20Z</time></trkpt><trkpt lat="45.53788" lon="25.293873"><ele>827.8</ele><time>2026-07-31T09:18:23Z</time></trkpt><trkpt lat="45.53781" lon="25.293793"><ele>828.1</ele><time>2026-07-31T09:18:26Z</time></trkpt><trkpt lat="45.53775" lon="25.293717"><ele>828.6</ele><time>2026-07-31T09:18:29Z</time></trkpt><trkpt lat="45.537683" lon="25.293642"><ele>829.0</ele><time>2026-07-31T09:18:32Z</time></trkpt><trkpt lat="45.537615" lon="25.293578"><ele>829.2</ele><time>2026-07-31T09:18:35Z</time></trkpt><trkpt lat="45.537525" lon="25.293513"><ele>829.8</ele><time>2026-07-31T09:18:39Z</time></trkpt><trkpt lat="45.537455" lon="25.293463"><ele>830.1</ele><time>2026-07-31T09:18:42Z</time></trkpt><trkpt lat="45.537392" lon="25.293388"><ele>830.6</ele><time>2026-07-31T09:18:45Z</time></trkpt><trkpt lat="45.537323" lon="25.293355"><ele>831.1</ele><time>2026-07-31T09:18:48Z</time></trkpt><trkpt lat="45.537233" lon="25.293307"><ele>831.4</ele><time>2026-07-31T09:18:51Z</time></trkpt><trkpt lat="45.537153" lon="25.293255"><ele>831.8</ele><time>2026-07-31T09:18:55Z</time></trkpt><trkpt lat="45.537068" lon="25.293232"><ele>832.2</ele><time>2026-07-31T09:18:58Z</time></trkpt><trkpt lat="45.53699" lon="25.293175"><ele>832.7</ele><time>2026-07-31T09:19:01Z</time></trkpt><trkpt lat="45.536908" lon="25.293112"><ele>833.3</ele><time>2026-07-31T09:19:04Z</time></trkpt><trkpt lat="45.536837" lon="25.293063"><ele>833.7</ele><time>2026-07-31T09:19:06Z</time></trkpt><trkpt lat="45.536783" lon="25.292963"><ele>834.0</ele><time>2026-07-31T09:19:09Z</time></trkpt><trkpt lat="45.536747" lon="25.292872"><ele>834.6</ele><time>2026-07-31T09:19:12Z</time></trkpt><trkpt lat="45.536702" lon="25.292767"><ele>835.1</ele><time>2026-07-31T09:19:15Z</time></trkpt><trkpt lat="45.536655" lon="25.292685"><ele>835.6</ele><time>2026-07-31T09:19:18Z</time></trkpt><trkpt lat="45.536597" lon="25.292605"><ele>836.2</ele><time>2026-07-31T09:19:21Z</time></trkpt><trkpt lat="45.536533" lon="25.292537"><ele>836.7</ele><time>2026-07-31T09:19:24Z</time></trkpt><trkpt lat="45.53646" lon="25.292472"><ele>837.0</ele><time>2026-07-31T09:19:26Z</time></trkpt><trkpt lat="45.536385" lon="25.292418"><ele>837.3</ele><time>2026-07-31T09:19:28Z</time></trkpt><trkpt lat="45.53631" lon="25.292377"><ele>837.7</ele><time>2026-07-31T09:19:31Z</time></trkpt><trkpt lat="45.536218" lon="25.292323"><ele>838.3</ele><time>2026-07-31T09:19:35Z</time></trkpt><trkpt lat="45.53615" lon="25.292292"><ele>838.7</ele><time>2026-07-31T09:19:38Z</time></trkpt><trkpt lat="45.536082" lon="25.292253"><ele>839.1</ele><time>2026-07-31T09:19:41Z</time></trkpt><trkpt lat="45.536013" lon="25.292218"><ele>839.6</ele><time>2026-07-31T09:19:44Z</time></trkpt><trkpt lat="45.535942" lon="25.292183"><ele>840.2</ele><time>2026-07-31T09:19:47Z</time></trkpt><trkpt lat="45.535863" lon="25.292153"><ele>840.7</ele><time>2026-07-31T09:19:50Z</time></trkpt><trkpt lat="45.535785" lon="25.292127"><ele>841.5</ele><time>2026-07-31T09:19:54Z</time></trkpt><trkpt lat="45.53569" lon="25.292098"><ele>842.0</ele><time>2026-07-31T09:19:58Z</time></trkpt><trkpt lat="45.535613" lon="25.2921"><ele>842.6</ele><time>2026-07-31T09:20:01Z</time></trkpt><trkpt lat="45.535538" lon="25.292117"><ele>843.4</ele><time>2026-07-31T09:20:05Z</time></trkpt><trkpt lat="45.535452" lon="25.292115"><ele>844.4</ele><time>2026-07-31T09:20:09Z</time></trkpt><trkpt lat="45.535367" lon="25.29209"><ele>845.5</ele><time>2026-07-31T09:20:13Z</time></trkpt><trkpt lat="45.535262" lon="25.292053"><ele>846.2</ele><time>2026-07-31T09:20:17Z</time></trkpt><trkpt lat="45.535183" lon="25.292035"><ele>847.1</ele><time>2026-07-31T09:20:21Z</time></trkpt><trkpt lat="45.535088" lon="25.292008"><ele>848.1</ele><time>2026-07-31T09:20:25Z</time></trkpt><trkpt lat="45.535012" lon="25.291987"><ele>848.7</ele><time>2026-07-31T09:20:28Z</time></trkpt><trkpt lat="45.534923" lon="25.291942"><ele>849.3</ele><time>2026-07-31T09:20:32Z</time></trkpt><trkpt lat="45.534853" lon="25.291877"><ele>849.6</ele><time>2026-07-31T09:20:36Z</time></trkpt><trkpt lat="45.534783" lon="25.291837"><ele>849.8</ele><time>2026-07-31T09:20:40Z</time></trkpt><trkpt lat="45.534693" lon="25.291805"><ele>850.0</ele><time>2026-07-31T09:20:44Z</time></trkpt><trkpt lat="45.534623" lon="25.291772"><ele>850.1</ele><time>2026-07-31T09:20:47Z</time></trkpt><trkpt lat="45.534537" lon="25.29173"><ele>849.9</ele><time>2026-07-31T09:20:50Z</time></trkpt><trkpt lat="45.534465" lon="25.291712"><ele>849.8</ele><time>2026-07-31T09:20:53Z</time></trkpt><trkpt lat="45.534397" lon="25.291663"><ele>849.7</ele><time>2026-07-31T09:20:56Z</time></trkpt><trkpt lat="45.534317" lon="25.291615"><ele>849.8</ele><time>2026-07-31T09:20:59Z</time></trkpt><trkpt lat="45.534233" lon="25.291545"><ele>849.9</ele><time>2026-07-31T09:21:03Z</time></trkpt><trkpt lat="45.534153" lon="25.291512"><ele>850.1</ele><time>2026-07-31T09:21:06Z</time></trkpt><trkpt lat="45.534068" lon="25.291442"><ele>850.3</ele><time>2026-07-31T09:21:10Z</time></trkpt><trkpt lat="45.533987" lon="25.291375"><ele>850.6</ele><time>2026-07-31T09:21:13Z</time></trkpt><trkpt lat="45.533897" lon="25.291358"><ele>850.8</ele><time>2026-07-31T09:21:16Z</time></trkpt><trkpt lat="45.533812" lon="25.291335"><ele>851.0</ele><time>2026-07-31T09:21:19Z</time></trkpt><trkpt lat="45.533747" lon="25.291283"><ele>851.3</ele><time>2026-07-31T09:21:22Z</time></trkpt><trkpt lat="45.533677" lon="25.291235"><ele>851.6</ele><time>2026-07-31T09:21:26Z</time></trkpt><trkpt lat="45.533612" lon="25.291183"><ele>852.0</ele><time>2026-07-31T09:21:30Z</time></trkpt><trkpt lat="45.533555" lon="25.2911"><ele>852.3</ele><time>2026-07-31T09:21:32Z</time></trkpt><trkpt lat="45.533465" lon="25.291083"><ele>852.8</ele><time>2026-07-31T09:21:36Z</time></trkpt><trkpt lat="45.533385" lon="25.291027"><ele>853.2</ele><time>2026-07-31T09:21:40Z</time></trkpt><trkpt lat="45.533238" lon="25.29088"><ele>853.4</ele><time>2026-07-31T09:21:43Z</time></trkpt><trkpt lat="45.533277" lon="25.290783"><ele>853.8</ele><time>2026-07-31T09:21:46Z</time></trkpt><trkpt lat="45.533263" lon="25.290662"><ele>854.1</ele><time>2026-07-31T09:21:49Z</time></trkpt><trkpt lat="45.53326" lon="25.290553"><ele>854.4</ele><time>2026-07-31T09:21:52Z</time></trkpt><trkpt lat="45.53326" lon="25.290437"><ele>855.1</ele><time>2026-07-31T09:21:56Z</time></trkpt><trkpt lat="45.533243" lon="25.29033"><ele>855.4</ele><time>2026-07-31T09:21:59Z</time></trkpt><trkpt lat="45.533218" lon="25.290198"><ele>855.7</ele><time>2026-07-31T09:22:04Z</time></trkpt><trkpt lat="45.53317" lon="25.290067"><ele>856.0</ele><time>2026-07-31T09:22:08Z</time></trkpt><trkpt lat="45.533125" lon="25.289973"><ele>856.3</ele><time>2026-07-31T09:22:12Z</time></trkpt><trkpt lat="45.533077" lon="25.289888"><ele>856.6</ele><time>2026-07-31T09:22:15Z</time></trkpt><trkpt lat="45.53303" lon="25.28981"><ele>856.7</ele><time>2026-07-31T09:22:17Z</time></trkpt><trkpt lat="45.532983" lon="25.289728"><ele>857.0</ele><time>2026-07-31T09:22:20Z</time></trkpt><trkpt lat="45.532935" lon="25.289642"><ele>857.2</ele><time>2026-07-31T09:22:23Z</time></trkpt><trkpt lat="45.53289" lon="25.289555"><ele>857.5</ele><time>2026-07-31T09:22:26Z</time></trkpt><trkpt lat="45.532845" lon="25.289468"><ele>857.9</ele><time>2026-07-31T09:22:29Z</time></trkpt><trkpt lat="45.532778" lon="25.28937"><ele>858.3</ele><time>2026-07-31T09:22:33Z</time></trkpt><trkpt lat="45.532722" lon="25.289297"><ele>858.6</ele><time>2026-07-31T09:22:36Z</time></trkpt><trkpt lat="45.532672" lon="25.289197"><ele>859.1</ele><time>2026-07-31T09:22:40Z</time></trkpt><trkpt lat="45.532625" lon="25.2891"><ele>859.5</ele><time>2026-07-31T09:22:44Z</time></trkpt><trkpt lat="45.532582" lon="25.289"><ele>859.9</ele><time>2026-07-31T09:22:47Z</time></trkpt><trkpt lat="45.53256" lon="25.288895"><ele>860.5</ele><time>2026-07-31T09:22:50Z</time></trkpt><trkpt lat="45.532543" lon="25.288768"><ele>860.7</ele><time>2026-07-31T09:22:53Z</time></trkpt><trkpt lat="45.5325" lon="25.28866"><ele>861.0</ele><time>2026-07-31T09:22:56Z</time></trkpt><trkpt lat="45.532455" lon="25.28856"><ele>861.5</ele><time>2026-07-31T09:23:00Z</time></trkpt><trkpt lat="45.532402" lon="25.288475"><ele>861.8</ele><time>2026-07-31T09:23:03Z</time></trkpt><trkpt lat="45.532318" lon="25.288377"><ele>862.2</ele><time>2026-07-31T09:23:06Z</time></trkpt><trkpt lat="45.532245" lon="25.28834"><ele>862.5</ele><time>2026-07-31T09:23:09Z</time></trkpt><trkpt lat="45.53217" lon="25.288318"><ele>862.7</ele><time>2026-07-31T09:23:12Z</time></trkpt><trkpt lat="45.532092" lon="25.288313"><ele>863.0</ele><time>2026-07-31T09:23:15Z</time></trkpt><trkpt lat="45.532018" lon="25.28828"><ele>863.5</ele><time>2026-07-31T09:23:19Z</time></trkpt><trkpt lat="45.531947" lon="25.288238"><ele>863.9</ele><time>2026-07-31T09:23:22Z</time></trkpt><trkpt lat="45.531877" lon="25.288197"><ele>864.3</ele><time>2026-07-31T09:23:25Z</time></trkpt><trkpt lat="45.531787" lon="25.288145"><ele>864.6</ele><time>2026-07-31T09:23:28Z</time></trkpt><trkpt lat="45.53171" lon="25.2881"><ele>864.9</ele><time>2026-07-31T09:23:32Z</time></trkpt><trkpt lat="45.531633" lon="25.288037"><ele>865.3</ele><time>2026-07-31T09:23:36Z</time></trkpt><trkpt lat="45.531557" lon="25.287997"><ele>865.5</ele><time>2026-07-31T09:23:38Z</time></trkpt><trkpt lat="45.531453" lon="25.287947"><ele>865.8</ele><time>2026-07-31T09:23:40Z</time></trkpt><trkpt lat="45.531382" lon="25.287898"><ele>866.1</ele><time>2026-07-31T09:23:43Z</time></trkpt><trkpt lat="45.531313" lon="25.287858"><ele>866.4</ele><time>2026-07-31T09:23:47Z</time></trkpt><trkpt lat="45.53125" lon="25.28779"><ele>866.7</ele><time>2026-07-31T09:23:51Z</time></trkpt><trkpt lat="45.531183" lon="25.287735"><ele>867.0</ele><time>2026-07-31T09:23:54Z</time></trkpt><trkpt lat="45.531108" lon="25.287688"><ele>867.4</ele><time>2026-07-31T09:23:57Z</time></trkpt><trkpt lat="45.531035" lon="25.287697"><ele>867.7</ele><time>2026-07-31T09:24:00Z</time></trkpt><trkpt lat="45.530943" lon="25.287693"><ele>867.9</ele><time>2026-07-31T09:24:03Z</time></trkpt><trkpt lat="45.530853" lon="25.287698"><ele>868.2</ele><time>2026-07-31T09:24:07Z</time></trkpt><trkpt lat="45.530763" lon="25.287713"><ele>868.5</ele><time>2026-07-31T09:24:10Z</time></trkpt><trkpt lat="45.530677" lon="25.287708"><ele>868.7</ele><time>2026-07-31T09:24:13Z</time></trkpt><trkpt lat="45.530582" lon="25.287672"><ele>868.9</ele><time>2026-07-31T09:24:16Z</time></trkpt><trkpt lat="45.530492" lon="25.28763"><ele>869.2</ele><time>2026-07-31T09:24:19Z</time></trkpt><trkpt lat="45.530418" lon="25.287563"><ele>869.5</ele><time>2026-07-31T09:24:22Z</time></trkpt><trkpt lat="45.530363" lon="25.28749"><ele>869.8</ele><time>2026-07-31T09:24:25Z</time></trkpt><trkpt lat="45.530292" lon="25.287468"><ele>870.1</ele><time>2026-07-31T09:24:28Z</time></trkpt><trkpt lat="45.530227" lon="25.287417"><ele>871.0</ele><time>2026-07-31T09:24:35Z</time></trkpt><trkpt lat="45.530157" lon="25.287375"><ele>871.2</ele><time>2026-07-31T09:24:37Z</time></trkpt><trkpt lat="45.53007" lon="25.287348"><ele>871.6</ele><time>2026-07-31T09:24:40Z</time></trkpt><trkpt lat="45.529997" lon="25.287308"><ele>871.9</ele><time>2026-07-31T09:24:44Z</time></trkpt><trkpt lat="45.529917" lon="25.287345"><ele>872.0</ele><time>2026-07-31T09:24:46Z</time></trkpt><trkpt lat="45.52982" lon="25.287285"><ele>872.4</ele><time>2026-07-31T09:24:50Z</time></trkpt><trkpt lat="45.52973" lon="25.287267"><ele>872.8</ele><time>2026-07-31T09:24:53Z</time></trkpt><trkpt lat="45.529645" lon="25.287253"><ele>873.0</ele><time>2026-07-31T09:24:56Z</time></trkpt><trkpt lat="45.52955" lon="25.287198"><ele>873.4</ele><time>2026-07-31T09:24:59Z</time></trkpt><trkpt lat="45.529458" lon="25.287158"><ele>873.9</ele><time>2026-07-31T09:25:03Z</time></trkpt><trkpt lat="45.529397" lon="25.287093"><ele>874.7</ele><time>2026-07-31T09:25:08Z</time></trkpt><trkpt lat="45.529382" lon="25.286992"><ele>875.0</ele><time>2026-07-31T09:25:11Z</time></trkpt><trkpt lat="45.529365" lon="25.286862"><ele>875.3</ele><time>2026-07-31T09:25:14Z</time></trkpt><trkpt lat="45.529322" lon="25.286757"><ele>875.8</ele><time>2026-07-31T09:25:18Z</time></trkpt><trkpt lat="45.529273" lon="25.286667"><ele>876.2</ele><time>2026-07-31T09:25:21Z</time></trkpt><trkpt lat="45.529218" lon="25.286562"><ele>876.8</ele><time>2026-07-31T09:25:26Z</time></trkpt><trkpt lat="45.529182" lon="25.286435"><ele>877.2</ele><time>2026-07-31T09:25:30Z</time></trkpt><trkpt lat="45.529152" lon="25.286337"><ele>877.6</ele><time>2026-07-31T09:25:33Z</time></trkpt><trkpt lat="45.529118" lon="25.286225"><ele>878.0</ele><time>2026-07-31T09:25:36Z</time></trkpt><trkpt lat="45.529085" lon="25.286107"><ele>878.4</ele><time>2026-07-31T09:25:39Z</time></trkpt><trkpt lat="45.52904" lon="25.286005"><ele>878.8</ele><time>2026-07-31T09:25:43Z</time></trkpt><trkpt lat="45.528992" lon="25.285918"><ele>879.0</ele><time>2026-07-31T09:25:46Z</time></trkpt><trkpt lat="45.52894" lon="25.285823"><ele>879.4</ele><time>2026-07-31T09:25:49Z</time></trkpt><trkpt lat="45.52889" lon="25.285732"><ele>879.7</ele><time>2026-07-31T09:25:52Z</time></trkpt><trkpt lat="45.528838" lon="25.285645"><ele>880.1</ele><time>2026-07-31T09:25:55Z</time></trkpt><trkpt lat="45.528785" lon="25.285563"><ele>880.4</ele><time>2026-07-31T09:25:57Z</time></trkpt><trkpt lat="45.52873" lon="25.28549"><ele>880.7</ele><time>2026-07-31T09:26:00Z</time></trkpt><trkpt lat="45.528687" lon="25.285405"><ele>881.1</ele><time>2026-07-31T09:26:04Z</time></trkpt><trkpt lat="45.528632" lon="25.285332"><ele>881.3</ele><time>2026-07-31T09:26:07Z</time></trkpt><trkpt lat="45.52858" lon="25.28526"><ele>881.7</ele><time>2026-07-31T09:26:10Z</time></trkpt><trkpt lat="45.528535" lon="25.285178"><ele>882.0</ele><time>2026-07-31T09:26:14Z</time></trkpt><trkpt lat="45.528482" lon="25.285095"><ele>882.4</ele><time>2026-07-31T09:26:17Z</time></trkpt><trkpt lat="45.528428" lon="25.284995"><ele>882.8</ele><time>2026-07-31T09:26:20Z</time></trkpt><trkpt lat="45.528377" lon="25.284913"><ele>883.1</ele><time>2026-07-31T09:26:24Z</time></trkpt><trkpt lat="45.52836" lon="25.284807"><ele>883.3</ele><time>2026-07-31T09:26:28Z</time></trkpt><trkpt lat="45.528285" lon="25.28473"><ele>883.5</ele><time>2026-07-31T09:26:31Z</time></trkpt><trkpt lat="45.52825" lon="25.28464"><ele>883.8</ele><time>2026-07-31T09:26:34Z</time></trkpt><trkpt lat="45.528205" lon="25.284508"><ele>884.2</ele><time>2026-07-31T09:26:37Z</time></trkpt><trkpt lat="45.528152" lon="25.28441"><ele>884.3</ele><time>2026-07-31T09:26:39Z</time></trkpt><trkpt lat="45.528113" lon="25.28429"><ele>884.8</ele><time>2026-07-31T09:26:43Z</time></trkpt><trkpt lat="45.528047" lon="25.284195"><ele>885.2</ele><time>2026-07-31T09:26:46Z</time></trkpt><trkpt lat="45.528003" lon="25.284108"><ele>885.5</ele><time>2026-07-31T09:26:48Z</time></trkpt><trkpt lat="45.527965" lon="25.284007"><ele>885.9</ele><time>2026-07-31T09:26:51Z</time></trkpt><trkpt lat="45.527912" lon="25.283918"><ele>886.4</ele><time>2026-07-31T09:26:54Z</time></trkpt><trkpt lat="45.527858" lon="25.28381"><ele>886.6</ele><time>2026-07-31T09:26:57Z</time></trkpt><trkpt lat="45.527773" lon="25.28374"><ele>886.8</ele><time>2026-07-31T09:27:00Z</time></trkpt><trkpt lat="45.527707" lon="25.283668"><ele>887.2</ele><time>2026-07-31T09:27:03Z</time></trkpt><trkpt lat="45.527647" lon="25.2836"><ele>887.6</ele><time>2026-07-31T09:27:06Z</time></trkpt><trkpt lat="45.527575" lon="25.283535"><ele>887.9</ele><time>2026-07-31T09:27:09Z</time></trkpt><trkpt lat="45.5275" lon="25.283493"><ele>888.3</ele><time>2026-07-31T09:27:12Z</time></trkpt><trkpt lat="45.527438" lon="25.283427"><ele>888.5</ele><time>2026-07-31T09:27:15Z</time></trkpt><trkpt lat="45.527353" lon="25.283373"><ele>888.9</ele><time>2026-07-31T09:27:18Z</time></trkpt><trkpt lat="45.527282" lon="25.28334"><ele>889.3</ele><time>2026-07-31T09:27:21Z</time></trkpt><trkpt lat="45.527242" lon="25.283188"><ele>889.8</ele><time>2026-07-31T09:27:24Z</time></trkpt><trkpt lat="45.527167" lon="25.28312"><ele>890.5</ele><time>2026-07-31T09:27:29Z</time></trkpt><trkpt lat="45.527097" lon="25.283097"><ele>890.6</ele><time>2026-07-31T09:27:31Z</time></trkpt><trkpt lat="45.527015" lon="25.283062"><ele>891.0</ele><time>2026-07-31T09:27:34Z</time></trkpt><trkpt lat="45.526943" lon="25.283053"><ele>891.4</ele><time>2026-07-31T09:27:37Z</time></trkpt><trkpt lat="45.526873" lon="25.28299"><ele>891.9</ele><time>2026-07-31T09:27:40Z</time></trkpt><trkpt lat="45.526797" lon="25.2829"><ele>892.6</ele><time>2026-07-31T09:27:44Z</time></trkpt><trkpt lat="45.52673" lon="25.282827"><ele>892.9</ele><time>2026-07-31T09:27:47Z</time></trkpt><trkpt lat="45.526667" lon="25.282772"><ele>893.6</ele><time>2026-07-31T09:27:51Z</time></trkpt><trkpt lat="45.526583" lon="25.282745"><ele>894.2</ele><time>2026-07-31T09:27:55Z</time></trkpt><trkpt lat="45.526515" lon="25.282697"><ele>894.6</ele><time>2026-07-31T09:27:58Z</time></trkpt><trkpt lat="45.526448" lon="25.282633"><ele>895.3</ele><time>2026-07-31T09:28:02Z</time></trkpt><trkpt lat="45.526372" lon="25.282587"><ele>895.6</ele><time>2026-07-31T09:28:05Z</time></trkpt><trkpt lat="45.526302" lon="25.28252"><ele>896.1</ele><time>2026-07-31T09:28:08Z</time></trkpt><trkpt lat="45.526237" lon="25.282462"><ele>896.6</ele><time>2026-07-31T09:28:11Z</time></trkpt><trkpt lat="45.526162" lon="25.282388"><ele>897.2</ele><time>2026-07-31T09:28:15Z</time></trkpt><trkpt lat="45.526083" lon="25.282327"><ele>897.7</ele><time>2026-07-31T09:28:17Z</time></trkpt><trkpt lat="45.525992" lon="25.282222"><ele>898.2</ele><time>2026-07-31T09:28:21Z</time></trkpt><trkpt lat="45.525913" lon="25.282187"><ele>898.7</ele><time>2026-07-31T09:28:24Z</time></trkpt><trkpt lat="45.525833" lon="25.282187"><ele>899.2</ele><time>2026-07-31T09:28:27Z</time></trkpt><trkpt lat="45.525737" lon="25.282168"><ele>899.9</ele><time>2026-07-31T09:28:32Z</time></trkpt><trkpt lat="45.525652" lon="25.282148"><ele>900.5</ele><time>2026-07-31T09:28:46Z</time></trkpt><trkpt lat="45.525585" lon="25.28208"><ele>900.6</ele><time>2026-07-31T09:29:34Z</time></trkpt><trkpt lat="45.525522" lon="25.281995"><ele>900.8</ele><time>2026-07-31T09:29:59Z</time></trkpt><trkpt lat="45.525528" lon="25.281867"><ele>901.2</ele><time>2026-07-31T09:30:07Z</time></trkpt><trkpt lat="45.525627" lon="25.28182"><ele>901.1</ele><time>2026-07-31T09:30:12Z</time></trkpt><trkpt lat="45.525713" lon="25.281782"><ele>901.1</ele><time>2026-07-31T09:30:14Z</time></trkpt><trkpt lat="45.525733" lon="25.28167"><ele>901.2</ele><time>2026-07-31T09:30:29Z</time></trkpt><trkpt lat="45.5257" lon="25.281577"><ele>901.2</ele><time>2026-07-31T09:30:30Z</time></trkpt><trkpt lat="45.525647" lon="25.281502"><ele>901.2</ele><time>2026-07-31T09:30:31Z</time></trkpt><trkpt lat="45.525555" lon="25.281598"><ele>901.2</ele><time>2026-07-31T09:30:32Z</time></trkpt><trkpt lat="45.525482" lon="25.28158"><ele>901.3</ele><time>2026-07-31T09:30:33Z</time></trkpt><trkpt lat="45.525495" lon="25.281867"><ele>901.3</ele><time>2026-07-31T09:30:43Z</time></trkpt><trkpt lat="45.525397" lon="25.28199"><ele>901.1</ele><time>2026-07-31T09:32:07Z</time></trkpt><trkpt lat="45.52545" lon="25.281902"><ele>900.7</ele><time>2026-07-31T09:32:20Z</time></trkpt><trkpt lat="45.525378" lon="25.28193"><ele>900.7</ele><time>2026-07-31T09:32:42Z</time></trkpt><trkpt lat="45.525442" lon="25.281843"><ele>900.4</ele><time>2026-07-31T09:33:04Z</time></trkpt><trkpt lat="45.525507" lon="25.281905"><ele>900.4</ele><time>2026-07-31T09:33:09Z</time></trkpt><trkpt lat="45.525567" lon="25.282055"><ele>900.6</ele><time>2026-07-31T09:33:16Z</time></trkpt><trkpt lat="45.525608" lon="25.281952"><ele>900.5</ele><time>2026-07-31T09:33:22Z</time></trkpt><trkpt lat="45.52556" lon="25.282048"><ele>900.1</ele><time>2026-07-31T09:33:27Z</time></trkpt><trkpt lat="45.52554" lon="25.282153"><ele>899.8</ele><time>2026-07-31T09:33:31Z</time></trkpt><trkpt lat="45.525543" lon="25.28205"><ele>899.6</ele><time>2026-07-31T09:34:07Z</time></trkpt><trkpt lat="45.525537" lon="25.281945"><ele>900.7</ele><time>2026-07-31T09:34:36Z</time></trkpt><trkpt lat="45.525523" lon="25.282055"><ele>900.6</ele><time>2026-07-31T09:35:01Z</time></trkpt><trkpt lat="45.52546" lon="25.28198"><ele>900.8</ele><time>2026-07-31T09:35:09Z</time></trkpt><trkpt lat="45.525445" lon="25.28187"><ele>901.1</ele><time>2026-07-31T09:35:13Z</time></trkpt><trkpt lat="45.525408" lon="25.281758"><ele>901.7</ele><time>2026-07-31T09:35:18Z</time></trkpt><trkpt lat="45.52537" lon="25.281652"><ele>902.2</ele><time>2026-07-31T09:35:24Z</time></trkpt><trkpt lat="45.525322" lon="25.281528"><ele>902.8</ele><time>2026-07-31T09:35:29Z</time></trkpt><trkpt lat="45.525262" lon="25.281448"><ele>903.5</ele><time>2026-07-31T09:35:34Z</time></trkpt><trkpt lat="45.525208" lon="25.28137"><ele>903.8</ele><time>2026-07-31T09:35:37Z</time></trkpt><trkpt lat="45.525153" lon="25.281297"><ele>904.2</ele><time>2026-07-31T09:35:41Z</time></trkpt><trkpt lat="45.525085" lon="25.281207"><ele>904.8</ele><time>2026-07-31T09:35:47Z</time></trkpt><trkpt lat="45.525032" lon="25.281107"><ele>905.3</ele><time>2026-07-31T09:35:51Z</time></trkpt><trkpt lat="45.524978" lon="25.281038"><ele>905.6</ele><time>2026-07-31T09:35:55Z</time></trkpt><trkpt lat="45.524905" lon="25.281025"><ele>906.1</ele><time>2026-07-31T09:36:02Z</time></trkpt><trkpt lat="45.524943" lon="25.280928"><ele>906.5</ele><time>2026-07-31T09:36:10Z</time></trkpt><trkpt lat="45.524922" lon="25.280817"><ele>907.1</ele><time>2026-07-31T09:36:16Z</time></trkpt><trkpt lat="45.524945" lon="25.280703"><ele>907.7</ele><time>2026-07-31T09:36:20Z</time></trkpt><trkpt lat="45.52492" lon="25.28059"><ele>908.0</ele><time>2026-07-31T09:36:23Z</time></trkpt><trkpt lat="45.524905" lon="25.28047"><ele>908.3</ele><time>2026-07-31T09:36:26Z</time></trkpt><trkpt lat="45.524937" lon="25.28036"><ele>908.7</ele><time>2026-07-31T09:36:29Z</time></trkpt><trkpt lat="45.524933" lon="25.280242"><ele>909.2</ele><time>2026-07-31T09:36:33Z</time></trkpt><trkpt lat="45.524895" lon="25.280142"><ele>909.7</ele><time>2026-07-31T09:36:37Z</time></trkpt><trkpt lat="45.524867" lon="25.280027"><ele>910.3</ele><time>2026-07-31T09:36:41Z</time></trkpt><trkpt lat="45.52483" lon="25.279935"><ele>911.0</ele><time>2026-07-31T09:36:45Z</time></trkpt><trkpt lat="45.524768" lon="25.279862"><ele>911.3</ele><time>2026-07-31T09:36:48Z</time></trkpt><trkpt lat="45.524723" lon="25.279775"><ele>912.2</ele><time>2026-07-31T09:36:54Z</time></trkpt><trkpt lat="45.52465" lon="25.279717"><ele>913.1</ele><time>2026-07-31T09:37:00Z</time></trkpt><trkpt lat="45.524627" lon="25.279543"><ele>913.8</ele><time>2026-07-31T09:37:05Z</time></trkpt><trkpt lat="45.524575" lon="25.279457"><ele>915.1</ele><time>2026-07-31T09:37:17Z</time></trkpt><trkpt lat="45.5245" lon="25.27944"><ele>915.4</ele><time>2026-07-31T09:37:20Z</time></trkpt><trkpt lat="45.524458" lon="25.279353"><ele>916.1</ele><time>2026-07-31T09:37:23Z</time></trkpt><trkpt lat="45.524422" lon="25.279233"><ele>916.6</ele><time>2026-07-31T09:37:25Z</time></trkpt><trkpt lat="45.524435" lon="25.279087"><ele>916.8</ele><time>2026-07-31T09:37:27Z</time></trkpt><trkpt lat="45.524315" lon="25.279087"><ele>917.0</ele><time>2026-07-31T09:37:29Z</time></trkpt><trkpt lat="45.524253" lon="25.279018"><ele>917.3</ele><time>2026-07-31T09:37:32Z</time></trkpt><trkpt lat="45.524177" lon="25.279008"><ele>917.7</ele><time>2026-07-31T09:37:35Z</time></trkpt><trkpt lat="45.524097" lon="25.279065"><ele>918.1</ele><time>2026-07-31T09:37:39Z</time></trkpt><trkpt lat="45.524017" lon="25.279078"><ele>918.7</ele><time>2026-07-31T09:37:43Z</time></trkpt><trkpt lat="45.523943" lon="25.279085"><ele>919.3</ele><time>2026-07-31T09:37:47Z</time></trkpt><trkpt lat="45.523865" lon="25.279087"><ele>919.6</ele><time>2026-07-31T09:37:50Z</time></trkpt><trkpt lat="45.523792" lon="25.27908"><ele>920.0</ele><time>2026-07-31T09:37:54Z</time></trkpt><trkpt lat="45.523717" lon="25.2791"><ele>920.5</ele><time>2026-07-31T09:37:58Z</time></trkpt><trkpt lat="45.523632" lon="25.279075"><ele>921.3</ele><time>2026-07-31T09:38:03Z</time></trkpt><trkpt lat="45.523577" lon="25.27896"><ele>921.7</ele><time>2026-07-31T09:38:06Z</time></trkpt><trkpt lat="45.523495" lon="25.278817"><ele>922.3</ele><time>2026-07-31T09:38:09Z</time></trkpt><trkpt lat="45.523478" lon="25.278667"><ele>922.5</ele><time>2026-07-31T09:38:11Z</time></trkpt><trkpt lat="45.52345" lon="25.278505"><ele>923.9</ele><time>2026-07-31T09:38:19Z</time></trkpt><trkpt lat="45.523427" lon="25.27834"><ele>924.4</ele><time>2026-07-31T09:38:21Z</time></trkpt><trkpt lat="45.523408" lon="25.27822"><ele>924.8</ele><time>2026-07-31T09:38:23Z</time></trkpt><trkpt lat="45.523402" lon="25.27809"><ele>925.2</ele><time>2026-07-31T09:38:26Z</time></trkpt><trkpt lat="45.523418" lon="25.277988"><ele>925.7</ele><time>2026-07-31T09:38:29Z</time></trkpt><trkpt lat="45.523452" lon="25.277867"><ele>926.0</ele><time>2026-07-31T09:38:33Z</time></trkpt><trkpt lat="45.523465" lon="25.277758"><ele>926.7</ele><time>2026-07-31T09:38:37Z</time></trkpt><trkpt lat="45.523467" lon="25.277643"><ele>927.4</ele><time>2026-07-31T09:38:41Z</time></trkpt><trkpt lat="45.523487" lon="25.277543"><ele>928.1</ele><time>2026-07-31T09:38:45Z</time></trkpt><trkpt lat="45.523535" lon="25.277457"><ele>928.6</ele><time>2026-07-31T09:38:49Z</time></trkpt><trkpt lat="45.523577" lon="25.277372"><ele>929.3</ele><time>2026-07-31T09:38:53Z</time></trkpt><trkpt lat="45.52361" lon="25.277272"><ele>929.9</ele><time>2026-07-31T09:38:57Z</time></trkpt><trkpt lat="45.523642" lon="25.277155"><ele>930.7</ele><time>2026-07-31T09:39:02Z</time></trkpt><trkpt lat="45.523682" lon="25.27705"><ele>931.4</ele><time>2026-07-31T09:39:07Z</time></trkpt><trkpt lat="45.52375" lon="25.276958"><ele>932.7</ele><time>2026-07-31T09:39:13Z</time></trkpt><trkpt lat="45.523772" lon="25.276843"><ele>933.6</ele><time>2026-07-31T09:39:17Z</time></trkpt><trkpt lat="45.523807" lon="25.276733"><ele>934.3</ele><time>2026-07-31T09:39:21Z</time></trkpt><trkpt lat="45.523877" lon="25.276655"><ele>934.9</ele><time>2026-07-31T09:39:25Z</time></trkpt><trkpt lat="45.52388" lon="25.276538"><ele>936.3</ele><time>2026-07-31T09:39:30Z</time></trkpt><trkpt lat="45.523898" lon="25.276412"><ele>937.6</ele><time>2026-07-31T09:39:35Z</time></trkpt><trkpt lat="45.523915" lon="25.276312"><ele>938.6</ele><time>2026-07-31T09:39:39Z</time></trkpt><trkpt lat="45.523972" lon="25.27624"><ele>939.4</ele><time>2026-07-31T09:39:43Z</time></trkpt><trkpt lat="45.523998" lon="25.276123"><ele>940.4</ele><time>2026-07-31T09:39:48Z</time></trkpt><trkpt lat="45.523925" lon="25.276052"><ele>941.1</ele><time>2026-07-31T09:39:53Z</time></trkpt><trkpt lat="45.523855" lon="25.275963"><ele>942.2</ele><time>2026-07-31T09:39:59Z</time></trkpt><trkpt lat="45.523795" lon="25.27587"><ele>943.0</ele><time>2026-07-31T09:40:03Z</time></trkpt><trkpt lat="45.523732" lon="25.27581"><ele>943.9</ele><time>2026-07-31T09:40:07Z</time></trkpt><trkpt lat="45.523638" lon="25.275755"><ele>944.7</ele><time>2026-07-31T09:40:11Z</time></trkpt><trkpt lat="45.523573" lon="25.275677"><ele>945.5</ele><time>2026-07-31T09:40:15Z</time></trkpt><trkpt lat="45.523525" lon="25.275598"><ele>946.0</ele><time>2026-07-31T09:40:19Z</time></trkpt><trkpt lat="45.523488" lon="25.275493"><ele>947.0</ele><time>2026-07-31T09:40:24Z</time></trkpt><trkpt lat="45.523427" lon="25.275413"><ele>947.9</ele><time>2026-07-31T09:40:28Z</time></trkpt><trkpt lat="45.523373" lon="25.275323"><ele>948.9</ele><time>2026-07-31T09:40:32Z</time></trkpt><trkpt lat="45.523337" lon="25.275223"><ele>949.6</ele><time>2026-07-31T09:40:36Z</time></trkpt><trkpt lat="45.523297" lon="25.275135"><ele>950.4</ele><time>2026-07-31T09:40:39Z</time></trkpt><trkpt lat="45.523237" lon="25.275025"><ele>951.6</ele><time>2026-07-31T09:40:44Z</time></trkpt><trkpt lat="45.523183" lon="25.274942"><ele>952.5</ele><time>2026-07-31T09:40:48Z</time></trkpt><trkpt lat="45.523147" lon="25.27484"><ele>953.8</ele><time>2026-07-31T09:40:55Z</time></trkpt><trkpt lat="45.523122" lon="25.274732"><ele>955.1</ele><time>2026-07-31T09:41:01Z</time></trkpt><trkpt lat="45.523053" lon="25.274647"><ele>956.2</ele><time>2026-07-31T09:41:06Z</time></trkpt><trkpt lat="45.523007" lon="25.27454"><ele>957.2</ele><time>2026-07-31T09:41:13Z</time></trkpt><trkpt lat="45.522957" lon="25.274462"><ele>958.0</ele><time>2026-07-31T09:41:18Z</time></trkpt><trkpt lat="45.522898" lon="25.27438"><ele>958.9</ele><time>2026-07-31T09:41:23Z</time></trkpt><trkpt lat="45.522843" lon="25.27429"><ele>959.6</ele><time>2026-07-31T09:41:28Z</time></trkpt><trkpt lat="45.522798" lon="25.274195"><ele>960.5</ele><time>2026-07-31T09:41:33Z</time></trkpt><trkpt lat="45.522813" lon="25.274078"><ele>961.6</ele><time>2026-07-31T09:41:39Z</time></trkpt><trkpt lat="45.522827" lon="25.27397"><ele>962.3</ele><time>2026-07-31T09:41:44Z</time></trkpt><trkpt lat="45.522833" lon="25.273847"><ele>963.1</ele><time>2026-07-31T09:41:49Z</time></trkpt><trkpt lat="45.52282" lon="25.273717"><ele>963.7</ele><time>2026-07-31T09:41:53Z</time></trkpt><trkpt lat="45.52283" lon="25.273612"><ele>964.2</ele><time>2026-07-31T09:41:57Z</time></trkpt><trkpt lat="45.522845" lon="25.273488"><ele>964.6</ele><time>2026-07-31T09:42:01Z</time></trkpt><trkpt lat="45.522862" lon="25.273378"><ele>965.2</ele><time>2026-07-31T09:42:05Z</time></trkpt><trkpt lat="45.522868" lon="25.273265"><ele>965.8</ele><time>2026-07-31T09:42:09Z</time></trkpt><trkpt lat="45.522872" lon="25.273138"><ele>966.5</ele><time>2026-07-31T09:42:13Z</time></trkpt><trkpt lat="45.522857" lon="25.273013"><ele>967.3</ele><time>2026-07-31T09:42:17Z</time></trkpt><trkpt lat="45.522865" lon="25.272892"><ele>967.9</ele><time>2026-07-31T09:42:21Z</time></trkpt><trkpt lat="45.522895" lon="25.272773"><ele>968.5</ele><time>2026-07-31T09:42:25Z</time></trkpt><trkpt lat="45.522892" lon="25.272667"><ele>969.0</ele><time>2026-07-31T09:42:28Z</time></trkpt><trkpt lat="45.522897" lon="25.272555"><ele>969.6</ele><time>2026-07-31T09:42:32Z</time></trkpt><trkpt lat="45.52292" lon="25.272452"><ele>970.2</ele><time>2026-07-31T09:42:37Z</time></trkpt><trkpt lat="45.52291" lon="25.27235"><ele>970.6</ele><time>2026-07-31T09:42:41Z</time></trkpt><trkpt lat="45.52295" lon="25.272247"><ele>971.1</ele><time>2026-07-31T09:42:46Z</time></trkpt><trkpt lat="45.52299" lon="25.272143"><ele>972.1</ele><time>2026-07-31T09:42:51Z</time></trkpt><trkpt lat="45.523008" lon="25.272038"><ele>972.7</ele><time>2026-07-31T09:42:55Z</time></trkpt><trkpt lat="45.522983" lon="25.271882"><ele>973.2</ele><time>2026-07-31T09:42:58Z</time></trkpt><trkpt lat="45.522988" lon="25.271725"><ele>974.2</ele><time>2026-07-31T09:43:03Z</time></trkpt><trkpt lat="45.523012" lon="25.271613"><ele>975.0</ele><time>2026-07-31T09:43:08Z</time></trkpt><trkpt lat="45.523067" lon="25.271535"><ele>975.6</ele><time>2026-07-31T09:43:13Z</time></trkpt><trkpt lat="45.523128" lon="25.27144"><ele>976.5</ele><time>2026-07-31T09:43:18Z</time></trkpt><trkpt lat="45.523197" lon="25.271363"><ele>977.2</ele><time>2026-07-31T09:43:22Z</time></trkpt><trkpt lat="45.523275" lon="25.27135"><ele>977.9</ele><time>2026-07-31T09:43:26Z</time></trkpt><trkpt lat="45.523352" lon="25.271345"><ele>978.3</ele><time>2026-07-31T09:43:31Z</time></trkpt><trkpt lat="45.523397" lon="25.27125"><ele>978.8</ele><time>2026-07-31T09:43:34Z</time></trkpt><trkpt lat="45.523438" lon="25.271158"><ele>979.8</ele><time>2026-07-31T09:43:39Z</time></trkpt><trkpt lat="45.523465" lon="25.271058"><ele>980.6</ele><time>2026-07-31T09:43:43Z</time></trkpt><trkpt lat="45.523518" lon="25.270963"><ele>981.2</ele><time>2026-07-31T09:43:47Z</time></trkpt><trkpt lat="45.523592" lon="25.270912"><ele>981.9</ele><time>2026-07-31T09:43:51Z</time></trkpt><trkpt lat="45.523657" lon="25.270838"><ele>982.7</ele><time>2026-07-31T09:43:56Z</time></trkpt><trkpt lat="45.523728" lon="25.270793"><ele>983.4</ele><time>2026-07-31T09:44:00Z</time></trkpt><trkpt lat="45.523792" lon="25.27072"><ele>984.0</ele><time>2026-07-31T09:44:04Z</time></trkpt><trkpt lat="45.523842" lon="25.270643"><ele>984.8</ele><time>2026-07-31T09:44:08Z</time></trkpt><trkpt lat="45.523923" lon="25.270637"><ele>985.4</ele><time>2026-07-31T09:44:12Z</time></trkpt><trkpt lat="45.524008" lon="25.270615"><ele>986.3</ele><time>2026-07-31T09:44:17Z</time></trkpt><trkpt lat="45.524102" lon="25.270635"><ele>986.9</ele><time>2026-07-31T09:44:21Z</time></trkpt><trkpt lat="45.524192" lon="25.270618"><ele>987.8</ele><time>2026-07-31T09:44:26Z</time></trkpt><trkpt lat="45.524262" lon="25.270578"><ele>988.9</ele><time>2026-07-31T09:44:32Z</time></trkpt><trkpt lat="45.524335" lon="25.270533"><ele>989.7</ele><time>2026-07-31T09:44:38Z</time></trkpt><trkpt lat="45.524418" lon="25.27055"><ele>990.5</ele><time>2026-07-31T09:44:44Z</time></trkpt><trkpt lat="45.524462" lon="25.270462"><ele>990.6</ele><time>2026-07-31T09:44:56Z</time></trkpt><trkpt lat="45.524408" lon="25.270383"><ele>990.7</ele><time>2026-07-31T09:45:11Z</time></trkpt><trkpt lat="45.524435" lon="25.270503"><ele>989.6</ele><time>2026-07-31T09:45:48Z</time></trkpt><trkpt lat="45.524423" lon="25.270605"><ele>989.5</ele><time>2026-07-31T09:46:02Z</time></trkpt><trkpt lat="45.52445" lon="25.270702"><ele>989.5</ele><time>2026-07-31T09:46:50Z</time></trkpt><trkpt lat="45.524447" lon="25.270585"><ele>990.7</ele><time>2026-07-31T09:48:15Z</time></trkpt><trkpt lat="45.524428" lon="25.270477"><ele>990.6</ele><time>2026-07-31T09:48:23Z</time></trkpt><trkpt lat="45.52448" lon="25.270552"><ele>990.5</ele><time>2026-07-31T09:48:47Z</time></trkpt><trkpt lat="45.524433" lon="25.270657"><ele>990.5</ele><time>2026-07-31T09:49:11Z</time></trkpt><trkpt lat="45.524447" lon="25.27049"><ele>990.6</ele><time>2026-07-31T09:50:29Z</time></trkpt><trkpt lat="45.524377" lon="25.270447"><ele>990.7</ele><time>2026-07-31T09:50:59Z</time></trkpt><trkpt lat="45.524323" lon="25.270542"><ele>990.6</ele><time>2026-07-31T09:51:26Z</time></trkpt><trkpt lat="45.52438" lon="25.270623"><ele>990.8</ele><time>2026-07-31T09:52:44Z</time></trkpt><trkpt lat="45.524377" lon="25.270515"><ele>990.7</ele><time>2026-07-31T09:53:45Z</time></trkpt><trkpt lat="45.524412" lon="25.270417"><ele>990.5</ele><time>2026-07-31T09:54:51Z</time></trkpt><trkpt lat="45.52442" lon="25.27056"><ele>990.5</ele><time>2026-07-31T09:55:45Z</time></trkpt><trkpt lat="45.524373" lon="25.270447"><ele>990.6</ele><time>2026-07-31T09:56:27Z</time></trkpt><trkpt lat="45.52443" lon="25.270533"><ele>991.1</ele><time>2026-07-31T09:56:34Z</time></trkpt><trkpt lat="45.524413" lon="25.270433"><ele>991.1</ele><time>2026-07-31T09:56:39Z</time></trkpt><trkpt lat="45.524375" lon="25.270253"><ele>991.3</ele><time>2026-07-31T09:57:00Z</time></trkpt><trkpt lat="45.524097" lon="25.271075"><ele>991.2</ele><time>2026-07-31T09:57:27Z</time></trkpt><trkpt lat="45.524218" lon="25.271575"><ele>991.3</ele><time>2026-07-31T09:57:30Z</time></trkpt><trkpt lat="45.524365" lon="25.271335"><ele>991.4</ele><time>2026-07-31T09:57:31Z</time></trkpt><trkpt lat="45.524422" lon="25.270305"><ele>991.6</ele><time>2026-07-31T09:57:34Z</time></trkpt><trkpt lat="45.524467" lon="25.270173"><ele>991.6</ele><time>2026-07-31T09:57:38Z</time></trkpt><trkpt lat="45.524403" lon="25.270008"><ele>991.4</ele><time>2026-07-31T09:57:51Z</time></trkpt><trkpt lat="45.52433" lon="25.27028"><ele>991.3</ele><time>2026-07-31T09:58:00Z</time></trkpt><trkpt lat="45.524283" lon="25.270033"><ele>991.3</ele><time>2026-07-31T09:58:22Z</time></trkpt><trkpt lat="45.524322" lon="25.270143"><ele>991.4</ele><time>2026-07-31T09:58:34Z</time></trkpt><trkpt lat="45.524343" lon="25.270042"><ele>991.6</ele><time>2026-07-31T09:58:44Z</time></trkpt><trkpt lat="45.524377" lon="25.269917"><ele>991.8</ele><time>2026-07-31T09:58:47Z</time></trkpt><trkpt lat="45.524468" lon="25.269923"><ele>992.3</ele><time>2026-07-31T09:58:52Z</time></trkpt><trkpt lat="45.524533" lon="25.269878"><ele>992.9</ele><time>2026-07-31T09:58:57Z</time></trkpt><trkpt lat="45.524618" lon="25.270005"><ele>993.1</ele><time>2026-07-31T09:58:59Z</time></trkpt><trkpt lat="45.52467" lon="25.270078"><ele>993.3</ele><time>2026-07-31T09:59:01Z</time></trkpt><trkpt lat="45.524745" lon="25.27014"><ele>993.5</ele><time>2026-07-31T09:59:04Z</time></trkpt><trkpt lat="45.524818" lon="25.270148"><ele>993.9</ele><time>2026-07-31T09:59:09Z</time></trkpt><trkpt lat="45.524902" lon="25.270173"><ele>994.6</ele><time>2026-07-31T09:59:14Z</time></trkpt><trkpt lat="45.524983" lon="25.27017"><ele>995.2</ele><time>2026-07-31T09:59:18Z</time></trkpt><trkpt lat="45.52506" lon="25.270205"><ele>995.8</ele><time>2026-07-31T09:59:22Z</time></trkpt><trkpt lat="45.52511" lon="25.270127"><ele>996.2</ele><time>2026-07-31T09:59:25Z</time></trkpt><trkpt lat="45.525197" lon="25.270072"><ele>996.8</ele><time>2026-07-31T09:59:30Z</time></trkpt><trkpt lat="45.525263" lon="25.270007"><ele>997.5</ele><time>2026-07-31T09:59:35Z</time></trkpt><trkpt lat="45.52534" lon="25.269952"><ele>998.5</ele><time>2026-07-31T09:59:41Z</time></trkpt><trkpt lat="45.525392" lon="25.269877"><ele>998.9</ele><time>2026-07-31T09:59:45Z</time></trkpt><trkpt lat="45.525455" lon="25.269823"><ele>999.5</ele><time>2026-07-31T09:59:49Z</time></trkpt><trkpt lat="45.525507" lon="25.269722"><ele>1000.2</ele><time>2026-07-31T09:59:54Z</time></trkpt><trkpt lat="45.52557" lon="25.26966"><ele>1000.8</ele><time>2026-07-31T09:59:58Z</time></trkpt><trkpt lat="45.525635" lon="25.269613"><ele>1001.2</ele><time>2026-07-31T10:00:02Z</time></trkpt><trkpt lat="45.525695" lon="25.269518"><ele>1002.1</ele><time>2026-07-31T10:00:07Z</time></trkpt><trkpt lat="45.52576" lon="25.269458"><ele>1002.7</ele><time>2026-07-31T10:00:11Z</time></trkpt><trkpt lat="45.52583" lon="25.269405"><ele>1003.3</ele><time>2026-07-31T10:00:16Z</time></trkpt><trkpt lat="45.525905" lon="25.26935"><ele>1003.9</ele><time>2026-07-31T10:00:21Z</time></trkpt><trkpt lat="45.525982" lon="25.269283"><ele>1004.7</ele><time>2026-07-31T10:00:26Z</time></trkpt><trkpt lat="45.526052" lon="25.269253"><ele>1005.4</ele><time>2026-07-31T10:00:30Z</time></trkpt><trkpt lat="45.526123" lon="25.269213"><ele>1006.0</ele><time>2026-07-31T10:00:34Z</time></trkpt><trkpt lat="45.526192" lon="25.269173"><ele>1006.4</ele><time>2026-07-31T10:00:38Z</time></trkpt><trkpt lat="45.52627" lon="25.269138"><ele>1007.1</ele><time>2026-07-31T10:00:43Z</time></trkpt><trkpt lat="45.526353" lon="25.269112"><ele>1008.0</ele><time>2026-07-31T10:00:48Z</time></trkpt><trkpt lat="45.52641" lon="25.269038"><ele>1008.8</ele><time>2026-07-31T10:00:52Z</time></trkpt><trkpt lat="45.526452" lon="25.268955"><ele>1009.4</ele><time>2026-07-31T10:00:56Z</time></trkpt><trkpt lat="45.526482" lon="25.268847"><ele>1010.0</ele><time>2026-07-31T10:01:00Z</time></trkpt><trkpt lat="45.526543" lon="25.268762"><ele>1011.0</ele><time>2026-07-31T10:01:05Z</time></trkpt><trkpt lat="45.526577" lon="25.268647"><ele>1012.1</ele><time>2026-07-31T10:01:10Z</time></trkpt><trkpt lat="45.526635" lon="25.268573"><ele>1012.9</ele><time>2026-07-31T10:01:14Z</time></trkpt><trkpt lat="45.526678" lon="25.268477"><ele>1013.9</ele><time>2026-07-31T10:01:19Z</time></trkpt><trkpt lat="45.526738" lon="25.268398"><ele>1015.0</ele><time>2026-07-31T10:01:24Z</time></trkpt><trkpt lat="45.526767" lon="25.268288"><ele>1016.2</ele><time>2026-07-31T10:01:31Z</time></trkpt><trkpt lat="45.526835" lon="25.268197"><ele>1017.3</ele><time>2026-07-31T10:01:37Z</time></trkpt><trkpt lat="45.526912" lon="25.26816"><ele>1018.3</ele><time>2026-07-31T10:01:44Z</time></trkpt><trkpt lat="45.526988" lon="25.268133"><ele>1018.9</ele><time>2026-07-31T10:01:49Z</time></trkpt><trkpt lat="45.527082" lon="25.268112"><ele>1019.6</ele><time>2026-07-31T10:01:54Z</time></trkpt><trkpt lat="45.527157" lon="25.268092"><ele>1020.3</ele><time>2026-07-31T10:01:58Z</time></trkpt><trkpt lat="45.527227" lon="25.26801"><ele>1020.9</ele><time>2026-07-31T10:02:03Z</time></trkpt><trkpt lat="45.527288" lon="25.267905"><ele>1021.5</ele><time>2026-07-31T10:02:07Z</time></trkpt><trkpt lat="45.527332" lon="25.26782"><ele>1022.0</ele><time>2026-07-31T10:02:11Z</time></trkpt><trkpt lat="45.527342" lon="25.267693"><ele>1022.7</ele><time>2026-07-31T10:02:15Z</time></trkpt><trkpt lat="45.527387" lon="25.267605"><ele>1023.4</ele><time>2026-07-31T10:02:18Z</time></trkpt><trkpt lat="45.527438" lon="25.267498"><ele>1024.0</ele><time>2026-07-31T10:02:22Z</time></trkpt><trkpt lat="45.527457" lon="25.267395"><ele>1024.9</ele><time>2026-07-31T10:02:26Z</time></trkpt><trkpt lat="45.527495" lon="25.267298"><ele>1025.8</ele><time>2026-07-31T10:02:31Z</time></trkpt><trkpt lat="45.527563" lon="25.267245"><ele>1026.7</ele><time>2026-07-31T10:02:35Z</time></trkpt><trkpt lat="45.527597" lon="25.26713"><ele>1027.5</ele><time>2026-07-31T10:02:39Z</time></trkpt><trkpt lat="45.52763" lon="25.267"><ele>1028.3</ele><time>2026-07-31T10:02:43Z</time></trkpt><trkpt lat="45.527695" lon="25.266947"><ele>1029.1</ele><time>2026-07-31T10:02:47Z</time></trkpt><trkpt lat="45.52775" lon="25.266875"><ele>1030.0</ele><time>2026-07-31T10:02:53Z</time></trkpt><trkpt lat="45.527815" lon="25.266828"><ele>1031.4</ele><time>2026-07-31T10:03:01Z</time></trkpt><trkpt lat="45.527888" lon="25.266842"><ele>1032.0</ele><time>2026-07-31T10:03:05Z</time></trkpt><trkpt lat="45.52797" lon="25.266855"><ele>1032.6</ele><time>2026-07-31T10:03:09Z</time></trkpt><trkpt lat="45.528025" lon="25.266775"><ele>1032.9</ele><time>2026-07-31T10:03:12Z</time></trkpt><trkpt lat="45.528083" lon="25.266713"><ele>1033.4</ele><time>2026-07-31T10:03:15Z</time></trkpt><trkpt lat="45.528127" lon="25.266622"><ele>1034.0</ele><time>2026-07-31T10:03:18Z</time></trkpt><trkpt lat="45.528208" lon="25.266587"><ele>1034.8</ele><time>2026-07-31T10:03:23Z</time></trkpt><trkpt lat="45.528267" lon="25.266508"><ele>1035.2</ele><time>2026-07-31T10:03:27Z</time></trkpt><trkpt lat="45.528338" lon="25.266483"><ele>1035.5</ele><time>2026-07-31T10:03:31Z</time></trkpt><trkpt lat="45.528418" lon="25.266442"><ele>1036.3</ele><time>2026-07-31T10:03:35Z</time></trkpt><trkpt lat="45.528502" lon="25.266463"><ele>1037.6</ele><time>2026-07-31T10:03:40Z</time></trkpt><trkpt lat="45.528573" lon="25.26648"><ele>1037.9</ele><time>2026-07-31T10:03:44Z</time></trkpt><trkpt lat="45.528643" lon="25.26652"><ele>1038.4</ele><time>2026-07-31T10:03:48Z</time></trkpt><trkpt lat="45.528728" lon="25.266567"><ele>1039.3</ele><time>2026-07-31T10:03:53Z</time></trkpt><trkpt lat="45.528797" lon="25.2666"><ele>1040.0</ele><time>2026-07-31T10:03:57Z</time></trkpt><trkpt lat="45.528865" lon="25.266658"><ele>1041.0</ele><time>2026-07-31T10:04:03Z</time></trkpt><trkpt lat="45.52895" lon="25.266718"><ele>1041.7</ele><time>2026-07-31T10:04:08Z</time></trkpt><trkpt lat="45.52902" lon="25.266765"><ele>1042.7</ele><time>2026-07-31T10:04:13Z</time></trkpt><trkpt lat="45.5291" lon="25.266778"><ele>1043.6</ele><time>2026-07-31T10:04:17Z</time></trkpt><trkpt lat="45.529178" lon="25.2668"><ele>1044.2</ele><time>2026-07-31T10:04:22Z</time></trkpt><trkpt lat="45.529255" lon="25.266828"><ele>1044.8</ele><time>2026-07-31T10:04:26Z</time></trkpt><trkpt lat="45.529333" lon="25.266825"><ele>1046.1</ele><time>2026-07-31T10:04:33Z</time></trkpt><trkpt lat="45.529392" lon="25.266728"><ele>1046.8</ele><time>2026-07-31T10:04:37Z</time></trkpt><trkpt lat="45.529458" lon="25.266795"><ele>1047.6</ele><time>2026-07-31T10:04:42Z</time></trkpt><trkpt lat="45.52953" lon="25.266713"><ele>1048.0</ele><time>2026-07-31T10:04:45Z</time></trkpt><trkpt lat="45.5296" lon="25.26667"><ele>1048.5</ele><time>2026-07-31T10:04:48Z</time></trkpt><trkpt lat="45.529638" lon="25.26653"><ele>1048.9</ele><time>2026-07-31T10:04:50Z</time></trkpt><trkpt lat="45.52967" lon="25.26671"><ele>1049.4</ele><time>2026-07-31T10:04:52Z</time></trkpt><trkpt lat="45.529695" lon="25.266867"><ele>1049.9</ele><time>2026-07-31T10:04:54Z</time></trkpt><trkpt lat="45.529733" lon="25.266998"><ele>1050.5</ele><time>2026-07-31T10:04:57Z</time></trkpt><trkpt lat="45.52977" lon="25.267125"><ele>1051.5</ele><time>2026-07-31T10:05:01Z</time></trkpt><trkpt lat="45.529822" lon="25.267"><ele>1052.5</ele><time>2026-07-31T10:05:06Z</time></trkpt><trkpt lat="45.529893" lon="25.266935"><ele>1053.6</ele><time>2026-07-31T10:05:11Z</time></trkpt><trkpt lat="45.529968" lon="25.267003"><ele>1054.0</ele><time>2026-07-31T10:05:14Z</time></trkpt><trkpt lat="45.530073" lon="25.26702"><ele>1055.3</ele><time>2026-07-31T10:05:20Z</time></trkpt><trkpt lat="45.530128" lon="25.266948"><ele>1056.0</ele><time>2026-07-31T10:05:24Z</time></trkpt><trkpt lat="45.530202" lon="25.267005"><ele>1057.6</ele><time>2026-07-31T10:05:32Z</time></trkpt><trkpt lat="45.530282" lon="25.266953"><ele>1058.7</ele><time>2026-07-31T10:05:37Z</time></trkpt><trkpt lat="45.53034" lon="25.266888"><ele>1059.4</ele><time>2026-07-31T10:05:41Z</time></trkpt><trkpt lat="45.530418" lon="25.266848"><ele>1060.0</ele><time>2026-07-31T10:05:45Z</time></trkpt><trkpt lat="45.53045" lon="25.266753"><ele>1060.5</ele><time>2026-07-31T10:05:48Z</time></trkpt><trkpt lat="45.530492" lon="25.266663"><ele>1061.4</ele><time>2026-07-31T10:05:54Z</time></trkpt><trkpt lat="45.530488" lon="25.266548"><ele>1062.0</ele><time>2026-07-31T10:05:57Z</time></trkpt><trkpt lat="45.530498" lon="25.266437"><ele>1062.6</ele><time>2026-07-31T10:06:00Z</time></trkpt><trkpt lat="45.530488" lon="25.26632"><ele>1063.4</ele><time>2026-07-31T10:06:04Z</time></trkpt><trkpt lat="45.530433" lon="25.266235"><ele>1063.8</ele><time>2026-07-31T10:06:07Z</time></trkpt><trkpt lat="45.530393" lon="25.266118"><ele>1064.2</ele><time>2026-07-31T10:06:10Z</time></trkpt><trkpt lat="45.530352" lon="25.266"><ele>1064.4</ele><time>2026-07-31T10:06:12Z</time></trkpt><trkpt lat="45.530395" lon="25.265905"><ele>1065.1</ele><time>2026-07-31T10:06:18Z</time></trkpt><trkpt lat="45.530475" lon="25.265875"><ele>1065.7</ele><time>2026-07-31T10:06:22Z</time></trkpt><trkpt lat="45.530492" lon="25.26577"><ele>1066.0</ele><time>2026-07-31T10:06:25Z</time></trkpt><trkpt lat="45.530585" lon="25.265837"><ele>1066.9</ele><time>2026-07-31T10:06:30Z</time></trkpt><trkpt lat="45.530668" lon="25.265907"><ele>1067.5</ele><time>2026-07-31T10:06:33Z</time></trkpt><trkpt lat="45.530748" lon="25.265917"><ele>1068.3</ele><time>2026-07-31T10:06:37Z</time></trkpt><trkpt lat="45.530823" lon="25.265873"><ele>1069.1</ele><time>2026-07-31T10:06:42Z</time></trkpt><trkpt lat="45.530895" lon="25.265838"><ele>1069.9</ele><time>2026-07-31T10:06:46Z</time></trkpt><trkpt lat="45.53097" lon="25.26582"><ele>1071.0</ele><time>2026-07-31T10:06:51Z</time></trkpt><trkpt lat="45.53105" lon="25.26578"><ele>1072.0</ele><time>2026-07-31T10:06:55Z</time></trkpt><trkpt lat="45.531107" lon="25.265703"><ele>1072.6</ele><time>2026-07-31T10:06:58Z</time></trkpt><trkpt lat="45.531198" lon="25.265682"><ele>1073.5</ele><time>2026-07-31T10:07:03Z</time></trkpt><trkpt lat="45.531275" lon="25.265662"><ele>1074.1</ele><time>2026-07-31T10:07:06Z</time></trkpt><trkpt lat="45.531342" lon="25.265547"><ele>1075.2</ele><time>2026-07-31T10:07:11Z</time></trkpt><trkpt lat="45.531417" lon="25.265595"><ele>1076.2</ele><time>2026-07-31T10:07:15Z</time></trkpt><trkpt lat="45.531478" lon="25.265448"><ele>1077.2</ele><time>2026-07-31T10:07:20Z</time></trkpt><trkpt lat="45.53155" lon="25.26543"><ele>1078.4</ele><time>2026-07-31T10:07:28Z</time></trkpt><trkpt lat="45.531558" lon="25.265323"><ele>1078.9</ele><time>2026-07-31T10:07:31Z</time></trkpt><trkpt lat="45.531575" lon="25.265212"><ele>1079.7</ele><time>2026-07-31T10:07:35Z</time></trkpt><trkpt lat="45.53158" lon="25.265095"><ele>1080.5</ele><time>2026-07-31T10:07:39Z</time></trkpt><trkpt lat="45.531575" lon="25.264962"><ele>1081.4</ele><time>2026-07-31T10:07:43Z</time></trkpt><trkpt lat="45.531523" lon="25.264862"><ele>1082.7</ele><time>2026-07-31T10:07:52Z</time></trkpt><trkpt lat="45.531483" lon="25.26476"><ele>1083.8</ele><time>2026-07-31T10:07:58Z</time></trkpt><trkpt lat="45.531487" lon="25.264645"><ele>1085.2</ele><time>2026-07-31T10:08:05Z</time></trkpt><trkpt lat="45.531417" lon="25.264585"><ele>1086.8</ele><time>2026-07-31T10:08:13Z</time></trkpt><trkpt lat="45.531432" lon="25.264483"><ele>1087.9</ele><time>2026-07-31T10:08:17Z</time></trkpt><trkpt lat="45.531438" lon="25.264363"><ele>1089.1</ele><time>2026-07-31T10:08:22Z</time></trkpt><trkpt lat="45.53144" lon="25.264255"><ele>1090.3</ele><time>2026-07-31T10:08:28Z</time></trkpt><trkpt lat="45.531408" lon="25.264152"><ele>1091.5</ele><time>2026-07-31T10:08:33Z</time></trkpt><trkpt lat="45.531345" lon="25.264098"><ele>1093.3</ele><time>2026-07-31T10:10:33Z</time></trkpt><trkpt lat="45.531365" lon="25.263998"><ele>1093.7</ele><time>2026-07-31T10:11:42Z</time></trkpt><trkpt lat="45.531342" lon="25.263887"><ele>1094.7</ele><time>2026-07-31T10:11:51Z</time></trkpt><trkpt lat="45.531342" lon="25.263772"><ele>1095.6</ele><time>2026-07-31T10:11:57Z</time></trkpt><trkpt lat="45.531358" lon="25.26366"><ele>1096.8</ele><time>2026-07-31T10:12:03Z</time></trkpt><trkpt lat="45.531348" lon="25.263545"><ele>1097.7</ele><time>2026-07-31T10:12:08Z</time></trkpt><trkpt lat="45.53133" lon="25.263435"><ele>1098.7</ele><time>2026-07-31T10:12:14Z</time></trkpt><trkpt lat="45.531333" lon="25.263327"><ele>1099.9</ele><time>2026-07-31T10:12:20Z</time></trkpt><trkpt lat="45.531342" lon="25.26321"><ele>1100.9</ele><time>2026-07-31T10:12:26Z</time></trkpt><trkpt lat="45.531323" lon="25.263093"><ele>1101.8</ele><time>2026-07-31T10:12:32Z</time></trkpt><trkpt lat="45.531287" lon="25.262992"><ele>1102.9</ele><time>2026-07-31T10:12:37Z</time></trkpt><trkpt lat="45.531223" lon="25.262923"><ele>1104.1</ele><time>2026-07-31T10:12:44Z</time></trkpt><trkpt lat="45.53118" lon="25.263013"><ele>1105.1</ele><time>2026-07-31T10:12:50Z</time></trkpt><trkpt lat="45.53116" lon="25.263117"><ele>1105.9</ele><time>2026-07-31T10:12:56Z</time></trkpt><trkpt lat="45.531167" lon="25.263233"><ele>1106.5</ele><time>2026-07-31T10:13:01Z</time></trkpt><trkpt lat="45.53115" lon="25.26334"><ele>1107.0</ele><time>2026-07-31T10:13:05Z</time></trkpt><trkpt lat="45.531122" lon="25.263453"><ele>1107.8</ele><time>2026-07-31T10:13:11Z</time></trkpt><trkpt lat="45.531073" lon="25.263555"><ele>1108.6</ele><time>2026-07-31T10:13:17Z</time></trkpt><trkpt lat="45.531055" lon="25.263682"><ele>1109.5</ele><time>2026-07-31T10:13:23Z</time></trkpt><trkpt lat="45.531012" lon="25.263775"><ele>1110.3</ele><time>2026-07-31T10:13:28Z</time></trkpt><trkpt lat="45.53099" lon="25.263887"><ele>1111.3</ele><time>2026-07-31T10:13:33Z</time></trkpt><trkpt lat="45.530925" lon="25.263963"><ele>1112.3</ele><time>2026-07-31T10:13:38Z</time></trkpt><trkpt lat="45.530852" lon="25.263975"><ele>1113.6</ele><time>2026-07-31T10:13:45Z</time></trkpt><trkpt lat="45.530855" lon="25.263855"><ele>1115.0</ele><time>2026-07-31T10:13:52Z</time></trkpt><trkpt lat="45.530885" lon="25.263745"><ele>1116.0</ele><time>2026-07-31T10:13:59Z</time></trkpt><trkpt lat="45.530913" lon="25.263633"><ele>1117.3</ele><time>2026-07-31T10:14:05Z</time></trkpt><trkpt lat="45.53095" lon="25.263533"><ele>1118.7</ele><time>2026-07-31T10:14:11Z</time></trkpt><trkpt lat="45.531003" lon="25.263443"><ele>1119.7</ele><time>2026-07-31T10:14:17Z</time></trkpt><trkpt lat="45.531037" lon="25.263348"><ele>1120.7</ele><time>2026-07-31T10:14:21Z</time></trkpt><trkpt lat="45.53102" lon="25.263245"><ele>1121.7</ele><time>2026-07-31T10:14:26Z</time></trkpt><trkpt lat="45.530985" lon="25.263155"><ele>1122.8</ele><time>2026-07-31T10:14:33Z</time></trkpt><trkpt lat="45.530922" lon="25.26309"><ele>1124.0</ele><time>2026-07-31T10:14:39Z</time></trkpt><trkpt lat="45.530885" lon="25.262992"><ele>1125.2</ele><time>2026-07-31T10:14:45Z</time></trkpt><trkpt lat="45.530872" lon="25.262887"><ele>1126.2</ele><time>2026-07-31T10:14:51Z</time></trkpt><trkpt lat="45.530855" lon="25.262777"><ele>1127.2</ele><time>2026-07-31T10:14:56Z</time></trkpt><trkpt lat="45.530867" lon="25.262655"><ele>1128.3</ele><time>2026-07-31T10:15:02Z</time></trkpt><trkpt lat="45.53091" lon="25.262553"><ele>1129.3</ele><time>2026-07-31T10:15:10Z</time></trkpt><trkpt lat="45.530937" lon="25.262458"><ele>1130.4</ele><time>2026-07-31T10:15:16Z</time></trkpt><trkpt lat="45.530902" lon="25.262358"><ele>1131.6</ele><time>2026-07-31T10:15:22Z</time></trkpt><trkpt lat="45.530852" lon="25.262268"><ele>1132.4</ele><time>2026-07-31T10:15:28Z</time></trkpt><trkpt lat="45.530785" lon="25.262213"><ele>1133.6</ele><time>2026-07-31T10:15:34Z</time></trkpt><trkpt lat="45.530715" lon="25.26216"><ele>1134.9</ele><time>2026-07-31T10:15:40Z</time></trkpt><trkpt lat="45.530652" lon="25.262105"><ele>1135.9</ele><time>2026-07-31T10:15:45Z</time></trkpt><trkpt lat="45.530585" lon="25.26204"><ele>1137.1</ele><time>2026-07-31T10:15:51Z</time></trkpt><trkpt lat="45.530525" lon="25.261967"><ele>1138.4</ele><time>2026-07-31T10:15:57Z</time></trkpt><trkpt lat="45.530507" lon="25.261865"><ele>1139.3</ele><time>2026-07-31T10:16:02Z</time></trkpt><trkpt lat="45.53049" lon="25.26176"><ele>1140.3</ele><time>2026-07-31T10:16:08Z</time></trkpt><trkpt lat="45.530492" lon="25.261642"><ele>1141.7</ele><time>2026-07-31T10:16:13Z</time></trkpt><trkpt lat="45.530442" lon="25.261547"><ele>1142.5</ele><time>2026-07-31T10:16:18Z</time></trkpt><trkpt lat="45.530375" lon="25.261503"><ele>1143.5</ele><time>2026-07-31T10:16:23Z</time></trkpt><trkpt lat="45.53029" lon="25.26148"><ele>1144.7</ele><time>2026-07-31T10:16:29Z</time></trkpt><trkpt lat="45.53021" lon="25.261417"><ele>1145.8</ele><time>2026-07-31T10:16:34Z</time></trkpt><trkpt lat="45.53021" lon="25.261285"><ele>1147.1</ele><time>2026-07-31T10:16:39Z</time></trkpt><trkpt lat="45.530263" lon="25.261203"><ele>1147.8</ele><time>2026-07-31T10:16:43Z</time></trkpt><trkpt lat="45.530305" lon="25.26111"><ele>1148.9</ele><time>2026-07-31T10:16:49Z</time></trkpt><trkpt lat="45.530365" lon="25.26103"><ele>1150.2</ele><time>2026-07-31T10:16:57Z</time></trkpt><trkpt lat="45.53038" lon="25.2609"><ele>1151.5</ele><time>2026-07-31T10:17:04Z</time></trkpt><trkpt lat="45.530352" lon="25.26079"><ele>1152.3</ele><time>2026-07-31T10:17:10Z</time></trkpt><trkpt lat="45.530352" lon="25.260682"><ele>1153.4</ele><time>2026-07-31T10:17:15Z</time></trkpt><trkpt lat="45.530343" lon="25.260577"><ele>1154.4</ele><time>2026-07-31T10:17:20Z</time></trkpt><trkpt lat="45.530347" lon="25.260462"><ele>1155.3</ele><time>2026-07-31T10:17:26Z</time></trkpt><trkpt lat="45.530332" lon="25.260342"><ele>1156.5</ele><time>2026-07-31T10:17:32Z</time></trkpt><trkpt lat="45.530337" lon="25.260225"><ele>1157.6</ele><time>2026-07-31T10:17:38Z</time></trkpt><trkpt lat="45.530313" lon="25.260125"><ele>1158.7</ele><time>2026-07-31T10:17:45Z</time></trkpt><trkpt lat="45.530298" lon="25.260008"><ele>1160.0</ele><time>2026-07-31T10:17:51Z</time></trkpt><trkpt lat="45.530307" lon="25.25989"><ele>1161.0</ele><time>2026-07-31T10:17:56Z</time></trkpt><trkpt lat="45.530323" lon="25.259785"><ele>1161.7</ele><time>2026-07-31T10:18:01Z</time></trkpt><trkpt lat="45.53031" lon="25.259663"><ele>1163.0</ele><time>2026-07-31T10:18:07Z</time></trkpt><trkpt lat="45.530322" lon="25.259545"><ele>1163.8</ele><time>2026-07-31T10:18:13Z</time></trkpt><trkpt lat="45.530352" lon="25.259433"><ele>1164.6</ele><time>2026-07-31T10:18:19Z</time></trkpt><trkpt lat="45.530382" lon="25.259337"><ele>1165.3</ele><time>2026-07-31T10:18:24Z</time></trkpt><trkpt lat="45.53044" lon="25.259255"><ele>1166.1</ele><time>2026-07-31T10:18:29Z</time></trkpt><trkpt lat="45.530503" lon="25.259172"><ele>1166.5</ele><time>2026-07-31T10:18:33Z</time></trkpt><trkpt lat="45.53056" lon="25.259093"><ele>1167.1</ele><time>2026-07-31T10:18:39Z</time></trkpt><trkpt lat="45.5306" lon="25.259002"><ele>1167.6</ele><time>2026-07-31T10:18:44Z</time></trkpt><trkpt lat="45.530677" lon="25.258958"><ele>1167.8</ele><time>2026-07-31T10:18:50Z</time></trkpt><trkpt lat="45.53075" lon="25.258905"><ele>1168.0</ele><time>2026-07-31T10:18:55Z</time></trkpt><trkpt lat="45.53082" lon="25.258847"><ele>1168.2</ele><time>2026-07-31T10:19:00Z</time></trkpt><trkpt lat="45.530878" lon="25.258765"><ele>1168.5</ele><time>2026-07-31T10:19:04Z</time></trkpt><trkpt lat="45.53093" lon="25.258663"><ele>1168.6</ele><time>2026-07-31T10:19:08Z</time></trkpt><trkpt lat="45.530988" lon="25.258597"><ele>1168.7</ele><time>2026-07-31T10:19:13Z</time></trkpt><trkpt lat="45.531035" lon="25.258502"><ele>1168.8</ele><time>2026-07-31T10:19:18Z</time></trkpt><trkpt lat="45.531092" lon="25.258402"><ele>1169.1</ele><time>2026-07-31T10:19:23Z</time></trkpt><trkpt lat="45.531147" lon="25.25833"><ele>1169.5</ele><time>2026-07-31T10:19:27Z</time></trkpt><trkpt lat="45.53119" lon="25.258223"><ele>1169.8</ele><time>2026-07-31T10:19:32Z</time></trkpt><trkpt lat="45.53124" lon="25.258135"><ele>1170.2</ele><time>2026-07-31T10:19:37Z</time></trkpt><trkpt lat="45.531305" lon="25.258063"><ele>1170.7</ele><time>2026-07-31T10:19:42Z</time></trkpt><trkpt lat="45.531362" lon="25.257998"><ele>1171.1</ele><time>2026-07-31T10:19:47Z</time></trkpt><trkpt lat="45.531418" lon="25.257933"><ele>1171.7</ele><time>2026-07-31T10:19:52Z</time></trkpt><trkpt lat="45.531478" lon="25.25786"><ele>1172.5</ele><time>2026-07-31T10:19:57Z</time></trkpt><trkpt lat="45.531528" lon="25.257757"><ele>1173.2</ele><time>2026-07-31T10:20:03Z</time></trkpt><trkpt lat="45.531562" lon="25.257652"><ele>1173.9</ele><time>2026-07-31T10:20:08Z</time></trkpt><trkpt lat="45.53158" lon="25.25754"><ele>1174.3</ele><time>2026-07-31T10:20:11Z</time></trkpt><trkpt lat="45.531572" lon="25.257422"><ele>1174.6</ele><time>2026-07-31T10:20:14Z</time></trkpt><trkpt lat="45.531582" lon="25.257317"><ele>1175.0</ele><time>2026-07-31T10:20:18Z</time></trkpt><trkpt lat="45.531525" lon="25.257232"><ele>1175.9</ele><time>2026-07-31T10:20:47Z</time></trkpt><trkpt lat="45.531592" lon="25.257277"><ele>1175.8</ele><time>2026-07-31T10:20:55Z</time></trkpt><trkpt lat="45.531642" lon="25.257362"><ele>1175.8</ele><time>2026-07-31T10:21:01Z</time></trkpt><trkpt lat="45.531595" lon="25.257278"><ele>1175.8</ele><time>2026-07-31T10:22:41Z</time></trkpt><trkpt lat="45.5317" lon="25.257298"><ele>1176.1</ele><time>2026-07-31T10:22:53Z</time></trkpt><trkpt lat="45.531625" lon="25.25729"><ele>1176.3</ele><time>2026-07-31T10:23:00Z</time></trkpt><trkpt lat="45.531622" lon="25.257188"><ele>1176.3</ele><time>2026-07-31T10:23:09Z</time></trkpt><trkpt lat="45.53171" lon="25.257072"><ele>1176.1</ele><time>2026-07-31T10:24:12Z</time></trkpt><trkpt lat="45.531602" lon="25.257108"><ele>1176.0</ele><time>2026-07-31T10:24:31Z</time></trkpt><trkpt lat="45.531563" lon="25.257203"><ele>1176.0</ele><time>2026-07-31T10:24:45Z</time></trkpt><trkpt lat="45.531508" lon="25.257273"><ele>1176.1</ele><time>2026-07-31T10:24:50Z</time></trkpt><trkpt lat="45.53145" lon="25.257352"><ele>1176.8</ele><time>2026-07-31T10:24:54Z</time></trkpt><trkpt lat="45.531423" lon="25.257453"><ele>1177.4</ele><time>2026-07-31T10:25:00Z</time></trkpt><trkpt lat="45.531378" lon="25.257537"><ele>1178.1</ele><time>2026-07-31T10:25:05Z</time></trkpt><trkpt lat="45.531328" lon="25.25765"><ele>1178.7</ele><time>2026-07-31T10:25:10Z</time></trkpt><trkpt lat="45.531267" lon="25.257723"><ele>1179.1</ele><time>2026-07-31T10:25:14Z</time></trkpt><trkpt lat="45.531197" lon="25.257765"><ele>1179.3</ele><time>2026-07-31T10:25:18Z</time></trkpt><trkpt lat="45.531175" lon="25.257877"><ele>1179.8</ele><time>2026-07-31T10:25:22Z</time></trkpt><trkpt lat="45.531113" lon="25.257943"><ele>1180.2</ele><time>2026-07-31T10:25:26Z</time></trkpt><trkpt lat="45.531022" lon="25.258007"><ele>1180.7</ele><time>2026-07-31T10:25:29Z</time></trkpt><trkpt lat="45.53101" lon="25.258117"><ele>1181.1</ele><time>2026-07-31T10:25:35Z</time></trkpt><trkpt lat="45.530955" lon="25.258203"><ele>1181.2</ele><time>2026-07-31T10:25:40Z</time></trkpt><trkpt lat="45.530877" lon="25.258268"><ele>1181.3</ele><time>2026-07-31T10:25:45Z</time></trkpt><trkpt lat="45.530892" lon="25.258387"><ele>1181.5</ele><time>2026-07-31T10:25:49Z</time></trkpt><trkpt lat="45.530837" lon="25.258473"><ele>1182.2</ele><time>2026-07-31T10:25:56Z</time></trkpt><trkpt lat="45.530765" lon="25.25852"><ele>1182.8</ele><time>2026-07-31T10:26:02Z</time></trkpt><trkpt lat="45.530698" lon="25.258588"><ele>1183.4</ele><time>2026-07-31T10:26:07Z</time></trkpt><trkpt lat="45.53062" lon="25.258647"><ele>1183.7</ele><time>2026-07-31T10:26:11Z</time></trkpt><trkpt lat="45.530548" lon="25.258667"><ele>1183.8</ele><time>2026-07-31T10:26:14Z</time></trkpt><trkpt lat="45.530512" lon="25.258805"><ele>1184.4</ele><time>2026-07-31T10:26:21Z</time></trkpt><trkpt lat="45.530485" lon="25.258907"><ele>1184.6</ele><time>2026-07-31T10:26:23Z</time></trkpt><trkpt lat="45.530408" lon="25.25891"><ele>1184.8</ele><time>2026-07-31T10:26:28Z</time></trkpt><trkpt lat="45.530367" lon="25.259077"><ele>1184.9</ele><time>2026-07-31T10:26:32Z</time></trkpt><trkpt lat="45.530342" lon="25.259187"><ele>1185.1</ele><time>2026-07-31T10:26:35Z</time></trkpt><trkpt lat="45.530413" lon="25.259272"><ele>1185.6</ele><time>2026-07-31T10:26:43Z</time></trkpt><trkpt lat="45.53031" lon="25.259278"><ele>1185.7</ele><time>2026-07-31T10:26:44Z</time></trkpt><trkpt lat="45.530233" lon="25.259288"><ele>1185.7</ele><time>2026-07-31T10:26:45Z</time></trkpt><trkpt lat="45.530158" lon="25.25933"><ele>1186.1</ele><time>2026-07-31T10:26:48Z</time></trkpt><trkpt lat="45.530082" lon="25.259415"><ele>1186.6</ele><time>2026-07-31T10:26:52Z</time></trkpt><trkpt lat="45.530023" lon="25.259478"><ele>1187.0</ele><time>2026-07-31T10:26:55Z</time></trkpt><trkpt lat="45.530022" lon="25.25958"><ele>1187.6</ele><time>2026-07-31T10:26:59Z</time></trkpt><trkpt lat="45.529987" lon="25.259688"><ele>1188.1</ele><time>2026-07-31T10:27:03Z</time></trkpt><trkpt lat="45.529968" lon="25.259793"><ele>1188.6</ele><time>2026-07-31T10:27:07Z</time></trkpt><trkpt lat="45.52996" lon="25.259917"><ele>1189.5</ele><time>2026-07-31T10:27:12Z</time></trkpt><trkpt lat="45.52994" lon="25.26002"><ele>1190.2</ele><time>2026-07-31T10:27:16Z</time></trkpt><trkpt lat="45.529912" lon="25.260118"><ele>1190.9</ele><time>2026-07-31T10:27:21Z</time></trkpt><trkpt lat="45.52988" lon="25.260225"><ele>1191.3</ele><time>2026-07-31T10:27:24Z</time></trkpt><trkpt lat="45.529842" lon="25.260345"><ele>1192.0</ele><time>2026-07-31T10:27:29Z</time></trkpt><trkpt lat="45.52977" lon="25.260397"><ele>1192.6</ele><time>2026-07-31T10:27:32Z</time></trkpt><trkpt lat="45.529707" lon="25.260483"><ele>1193.3</ele><time>2026-07-31T10:27:36Z</time></trkpt><trkpt lat="45.529632" lon="25.260555"><ele>1193.6</ele><time>2026-07-31T10:27:39Z</time></trkpt><trkpt lat="45.52959" lon="25.260643"><ele>1194.2</ele><time>2026-07-31T10:27:44Z</time></trkpt><trkpt lat="45.529558" lon="25.260738"><ele>1194.6</ele><time>2026-07-31T10:27:47Z</time></trkpt><trkpt lat="45.529497" lon="25.260845"><ele>1195.1</ele><time>2026-07-31T10:27:52Z</time></trkpt><trkpt lat="45.529473" lon="25.260962"><ele>1195.4</ele><time>2026-07-31T10:27:56Z</time></trkpt><trkpt lat="45.529392" lon="25.261018"><ele>1196.0</ele><time>2026-07-31T10:27:59Z</time></trkpt><trkpt lat="45.529302" lon="25.261032"><ele>1196.4</ele><time>2026-07-31T10:28:01Z</time></trkpt><trkpt lat="45.529212" lon="25.26105"><ele>1197.2</ele><time>2026-07-31T10:28:06Z</time></trkpt><trkpt lat="45.52912" lon="25.261032"><ele>1197.6</ele><time>2026-07-31T10:28:10Z</time></trkpt><trkpt lat="45.52907" lon="25.260905"><ele>1197.9</ele><time>2026-07-31T10:28:16Z</time></trkpt><trkpt lat="45.52906" lon="25.260777"><ele>1197.8</ele><time>2026-07-31T10:28:19Z</time></trkpt><trkpt lat="45.529015" lon="25.26065"><ele>1197.4</ele><time>2026-07-31T10:28:23Z</time></trkpt><trkpt lat="45.528983" lon="25.260533"><ele>1197.1</ele><time>2026-07-31T10:28:27Z</time></trkpt><trkpt lat="45.528982" lon="25.26042"><ele>1196.9</ele><time>2026-07-31T10:28:31Z</time></trkpt><trkpt lat="45.528982" lon="25.260292"><ele>1196.8</ele><time>2026-07-31T10:28:34Z</time></trkpt><trkpt lat="45.528897" lon="25.260172"><ele>1196.7</ele><time>2026-07-31T10:28:36Z</time></trkpt><trkpt lat="45.528875" lon="25.260053"><ele>1196.4</ele><time>2026-07-31T10:28:39Z</time></trkpt><trkpt lat="45.528823" lon="25.259928"><ele>1196.1</ele><time>2026-07-31T10:28:42Z</time></trkpt><trkpt lat="45.528768" lon="25.259838"><ele>1195.7</ele><time>2026-07-31T10:28:44Z</time></trkpt><trkpt lat="45.528757" lon="25.259683"><ele>1195.2</ele><time>2026-07-31T10:28:46Z</time></trkpt><trkpt lat="45.528713" lon="25.259552"><ele>1194.9</ele><time>2026-07-31T10:28:48Z</time></trkpt><trkpt lat="45.528667" lon="25.259398"><ele>1194.1</ele><time>2026-07-31T10:28:50Z</time></trkpt><trkpt lat="45.528605" lon="25.259238"><ele>1193.4</ele><time>2026-07-31T10:28:52Z</time></trkpt><trkpt lat="45.528543" lon="25.259082"><ele>1192.9</ele><time>2026-07-31T10:28:54Z</time></trkpt><trkpt lat="45.528488" lon="25.25894"><ele>1192.4</ele><time>2026-07-31T10:28:56Z</time></trkpt><trkpt lat="45.528443" lon="25.258777"><ele>1192.0</ele><time>2026-07-31T10:28:58Z</time></trkpt><trkpt lat="45.528395" lon="25.258643"><ele>1191.6</ele><time>2026-07-31T10:29:00Z</time></trkpt><trkpt lat="45.528342" lon="25.2585"><ele>1191.0</ele><time>2026-07-31T10:29:02Z</time></trkpt><trkpt lat="45.528277" lon="25.258408"><ele>1190.8</ele><time>2026-07-31T10:29:04Z</time></trkpt><trkpt lat="45.528212" lon="25.258308"><ele>1190.2</ele><time>2026-07-31T10:29:06Z</time></trkpt><trkpt lat="45.52814" lon="25.258147"><ele>1189.7</ele><time>2026-07-31T10:29:08Z</time></trkpt><trkpt lat="45.528075" lon="25.257963"><ele>1189.1</ele><time>2026-07-31T10:29:10Z</time></trkpt><trkpt lat="45.527985" lon="25.25787"><ele>1188.4</ele><time>2026-07-31T10:29:12Z</time></trkpt><trkpt lat="45.5279" lon="25.257768"><ele>1187.5</ele><time>2026-07-31T10:29:14Z</time></trkpt><trkpt lat="45.527818" lon="25.257637"><ele>1186.5</ele><time>2026-07-31T10:29:16Z</time></trkpt><trkpt lat="45.527737" lon="25.257557"><ele>1185.7</ele><time>2026-07-31T10:29:18Z</time></trkpt><trkpt lat="45.52766" lon="25.257518"><ele>1185.0</ele><time>2026-07-31T10:29:20Z</time></trkpt><trkpt lat="45.527595" lon="25.257445"><ele>1184.7</ele><time>2026-07-31T10:29:22Z</time></trkpt><trkpt lat="45.527563" lon="25.257543"><ele>1183.4</ele><time>2026-07-31T10:29:42Z</time></trkpt><trkpt lat="45.527497" lon="25.257443"><ele>1183.3</ele><time>2026-07-31T10:29:49Z</time></trkpt><trkpt lat="45.527447" lon="25.257337"><ele>1182.7</ele><time>2026-07-31T10:29:53Z</time></trkpt><trkpt lat="45.527393" lon="25.257263"><ele>1182.3</ele><time>2026-07-31T10:29:55Z</time></trkpt><trkpt lat="45.527347" lon="25.257162"><ele>1182.1</ele><time>2026-07-31T10:29:57Z</time></trkpt><trkpt lat="45.527278" lon="25.257057"><ele>1181.5</ele><time>2026-07-31T10:29:59Z</time></trkpt><trkpt lat="45.5272" lon="25.256937"><ele>1180.9</ele><time>2026-07-31T10:30:01Z</time></trkpt><trkpt lat="45.52712" lon="25.25683"><ele>1180.2</ele><time>2026-07-31T10:30:03Z</time></trkpt><trkpt lat="45.527048" lon="25.256718"><ele>1179.7</ele><time>2026-07-31T10:30:05Z</time></trkpt><trkpt lat="45.526977" lon="25.256598"><ele>1179.1</ele><time>2026-07-31T10:30:07Z</time></trkpt><trkpt lat="45.526902" lon="25.256497"><ele>1178.6</ele><time>2026-07-31T10:30:09Z</time></trkpt><trkpt lat="45.526848" lon="25.256407"><ele>1178.1</ele><time>2026-07-31T10:30:11Z</time></trkpt><trkpt lat="45.526835" lon="25.256278"><ele>1178.0</ele><time>2026-07-31T10:30:13Z</time></trkpt><trkpt lat="45.526767" lon="25.256183"><ele>1178.1</ele><time>2026-07-31T10:30:16Z</time></trkpt><trkpt lat="45.526713" lon="25.256095"><ele>1178.3</ele><time>2026-07-31T10:30:19Z</time></trkpt><trkpt lat="45.526673" lon="25.256005"><ele>1178.5</ele><time>2026-07-31T10:30:22Z</time></trkpt><trkpt lat="45.526643" lon="25.255893"><ele>1178.7</ele><time>2026-07-31T10:30:25Z</time></trkpt><trkpt lat="45.52658" lon="25.255795"><ele>1179.1</ele><time>2026-07-31T10:30:29Z</time></trkpt><trkpt lat="45.526525" lon="25.255727"><ele>1179.5</ele><time>2026-07-31T10:30:32Z</time></trkpt><trkpt lat="45.526465" lon="25.25565"><ele>1180.2</ele><time>2026-07-31T10:30:36Z</time></trkpt><trkpt lat="45.526405" lon="25.255558"><ele>1180.9</ele><time>2026-07-31T10:30:40Z</time></trkpt><trkpt lat="45.526365" lon="25.255455"><ele>1181.6</ele><time>2026-07-31T10:30:44Z</time></trkpt><trkpt lat="45.52631" lon="25.255347"><ele>1182.4</ele><time>2026-07-31T10:30:50Z</time></trkpt><trkpt lat="45.526258" lon="25.255262"><ele>1183.1</ele><time>2026-07-31T10:30:54Z</time></trkpt><trkpt lat="45.526205" lon="25.255162"><ele>1184.0</ele><time>2026-07-31T10:30:59Z</time></trkpt><trkpt lat="45.526177" lon="25.255055"><ele>1184.8</ele><time>2026-07-31T10:31:03Z</time></trkpt><trkpt lat="45.526137" lon="25.254957"><ele>1185.6</ele><time>2026-07-31T10:31:08Z</time></trkpt><trkpt lat="45.526097" lon="25.254872"><ele>1186.7</ele><time>2026-07-31T10:31:13Z</time></trkpt><trkpt lat="45.526073" lon="25.254758"><ele>1187.9</ele><time>2026-07-31T10:31:19Z</time></trkpt><trkpt lat="45.526073" lon="25.25464"><ele>1188.9</ele><time>2026-07-31T10:31:24Z</time></trkpt><trkpt lat="45.526062" lon="25.254535"><ele>1189.7</ele><time>2026-07-31T10:31:29Z</time></trkpt><trkpt lat="45.526075" lon="25.254433"><ele>1190.7</ele><time>2026-07-31T10:31:34Z</time></trkpt><trkpt lat="45.526088" lon="25.25432"><ele>1191.9</ele><time>2026-07-31T10:31:40Z</time></trkpt><trkpt lat="45.526118" lon="25.25422"><ele>1192.4</ele><time>2026-07-31T10:31:44Z</time></trkpt><trkpt lat="45.526125" lon="25.254108"><ele>1193.4</ele><time>2026-07-31T10:31:49Z</time></trkpt><trkpt lat="45.526122" lon="25.253995"><ele>1194.8</ele><time>2026-07-31T10:31:55Z</time></trkpt><trkpt lat="45.526158" lon="25.25389"><ele>1195.7</ele><time>2026-07-31T10:32:01Z</time></trkpt><trkpt lat="45.526208" lon="25.253805"><ele>1196.7</ele><time>2026-07-31T10:32:06Z</time></trkpt><trkpt lat="45.526265" lon="25.253705"><ele>1198.2</ele><time>2026-07-31T10:32:14Z</time></trkpt><trkpt lat="45.526285" lon="25.253598"><ele>1199.5</ele><time>2026-07-31T10:32:22Z</time></trkpt><trkpt lat="45.526328" lon="25.253507"><ele>1200.8</ele><time>2026-07-31T10:32:29Z</time></trkpt><trkpt lat="45.526365" lon="25.253415"><ele>1201.9</ele><time>2026-07-31T10:32:35Z</time></trkpt><trkpt lat="45.526383" lon="25.253308"><ele>1203.5</ele><time>2026-07-31T10:32:42Z</time></trkpt><trkpt lat="45.526375" lon="25.253203"><ele>1204.4</ele><time>2026-07-31T10:32:46Z</time></trkpt><trkpt lat="45.5264" lon="25.253092"><ele>1205.4</ele><time>2026-07-31T10:32:52Z</time></trkpt><trkpt lat="45.526403" lon="25.252985"><ele>1206.5</ele><time>2026-07-31T10:32:59Z</time></trkpt><trkpt lat="45.526443" lon="25.252888"><ele>1207.3</ele><time>2026-07-31T10:33:03Z</time></trkpt><trkpt lat="45.526437" lon="25.252782"><ele>1208.2</ele><time>2026-07-31T10:33:08Z</time></trkpt><trkpt lat="45.526403" lon="25.252685"><ele>1208.6</ele><time>2026-07-31T10:33:13Z</time></trkpt><trkpt lat="45.526393" lon="25.252788"><ele>1208.9</ele><time>2026-07-31T10:33:18Z</time></trkpt><trkpt lat="45.526467" lon="25.252802"><ele>1209.1</ele><time>2026-07-31T10:33:32Z</time></trkpt><trkpt lat="45.52644" lon="25.252705"><ele>1208.7</ele><time>2026-07-31T10:33:38Z</time></trkpt><trkpt lat="45.526515" lon="25.252713"><ele>1208.7</ele><time>2026-07-31T10:34:01Z</time></trkpt><trkpt lat="45.526497" lon="25.252815"><ele>1209.0</ele><time>2026-07-31T10:34:12Z</time></trkpt><trkpt lat="45.526533" lon="25.252708"><ele>1208.9</ele><time>2026-07-31T10:34:32Z</time></trkpt><trkpt lat="45.526473" lon="25.252787"><ele>1209.0</ele><time>2026-07-31T10:34:35Z</time></trkpt><trkpt lat="45.526402" lon="25.252745"><ele>1208.7</ele><time>2026-07-31T10:34:42Z</time></trkpt><trkpt lat="45.526328" lon="25.252723"><ele>1209.0</ele><time>2026-07-31T10:36:17Z</time></trkpt><trkpt lat="45.526412" lon="25.2527"><ele>1209.4</ele><time>2026-07-31T10:36:53Z</time></trkpt><trkpt lat="45.5265" lon="25.252687"><ele>1210.1</ele><time>2026-07-31T10:36:59Z</time></trkpt><trkpt lat="45.526578" lon="25.252652"><ele>1210.7</ele><time>2026-07-31T10:37:04Z</time></trkpt><trkpt lat="45.526628" lon="25.25257"><ele>1211.3</ele><time>2026-07-31T10:37:08Z</time></trkpt><trkpt lat="45.52668" lon="25.252472"><ele>1211.8</ele><time>2026-07-31T10:37:13Z</time></trkpt><trkpt lat="45.526748" lon="25.252407"><ele>1212.5</ele><time>2026-07-31T10:37:18Z</time></trkpt><trkpt lat="45.526802" lon="25.252333"><ele>1213.1</ele><time>2026-07-31T10:37:23Z</time></trkpt><trkpt lat="45.526838" lon="25.252237"><ele>1213.7</ele><time>2026-07-31T10:37:28Z</time></trkpt><trkpt lat="45.526835" lon="25.25213"><ele>1214.2</ele><time>2026-07-31T10:37:33Z</time></trkpt><trkpt lat="45.526792" lon="25.252033"><ele>1215.0</ele><time>2026-07-31T10:37:39Z</time></trkpt><trkpt lat="45.526728" lon="25.251957"><ele>1215.6</ele><time>2026-07-31T10:37:44Z</time></trkpt><trkpt lat="45.526685" lon="25.25186"><ele>1216.1</ele><time>2026-07-31T10:37:49Z</time></trkpt><trkpt lat="45.526648" lon="25.251745"><ele>1216.6</ele><time>2026-07-31T10:37:54Z</time></trkpt><trkpt lat="45.526608" lon="25.251647"><ele>1217.2</ele><time>2026-07-31T10:37:59Z</time></trkpt><trkpt lat="45.526558" lon="25.251567"><ele>1217.7</ele><time>2026-07-31T10:38:03Z</time></trkpt><trkpt lat="45.52652" lon="25.251448"><ele>1218.1</ele><time>2026-07-31T10:38:08Z</time></trkpt><trkpt lat="45.526498" lon="25.251335"><ele>1218.6</ele><time>2026-07-31T10:38:12Z</time></trkpt><trkpt lat="45.526475" lon="25.251233"><ele>1219.0</ele><time>2026-07-31T10:38:16Z</time></trkpt><trkpt lat="45.52647" lon="25.251118"><ele>1219.5</ele><time>2026-07-31T10:38:20Z</time></trkpt><trkpt lat="45.526467" lon="25.251008"><ele>1219.7</ele><time>2026-07-31T10:38:24Z</time></trkpt><trkpt lat="45.526442" lon="25.250908"><ele>1220.0</ele><time>2026-07-31T10:38:28Z</time></trkpt><trkpt lat="45.526442" lon="25.2508"><ele>1220.6</ele><time>2026-07-31T10:38:32Z</time></trkpt><trkpt lat="45.526455" lon="25.250672"><ele>1221.3</ele><time>2026-07-31T10:38:37Z</time></trkpt><trkpt lat="45.526493" lon="25.250577"><ele>1221.6</ele><time>2026-07-31T10:38:41Z</time></trkpt><trkpt lat="45.52653" lon="25.250475"><ele>1221.8</ele><time>2026-07-31T10:38:45Z</time></trkpt><trkpt lat="45.526568" lon="25.250383"><ele>1222.2</ele><time>2026-07-31T10:38:49Z</time></trkpt><trkpt lat="45.526607" lon="25.250287"><ele>1222.5</ele><time>2026-07-31T10:38:54Z</time></trkpt><trkpt lat="45.52663" lon="25.250172"><ele>1222.8</ele><time>2026-07-31T10:38:59Z</time></trkpt><trkpt lat="45.526725" lon="25.250115"><ele>1222.9</ele><time>2026-07-31T10:39:04Z</time></trkpt><trkpt lat="45.526718" lon="25.249968"><ele>1223.0</ele><time>2026-07-31T10:39:07Z</time></trkpt><trkpt lat="45.526757" lon="25.249883"><ele>1223.3</ele><time>2026-07-31T10:39:12Z</time></trkpt><trkpt lat="45.526778" lon="25.249753"><ele>1223.6</ele><time>2026-07-31T10:39:18Z</time></trkpt><trkpt lat="45.526778" lon="25.249628"><ele>1224.0</ele><time>2026-07-31T10:39:23Z</time></trkpt><trkpt lat="45.526797" lon="25.249512"><ele>1224.4</ele><time>2026-07-31T10:39:28Z</time></trkpt><trkpt lat="45.526852" lon="25.249413"><ele>1225.1</ele><time>2026-07-31T10:39:33Z</time></trkpt><trkpt lat="45.526912" lon="25.24932"><ele>1225.5</ele><time>2026-07-31T10:39:38Z</time></trkpt><trkpt lat="45.526983" lon="25.249275"><ele>1225.9</ele><time>2026-07-31T10:39:43Z</time></trkpt><trkpt lat="45.527043" lon="25.249215"><ele>1226.0</ele><time>2026-07-31T10:39:47Z</time></trkpt><trkpt lat="45.527095" lon="25.249122"><ele>1226.3</ele><time>2026-07-31T10:39:50Z</time></trkpt><trkpt lat="45.527153" lon="25.249028"><ele>1226.8</ele><time>2026-07-31T10:39:55Z</time></trkpt><trkpt lat="45.527193" lon="25.248942"><ele>1227.5</ele><time>2026-07-31T10:40:00Z</time></trkpt><trkpt lat="45.527257" lon="25.24887"><ele>1228.4</ele><time>2026-07-31T10:40:05Z</time></trkpt><trkpt lat="45.527295" lon="25.248767"><ele>1228.7</ele><time>2026-07-31T10:40:10Z</time></trkpt><trkpt lat="45.527308" lon="25.248652"><ele>1229.3</ele><time>2026-07-31T10:40:15Z</time></trkpt><trkpt lat="45.52733" lon="25.248507"><ele>1230.3</ele><time>2026-07-31T10:40:21Z</time></trkpt><trkpt lat="45.527338" lon="25.248385"><ele>1231.5</ele><time>2026-07-31T10:40:28Z</time></trkpt><trkpt lat="45.527365" lon="25.248287"><ele>1232.3</ele><time>2026-07-31T10:40:32Z</time></trkpt><trkpt lat="45.527385" lon="25.24817"><ele>1233.3</ele><time>2026-07-31T10:40:38Z</time></trkpt><trkpt lat="45.527385" lon="25.248065"><ele>1234.0</ele><time>2026-07-31T10:40:42Z</time></trkpt><trkpt lat="45.527398" lon="25.247953"><ele>1234.6</ele><time>2026-07-31T10:40:47Z</time></trkpt><trkpt lat="45.527423" lon="25.247855"><ele>1235.2</ele><time>2026-07-31T10:40:51Z</time></trkpt><trkpt lat="45.527448" lon="25.247743"><ele>1235.8</ele><time>2026-07-31T10:40:56Z</time></trkpt><trkpt lat="45.527435" lon="25.247632"><ele>1236.4</ele><time>2026-07-31T10:41:01Z</time></trkpt><trkpt lat="45.527393" lon="25.247537"><ele>1236.8</ele><time>2026-07-31T10:41:05Z</time></trkpt><trkpt lat="45.527345" lon="25.247448"><ele>1237.5</ele><time>2026-07-31T10:41:10Z</time></trkpt><trkpt lat="45.527295" lon="25.24735"><ele>1238.0</ele><time>2026-07-31T10:41:14Z</time></trkpt><trkpt lat="45.527243" lon="25.247232"><ele>1238.3</ele><time>2026-07-31T10:41:17Z</time></trkpt><trkpt lat="45.527198" lon="25.24713"><ele>1238.5</ele><time>2026-07-31T10:41:21Z</time></trkpt><trkpt lat="45.527142" lon="25.247025"><ele>1238.9</ele><time>2026-07-31T10:41:25Z</time></trkpt><trkpt lat="45.527088" lon="25.246952"><ele>1239.4</ele><time>2026-07-31T10:41:29Z</time></trkpt><trkpt lat="45.527048" lon="25.246865"><ele>1240.1</ele><time>2026-07-31T10:41:33Z</time></trkpt><trkpt lat="45.526992" lon="25.246775"><ele>1240.7</ele><time>2026-07-31T10:41:38Z</time></trkpt><trkpt lat="45.526962" lon="25.246677"><ele>1241.7</ele><time>2026-07-31T10:41:43Z</time></trkpt><trkpt lat="45.526947" lon="25.246553"><ele>1242.4</ele><time>2026-07-31T10:41:47Z</time></trkpt><trkpt lat="45.526948" lon="25.246423"><ele>1243.0</ele><time>2026-07-31T10:41:52Z</time></trkpt><trkpt lat="45.526908" lon="25.246307"><ele>1243.4</ele><time>2026-07-31T10:41:57Z</time></trkpt><trkpt lat="45.526848" lon="25.246238"><ele>1243.8</ele><time>2026-07-31T10:42:01Z</time></trkpt><trkpt lat="45.526795" lon="25.24617"><ele>1244.4</ele><time>2026-07-31T10:42:06Z</time></trkpt><trkpt lat="45.526753" lon="25.24607"><ele>1245.3</ele><time>2026-07-31T10:42:11Z</time></trkpt><trkpt lat="45.526745" lon="25.245965"><ele>1245.8</ele><time>2026-07-31T10:42:15Z</time></trkpt><trkpt lat="45.52674" lon="25.245832"><ele>1246.5</ele><time>2026-07-31T10:42:20Z</time></trkpt><trkpt lat="45.526735" lon="25.245713"><ele>1247.2</ele><time>2026-07-31T10:42:25Z</time></trkpt><trkpt lat="45.526735" lon="25.245593"><ele>1247.8</ele><time>2026-07-31T10:42:30Z</time></trkpt><trkpt lat="45.526718" lon="25.245477"><ele>1248.9</ele><time>2026-07-31T10:42:36Z</time></trkpt><trkpt lat="45.526702" lon="25.245352"><ele>1249.9</ele><time>2026-07-31T10:42:41Z</time></trkpt><trkpt lat="45.526662" lon="25.245248"><ele>1250.7</ele><time>2026-07-31T10:42:46Z</time></trkpt><trkpt lat="45.52665" lon="25.245128"><ele>1251.2</ele><time>2026-07-31T10:42:51Z</time></trkpt><trkpt lat="45.526628" lon="25.245027"><ele>1251.7</ele><time>2026-07-31T10:42:55Z</time></trkpt><trkpt lat="45.526605" lon="25.244905"><ele>1252.4</ele><time>2026-07-31T10:43:00Z</time></trkpt><trkpt lat="45.526593" lon="25.244795"><ele>1252.8</ele><time>2026-07-31T10:43:04Z</time></trkpt><trkpt lat="45.526578" lon="25.244692"><ele>1253.6</ele><time>2026-07-31T10:43:09Z</time></trkpt><trkpt lat="45.526552" lon="25.244577"><ele>1254.5</ele><time>2026-07-31T10:43:14Z</time></trkpt><trkpt lat="45.526535" lon="25.244477"><ele>1255.2</ele><time>2026-07-31T10:43:18Z</time></trkpt><trkpt lat="45.526532" lon="25.244372"><ele>1255.7</ele><time>2026-07-31T10:43:23Z</time></trkpt><trkpt lat="45.526538" lon="25.24427"><ele>1256.3</ele><time>2026-07-31T10:43:27Z</time></trkpt><trkpt lat="45.526533" lon="25.24414"><ele>1257.1</ele><time>2026-07-31T10:43:32Z</time></trkpt><trkpt lat="45.526518" lon="25.244033"><ele>1258.3</ele><time>2026-07-31T10:43:37Z</time></trkpt><trkpt lat="45.52649" lon="25.243912"><ele>1259.3</ele><time>2026-07-31T10:43:42Z</time></trkpt><trkpt lat="45.526463" lon="25.243793"><ele>1260.5</ele><time>2026-07-31T10:43:47Z</time></trkpt><trkpt lat="45.526452" lon="25.243675"><ele>1261.3</ele><time>2026-07-31T10:43:51Z</time></trkpt><trkpt lat="45.526437" lon="25.243565"><ele>1262.1</ele><time>2026-07-31T10:43:55Z</time></trkpt><trkpt lat="45.526452" lon="25.243445"><ele>1262.7</ele><time>2026-07-31T10:44:00Z</time></trkpt><trkpt lat="45.526503" lon="25.243347"><ele>1263.4</ele><time>2026-07-31T10:44:06Z</time></trkpt><trkpt lat="45.526532" lon="25.243238"><ele>1264.2</ele><time>2026-07-31T10:44:13Z</time></trkpt><trkpt lat="45.526532" lon="25.243133"><ele>1264.7</ele><time>2026-07-31T10:44:19Z</time></trkpt><trkpt lat="45.526517" lon="25.243022"><ele>1265.3</ele><time>2026-07-31T10:44:24Z</time></trkpt><trkpt lat="45.5265" lon="25.242907"><ele>1266.1</ele><time>2026-07-31T10:44:29Z</time></trkpt><trkpt lat="45.526497" lon="25.242793"><ele>1267.1</ele><time>2026-07-31T10:44:35Z</time></trkpt><trkpt lat="45.52648" lon="25.242673"><ele>1268.2</ele><time>2026-07-31T10:44:40Z</time></trkpt><trkpt lat="45.52645" lon="25.242565"><ele>1269.2</ele><time>2026-07-31T10:44:45Z</time></trkpt><trkpt lat="45.52641" lon="25.242467"><ele>1270.0</ele><time>2026-07-31T10:44:50Z</time></trkpt><trkpt lat="45.526367" lon="25.242365"><ele>1271.0</ele><time>2026-07-31T10:44:55Z</time></trkpt><trkpt lat="45.52633" lon="25.242272"><ele>1272.2</ele><time>2026-07-31T10:45:00Z</time></trkpt><trkpt lat="45.526297" lon="25.242177"><ele>1273.4</ele><time>2026-07-31T10:45:05Z</time></trkpt><trkpt lat="45.526257" lon="25.242078"><ele>1274.2</ele><time>2026-07-31T10:45:10Z</time></trkpt><trkpt lat="45.526242" lon="25.241962"><ele>1275.1</ele><time>2026-07-31T10:45:16Z</time></trkpt><trkpt lat="45.526197" lon="25.24187"><ele>1276.1</ele><time>2026-07-31T10:45:22Z</time></trkpt><trkpt lat="45.526178" lon="25.24175"><ele>1276.8</ele><time>2026-07-31T10:45:27Z</time></trkpt><trkpt lat="45.526177" lon="25.24164"><ele>1277.6</ele><time>2026-07-31T10:45:31Z</time></trkpt><trkpt lat="45.526178" lon="25.241532"><ele>1278.5</ele><time>2026-07-31T10:45:35Z</time></trkpt><trkpt lat="45.526197" lon="25.241427"><ele>1279.4</ele><time>2026-07-31T10:45:38Z</time></trkpt><trkpt lat="45.526222" lon="25.241302"><ele>1280.2</ele><time>2026-07-31T10:45:42Z</time></trkpt><trkpt lat="45.526253" lon="25.241178"><ele>1281.6</ele><time>2026-07-31T10:45:47Z</time></trkpt><trkpt lat="45.526277" lon="25.241078"><ele>1282.8</ele><time>2026-07-31T10:46:02Z</time></trkpt><trkpt lat="45.526288" lon="25.240935"><ele>1282.8</ele><time>2026-07-31T10:48:07Z</time></trkpt><trkpt lat="45.526215" lon="25.240893"><ele>1282.8</ele><time>2026-07-31T10:48:26Z</time></trkpt><trkpt lat="45.526237" lon="25.241002"><ele>1282.7</ele><time>2026-07-31T10:48:44Z</time></trkpt><trkpt lat="45.526268" lon="25.241093"><ele>1282.5</ele><time>2026-07-31T10:48:51Z</time></trkpt><trkpt lat="45.526375" lon="25.241057"><ele>1282.8</ele><time>2026-07-31T10:51:09Z</time></trkpt><trkpt lat="45.526302" lon="25.241053"><ele>1282.9</ele><time>2026-07-31T10:51:40Z</time></trkpt><trkpt lat="45.526318" lon="25.240937"><ele>1283.7</ele><time>2026-07-31T10:52:33Z</time></trkpt><trkpt lat="45.526337" lon="25.240833"><ele>1284.6</ele><time>2026-07-31T10:52:39Z</time></trkpt><trkpt lat="45.526322" lon="25.240718"><ele>1285.5</ele><time>2026-07-31T10:52:45Z</time></trkpt><trkpt lat="45.5263" lon="25.240607"><ele>1286.3</ele><time>2026-07-31T10:52:50Z</time></trkpt><trkpt lat="45.526302" lon="25.2405"><ele>1287.2</ele><time>2026-07-31T10:52:56Z</time></trkpt><trkpt lat="45.526272" lon="25.240387"><ele>1287.9</ele><time>2026-07-31T10:53:02Z</time></trkpt><trkpt lat="45.526265" lon="25.24028"><ele>1288.8</ele><time>2026-07-31T10:53:08Z</time></trkpt><trkpt lat="45.526225" lon="25.24019"><ele>1289.7</ele><time>2026-07-31T10:53:13Z</time></trkpt><trkpt lat="45.52618" lon="25.240095"><ele>1290.7</ele><time>2026-07-31T10:53:19Z</time></trkpt><trkpt lat="45.526182" lon="25.239992"><ele>1292.0</ele><time>2026-07-31T10:53:25Z</time></trkpt><trkpt lat="45.526162" lon="25.239882"><ele>1293.2</ele><time>2026-07-31T10:53:31Z</time></trkpt><trkpt lat="45.52613" lon="25.239765"><ele>1294.6</ele><time>2026-07-31T10:53:38Z</time></trkpt><trkpt lat="45.526117" lon="25.239663"><ele>1295.7</ele><time>2026-07-31T10:53:43Z</time></trkpt><trkpt lat="45.526115" lon="25.239545"><ele>1296.5</ele><time>2026-07-31T10:53:48Z</time></trkpt><trkpt lat="45.526118" lon="25.239427"><ele>1297.5</ele><time>2026-07-31T10:53:54Z</time></trkpt><trkpt lat="45.526098" lon="25.23931"><ele>1298.5</ele><time>2026-07-31T10:54:00Z</time></trkpt><trkpt lat="45.526088" lon="25.239202"><ele>1299.7</ele><time>2026-07-31T10:54:06Z</time></trkpt><trkpt lat="45.526075" lon="25.239095"><ele>1300.4</ele><time>2026-07-31T10:54:11Z</time></trkpt><trkpt lat="45.526062" lon="25.238982"><ele>1301.2</ele><time>2026-07-31T10:54:16Z</time></trkpt><trkpt lat="45.526043" lon="25.238877"><ele>1301.9</ele><time>2026-07-31T10:54:21Z</time></trkpt><trkpt lat="45.526032" lon="25.238758"><ele>1302.7</ele><time>2026-07-31T10:54:27Z</time></trkpt><trkpt lat="45.526013" lon="25.238652"><ele>1303.6</ele><time>2026-07-31T10:54:32Z</time></trkpt><trkpt lat="45.525983" lon="25.238557"><ele>1304.3</ele><time>2026-07-31T10:54:37Z</time></trkpt><trkpt lat="45.525955" lon="25.238462"><ele>1304.8</ele><time>2026-07-31T10:54:42Z</time></trkpt><trkpt lat="45.525905" lon="25.23836"><ele>1305.3</ele><time>2026-07-31T10:54:47Z</time></trkpt><trkpt lat="45.525842" lon="25.238293"><ele>1305.5</ele><time>2026-07-31T10:54:51Z</time></trkpt><trkpt lat="45.525783" lon="25.238207"><ele>1305.9</ele><time>2026-07-31T10:54:56Z</time></trkpt><trkpt lat="45.52575" lon="25.2381"><ele>1306.4</ele><time>2026-07-31T10:55:01Z</time></trkpt><trkpt lat="45.525693" lon="25.238037"><ele>1307.0</ele><time>2026-07-31T10:55:06Z</time></trkpt><trkpt lat="45.525627" lon="25.237962"><ele>1307.7</ele><time>2026-07-31T10:55:12Z</time></trkpt><trkpt lat="45.525575" lon="25.23789"><ele>1308.5</ele><time>2026-07-31T10:55:17Z</time></trkpt><trkpt lat="45.525543" lon="25.237782"><ele>1309.3</ele><time>2026-07-31T10:55:22Z</time></trkpt><trkpt lat="45.525528" lon="25.237663"><ele>1310.3</ele><time>2026-07-31T10:55:27Z</time></trkpt><trkpt lat="45.525525" lon="25.237538"><ele>1311.0</ele><time>2026-07-31T10:55:33Z</time></trkpt><trkpt lat="45.525513" lon="25.23743"><ele>1311.4</ele><time>2026-07-31T10:55:39Z</time></trkpt><trkpt lat="45.525482" lon="25.23733"><ele>1312.1</ele><time>2026-07-31T10:55:44Z</time></trkpt><trkpt lat="45.525442" lon="25.237243"><ele>1312.6</ele><time>2026-07-31T10:55:52Z</time></trkpt><trkpt lat="45.525388" lon="25.237137"><ele>1313.8</ele><time>2026-07-31T10:55:58Z</time></trkpt><trkpt lat="45.525358" lon="25.237017"><ele>1316.2</ele><time>2026-07-31T10:56:03Z</time></trkpt><trkpt lat="45.525335" lon="25.236893"><ele>1318.1</ele><time>2026-07-31T10:56:09Z</time></trkpt><trkpt lat="45.525278" lon="25.236825"><ele>1319.6</ele><time>2026-07-31T10:56:20Z</time></trkpt><trkpt lat="45.525218" lon="25.236753"><ele>1321.2</ele><time>2026-07-31T10:56:26Z</time></trkpt><trkpt lat="45.525195" lon="25.236643"><ele>1323.9</ele><time>2026-07-31T10:56:40Z</time></trkpt><trkpt lat="45.525115" lon="25.236625"><ele>1324.1</ele><time>2026-07-31T10:56:51Z</time></trkpt><trkpt lat="45.525083" lon="25.236532"><ele>1325.9</ele><time>2026-07-31T10:57:30Z</time></trkpt><trkpt lat="45.525023" lon="25.23646"><ele>1327.7</ele><time>2026-07-31T10:57:37Z</time></trkpt><trkpt lat="45.524972" lon="25.236368"><ele>1329.0</ele><time>2026-07-31T10:57:43Z</time></trkpt><trkpt lat="45.52495" lon="25.236267"><ele>1329.3</ele><time>2026-07-31T10:57:49Z</time></trkpt><trkpt lat="45.524928" lon="25.23616"><ele>1329.8</ele><time>2026-07-31T10:57:55Z</time></trkpt><trkpt lat="45.524923" lon="25.236048"><ele>1330.5</ele><time>2026-07-31T10:57:59Z</time></trkpt><trkpt lat="45.524933" lon="25.235937"><ele>1331.8</ele><time>2026-07-31T10:58:04Z</time></trkpt><trkpt lat="45.524937" lon="25.235795"><ele>1332.4</ele><time>2026-07-31T10:58:09Z</time></trkpt><trkpt lat="45.524948" lon="25.235682"><ele>1332.6</ele><time>2026-07-31T10:58:14Z</time></trkpt><trkpt lat="45.524898" lon="25.235602"><ele>1333.5</ele><time>2026-07-31T10:58:21Z</time></trkpt><trkpt lat="45.524908" lon="25.235498"><ele>1333.2</ele><time>2026-07-31T10:58:24Z</time></trkpt><trkpt lat="45.524878" lon="25.23539"><ele>1332.0</ele><time>2026-07-31T10:58:28Z</time></trkpt><trkpt lat="45.524853" lon="25.235293"><ele>1331.7</ele><time>2026-07-31T10:58:31Z</time></trkpt><trkpt lat="45.524827" lon="25.235183"><ele>1331.7</ele><time>2026-07-31T10:58:35Z</time></trkpt><trkpt lat="45.524818" lon="25.235062"><ele>1332.4</ele><time>2026-07-31T10:58:40Z</time></trkpt><trkpt lat="45.524798" lon="25.234962"><ele>1332.6</ele><time>2026-07-31T10:58:44Z</time></trkpt><trkpt lat="45.524732" lon="25.234903"><ele>1333.2</ele><time>2026-07-31T10:58:54Z</time></trkpt><trkpt lat="45.524655" lon="25.234878"><ele>1331.3</ele><time>2026-07-31T10:59:11Z</time></trkpt><trkpt lat="45.52468" lon="25.234772"><ele>1333.2</ele><time>2026-07-31T10:59:24Z</time></trkpt><trkpt lat="45.524672" lon="25.234662"><ele>1335.2</ele><time>2026-07-31T10:59:32Z</time></trkpt><trkpt lat="45.52463" lon="25.234567"><ele>1337.6</ele><time>2026-07-31T10:59:45Z</time></trkpt><trkpt lat="45.524572" lon="25.234493"><ele>1338.8</ele><time>2026-07-31T10:59:53Z</time></trkpt><trkpt lat="45.524498" lon="25.234483"><ele>1339.9</ele><time>2026-07-31T11:00:01Z</time></trkpt><trkpt lat="45.52441" lon="25.234462"><ele>1341.6</ele><time>2026-07-31T11:00:11Z</time></trkpt><trkpt lat="45.524333" lon="25.234443"><ele>1342.6</ele><time>2026-07-31T11:00:23Z</time></trkpt><trkpt lat="45.524262" lon="25.234417"><ele>1343.2</ele><time>2026-07-31T11:00:30Z</time></trkpt><trkpt lat="45.524188" lon="25.234413"><ele>1343.6</ele><time>2026-07-31T11:00:35Z</time></trkpt><trkpt lat="45.52411" lon="25.23437"><ele>1344.7</ele><time>2026-07-31T11:00:42Z</time></trkpt><trkpt lat="45.524032" lon="25.234372"><ele>1345.3</ele><time>2026-07-31T11:00:58Z</time></trkpt><trkpt lat="45.52396" lon="25.234338"><ele>1347.2</ele><time>2026-07-31T11:01:14Z</time></trkpt><trkpt lat="45.523892" lon="25.234378"><ele>1347.6</ele><time>2026-07-31T11:01:25Z</time></trkpt><trkpt lat="45.523807" lon="25.234345"><ele>1347.7</ele><time>2026-07-31T11:01:35Z</time></trkpt><trkpt lat="45.523715" lon="25.23439"><ele>1347.5</ele><time>2026-07-31T11:02:22Z</time></trkpt><trkpt lat="45.523635" lon="25.234352"><ele>1347.0</ele><time>2026-07-31T11:02:25Z</time></trkpt><trkpt lat="45.523597" lon="25.234245"><ele>1346.9</ele><time>2026-07-31T11:02:29Z</time></trkpt><trkpt lat="45.523522" lon="25.234228"><ele>1347.1</ele><time>2026-07-31T11:02:34Z</time></trkpt><trkpt lat="45.523438" lon="25.234203"><ele>1347.7</ele><time>2026-07-31T11:02:39Z</time></trkpt><trkpt lat="45.523363" lon="25.234207"><ele>1348.2</ele><time>2026-07-31T11:02:42Z</time></trkpt><trkpt lat="45.523292" lon="25.234233"><ele>1348.5</ele><time>2026-07-31T11:02:45Z</time></trkpt><trkpt lat="45.523308" lon="25.234128"><ele>1350.5</ele><time>2026-07-31T11:03:34Z</time></trkpt><trkpt lat="45.523315" lon="25.234018"><ele>1353.5</ele><time>2026-07-31T11:03:58Z</time></trkpt><trkpt lat="45.523322" lon="25.23391"><ele>1355.8</ele><time>2026-07-31T11:04:07Z</time></trkpt><trkpt lat="45.523327" lon="25.23402"><ele>1355.9</ele><time>2026-07-31T11:05:26Z</time></trkpt><trkpt lat="45.523325" lon="25.234123"><ele>1354.2</ele><time>2026-07-31T11:05:33Z</time></trkpt><trkpt lat="45.523303" lon="25.234222"><ele>1351.3</ele><time>2026-07-31T11:05:41Z</time></trkpt><trkpt lat="45.523228" lon="25.234232"><ele>1349.5</ele><time>2026-07-31T11:05:51Z</time></trkpt><trkpt lat="45.523157" lon="25.234178"><ele>1349.3</ele><time>2026-07-31T11:05:55Z</time></trkpt><trkpt lat="45.523082" lon="25.23411"><ele>1349.2</ele><time>2026-07-31T11:06:04Z</time></trkpt><trkpt lat="45.523022" lon="25.234023"><ele>1350.0</ele><time>2026-07-31T11:06:10Z</time></trkpt><trkpt lat="45.522975" lon="25.233933"><ele>1350.9</ele><time>2026-07-31T11:06:16Z</time></trkpt><trkpt lat="45.52294" lon="25.233843"><ele>1351.6</ele><time>2026-07-31T11:06:24Z</time></trkpt><trkpt lat="45.52287" lon="25.233782"><ele>1352.1</ele><time>2026-07-31T11:06:30Z</time></trkpt><trkpt lat="45.52281" lon="25.233702"><ele>1352.8</ele><time>2026-07-31T11:06:35Z</time></trkpt><trkpt lat="45.522737" lon="25.233638"><ele>1353.2</ele><time>2026-07-31T11:06:40Z</time></trkpt><trkpt lat="45.522665" lon="25.233582"><ele>1353.9</ele><time>2026-07-31T11:06:46Z</time></trkpt><trkpt lat="45.522602" lon="25.233502"><ele>1354.5</ele><time>2026-07-31T11:06:51Z</time></trkpt><trkpt lat="45.52254" lon="25.233443"><ele>1354.9</ele><time>2026-07-31T11:06:55Z</time></trkpt><trkpt lat="45.522472" lon="25.233368"><ele>1355.5</ele><time>2026-07-31T11:07:00Z</time></trkpt><trkpt lat="45.522408" lon="25.233297"><ele>1355.9</ele><time>2026-07-31T11:07:04Z</time></trkpt><trkpt lat="45.522347" lon="25.233235"><ele>1356.3</ele><time>2026-07-31T11:07:08Z</time></trkpt><trkpt lat="45.522293" lon="25.23316"><ele>1356.6</ele><time>2026-07-31T11:07:12Z</time></trkpt><trkpt lat="45.522222" lon="25.23309"><ele>1357.0</ele><time>2026-07-31T11:07:17Z</time></trkpt><trkpt lat="45.522173" lon="25.232985"><ele>1357.4</ele><time>2026-07-31T11:07:22Z</time></trkpt><trkpt lat="45.522153" lon="25.232883"><ele>1358.0</ele><time>2026-07-31T11:07:46Z</time></trkpt><trkpt lat="45.522072" lon="25.232887"><ele>1359.0</ele><time>2026-07-31T11:08:04Z</time></trkpt><trkpt lat="45.522132" lon="25.23282"><ele>1359.3</ele><time>2026-07-31T11:08:20Z</time></trkpt><trkpt lat="45.522203" lon="25.232788"><ele>1359.9</ele><time>2026-07-31T11:08:27Z</time></trkpt><trkpt lat="45.52213" lon="25.232757"><ele>1360.6</ele><time>2026-07-31T11:08:52Z</time></trkpt><trkpt lat="45.522052" lon="25.23277"><ele>1360.2</ele><time>2026-07-31T11:08:59Z</time></trkpt><trkpt lat="45.521983" lon="25.232738"><ele>1360.2</ele><time>2026-07-31T11:09:06Z</time></trkpt><trkpt lat="45.521915" lon="25.232695"><ele>1360.4</ele><time>2026-07-31T11:09:12Z</time></trkpt><trkpt lat="45.521873" lon="25.23261"><ele>1361.0</ele><time>2026-07-31T11:09:19Z</time></trkpt><trkpt lat="45.521935" lon="25.232673"><ele>1361.3</ele><time>2026-07-31T11:10:48Z</time></trkpt><trkpt lat="45.52199" lon="25.232738"><ele>1360.6</ele><time>2026-07-31T11:10:54Z</time></trkpt><trkpt lat="45.522058" lon="25.232813"><ele>1360.0</ele><time>2026-07-31T11:11:01Z</time></trkpt><trkpt lat="45.522122" lon="25.232877"><ele>1359.3</ele><time>2026-07-31T11:11:08Z</time></trkpt><trkpt lat="45.522115" lon="25.232983"><ele>1358.9</ele><time>2026-07-31T11:11:32Z</time></trkpt><trkpt lat="45.522107" lon="25.233087"><ele>1358.0</ele><time>2026-07-31T11:11:50Z</time></trkpt><trkpt lat="45.522108" lon="25.232983"><ele>1357.5</ele><time>2026-07-31T11:13:53Z</time></trkpt><trkpt lat="45.52215" lon="25.232897"><ele>1358.4</ele><time>2026-07-31T11:14:02Z</time></trkpt><trkpt lat="45.522087" lon="25.23284"><ele>1359.1</ele><time>2026-07-31T11:14:21Z</time></trkpt><trkpt lat="45.52202" lon="25.23278"><ele>1359.4</ele><time>2026-07-31T11:14:25Z</time></trkpt><trkpt lat="45.521952" lon="25.232723"><ele>1359.8</ele><time>2026-07-31T11:14:29Z</time></trkpt><trkpt lat="45.521903" lon="25.232637"><ele>1360.6</ele><time>2026-07-31T11:14:34Z</time></trkpt><trkpt lat="45.521843" lon="25.232565"><ele>1361.4</ele><time>2026-07-31T11:14:38Z</time></trkpt><trkpt lat="45.52181" lon="25.232463"><ele>1361.9</ele><time>2026-07-31T11:14:42Z</time></trkpt><trkpt lat="45.521753" lon="25.232383"><ele>1362.4</ele><time>2026-07-31T11:14:46Z</time></trkpt><trkpt lat="45.52169" lon="25.232337"><ele>1363.0</ele><time>2026-07-31T11:14:50Z</time></trkpt><trkpt lat="45.52161" lon="25.23229"><ele>1363.3</ele><time>2026-07-31T11:14:53Z</time></trkpt><trkpt lat="45.52155" lon="25.232232"><ele>1363.2</ele><time>2026-07-31T11:14:56Z</time></trkpt><trkpt lat="45.521492" lon="25.232127"><ele>1363.1</ele><time>2026-07-31T11:14:59Z</time></trkpt><trkpt lat="45.521403" lon="25.232097"><ele>1363.0</ele><time>2026-07-31T11:15:04Z</time></trkpt><trkpt lat="45.521337" lon="25.232017"><ele>1364.4</ele><time>2026-07-31T11:15:09Z</time></trkpt><trkpt lat="45.52128" lon="25.231947"><ele>1365.6</ele><time>2026-07-31T11:15:13Z</time></trkpt><trkpt lat="45.521205" lon="25.231907"><ele>1366.6</ele><time>2026-07-31T11:15:18Z</time></trkpt><trkpt lat="45.521137" lon="25.231822"><ele>1367.6</ele><time>2026-07-31T11:15:25Z</time></trkpt><trkpt lat="45.521072" lon="25.231758"><ele>1367.8</ele><time>2026-07-31T11:15:28Z</time></trkpt><trkpt lat="45.520993" lon="25.231697"><ele>1368.1</ele><time>2026-07-31T11:15:33Z</time></trkpt><trkpt lat="45.520937" lon="25.231628"><ele>1368.5</ele><time>2026-07-31T11:15:37Z</time></trkpt><trkpt lat="45.52087" lon="25.231562"><ele>1369.2</ele><time>2026-07-31T11:15:42Z</time></trkpt><trkpt lat="45.52081" lon="25.23148"><ele>1369.9</ele><time>2026-07-31T11:15:47Z</time></trkpt><trkpt lat="45.52074" lon="25.23142"><ele>1370.3</ele><time>2026-07-31T11:15:52Z</time></trkpt><trkpt lat="45.520703" lon="25.231332"><ele>1370.4</ele><time>2026-07-31T11:15:56Z</time></trkpt><trkpt lat="45.520677" lon="25.23123"><ele>1370.6</ele><time>2026-07-31T11:16:00Z</time></trkpt><trkpt lat="45.520633" lon="25.231137"><ele>1371.1</ele><time>2026-07-31T11:16:05Z</time></trkpt><trkpt lat="45.520598" lon="25.231035"><ele>1372.1</ele><time>2026-07-31T11:16:11Z</time></trkpt><trkpt lat="45.520597" lon="25.230908"><ele>1372.8</ele><time>2026-07-31T11:16:17Z</time></trkpt><trkpt lat="45.520583" lon="25.230775"><ele>1373.3</ele><time>2026-07-31T11:16:58Z</time></trkpt><trkpt lat="45.520568" lon="25.230663"><ele>1373.2</ele><time>2026-07-31T11:17:03Z</time></trkpt><trkpt lat="45.520527" lon="25.230572"><ele>1374.2</ele><time>2026-07-31T11:17:10Z</time></trkpt><trkpt lat="45.520452" lon="25.230527"><ele>1376.1</ele><time>2026-07-31T11:17:18Z</time></trkpt><trkpt lat="45.520392" lon="25.230455"><ele>1377.4</ele><time>2026-07-31T11:17:26Z</time></trkpt><trkpt lat="45.520337" lon="25.230355"><ele>1377.3</ele><time>2026-07-31T11:17:30Z</time></trkpt><trkpt lat="45.520265" lon="25.230307"><ele>1377.6</ele><time>2026-07-31T11:17:35Z</time></trkpt><trkpt lat="45.520257" lon="25.230197"><ele>1378.1</ele><time>2026-07-31T11:17:43Z</time></trkpt><trkpt lat="45.520225" lon="25.230103"><ele>1378.8</ele><time>2026-07-31T11:17:48Z</time></trkpt><trkpt lat="45.520193" lon="25.229997"><ele>1379.6</ele><time>2026-07-31T11:17:54Z</time></trkpt><trkpt lat="45.52015" lon="25.229908"><ele>1380.3</ele><time>2026-07-31T11:17:59Z</time></trkpt><trkpt lat="45.52011" lon="25.229822"><ele>1381.0</ele><time>2026-07-31T11:18:04Z</time></trkpt><trkpt lat="45.520087" lon="25.229722"><ele>1381.8</ele><time>2026-07-31T11:18:09Z</time></trkpt><trkpt lat="45.520062" lon="25.229608"><ele>1382.5</ele><time>2026-07-31T11:18:14Z</time></trkpt><trkpt lat="45.520035" lon="25.229502"><ele>1383.4</ele><time>2026-07-31T11:18:19Z</time></trkpt><trkpt lat="45.520017" lon="25.229392"><ele>1384.4</ele><time>2026-07-31T11:18:24Z</time></trkpt><trkpt lat="45.52" lon="25.229273"><ele>1384.9</ele><time>2026-07-31T11:18:29Z</time></trkpt><trkpt lat="45.51997" lon="25.229173"><ele>1385.6</ele><time>2026-07-31T11:18:34Z</time></trkpt><trkpt lat="45.519947" lon="25.22906"><ele>1387.0</ele><time>2026-07-31T11:18:40Z</time></trkpt><trkpt lat="45.51996" lon="25.228947"><ele>1387.8</ele><time>2026-07-31T11:18:46Z</time></trkpt><trkpt lat="45.519948" lon="25.228843"><ele>1388.6</ele><time>2026-07-31T11:18:51Z</time></trkpt><trkpt lat="45.519915" lon="25.228747"><ele>1389.9</ele><time>2026-07-31T11:20:13Z</time></trkpt><trkpt lat="45.519923" lon="25.228638"><ele>1390.6</ele><time>2026-07-31T11:20:21Z</time></trkpt><trkpt lat="45.519998" lon="25.228597"><ele>1393.1</ele><time>2026-07-31T11:20:48Z</time></trkpt><trkpt lat="45.52" lon="25.228475"><ele>1393.4</ele><time>2026-07-31T11:20:51Z</time></trkpt><trkpt lat="45.520012" lon="25.228373"><ele>1393.8</ele><time>2026-07-31T11:20:54Z</time></trkpt><trkpt lat="45.520033" lon="25.228275"><ele>1394.3</ele><time>2026-07-31T11:20:58Z</time></trkpt><trkpt lat="45.520052" lon="25.228165"><ele>1394.9</ele><time>2026-07-31T11:21:03Z</time></trkpt><trkpt lat="45.520065" lon="25.22806"><ele>1395.5</ele><time>2026-07-31T11:21:08Z</time></trkpt><trkpt lat="45.520077" lon="25.227957"><ele>1396.5</ele><time>2026-07-31T11:21:13Z</time></trkpt><trkpt lat="45.52008" lon="25.227842"><ele>1397.6</ele><time>2026-07-31T11:21:19Z</time></trkpt><trkpt lat="45.520075" lon="25.227732"><ele>1398.5</ele><time>2026-07-31T11:21:25Z</time></trkpt><trkpt lat="45.520082" lon="25.227617"><ele>1399.3</ele><time>2026-07-31T11:21:31Z</time></trkpt><trkpt lat="45.520008" lon="25.227608"><ele>1398.9</ele><time>2026-07-31T11:23:09Z</time></trkpt><trkpt lat="45.520075" lon="25.227667"><ele>1398.8</ele><time>2026-07-31T11:26:29Z</time></trkpt><trkpt lat="45.520003" lon="25.227613"><ele>1399.1</ele><time>2026-07-31T11:27:26Z</time></trkpt><trkpt lat="45.519925" lon="25.227635"><ele>1399.5</ele><time>2026-07-31T11:27:32Z</time></trkpt><trkpt lat="45.519853" lon="25.227672"><ele>1401.1</ele><time>2026-07-31T11:27:39Z</time></trkpt><trkpt lat="45.519792" lon="25.227752"><ele>1402.2</ele><time>2026-07-31T11:27:44Z</time></trkpt><trkpt lat="45.51975" lon="25.227837"><ele>1403.0</ele><time>2026-07-31T11:27:50Z</time></trkpt><trkpt lat="45.519695" lon="25.227942"><ele>1404.0</ele><time>2026-07-31T11:27:56Z</time></trkpt><trkpt lat="45.519643" lon="25.228032"><ele>1404.7</ele><time>2026-07-31T11:28:01Z</time></trkpt><trkpt lat="45.519588" lon="25.228125"><ele>1405.2</ele><time>2026-07-31T11:28:07Z</time></trkpt><trkpt lat="45.519528" lon="25.228203"><ele>1406.9</ele><time>2026-07-31T11:28:16Z</time></trkpt><trkpt lat="45.519455" lon="25.228232"><ele>1407.6</ele><time>2026-07-31T11:28:21Z</time></trkpt><trkpt lat="45.519363" lon="25.228238"><ele>1408.2</ele><time>2026-07-31T11:28:26Z</time></trkpt><trkpt lat="45.519288" lon="25.228233"><ele>1408.4</ele><time>2026-07-31T11:28:30Z</time></trkpt><trkpt lat="45.519215" lon="25.22824"><ele>1408.6</ele><time>2026-07-31T11:28:33Z</time></trkpt><trkpt lat="45.519122" lon="25.228217"><ele>1408.9</ele><time>2026-07-31T11:28:37Z</time></trkpt><trkpt lat="45.51904" lon="25.228195"><ele>1409.0</ele><time>2026-07-31T11:28:40Z</time></trkpt><trkpt lat="45.518947" lon="25.228158"><ele>1409.1</ele><time>2026-07-31T11:28:44Z</time></trkpt><trkpt lat="45.51886" lon="25.228092"><ele>1409.6</ele><time>2026-07-31T11:28:48Z</time></trkpt><trkpt lat="45.518795" lon="25.228027"><ele>1409.8</ele><time>2026-07-31T11:28:51Z</time></trkpt><trkpt lat="45.51872" lon="25.227935"><ele>1409.9</ele><time>2026-07-31T11:28:55Z</time></trkpt><trkpt lat="45.518648" lon="25.227865"><ele>1410.1</ele><time>2026-07-31T11:28:58Z</time></trkpt><trkpt lat="45.518585" lon="25.227815"><ele>1410.2</ele><time>2026-07-31T11:29:01Z</time></trkpt><trkpt lat="45.518508" lon="25.227732"><ele>1410.2</ele><time>2026-07-31T11:29:05Z</time></trkpt><trkpt lat="45.518425" lon="25.227698"><ele>1410.8</ele><time>2026-07-31T11:29:09Z</time></trkpt><trkpt lat="45.51834" lon="25.227708"><ele>1411.3</ele><time>2026-07-31T11:29:13Z</time></trkpt><trkpt lat="45.518268" lon="25.227742"><ele>1412.3</ele><time>2026-07-31T11:29:19Z</time></trkpt><trkpt lat="45.518193" lon="25.227683"><ele>1413.7</ele><time>2026-07-31T11:29:26Z</time></trkpt><trkpt lat="45.518123" lon="25.227718"><ele>1414.2</ele><time>2026-07-31T11:29:29Z</time></trkpt><trkpt lat="45.518053" lon="25.227753"><ele>1414.4</ele><time>2026-07-31T11:29:31Z</time></trkpt><trkpt lat="45.51796" lon="25.227792"><ele>1414.2</ele><time>2026-07-31T11:29:35Z</time></trkpt><trkpt lat="45.51788" lon="25.227832"><ele>1413.8</ele><time>2026-07-31T11:29:38Z</time></trkpt><trkpt lat="45.517813" lon="25.227912"><ele>1413.5</ele><time>2026-07-31T11:29:41Z</time></trkpt><trkpt lat="45.517768" lon="25.228002"><ele>1413.2</ele><time>2026-07-31T11:29:43Z</time></trkpt><trkpt lat="45.517717" lon="25.228102"><ele>1412.5</ele><time>2026-07-31T11:29:45Z</time></trkpt><trkpt lat="45.517643" lon="25.228153"><ele>1411.6</ele><time>2026-07-31T11:29:48Z</time></trkpt><trkpt lat="45.517565" lon="25.228147"><ele>1410.4</ele><time>2026-07-31T11:30:04Z</time></trkpt><trkpt lat="45.51749" lon="25.228143"><ele>1411.3</ele><time>2026-07-31T11:33:31Z</time></trkpt><trkpt lat="45.517543" lon="25.228227"><ele>1411.0</ele><time>2026-07-31T11:34:29Z</time></trkpt><trkpt lat="45.517547" lon="25.22834"><ele>1410.9</ele><time>2026-07-31T11:34:33Z</time></trkpt><trkpt lat="45.517493" lon="25.228418"><ele>1410.8</ele><time>2026-07-31T11:34:36Z</time></trkpt><trkpt lat="45.517468" lon="25.228538"><ele>1411.0</ele><time>2026-07-31T11:34:40Z</time></trkpt><trkpt lat="45.517438" lon="25.228653"><ele>1411.4</ele><time>2026-07-31T11:34:45Z</time></trkpt><trkpt lat="45.517432" lon="25.228778"><ele>1411.9</ele><time>2026-07-31T11:34:50Z</time></trkpt><trkpt lat="45.51739" lon="25.22888"><ele>1411.9</ele><time>2026-07-31T11:34:54Z</time></trkpt><trkpt lat="45.517325" lon="25.228953"><ele>1411.9</ele><time>2026-07-31T11:34:58Z</time></trkpt><trkpt lat="45.517265" lon="25.229017"><ele>1412.0</ele><time>2026-07-31T11:35:01Z</time></trkpt><trkpt lat="45.517198" lon="25.229077"><ele>1412.2</ele><time>2026-07-31T11:35:05Z</time></trkpt><trkpt lat="45.51713" lon="25.22918"><ele>1412.9</ele><time>2026-07-31T11:35:10Z</time></trkpt><trkpt lat="45.517083" lon="25.229292"><ele>1413.6</ele><time>2026-07-31T11:35:14Z</time></trkpt><trkpt lat="45.517048" lon="25.229395"><ele>1414.0</ele><time>2026-07-31T11:35:17Z</time></trkpt><trkpt lat="45.517012" lon="25.22949"><ele>1414.4</ele><time>2026-07-31T11:35:20Z</time></trkpt><trkpt lat="45.516957" lon="25.22959"><ele>1415.3</ele><time>2026-07-31T11:35:24Z</time></trkpt><trkpt lat="45.516887" lon="25.22966"><ele>1416.0</ele><time>2026-07-31T11:35:28Z</time></trkpt><trkpt lat="45.51682" lon="25.229752"><ele>1416.7</ele><time>2026-07-31T11:35:33Z</time></trkpt><trkpt lat="45.516742" lon="25.229813"><ele>1417.3</ele><time>2026-07-31T11:35:37Z</time></trkpt><trkpt lat="45.516657" lon="25.22986"><ele>1418.0</ele><time>2026-07-31T11:35:42Z</time></trkpt><trkpt lat="45.516577" lon="25.229895"><ele>1418.6</ele><time>2026-07-31T11:35:46Z</time></trkpt><trkpt lat="45.51649" lon="25.229952"><ele>1419.8</ele><time>2026-07-31T11:35:51Z</time></trkpt><trkpt lat="45.516395" lon="25.23002"><ele>1420.3</ele><time>2026-07-31T11:35:54Z</time></trkpt><trkpt lat="45.516357" lon="25.23011"><ele>1421.7</ele><time>2026-07-31T11:35:59Z</time></trkpt><trkpt lat="45.516343" lon="25.230233"><ele>1423.2</ele><time>2026-07-31T11:36:04Z</time></trkpt><trkpt lat="45.51635" lon="25.230337"><ele>1424.5</ele><time>2026-07-31T11:36:09Z</time></trkpt><trkpt lat="45.516362" lon="25.230447"><ele>1425.5</ele><time>2026-07-31T11:36:14Z</time></trkpt><trkpt lat="45.516377" lon="25.23055"><ele>1425.9</ele><time>2026-07-31T11:36:18Z</time></trkpt><trkpt lat="45.516387" lon="25.230672"><ele>1426.1</ele><time>2026-07-31T11:36:22Z</time></trkpt><trkpt lat="45.516392" lon="25.230798"><ele>1426.3</ele><time>2026-07-31T11:36:25Z</time></trkpt><trkpt lat="45.5164" lon="25.230925"><ele>1426.6</ele><time>2026-07-31T11:36:29Z</time></trkpt><trkpt lat="45.5164" lon="25.23105"><ele>1427.1</ele><time>2026-07-31T11:36:33Z</time></trkpt><trkpt lat="45.516423" lon="25.231172"><ele>1428.2</ele><time>2026-07-31T11:36:38Z</time></trkpt><trkpt lat="45.51648" lon="25.23126"><ele>1429.2</ele><time>2026-07-31T11:36:43Z</time></trkpt><trkpt lat="45.516512" lon="25.231368"><ele>1428.6</ele><time>2026-07-31T11:36:48Z</time></trkpt><trkpt lat="45.51651" lon="25.231482"><ele>1427.8</ele><time>2026-07-31T11:36:51Z</time></trkpt><trkpt lat="45.516495" lon="25.231587"><ele>1427.2</ele><time>2026-07-31T11:36:54Z</time></trkpt><trkpt lat="45.51645" lon="25.231677"><ele>1427.2</ele><time>2026-07-31T11:36:57Z</time></trkpt><trkpt lat="45.516387" lon="25.231733"><ele>1427.6</ele><time>2026-07-31T11:37:22Z</time></trkpt><trkpt lat="45.516307" lon="25.231742"><ele>1428.7</ele><time>2026-07-31T11:37:28Z</time></trkpt><trkpt lat="45.516212" lon="25.231727"><ele>1429.7</ele><time>2026-07-31T11:37:33Z</time></trkpt><trkpt lat="45.516137" lon="25.231732"><ele>1430.4</ele><time>2026-07-31T11:37:37Z</time></trkpt><trkpt lat="45.516065" lon="25.231703"><ele>1431.1</ele><time>2026-07-31T11:37:41Z</time></trkpt><trkpt lat="45.515988" lon="25.231673"><ele>1431.8</ele><time>2026-07-31T11:37:45Z</time></trkpt><trkpt lat="45.51591" lon="25.231705"><ele>1432.5</ele><time>2026-07-31T11:37:48Z</time></trkpt><trkpt lat="45.515815" lon="25.231725"><ele>1432.9</ele><time>2026-07-31T11:37:52Z</time></trkpt><trkpt lat="45.515723" lon="25.231755"><ele>1433.6</ele><time>2026-07-31T11:37:56Z</time></trkpt><trkpt lat="45.51564" lon="25.231773"><ele>1434.4</ele><time>2026-07-31T11:38:00Z</time></trkpt><trkpt lat="45.515558" lon="25.231783"><ele>1434.9</ele><time>2026-07-31T11:38:04Z</time></trkpt><trkpt lat="45.515472" lon="25.231803"><ele>1435.8</ele><time>2026-07-31T11:38:08Z</time></trkpt><trkpt lat="45.515375" lon="25.231825"><ele>1436.9</ele><time>2026-07-31T11:38:12Z</time></trkpt><trkpt lat="45.515295" lon="25.231837"><ele>1437.3</ele><time>2026-07-31T11:38:15Z</time></trkpt><trkpt lat="45.515228" lon="25.231873"><ele>1437.7</ele><time>2026-07-31T11:38:18Z</time></trkpt><trkpt lat="45.515143" lon="25.231937"><ele>1438.2</ele><time>2026-07-31T11:38:22Z</time></trkpt><trkpt lat="45.51506" lon="25.231965"><ele>1438.8</ele><time>2026-07-31T11:38:26Z</time></trkpt><trkpt lat="45.514992" lon="25.23202"><ele>1439.2</ele><time>2026-07-31T11:38:30Z</time></trkpt><trkpt lat="45.514913" lon="25.232047"><ele>1439.9</ele><time>2026-07-31T11:38:34Z</time></trkpt><trkpt lat="45.514833" lon="25.2321"><ele>1441.1</ele><time>2026-07-31T11:38:39Z</time></trkpt><trkpt lat="45.514758" lon="25.232108"><ele>1442.4</ele><time>2026-07-31T11:38:44Z</time></trkpt><trkpt lat="45.514668" lon="25.232137"><ele>1443.4</ele><time>2026-07-31T11:38:49Z</time></trkpt><trkpt lat="45.514593" lon="25.232155"><ele>1444.7</ele><time>2026-07-31T11:38:53Z</time></trkpt><trkpt lat="45.514512" lon="25.232178"><ele>1446.3</ele><time>2026-07-31T11:38:57Z</time></trkpt><trkpt lat="45.514435" lon="25.232202"><ele>1448.1</ele><time>2026-07-31T11:39:02Z</time></trkpt><trkpt lat="45.514362" lon="25.232232"><ele>1449.1</ele><time>2026-07-31T11:39:07Z</time></trkpt><trkpt lat="45.514288" lon="25.232257"><ele>1449.9</ele><time>2026-07-31T11:39:11Z</time></trkpt><trkpt lat="45.514212" lon="25.23228"><ele>1451.5</ele><time>2026-07-31T11:39:17Z</time></trkpt><trkpt lat="45.51413" lon="25.232288"><ele>1452.3</ele><time>2026-07-31T11:39:23Z</time></trkpt><trkpt lat="45.514053" lon="25.232307"><ele>1452.9</ele><time>2026-07-31T11:39:28Z</time></trkpt><trkpt lat="45.513968" lon="25.232317"><ele>1454.0</ele><time>2026-07-31T11:39:35Z</time></trkpt><trkpt lat="45.513882" lon="25.232312"><ele>1454.6</ele><time>2026-07-31T11:39:42Z</time></trkpt><trkpt lat="45.513803" lon="25.232317"><ele>1455.0</ele><time>2026-07-31T11:39:46Z</time></trkpt><trkpt lat="45.513715" lon="25.232323"><ele>1455.5</ele><time>2026-07-31T11:39:51Z</time></trkpt><trkpt lat="45.51364" lon="25.23232"><ele>1456.1</ele><time>2026-07-31T11:39:56Z</time></trkpt><trkpt lat="45.51356" lon="25.232298"><ele>1456.4</ele><time>2026-07-31T11:40:00Z</time></trkpt><trkpt lat="45.513463" lon="25.23229"><ele>1456.9</ele><time>2026-07-31T11:40:05Z</time></trkpt><trkpt lat="45.513388" lon="25.232283"><ele>1457.5</ele><time>2026-07-31T11:40:10Z</time></trkpt><trkpt lat="45.513318" lon="25.232253"><ele>1458.0</ele><time>2026-07-31T11:41:42Z</time></trkpt><trkpt lat="45.513247" lon="25.232282"><ele>1458.5</ele><time>2026-07-31T11:41:52Z</time></trkpt><trkpt lat="45.513173" lon="25.232308"><ele>1459.4</ele><time>2026-07-31T11:41:57Z</time></trkpt><trkpt lat="45.513088" lon="25.232335"><ele>1460.3</ele><time>2026-07-31T11:42:02Z</time></trkpt><trkpt lat="45.513008" lon="25.232337"><ele>1461.3</ele><time>2026-07-31T11:42:06Z</time></trkpt><trkpt lat="45.512918" lon="25.232348"><ele>1462.2</ele><time>2026-07-31T11:42:10Z</time></trkpt><trkpt lat="45.512842" lon="25.232358"><ele>1463.3</ele><time>2026-07-31T11:42:14Z</time></trkpt><trkpt lat="45.512755" lon="25.23238"><ele>1464.6</ele><time>2026-07-31T11:42:19Z</time></trkpt><trkpt lat="45.51268" lon="25.232405"><ele>1466.0</ele><time>2026-07-31T11:42:24Z</time></trkpt><trkpt lat="45.512608" lon="25.23244"><ele>1467.3</ele><time>2026-07-31T11:42:29Z</time></trkpt><trkpt lat="45.512527" lon="25.23247"><ele>1468.9</ele><time>2026-07-31T11:42:35Z</time></trkpt><trkpt lat="45.512457" lon="25.232498"><ele>1469.9</ele><time>2026-07-31T11:42:40Z</time></trkpt><trkpt lat="45.51238" lon="25.232523"><ele>1470.7</ele><time>2026-07-31T11:42:45Z</time></trkpt><trkpt lat="45.512305" lon="25.232563"><ele>1471.9</ele><time>2026-07-31T11:42:52Z</time></trkpt><trkpt lat="45.512223" lon="25.232558"><ele>1473.2</ele><time>2026-07-31T11:43:00Z</time></trkpt><trkpt lat="45.512142" lon="25.232557"><ele>1473.4</ele><time>2026-07-31T11:43:05Z</time></trkpt><trkpt lat="45.51207" lon="25.232583"><ele>1473.6</ele><time>2026-07-31T11:50:47Z</time></trkpt><trkpt lat="45.511992" lon="25.232563"><ele>1474.1</ele><time>2026-07-31T11:53:44Z</time></trkpt><trkpt lat="45.51192" lon="25.232523"><ele>1474.7</ele><time>2026-07-31T11:53:49Z</time></trkpt><trkpt lat="45.511825" lon="25.23247"><ele>1474.8</ele><time>2026-07-31T11:53:54Z</time></trkpt><trkpt lat="45.511753" lon="25.232435"><ele>1474.5</ele><time>2026-07-31T11:53:57Z</time></trkpt><trkpt lat="45.51168" lon="25.232437"><ele>1473.4</ele><time>2026-07-31T11:55:18Z</time></trkpt><trkpt lat="45.511605" lon="25.232447"><ele>1473.3</ele><time>2026-07-31T11:55:21Z</time></trkpt><trkpt lat="45.511518" lon="25.232443"><ele>1473.0</ele><time>2026-07-31T11:55:24Z</time></trkpt><trkpt lat="45.511425" lon="25.232465"><ele>1472.8</ele><time>2026-07-31T11:55:28Z</time></trkpt><trkpt lat="45.511348" lon="25.232492"><ele>1473.0</ele><time>2026-07-31T11:55:32Z</time></trkpt><trkpt lat="45.511267" lon="25.232542"><ele>1473.2</ele><time>2026-07-31T11:55:36Z</time></trkpt><trkpt lat="45.511193" lon="25.232568"><ele>1473.1</ele><time>2026-07-31T11:55:38Z</time></trkpt><trkpt lat="45.511115" lon="25.232628"><ele>1472.7</ele><time>2026-07-31T11:55:41Z</time></trkpt><trkpt lat="45.510892" lon="25.232767"><ele>1472.3</ele><time>2026-07-31T11:55:43Z</time></trkpt><trkpt lat="45.510785" lon="25.232893"><ele>1471.6</ele><time>2026-07-31T11:55:45Z</time></trkpt><trkpt lat="45.510685" lon="25.232982"><ele>1470.6</ele><time>2026-07-31T11:55:47Z</time></trkpt><trkpt lat="45.510587" lon="25.233107"><ele>1469.6</ele><time>2026-07-31T11:55:49Z</time></trkpt><trkpt lat="45.51049" lon="25.233165"><ele>1468.8</ele><time>2026-07-31T11:55:51Z</time></trkpt><trkpt lat="45.51042" lon="25.233225"><ele>1468.5</ele><time>2026-07-31T11:55:53Z</time></trkpt><trkpt lat="45.510342" lon="25.233268"><ele>1467.9</ele><time>2026-07-31T11:55:57Z</time></trkpt><trkpt lat="45.510263" lon="25.233302"><ele>1468.5</ele><time>2026-07-31T11:56:00Z</time></trkpt><trkpt lat="45.510192" lon="25.233337"><ele>1469.9</ele><time>2026-07-31T11:56:04Z</time></trkpt><trkpt lat="45.510132" lon="25.233402"><ele>1471.9</ele><time>2026-07-31T11:56:09Z</time></trkpt><trkpt lat="45.510052" lon="25.23345"><ele>1472.8</ele><time>2026-07-31T11:56:13Z</time></trkpt><trkpt lat="45.509975" lon="25.23345"><ele>1473.5</ele><time>2026-07-31T11:56:16Z</time></trkpt><trkpt lat="45.509893" lon="25.23345"><ele>1473.8</ele><time>2026-07-31T11:56:19Z</time></trkpt><trkpt lat="45.509805" lon="25.233452"><ele>1474.3</ele><time>2026-07-31T11:56:23Z</time></trkpt><trkpt lat="45.50972" lon="25.23344"><ele>1475.3</ele><time>2026-07-31T11:56:27Z</time></trkpt><trkpt lat="45.509643" lon="25.233433"><ele>1476.7</ele><time>2026-07-31T11:56:31Z</time></trkpt><trkpt lat="45.509553" lon="25.23345"><ele>1477.4</ele><time>2026-07-31T11:56:35Z</time></trkpt><trkpt lat="45.509468" lon="25.233435"><ele>1477.4</ele><time>2026-07-31T11:56:38Z</time></trkpt><trkpt lat="45.50937" lon="25.233418"><ele>1477.1</ele><time>2026-07-31T11:56:42Z</time></trkpt><trkpt lat="45.509268" lon="25.233438"><ele>1476.7</ele><time>2026-07-31T11:56:45Z</time></trkpt><trkpt lat="45.509157" lon="25.233425"><ele>1476.3</ele><time>2026-07-31T11:56:48Z</time></trkpt><trkpt lat="45.50906" lon="25.233452"><ele>1476.1</ele><time>2026-07-31T11:56:50Z</time></trkpt><trkpt lat="45.508972" lon="25.233473"><ele>1475.7</ele><time>2026-07-31T11:56:53Z</time></trkpt><trkpt lat="45.508878" lon="25.233492"><ele>1475.6</ele><time>2026-07-31T11:56:56Z</time></trkpt><trkpt lat="45.508778" lon="25.233503"><ele>1475.7</ele><time>2026-07-31T11:56:58Z</time></trkpt><trkpt lat="45.508678" lon="25.233532"><ele>1476.0</ele><time>2026-07-31T11:57:01Z</time></trkpt><trkpt lat="45.508568" lon="25.23354"><ele>1476.1</ele><time>2026-07-31T11:57:04Z</time></trkpt><trkpt lat="45.508487" lon="25.233545"><ele>1476.0</ele><time>2026-07-31T11:57:06Z</time></trkpt><trkpt lat="45.508378" lon="25.233532"><ele>1475.9</ele><time>2026-07-31T11:57:09Z</time></trkpt><trkpt lat="45.508303" lon="25.23349"><ele>1475.8</ele><time>2026-07-31T11:57:11Z</time></trkpt><trkpt lat="45.508207" lon="25.233477"><ele>1475.8</ele><time>2026-07-31T11:57:14Z</time></trkpt><trkpt lat="45.508132" lon="25.233463"><ele>1475.6</ele><time>2026-07-31T11:57:16Z</time></trkpt><trkpt lat="45.508048" lon="25.233447"><ele>1475.4</ele><time>2026-07-31T11:57:18Z</time></trkpt><trkpt lat="45.507962" lon="25.23343"><ele>1475.3</ele><time>2026-07-31T11:57:20Z</time></trkpt><trkpt lat="45.507887" lon="25.233422"><ele>1475.0</ele><time>2026-07-31T11:57:22Z</time></trkpt><trkpt lat="45.507815" lon="25.233428"><ele>1474.6</ele><time>2026-07-31T11:57:24Z</time></trkpt><trkpt lat="45.507718" lon="25.23347"><ele>1474.4</ele><time>2026-07-31T11:57:27Z</time></trkpt><trkpt lat="45.507612" lon="25.233498"><ele>1474.2</ele><time>2026-07-31T11:57:30Z</time></trkpt><trkpt lat="45.507533" lon="25.233498"><ele>1474.0</ele><time>2026-07-31T11:57:32Z</time></trkpt><trkpt lat="45.507453" lon="25.233488"><ele>1473.7</ele><time>2026-07-31T11:57:34Z</time></trkpt><trkpt lat="45.507372" lon="25.233512"><ele>1473.3</ele><time>2026-07-31T11:57:36Z</time></trkpt><trkpt lat="45.5073" lon="25.233535"><ele>1473.0</ele><time>2026-07-31T11:57:38Z</time></trkpt><trkpt lat="45.507222" lon="25.233563"><ele>1472.1</ele><time>2026-07-31T11:57:41Z</time></trkpt><trkpt lat="45.507145" lon="25.233575"><ele>1471.4</ele><time>2026-07-31T12:02:16Z</time></trkpt><trkpt lat="45.507085" lon="25.233633"><ele>1471.7</ele><time>2026-07-31T12:03:15Z</time></trkpt><trkpt lat="45.507012" lon="25.233665"><ele>1471.9</ele><time>2026-07-31T12:03:18Z</time></trkpt><trkpt lat="45.506938" lon="25.233692"><ele>1472.0</ele><time>2026-07-31T12:03:21Z</time></trkpt><trkpt lat="45.506857" lon="25.233727"><ele>1472.0</ele><time>2026-07-31T12:03:24Z</time></trkpt><trkpt lat="45.50677" lon="25.233757"><ele>1471.9</ele><time>2026-07-31T12:03:27Z</time></trkpt><trkpt lat="45.50668" lon="25.233788"><ele>1472.0</ele><time>2026-07-31T12:03:30Z</time></trkpt><trkpt lat="45.50659" lon="25.233813"><ele>1472.5</ele><time>2026-07-31T12:03:33Z</time></trkpt><trkpt lat="45.506508" lon="25.233875"><ele>1472.7</ele><time>2026-07-31T12:03:36Z</time></trkpt><trkpt lat="45.50643" lon="25.233952"><ele>1472.4</ele><time>2026-07-31T12:03:39Z</time></trkpt><trkpt lat="45.506368" lon="25.234003"><ele>1472.5</ele><time>2026-07-31T12:03:42Z</time></trkpt><trkpt lat="45.506293" lon="25.23405"><ele>1472.5</ele><time>2026-07-31T12:03:45Z</time></trkpt><trkpt lat="45.506215" lon="25.234083"><ele>1472.4</ele><time>2026-07-31T12:03:48Z</time></trkpt><trkpt lat="45.506143" lon="25.23412"><ele>1473.3</ele><time>2026-07-31T12:03:51Z</time></trkpt><trkpt lat="45.50607" lon="25.234172"><ele>1474.1</ele><time>2026-07-31T12:03:54Z</time></trkpt><trkpt lat="45.506" lon="25.234237"><ele>1473.9</ele><time>2026-07-31T12:03:58Z</time></trkpt><trkpt lat="45.505935" lon="25.234305"><ele>1472.9</ele><time>2026-07-31T12:04:01Z</time></trkpt><trkpt lat="45.505875" lon="25.23437"><ele>1472.4</ele><time>2026-07-31T12:04:03Z</time></trkpt><trkpt lat="45.505785" lon="25.234438"><ele>1471.8</ele><time>2026-07-31T12:04:06Z</time></trkpt><trkpt lat="45.505692" lon="25.2345"><ele>1471.1</ele><time>2026-07-31T12:04:09Z</time></trkpt><trkpt lat="45.50561" lon="25.234545"><ele>1470.4</ele><time>2026-07-31T12:04:12Z</time></trkpt><trkpt lat="45.505515" lon="25.234602"><ele>1469.9</ele><time>2026-07-31T12:04:15Z</time></trkpt><trkpt lat="45.505433" lon="25.234633"><ele>1469.0</ele><time>2026-07-31T12:04:17Z</time></trkpt><trkpt lat="45.505348" lon="25.23466"><ele>1468.2</ele><time>2026-07-31T12:04:19Z</time></trkpt><trkpt lat="45.505272" lon="25.234717"><ele>1467.6</ele><time>2026-07-31T12:04:21Z</time></trkpt><trkpt lat="45.505195" lon="25.234778"><ele>1467.0</ele><time>2026-07-31T12:04:23Z</time></trkpt><trkpt lat="45.505122" lon="25.234838"><ele>1466.5</ele><time>2026-07-31T12:04:25Z</time></trkpt><trkpt lat="45.505043" lon="25.234875"><ele>1465.9</ele><time>2026-07-31T12:04:27Z</time></trkpt><trkpt lat="45.504968" lon="25.234917"><ele>1465.4</ele><time>2026-07-31T12:04:29Z</time></trkpt><trkpt lat="45.504883" lon="25.234987"><ele>1464.5</ele><time>2026-07-31T12:04:32Z</time></trkpt><trkpt lat="45.504788" lon="25.235072"><ele>1463.8</ele><time>2026-07-31T12:04:35Z</time></trkpt><trkpt lat="45.50472" lon="25.235137"><ele>1462.9</ele><time>2026-07-31T12:04:37Z</time></trkpt><trkpt lat="45.504658" lon="25.235212"><ele>1461.8</ele><time>2026-07-31T12:04:39Z</time></trkpt><trkpt lat="45.504572" lon="25.23532"><ele>1460.4</ele><time>2026-07-31T12:04:41Z</time></trkpt><trkpt lat="45.504477" lon="25.235457"><ele>1458.7</ele><time>2026-07-31T12:04:43Z</time></trkpt><trkpt lat="45.504375" lon="25.235585"><ele>1457.1</ele><time>2026-07-31T12:04:45Z</time></trkpt><trkpt lat="45.504272" lon="25.235728"><ele>1455.7</ele><time>2026-07-31T12:04:47Z</time></trkpt><trkpt lat="45.504218" lon="25.2358"><ele>1455.1</ele><time>2026-07-31T12:04:48Z</time></trkpt><trkpt lat="45.50416" lon="25.235868"><ele>1454.5</ele><time>2026-07-31T12:04:49Z</time></trkpt><trkpt lat="45.504093" lon="25.235932"><ele>1454.5</ele><time>2026-07-31T12:04:50Z</time></trkpt><trkpt lat="45.504025" lon="25.235987"><ele>1454.0</ele><time>2026-07-31T12:04:51Z</time></trkpt><trkpt lat="45.503953" lon="25.236032"><ele>1453.5</ele><time>2026-07-31T12:04:52Z</time></trkpt><trkpt lat="45.503888" lon="25.236073"><ele>1453.1</ele><time>2026-07-31T12:04:53Z</time></trkpt><trkpt lat="45.50382" lon="25.236118"><ele>1452.6</ele><time>2026-07-31T12:04:54Z</time></trkpt><trkpt lat="45.503755" lon="25.23617"><ele>1452.1</ele><time>2026-07-31T12:04:55Z</time></trkpt><trkpt lat="45.503642" lon="25.236285"><ele>1451.1</ele><time>2026-07-31T12:04:57Z</time></trkpt><trkpt lat="45.503583" lon="25.236345"><ele>1450.7</ele><time>2026-07-31T12:04:58Z</time></trkpt><trkpt lat="45.503468" lon="25.236457"><ele>1450.1</ele><time>2026-07-31T12:05:00Z</time></trkpt><trkpt lat="45.503382" lon="25.236548"><ele>1449.4</ele><time>2026-07-31T12:05:02Z</time></trkpt><trkpt lat="45.503315" lon="25.236615"><ele>1449.0</ele><time>2026-07-31T12:05:04Z</time></trkpt><trkpt lat="45.50324" lon="25.236688"><ele>1448.8</ele><time>2026-07-31T12:05:07Z</time></trkpt><trkpt lat="45.50317" lon="25.236748"><ele>1449.3</ele><time>2026-07-31T12:05:10Z</time></trkpt><trkpt lat="45.503085" lon="25.236702"><ele>1450.9</ele><time>2026-07-31T12:05:14Z</time></trkpt><trkpt lat="45.502998" lon="25.236707"><ele>1451.7</ele><time>2026-07-31T12:05:18Z</time></trkpt><trkpt lat="45.50293" lon="25.236672"><ele>1452.4</ele><time>2026-07-31T12:05:22Z</time></trkpt><trkpt lat="45.502857" lon="25.23665"><ele>1452.7</ele><time>2026-07-31T12:05:25Z</time></trkpt><trkpt lat="45.502763" lon="25.236612"><ele>1453.2</ele><time>2026-07-31T12:05:30Z</time></trkpt><trkpt lat="45.502693" lon="25.236582"><ele>1454.5</ele><time>2026-07-31T12:05:36Z</time></trkpt><trkpt lat="45.502617" lon="25.236568"><ele>1455.7</ele><time>2026-07-31T12:05:40Z</time></trkpt><trkpt lat="45.50254" lon="25.236558"><ele>1457.2</ele><time>2026-07-31T12:05:46Z</time></trkpt><trkpt lat="45.502472" lon="25.236525"><ele>1458.3</ele><time>2026-07-31T12:05:50Z</time></trkpt><trkpt lat="45.502397" lon="25.236515"><ele>1459.4</ele><time>2026-07-31T12:05:54Z</time></trkpt><trkpt lat="45.502323" lon="25.236503"><ele>1460.3</ele><time>2026-07-31T12:05:58Z</time></trkpt><trkpt lat="45.502238" lon="25.236497"><ele>1460.8</ele><time>2026-07-31T12:06:03Z</time></trkpt><trkpt lat="45.502155" lon="25.236515"><ele>1461.9</ele><time>2026-07-31T12:06:10Z</time></trkpt><trkpt lat="45.502077" lon="25.236512"><ele>1462.8</ele><time>2026-07-31T12:06:16Z</time></trkpt><trkpt lat="45.502003" lon="25.236547"><ele>1463.6</ele><time>2026-07-31T12:06:22Z</time></trkpt><trkpt lat="45.501933" lon="25.236578"><ele>1464.4</ele><time>2026-07-31T12:06:27Z</time></trkpt><trkpt lat="45.501857" lon="25.23659"><ele>1465.2</ele><time>2026-07-31T12:06:34Z</time></trkpt><trkpt lat="45.50177" lon="25.236618"><ele>1466.2</ele><time>2026-07-31T12:06:39Z</time></trkpt><trkpt lat="45.501705" lon="25.236665"><ele>1466.7</ele><time>2026-07-31T12:06:43Z</time></trkpt><trkpt lat="45.501622" lon="25.23673"><ele>1466.6</ele><time>2026-07-31T12:06:47Z</time></trkpt><trkpt lat="45.501558" lon="25.236802"><ele>1466.6</ele><time>2026-07-31T12:06:51Z</time></trkpt><trkpt lat="45.501493" lon="25.236848"><ele>1466.7</ele><time>2026-07-31T12:06:54Z</time></trkpt><trkpt lat="45.501417" lon="25.236898"><ele>1466.9</ele><time>2026-07-31T12:06:58Z</time></trkpt><trkpt lat="45.50135" lon="25.236957"><ele>1467.7</ele><time>2026-07-31T12:07:03Z</time></trkpt><trkpt lat="45.501268" lon="25.237"><ele>1468.8</ele><time>2026-07-31T12:07:08Z</time></trkpt><trkpt lat="45.501197" lon="25.237047"><ele>1469.5</ele><time>2026-07-31T12:07:12Z</time></trkpt><trkpt lat="45.50113" lon="25.237085"><ele>1470.0</ele><time>2026-07-31T12:07:15Z</time></trkpt><trkpt lat="45.50106" lon="25.237113"><ele>1470.2</ele><time>2026-07-31T12:07:18Z</time></trkpt><trkpt lat="45.500973" lon="25.237145"><ele>1470.9</ele><time>2026-07-31T12:07:22Z</time></trkpt><trkpt lat="45.500893" lon="25.237187"><ele>1471.5</ele><time>2026-07-31T12:07:27Z</time></trkpt><trkpt lat="45.500817" lon="25.237197"><ele>1471.7</ele><time>2026-07-31T12:07:32Z</time></trkpt><trkpt lat="45.500743" lon="25.237207"><ele>1471.6</ele><time>2026-07-31T12:07:35Z</time></trkpt><trkpt lat="45.500668" lon="25.237208"><ele>1471.3</ele><time>2026-07-31T12:07:38Z</time></trkpt><trkpt lat="45.500588" lon="25.237257"><ele>1470.7</ele><time>2026-07-31T12:07:41Z</time></trkpt><trkpt lat="45.500505" lon="25.237285"><ele>1470.4</ele><time>2026-07-31T12:07:44Z</time></trkpt><trkpt lat="45.500445" lon="25.237212"><ele>1469.9</ele><time>2026-07-31T12:07:47Z</time></trkpt><trkpt lat="45.500402" lon="25.237113"><ele>1469.0</ele><time>2026-07-31T12:07:49Z</time></trkpt><trkpt lat="45.50036" lon="25.237028"><ele>1467.7</ele><time>2026-07-31T12:07:51Z</time></trkpt><trkpt lat="45.500307" lon="25.236892"><ele>1465.4</ele><time>2026-07-31T12:07:54Z</time></trkpt><trkpt lat="45.500283" lon="25.236747"><ele>1463.8</ele><time>2026-07-31T12:07:57Z</time></trkpt><trkpt lat="45.500243" lon="25.236537"><ele>1463.2</ele><time>2026-07-31T12:07:59Z</time></trkpt><trkpt lat="45.500237" lon="25.236412"><ele>1462.9</ele><time>2026-07-31T12:08:01Z</time></trkpt><trkpt lat="45.500232" lon="25.236275"><ele>1462.4</ele><time>2026-07-31T12:08:04Z</time></trkpt><trkpt lat="45.500233" lon="25.236163"><ele>1462.0</ele><time>2026-07-31T12:08:06Z</time></trkpt><trkpt lat="45.500227" lon="25.236045"><ele>1461.6</ele><time>2026-07-31T12:08:08Z</time></trkpt><trkpt lat="45.500217" lon="25.235937"><ele>1461.1</ele><time>2026-07-31T12:08:11Z</time></trkpt><trkpt lat="45.500207" lon="25.235833"><ele>1460.9</ele><time>2026-07-31T12:08:14Z</time></trkpt><trkpt lat="45.500233" lon="25.235702"><ele>1460.8</ele><time>2026-07-31T12:08:19Z</time></trkpt><trkpt lat="45.50027" lon="25.235612"><ele>1460.7</ele><time>2026-07-31T12:08:24Z</time></trkpt><trkpt lat="45.50029" lon="25.235488"><ele>1460.8</ele><time>2026-07-31T12:08:28Z</time></trkpt><trkpt lat="45.500318" lon="25.235392"><ele>1460.9</ele><time>2026-07-31T12:08:31Z</time></trkpt><trkpt lat="45.500328" lon="25.235285"><ele>1460.8</ele><time>2026-07-31T12:08:34Z</time></trkpt><trkpt lat="45.500313" lon="25.235178"><ele>1460.5</ele><time>2026-07-31T12:08:37Z</time></trkpt><trkpt lat="45.500282" lon="25.235002"><ele>1459.8</ele><time>2026-07-31T12:08:39Z</time></trkpt><trkpt lat="45.500245" lon="25.23487"><ele>1458.8</ele><time>2026-07-31T12:08:41Z</time></trkpt><trkpt lat="45.500207" lon="25.234767"><ele>1457.6</ele><time>2026-07-31T12:08:43Z</time></trkpt><trkpt lat="45.500145" lon="25.234658"><ele>1455.6</ele><time>2026-07-31T12:08:46Z</time></trkpt><trkpt lat="45.500088" lon="25.234568"><ele>1452.4</ele><time>2026-07-31T12:09:16Z</time></trkpt><trkpt lat="45.50001" lon="25.234508"><ele>1451.3</ele><time>2026-07-31T12:09:19Z</time></trkpt><trkpt lat="45.499928" lon="25.234442"><ele>1450.0</ele><time>2026-07-31T12:09:21Z</time></trkpt><trkpt lat="45.49983" lon="25.234415"><ele>1448.0</ele><time>2026-07-31T12:09:23Z</time></trkpt><trkpt lat="45.499725" lon="25.23436"><ele>1444.1</ele><time>2026-07-31T12:09:26Z</time></trkpt><trkpt lat="45.49964" lon="25.234325"><ele>1441.8</ele><time>2026-07-31T12:09:29Z</time></trkpt><trkpt lat="45.499563" lon="25.234293"><ele>1439.3</ele><time>2026-07-31T12:09:32Z</time></trkpt><trkpt lat="45.499472" lon="25.234228"><ele>1437.5</ele><time>2026-07-31T12:09:35Z</time></trkpt><trkpt lat="45.49939" lon="25.234147"><ele>1435.4</ele><time>2026-07-31T12:09:38Z</time></trkpt><trkpt lat="45.499332" lon="25.234075"><ele>1433.9</ele><time>2026-07-31T12:09:40Z</time></trkpt><trkpt lat="45.499252" lon="25.234007"><ele>1432.4</ele><time>2026-07-31T12:09:42Z</time></trkpt><trkpt lat="45.499153" lon="25.233943"><ele>1431.1</ele><time>2026-07-31T12:09:44Z</time></trkpt><trkpt lat="45.49908" lon="25.233853"><ele>1430.5</ele><time>2026-07-31T12:09:46Z</time></trkpt><trkpt lat="45.499025" lon="25.233787"><ele>1429.8</ele><time>2026-07-31T12:09:47Z</time></trkpt><trkpt lat="45.498943" lon="25.233683"><ele>1428.5</ele><time>2026-07-31T12:09:49Z</time></trkpt><trkpt lat="45.498893" lon="25.233578"><ele>1426.9</ele><time>2026-07-31T12:09:51Z</time></trkpt><trkpt lat="45.498817" lon="25.233472"><ele>1425.5</ele><time>2026-07-31T12:09:53Z</time></trkpt><trkpt lat="45.498708" lon="25.233357"><ele>1424.4</ele><time>2026-07-31T12:09:55Z</time></trkpt><trkpt lat="45.498645" lon="25.2333"><ele>1424.0</ele><time>2026-07-31T12:09:56Z</time></trkpt><trkpt lat="45.498558" lon="25.233193"><ele>1423.0</ele><time>2026-07-31T12:09:58Z</time></trkpt><trkpt lat="45.498497" lon="25.233093"><ele>1421.9</ele><time>2026-07-31T12:10:00Z</time></trkpt><trkpt lat="45.498443" lon="25.233007"><ele>1421.2</ele><time>2026-07-31T12:10:01Z</time></trkpt><trkpt lat="45.498255" lon="25.232808"><ele>1420.6</ele><time>2026-07-31T12:10:03Z</time></trkpt><trkpt lat="45.498173" lon="25.23273"><ele>1419.2</ele><time>2026-07-31T12:10:05Z</time></trkpt><trkpt lat="45.498103" lon="25.2327"><ele>1415.9</ele><time>2026-07-31T12:10:11Z</time></trkpt><trkpt lat="45.498028" lon="25.232678"><ele>1414.7</ele><time>2026-07-31T12:10:20Z</time></trkpt><trkpt lat="45.497972" lon="25.232767"><ele>1414.2</ele><time>2026-07-31T12:10:24Z</time></trkpt><trkpt lat="45.497933" lon="25.232865"><ele>1412.5</ele><time>2026-07-31T12:10:28Z</time></trkpt><trkpt lat="45.497888" lon="25.233007"><ele>1410.9</ele><time>2026-07-31T12:10:31Z</time></trkpt><trkpt lat="45.497865" lon="25.233122"><ele>1409.9</ele><time>2026-07-31T12:10:33Z</time></trkpt><trkpt lat="45.49784" lon="25.233252"><ele>1408.9</ele><time>2026-07-31T12:10:35Z</time></trkpt><trkpt lat="45.497813" lon="25.233365"><ele>1407.7</ele><time>2026-07-31T12:10:38Z</time></trkpt><trkpt lat="45.497788" lon="25.233497"><ele>1405.6</ele><time>2026-07-31T12:10:43Z</time></trkpt><trkpt lat="45.497793" lon="25.23362"><ele>1404.9</ele><time>2026-07-31T12:10:46Z</time></trkpt><trkpt lat="45.497787" lon="25.233745"><ele>1403.4</ele><time>2026-07-31T12:10:49Z</time></trkpt><trkpt lat="45.497743" lon="25.23384"><ele>1401.7</ele><time>2026-07-31T12:10:52Z</time></trkpt><trkpt lat="45.497682" lon="25.233923"><ele>1400.2</ele><time>2026-07-31T12:10:56Z</time></trkpt><trkpt lat="45.497603" lon="25.233915"><ele>1399.3</ele><time>2026-07-31T12:10:59Z</time></trkpt><trkpt lat="45.497525" lon="25.233938"><ele>1398.6</ele><time>2026-07-31T12:11:02Z</time></trkpt><trkpt lat="45.49743" lon="25.233935"><ele>1397.9</ele><time>2026-07-31T12:11:05Z</time></trkpt><trkpt lat="45.497338" lon="25.23391"><ele>1397.0</ele><time>2026-07-31T12:11:07Z</time></trkpt><trkpt lat="45.497262" lon="25.233903"><ele>1395.9</ele><time>2026-07-31T12:11:09Z</time></trkpt><trkpt lat="45.497182" lon="25.23386"><ele>1394.6</ele><time>2026-07-31T12:11:11Z</time></trkpt><trkpt lat="45.497098" lon="25.2338"><ele>1394.1</ele><time>2026-07-31T12:11:13Z</time></trkpt><trkpt lat="45.497027" lon="25.233778"><ele>1393.3</ele><time>2026-07-31T12:11:15Z</time></trkpt><trkpt lat="45.496945" lon="25.233755"><ele>1392.9</ele><time>2026-07-31T12:11:17Z</time></trkpt><trkpt lat="45.496858" lon="25.233705"><ele>1392.5</ele><time>2026-07-31T12:11:19Z</time></trkpt><trkpt lat="45.496755" lon="25.233623"><ele>1391.9</ele><time>2026-07-31T12:11:21Z</time></trkpt><trkpt lat="45.496652" lon="25.233555"><ele>1391.2</ele><time>2026-07-31T12:11:23Z</time></trkpt><trkpt lat="45.496532" lon="25.233512"><ele>1390.0</ele><time>2026-07-31T12:11:25Z</time></trkpt><trkpt lat="45.496417" lon="25.23346"><ele>1388.8</ele><time>2026-07-31T12:11:27Z</time></trkpt><trkpt lat="45.496313" lon="25.233392"><ele>1387.8</ele><time>2026-07-31T12:11:29Z</time></trkpt><trkpt lat="45.496247" lon="25.233283"><ele>1387.5</ele><time>2026-07-31T12:11:31Z</time></trkpt><trkpt lat="45.496185" lon="25.233192"><ele>1386.8</ele><time>2026-07-31T12:11:33Z</time></trkpt><trkpt lat="45.49612" lon="25.233115"><ele>1386.3</ele><time>2026-07-31T12:11:35Z</time></trkpt><trkpt lat="45.49605" lon="25.233048"><ele>1385.9</ele><time>2026-07-31T12:11:37Z</time></trkpt><trkpt lat="45.495988" lon="25.232973"><ele>1385.5</ele><time>2026-07-31T12:11:39Z</time></trkpt><trkpt lat="45.49593" lon="25.232903"><ele>1384.5</ele><time>2026-07-31T12:11:43Z</time></trkpt><trkpt lat="45.495877" lon="25.232835"><ele>1383.6</ele><time>2026-07-31T12:12:03Z</time></trkpt><trkpt lat="45.495815" lon="25.232752"><ele>1383.4</ele><time>2026-07-31T12:12:08Z</time></trkpt><trkpt lat="45.49577" lon="25.23266"><ele>1383.1</ele><time>2026-07-31T12:12:12Z</time></trkpt><trkpt lat="45.495713" lon="25.232552"><ele>1382.7</ele><time>2026-07-31T12:12:16Z</time></trkpt><trkpt lat="45.495668" lon="25.232435"><ele>1382.0</ele><time>2026-07-31T12:12:20Z</time></trkpt><trkpt lat="45.495622" lon="25.232348"><ele>1381.5</ele><time>2026-07-31T12:12:23Z</time></trkpt><trkpt lat="45.49558" lon="25.232238"><ele>1380.7</ele><time>2026-07-31T12:12:26Z</time></trkpt><trkpt lat="45.495522" lon="25.232125"><ele>1379.0</ele><time>2026-07-31T12:12:29Z</time></trkpt><trkpt lat="45.49548" lon="25.23203"><ele>1376.8</ele><time>2026-07-31T12:12:32Z</time></trkpt><trkpt lat="45.49542" lon="25.23187"><ele>1376.1</ele><time>2026-07-31T12:12:33Z</time></trkpt><trkpt lat="45.495303" lon="25.231722"><ele>1375.5</ele><time>2026-07-31T12:12:34Z</time></trkpt><trkpt lat="45.49524" lon="25.231593"><ele>1374.6</ele><time>2026-07-31T12:12:36Z</time></trkpt><trkpt lat="45.495165" lon="25.231473"><ele>1373.6</ele><time>2026-07-31T12:12:38Z</time></trkpt><trkpt lat="45.495032" lon="25.231428"><ele>1373.1</ele><time>2026-07-31T12:12:40Z</time></trkpt><trkpt lat="45.494922" lon="25.231395"><ele>1372.1</ele><time>2026-07-31T12:12:42Z</time></trkpt><trkpt lat="45.49493" lon="25.231265"><ele>1370.4</ele><time>2026-07-31T12:12:54Z</time></trkpt><trkpt lat="45.494968" lon="25.231142"><ele>1370.2</ele><time>2026-07-31T12:12:58Z</time></trkpt><trkpt lat="45.494933" lon="25.231238"><ele>1370.3</ele><time>2026-07-31T12:13:10Z</time></trkpt><trkpt lat="45.494887" lon="25.231337"><ele>1370.5</ele><time>2026-07-31T12:13:14Z</time></trkpt><trkpt lat="45.494825" lon="25.23141"><ele>1371.4</ele><time>2026-07-31T12:14:06Z</time></trkpt><trkpt lat="45.494753" lon="25.23145"><ele>1371.8</ele><time>2026-07-31T12:14:10Z</time></trkpt><trkpt lat="45.494682" lon="25.231515"><ele>1372.6</ele><time>2026-07-31T12:14:15Z</time></trkpt><trkpt lat="45.494623" lon="25.231597"><ele>1373.3</ele><time>2026-07-31T12:14:19Z</time></trkpt><trkpt lat="45.49457" lon="25.231677"><ele>1374.0</ele><time>2026-07-31T12:14:23Z</time></trkpt><trkpt lat="45.494537" lon="25.231785"><ele>1374.2</ele><time>2026-07-31T12:14:26Z</time></trkpt><trkpt lat="45.494497" lon="25.231895"><ele>1374.7</ele><time>2026-07-31T12:14:30Z</time></trkpt><trkpt lat="45.494457" lon="25.232005"><ele>1375.3</ele><time>2026-07-31T12:14:34Z</time></trkpt><trkpt lat="45.494415" lon="25.232087"><ele>1376.3</ele><time>2026-07-31T12:14:39Z</time></trkpt><trkpt lat="45.494378" lon="25.232185"><ele>1376.9</ele><time>2026-07-31T12:14:44Z</time></trkpt><trkpt lat="45.494333" lon="25.23228"><ele>1376.6</ele><time>2026-07-31T12:14:59Z</time></trkpt><trkpt lat="45.494345" lon="25.232387"><ele>1377.1</ele><time>2026-07-31T12:15:46Z</time></trkpt><trkpt lat="45.494338" lon="25.232498"><ele>1377.6</ele><time>2026-07-31T12:15:50Z</time></trkpt><trkpt lat="45.494335" lon="25.2326"><ele>1377.9</ele><time>2026-07-31T12:15:53Z</time></trkpt><trkpt lat="45.494327" lon="25.232705"><ele>1378.2</ele><time>2026-07-31T12:15:56Z</time></trkpt><trkpt lat="45.49434" lon="25.232815"><ele>1378.6</ele><time>2026-07-31T12:15:59Z</time></trkpt><trkpt lat="45.494347" lon="25.232938"><ele>1379.2</ele><time>2026-07-31T12:16:03Z</time></trkpt><trkpt lat="45.494395" lon="25.233067"><ele>1379.7</ele><time>2026-07-31T12:16:07Z</time></trkpt><trkpt lat="45.494427" lon="25.233192"><ele>1379.7</ele><time>2026-07-31T12:16:10Z</time></trkpt><trkpt lat="45.494435" lon="25.233298"><ele>1379.6</ele><time>2026-07-31T12:16:13Z</time></trkpt><trkpt lat="45.49444" lon="25.233433"><ele>1379.7</ele><time>2026-07-31T12:16:16Z</time></trkpt><trkpt lat="45.494442" lon="25.233543"><ele>1380.6</ele><time>2026-07-31T12:16:20Z</time></trkpt><trkpt lat="45.494438" lon="25.23367"><ele>1381.6</ele><time>2026-07-31T12:16:23Z</time></trkpt><trkpt lat="45.494442" lon="25.233793"><ele>1382.4</ele><time>2026-07-31T12:16:27Z</time></trkpt><trkpt lat="45.494425" lon="25.23391"><ele>1383.0</ele><time>2026-07-31T12:16:30Z</time></trkpt><trkpt lat="45.494442" lon="25.234033"><ele>1383.4</ele><time>2026-07-31T12:16:33Z</time></trkpt><trkpt lat="45.494443" lon="25.234137"><ele>1383.9</ele><time>2026-07-31T12:16:36Z</time></trkpt><trkpt lat="45.494435" lon="25.234242"><ele>1384.2</ele><time>2026-07-31T12:16:39Z</time></trkpt><trkpt lat="45.494435" lon="25.234367"><ele>1384.4</ele><time>2026-07-31T12:16:42Z</time></trkpt><trkpt lat="45.494427" lon="25.234483"><ele>1384.4</ele><time>2026-07-31T12:16:45Z</time></trkpt><trkpt lat="45.494437" lon="25.234605"><ele>1384.4</ele><time>2026-07-31T12:16:48Z</time></trkpt><trkpt lat="45.494423" lon="25.23478"><ele>1384.0</ele><time>2026-07-31T12:16:51Z</time></trkpt><trkpt lat="45.494387" lon="25.234907"><ele>1383.7</ele><time>2026-07-31T12:16:54Z</time></trkpt><trkpt lat="45.494322" lon="25.234973"><ele>1383.6</ele><time>2026-07-31T12:16:58Z</time></trkpt><trkpt lat="45.494245" lon="25.235007"><ele>1383.9</ele><time>2026-07-31T12:17:02Z</time></trkpt><trkpt lat="45.494155" lon="25.23504"><ele>1384.4</ele><time>2026-07-31T12:17:06Z</time></trkpt><trkpt lat="45.494077" lon="25.235078"><ele>1384.7</ele><time>2026-07-31T12:17:09Z</time></trkpt><trkpt lat="45.493983" lon="25.235107"><ele>1385.0</ele><time>2026-07-31T12:17:12Z</time></trkpt><trkpt lat="45.493893" lon="25.235118"><ele>1385.3</ele><time>2026-07-31T12:17:15Z</time></trkpt><trkpt lat="45.4938" lon="25.23516"><ele>1385.4</ele><time>2026-07-31T12:17:18Z</time></trkpt><trkpt lat="45.493727" lon="25.235165"><ele>1385.5</ele><time>2026-07-31T12:17:20Z</time></trkpt><trkpt lat="45.493645" lon="25.235168"><ele>1385.7</ele><time>2026-07-31T12:17:23Z</time></trkpt><trkpt lat="45.493557" lon="25.235182"><ele>1386.0</ele><time>2026-07-31T12:17:26Z</time></trkpt><trkpt lat="45.493482" lon="25.235207"><ele>1386.0</ele><time>2026-07-31T12:17:28Z</time></trkpt><trkpt lat="45.493378" lon="25.235233"><ele>1386.1</ele><time>2026-07-31T12:17:31Z</time></trkpt><trkpt lat="45.493278" lon="25.235255"><ele>1386.1</ele><time>2026-07-31T12:17:34Z</time></trkpt><trkpt lat="45.493182" lon="25.235287"><ele>1386.2</ele><time>2026-07-31T12:17:37Z</time></trkpt><trkpt lat="45.493112" lon="25.235308"><ele>1386.3</ele><time>2026-07-31T12:17:39Z</time></trkpt><trkpt lat="45.493037" lon="25.235322"><ele>1386.5</ele><time>2026-07-31T12:17:41Z</time></trkpt><trkpt lat="45.492962" lon="25.235338"><ele>1386.7</ele><time>2026-07-31T12:17:43Z</time></trkpt><trkpt lat="45.492868" lon="25.235367"><ele>1387.2</ele><time>2026-07-31T12:17:46Z</time></trkpt><trkpt lat="45.492797" lon="25.235397"><ele>1387.6</ele><time>2026-07-31T12:17:49Z</time></trkpt><trkpt lat="45.492735" lon="25.235452"><ele>1388.0</ele><time>2026-07-31T12:17:53Z</time></trkpt><trkpt lat="45.492652" lon="25.235497"><ele>1388.2</ele><time>2026-07-31T12:18:16Z</time></trkpt><trkpt lat="45.492585" lon="25.235572"><ele>1389.2</ele><time>2026-07-31T12:18:22Z</time></trkpt><trkpt lat="45.492525" lon="25.235632"><ele>1390.4</ele><time>2026-07-31T12:18:26Z</time></trkpt><trkpt lat="45.492462" lon="25.2357"><ele>1391.4</ele><time>2026-07-31T12:18:31Z</time></trkpt><trkpt lat="45.492385" lon="25.235758"><ele>1392.5</ele><time>2026-07-31T12:18:37Z</time></trkpt><trkpt lat="45.49231" lon="25.235798"><ele>1393.8</ele><time>2026-07-31T12:18:42Z</time></trkpt><trkpt lat="45.492235" lon="25.235825"><ele>1395.1</ele><time>2026-07-31T12:18:47Z</time></trkpt><trkpt lat="45.492162" lon="25.235865"><ele>1396.5</ele><time>2026-07-31T12:18:51Z</time></trkpt><trkpt lat="45.492105" lon="25.23594"><ele>1398.2</ele><time>2026-07-31T12:19:01Z</time></trkpt><trkpt lat="45.492037" lon="25.235972"><ele>1398.8</ele><time>2026-07-31T12:19:08Z</time></trkpt><trkpt lat="45.491967" lon="25.236017"><ele>1399.7</ele><time>2026-07-31T12:19:15Z</time></trkpt><trkpt lat="45.49191" lon="25.23609"><ele>1400.6</ele><time>2026-07-31T12:19:20Z</time></trkpt><trkpt lat="45.491845" lon="25.23617"><ele>1401.3</ele><time>2026-07-31T12:19:25Z</time></trkpt><trkpt lat="45.491783" lon="25.23623"><ele>1402.2</ele><time>2026-07-31T12:19:31Z</time></trkpt><trkpt lat="45.49172" lon="25.236295"><ele>1403.4</ele><time>2026-07-31T12:19:37Z</time></trkpt><trkpt lat="45.491657" lon="25.23636"><ele>1404.1</ele><time>2026-07-31T12:19:42Z</time></trkpt><trkpt lat="45.4916" lon="25.236428"><ele>1404.8</ele><time>2026-07-31T12:19:48Z</time></trkpt><trkpt lat="45.49153" lon="25.236483"><ele>1405.7</ele><time>2026-07-31T12:19:53Z</time></trkpt><trkpt lat="45.491458" lon="25.236547"><ele>1406.3</ele><time>2026-07-31T12:19:58Z</time></trkpt><trkpt lat="45.491378" lon="25.236597"><ele>1406.9</ele><time>2026-07-31T12:20:03Z</time></trkpt><trkpt lat="45.491307" lon="25.236648"><ele>1407.3</ele><time>2026-07-31T12:20:08Z</time></trkpt><trkpt lat="45.491235" lon="25.236683"><ele>1407.6</ele><time>2026-07-31T12:20:12Z</time></trkpt><trkpt lat="45.491167" lon="25.23672"><ele>1407.9</ele><time>2026-07-31T12:20:16Z</time></trkpt><trkpt lat="45.491083" lon="25.236782"><ele>1408.6</ele><time>2026-07-31T12:20:20Z</time></trkpt><trkpt lat="45.490998" lon="25.236838"><ele>1409.4</ele><time>2026-07-31T12:20:24Z</time></trkpt><trkpt lat="45.490918" lon="25.23688"><ele>1409.9</ele><time>2026-07-31T12:20:28Z</time></trkpt><trkpt lat="45.490845" lon="25.236922"><ele>1410.3</ele><time>2026-07-31T12:20:32Z</time></trkpt><trkpt lat="45.490773" lon="25.23697"><ele>1410.4</ele><time>2026-07-31T12:20:36Z</time></trkpt><trkpt lat="45.490707" lon="25.237022"><ele>1410.5</ele><time>2026-07-31T12:20:40Z</time></trkpt><trkpt lat="45.49064" lon="25.237085"><ele>1410.6</ele><time>2026-07-31T12:20:44Z</time></trkpt><trkpt lat="45.490577" lon="25.237165"><ele>1410.6</ele><time>2026-07-31T12:20:48Z</time></trkpt><trkpt lat="45.490508" lon="25.237248"><ele>1410.5</ele><time>2026-07-31T12:20:52Z</time></trkpt><trkpt lat="45.490467" lon="25.237335"><ele>1410.2</ele><time>2026-07-31T12:20:56Z</time></trkpt><trkpt lat="45.490417" lon="25.237428"><ele>1410.0</ele><time>2026-07-31T12:20:58Z</time></trkpt><trkpt lat="45.490378" lon="25.23753"><ele>1409.5</ele><time>2026-07-31T12:21:01Z</time></trkpt><trkpt lat="45.490352" lon="25.237685"><ele>1409.3</ele><time>2026-07-31T12:21:04Z</time></trkpt><trkpt lat="45.490307" lon="25.237828"><ele>1408.9</ele><time>2026-07-31T12:21:06Z</time></trkpt><trkpt lat="45.490242" lon="25.238005"><ele>1408.5</ele><time>2026-07-31T12:21:08Z</time></trkpt><trkpt lat="45.49019" lon="25.238078"><ele>1408.0</ele><time>2026-07-31T12:21:09Z</time></trkpt><trkpt lat="45.490098" lon="25.238198"><ele>1407.0</ele><time>2026-07-31T12:21:11Z</time></trkpt><trkpt lat="45.490035" lon="25.238257"><ele>1406.3</ele><time>2026-07-31T12:21:13Z</time></trkpt><trkpt lat="45.489982" lon="25.238338"><ele>1406.5</ele><time>2026-07-31T12:21:17Z</time></trkpt><trkpt lat="45.489918" lon="25.238418"><ele>1407.4</ele><time>2026-07-31T12:21:21Z</time></trkpt><trkpt lat="45.489858" lon="25.238487"><ele>1408.3</ele><time>2026-07-31T12:21:25Z</time></trkpt><trkpt lat="45.48979" lon="25.238543"><ele>1409.4</ele><time>2026-07-31T12:21:28Z</time></trkpt><trkpt lat="45.489725" lon="25.238613"><ele>1411.0</ele><time>2026-07-31T12:21:34Z</time></trkpt><trkpt lat="45.48965" lon="25.238663"><ele>1413.0</ele><time>2026-07-31T12:21:42Z</time></trkpt><trkpt lat="45.489588" lon="25.23872"><ele>1414.5</ele><time>2026-07-31T12:21:47Z</time></trkpt><trkpt lat="45.489518" lon="25.238787"><ele>1416.2</ele><time>2026-07-31T12:21:53Z</time></trkpt><trkpt lat="45.489458" lon="25.23887"><ele>1417.2</ele><time>2026-07-31T12:21:58Z</time></trkpt><trkpt lat="45.489418" lon="25.238973"><ele>1418.6</ele><time>2026-07-31T12:22:05Z</time></trkpt><trkpt lat="45.489385" lon="25.239078"><ele>1419.4</ele><time>2026-07-31T12:22:11Z</time></trkpt><trkpt lat="45.489333" lon="25.239157"><ele>1420.5</ele><time>2026-07-31T12:22:17Z</time></trkpt><trkpt lat="45.48931" lon="25.23927"><ele>1422.2</ele><time>2026-07-31T12:22:46Z</time></trkpt><trkpt lat="45.489257" lon="25.239375"><ele>1422.7</ele><time>2026-07-31T12:22:52Z</time></trkpt><trkpt lat="45.489228" lon="25.23947"><ele>1422.9</ele><time>2026-07-31T12:22:56Z</time></trkpt><trkpt lat="45.489205" lon="25.239582"><ele>1423.4</ele><time>2026-07-31T12:23:01Z</time></trkpt><trkpt lat="45.489177" lon="25.239685"><ele>1423.8</ele><time>2026-07-31T12:23:05Z</time></trkpt><trkpt lat="45.489157" lon="25.239802"><ele>1424.2</ele><time>2026-07-31T12:23:09Z</time></trkpt><trkpt lat="45.489133" lon="25.239917"><ele>1424.6</ele><time>2026-07-31T12:23:13Z</time></trkpt><trkpt lat="45.489107" lon="25.240038"><ele>1424.8</ele><time>2026-07-31T12:23:17Z</time></trkpt><trkpt lat="45.489093" lon="25.240167"><ele>1425.3</ele><time>2026-07-31T12:23:21Z</time></trkpt><trkpt lat="45.489077" lon="25.24027"><ele>1425.6</ele><time>2026-07-31T12:23:25Z</time></trkpt><trkpt lat="45.489063" lon="25.24037"><ele>1426.1</ele><time>2026-07-31T12:23:29Z</time></trkpt><trkpt lat="45.489052" lon="25.24048"><ele>1426.3</ele><time>2026-07-31T12:23:35Z</time></trkpt><trkpt lat="45.488975" lon="25.240493"><ele>1426.1</ele><time>2026-07-31T12:24:06Z</time></trkpt><trkpt lat="45.489047" lon="25.240545"><ele>1425.8</ele><time>2026-07-31T12:24:26Z</time></trkpt><trkpt lat="45.489092" lon="25.240625"><ele>1426.6</ele><time>2026-07-31T12:24:37Z</time></trkpt><trkpt lat="45.489118" lon="25.240722"><ele>1426.5</ele><time>2026-07-31T12:27:08Z</time></trkpt><trkpt lat="45.489113" lon="25.240613"><ele>1427.2</ele><time>2026-07-31T12:32:45Z</time></trkpt><trkpt lat="45.489053" lon="25.24055"><ele>1426.2</ele><time>2026-07-31T12:32:51Z</time></trkpt><trkpt lat="45.489008" lon="25.240648"><ele>1425.8</ele><time>2026-07-31T12:34:58Z</time></trkpt><trkpt lat="45.488932" lon="25.240777"><ele>1424.9</ele><time>2026-07-31T12:36:31Z</time></trkpt><trkpt lat="45.488827" lon="25.240772"><ele>1424.4</ele><time>2026-07-31T12:36:33Z</time></trkpt><trkpt lat="45.488748" lon="25.240727"><ele>1423.5</ele><time>2026-07-31T12:36:35Z</time></trkpt><trkpt lat="45.48866" lon="25.24069"><ele>1422.3</ele><time>2026-07-31T12:36:37Z</time></trkpt><trkpt lat="45.488563" lon="25.240758"><ele>1420.9</ele><time>2026-07-31T12:36:39Z</time></trkpt><trkpt lat="45.488448" lon="25.240785"><ele>1419.3</ele><time>2026-07-31T12:36:41Z</time></trkpt><trkpt lat="45.488335" lon="25.240855"><ele>1418.6</ele><time>2026-07-31T12:36:42Z</time></trkpt><trkpt lat="45.48824" lon="25.240918"><ele>1417.6</ele><time>2026-07-31T12:36:44Z</time></trkpt><trkpt lat="45.488155" lon="25.240972"><ele>1416.8</ele><time>2026-07-31T12:36:47Z</time></trkpt><trkpt lat="45.488073" lon="25.241018"><ele>1416.4</ele><time>2026-07-31T12:36:51Z</time></trkpt><trkpt lat="45.488003" lon="25.24105"><ele>1416.8</ele><time>2026-07-31T12:36:55Z</time></trkpt><trkpt lat="45.487923" lon="25.241078"><ele>1417.0</ele><time>2026-07-31T12:36:58Z</time></trkpt><trkpt lat="45.487832" lon="25.241123"><ele>1417.2</ele><time>2026-07-31T12:37:01Z</time></trkpt><trkpt lat="45.487758" lon="25.241145"><ele>1417.2</ele><time>2026-07-31T12:37:03Z</time></trkpt><trkpt lat="45.487667" lon="25.241173"><ele>1417.0</ele><time>2026-07-31T12:37:05Z</time></trkpt><trkpt lat="45.487562" lon="25.24121"><ele>1416.5</ele><time>2026-07-31T12:37:07Z</time></trkpt><trkpt lat="45.48745" lon="25.241228"><ele>1416.0</ele><time>2026-07-31T12:37:09Z</time></trkpt><trkpt lat="45.487353" lon="25.241232"><ele>1415.5</ele><time>2026-07-31T12:37:11Z</time></trkpt><trkpt lat="45.48725" lon="25.241228"><ele>1415.0</ele><time>2026-07-31T12:37:13Z</time></trkpt><trkpt lat="45.487132" lon="25.24129"><ele>1414.4</ele><time>2026-07-31T12:37:15Z</time></trkpt><trkpt lat="45.48701" lon="25.241377"><ele>1413.9</ele><time>2026-07-31T12:37:17Z</time></trkpt><trkpt lat="45.486892" lon="25.241457"><ele>1412.2</ele><time>2026-07-31T12:37:19Z</time></trkpt><trkpt lat="45.486747" lon="25.241505"><ele>1409.8</ele><time>2026-07-31T12:37:21Z</time></trkpt><trkpt lat="45.48666" lon="25.241537"><ele>1408.4</ele><time>2026-07-31T12:37:22Z</time></trkpt><trkpt lat="45.486585" lon="25.241578"><ele>1406.9</ele><time>2026-07-31T12:37:23Z</time></trkpt><trkpt lat="45.486518" lon="25.241633"><ele>1405.3</ele><time>2026-07-31T12:37:24Z</time></trkpt><trkpt lat="45.486398" lon="25.241668"><ele>1402.3</ele><time>2026-07-31T12:37:26Z</time></trkpt><trkpt lat="45.48634" lon="25.241603"><ele>1400.9</ele><time>2026-07-31T12:37:27Z</time></trkpt><trkpt lat="45.486288" lon="25.241508"><ele>1399.6</ele><time>2026-07-31T12:37:28Z</time></trkpt><trkpt lat="45.486237" lon="25.24142"><ele>1398.5</ele><time>2026-07-31T12:37:29Z</time></trkpt><trkpt lat="45.486123" lon="25.241302"><ele>1396.4</ele><time>2026-07-31T12:37:31Z</time></trkpt><trkpt lat="45.486058" lon="25.241238"><ele>1395.3</ele><time>2026-07-31T12:37:32Z</time></trkpt><trkpt lat="45.485937" lon="25.241122"><ele>1394.2</ele><time>2026-07-31T12:37:34Z</time></trkpt><trkpt lat="45.48587" lon="25.241048"><ele>1393.0</ele><time>2026-07-31T12:37:35Z</time></trkpt><trkpt lat="45.485807" lon="25.240953"><ele>1391.7</ele><time>2026-07-31T12:37:36Z</time></trkpt><trkpt lat="45.485735" lon="25.240863"><ele>1390.4</ele><time>2026-07-31T12:37:37Z</time></trkpt><trkpt lat="45.485668" lon="25.240778"><ele>1389.1</ele><time>2026-07-31T12:37:38Z</time></trkpt><trkpt lat="45.485612" lon="25.240708"><ele>1387.6</ele><time>2026-07-31T12:37:39Z</time></trkpt><trkpt lat="45.485547" lon="25.240663"><ele>1386.0</ele><time>2026-07-31T12:37:40Z</time></trkpt><trkpt lat="45.485465" lon="25.240652"><ele>1384.4</ele><time>2026-07-31T12:37:41Z</time></trkpt><trkpt lat="45.485387" lon="25.24065"><ele>1382.8</ele><time>2026-07-31T12:37:42Z</time></trkpt><trkpt lat="45.485315" lon="25.240657"><ele>1381.5</ele><time>2026-07-31T12:37:43Z</time></trkpt><trkpt lat="45.485182" lon="25.24059"><ele>1379.9</ele><time>2026-07-31T12:37:45Z</time></trkpt><trkpt lat="45.485102" lon="25.240528"><ele>1379.3</ele><time>2026-07-31T12:37:46Z</time></trkpt><trkpt lat="45.48502" lon="25.240472"><ele>1378.5</ele><time>2026-07-31T12:37:47Z</time></trkpt><trkpt lat="45.484935" lon="25.240417"><ele>1377.7</ele><time>2026-07-31T12:37:48Z</time></trkpt><trkpt lat="45.484863" lon="25.240382"><ele>1376.5</ele><time>2026-07-31T12:37:49Z</time></trkpt><trkpt lat="45.484778" lon="25.24034"><ele>1375.1</ele><time>2026-07-31T12:37:51Z</time></trkpt><trkpt lat="45.484718" lon="25.240432"><ele>1370.9</ele><time>2026-07-31T12:37:54Z</time></trkpt><trkpt lat="45.484767" lon="25.240532"><ele>1368.9</ele><time>2026-07-31T12:37:56Z</time></trkpt><trkpt lat="45.484837" lon="25.240627"><ele>1367.7</ele><time>2026-07-31T12:37:58Z</time></trkpt><trkpt lat="45.48488" lon="25.240722"><ele>1365.1</ele><time>2026-07-31T12:38:01Z</time></trkpt><trkpt lat="45.484928" lon="25.240818"><ele>1364.0</ele><time>2026-07-31T12:38:02Z</time></trkpt><trkpt lat="45.485005" lon="25.240932"><ele>1361.6</ele><time>2026-07-31T12:38:04Z</time></trkpt><trkpt lat="45.485092" lon="25.241063"><ele>1359.4</ele><time>2026-07-31T12:38:06Z</time></trkpt><trkpt lat="45.485198" lon="25.241178"><ele>1357.2</ele><time>2026-07-31T12:38:08Z</time></trkpt><trkpt lat="45.485253" lon="25.241245"><ele>1357.2</ele><time>2026-07-31T12:38:09Z</time></trkpt><trkpt lat="45.485292" lon="25.241362"><ele>1356.0</ele><time>2026-07-31T12:38:10Z</time></trkpt><trkpt lat="45.485318" lon="25.241495"><ele>1354.9</ele><time>2026-07-31T12:38:11Z</time></trkpt><trkpt lat="45.48534" lon="25.241627"><ele>1353.8</ele><time>2026-07-31T12:38:12Z</time></trkpt><trkpt lat="45.485367" lon="25.241755"><ele>1352.7</ele><time>2026-07-31T12:38:13Z</time></trkpt><trkpt lat="45.485383" lon="25.241877"><ele>1351.6</ele><time>2026-07-31T12:38:14Z</time></trkpt><trkpt lat="45.485397" lon="25.242057"><ele>1349.2</ele><time>2026-07-31T12:38:16Z</time></trkpt><trkpt lat="45.485405" lon="25.242197"><ele>1346.2</ele><time>2026-07-31T12:38:18Z</time></trkpt><trkpt lat="45.485442" lon="25.242358"><ele>1343.2</ele><time>2026-07-31T12:38:20Z</time></trkpt><trkpt lat="45.485457" lon="25.242525"><ele>1340.4</ele><time>2026-07-31T12:38:22Z</time></trkpt><trkpt lat="45.48549" lon="25.242678"><ele>1338.0</ele><time>2026-07-31T12:38:24Z</time></trkpt><trkpt lat="45.485537" lon="25.242822"><ele>1336.9</ele><time>2026-07-31T12:38:26Z</time></trkpt><trkpt lat="45.485622" lon="25.242972"><ele>1334.9</ele><time>2026-07-31T12:38:28Z</time></trkpt><trkpt lat="45.485667" lon="25.243052"><ele>1334.0</ele><time>2026-07-31T12:38:29Z</time></trkpt><trkpt lat="45.485708" lon="25.243157"><ele>1333.0</ele><time>2026-07-31T12:38:30Z</time></trkpt><trkpt lat="45.485735" lon="25.243287"><ele>1332.0</ele><time>2026-07-31T12:38:31Z</time></trkpt><trkpt lat="45.485773" lon="25.24341"><ele>1330.8</ele><time>2026-07-31T12:38:32Z</time></trkpt><trkpt lat="45.485813" lon="25.243532"><ele>1329.5</ele><time>2026-07-31T12:38:33Z</time></trkpt><trkpt lat="45.485845" lon="25.243647"><ele>1328.3</ele><time>2026-07-31T12:38:34Z</time></trkpt><trkpt lat="45.485873" lon="25.243773"><ele>1327.2</ele><time>2026-07-31T12:38:35Z</time></trkpt><trkpt lat="45.485907" lon="25.243875"><ele>1326.3</ele><time>2026-07-31T12:38:36Z</time></trkpt><trkpt lat="45.485948" lon="25.244035"><ele>1324.3</ele><time>2026-07-31T12:38:38Z</time></trkpt><trkpt lat="45.486013" lon="25.244087"><ele>1322.0</ele><time>2026-07-31T12:38:40Z</time></trkpt><trkpt lat="45.486127" lon="25.24408"><ele>1319.6</ele><time>2026-07-31T12:38:42Z</time></trkpt><trkpt lat="45.486203" lon="25.244145"><ele>1318.4</ele><time>2026-07-31T12:38:43Z</time></trkpt><trkpt lat="45.486248" lon="25.244237"><ele>1318.4</ele><time>2026-07-31T12:38:44Z</time></trkpt><trkpt lat="45.486283" lon="25.244343"><ele>1317.3</ele><time>2026-07-31T12:38:45Z</time></trkpt><trkpt lat="45.48631" lon="25.24446"><ele>1316.3</ele><time>2026-07-31T12:38:46Z</time></trkpt><trkpt lat="45.48632" lon="25.244588"><ele>1315.2</ele><time>2026-07-31T12:38:47Z</time></trkpt><trkpt lat="45.486323" lon="25.244712"><ele>1314.4</ele><time>2026-07-31T12:38:48Z</time></trkpt><trkpt lat="45.486347" lon="25.244858"><ele>1313.0</ele><time>2026-07-31T12:38:50Z</time></trkpt><trkpt lat="45.48641" lon="25.244953"><ele>1311.8</ele><time>2026-07-31T12:38:52Z</time></trkpt><trkpt lat="45.48648" lon="25.245045"><ele>1310.9</ele><time>2026-07-31T12:38:54Z</time></trkpt><trkpt lat="45.486537" lon="25.24514"><ele>1309.7</ele><time>2026-07-31T12:38:56Z</time></trkpt><trkpt lat="45.486588" lon="25.245213"><ele>1308.5</ele><time>2026-07-31T12:38:58Z</time></trkpt><trkpt lat="45.486667" lon="25.245303"><ele>1307.2</ele><time>2026-07-31T12:39:01Z</time></trkpt><trkpt lat="45.48668" lon="25.245405"><ele>1305.5</ele><time>2026-07-31T12:39:03Z</time></trkpt><trkpt lat="45.486678" lon="25.245523"><ele>1303.9</ele><time>2026-07-31T12:39:05Z</time></trkpt><trkpt lat="45.486667" lon="25.245647"><ele>1301.8</ele><time>2026-07-31T12:39:07Z</time></trkpt><trkpt lat="45.48665" lon="25.245775"><ele>1299.7</ele><time>2026-07-31T12:39:09Z</time></trkpt><trkpt lat="45.486653" lon="25.245912"><ele>1297.8</ele><time>2026-07-31T12:39:11Z</time></trkpt><trkpt lat="45.486683" lon="25.24605"><ele>1296.3</ele><time>2026-07-31T12:39:13Z</time></trkpt><trkpt lat="45.486657" lon="25.246207"><ele>1294.6</ele><time>2026-07-31T12:39:15Z</time></trkpt><trkpt lat="45.486623" lon="25.246347"><ele>1292.1</ele><time>2026-07-31T12:39:17Z</time></trkpt><trkpt lat="45.48666" lon="25.246435"><ele>1289.6</ele><time>2026-07-31T12:39:20Z</time></trkpt><trkpt lat="45.486585" lon="25.246407"><ele>1286.4</ele><time>2026-07-31T12:39:52Z</time></trkpt><trkpt lat="45.486508" lon="25.246447"><ele>1286.3</ele><time>2026-07-31T12:39:55Z</time></trkpt><trkpt lat="45.486443" lon="25.246523"><ele>1286.1</ele><time>2026-07-31T12:39:57Z</time></trkpt><trkpt lat="45.486337" lon="25.24656"><ele>1285.6</ele><time>2026-07-31T12:39:59Z</time></trkpt><trkpt lat="45.486215" lon="25.246558"><ele>1284.9</ele><time>2026-07-31T12:40:01Z</time></trkpt><trkpt lat="45.486078" lon="25.24655"><ele>1283.8</ele><time>2026-07-31T12:40:03Z</time></trkpt><trkpt lat="45.485948" lon="25.24649"><ele>1282.8</ele><time>2026-07-31T12:40:05Z</time></trkpt><trkpt lat="45.485823" lon="25.246412"><ele>1282.0</ele><time>2026-07-31T12:40:07Z</time></trkpt><trkpt lat="45.485755" lon="25.246375"><ele>1281.7</ele><time>2026-07-31T12:40:08Z</time></trkpt><trkpt lat="45.485682" lon="25.246337"><ele>1281.4</ele><time>2026-07-31T12:40:09Z</time></trkpt><trkpt lat="45.485607" lon="25.246297"><ele>1281.0</ele><time>2026-07-31T12:40:10Z</time></trkpt><trkpt lat="45.485523" lon="25.246277"><ele>1281.0</ele><time>2026-07-31T12:40:11Z</time></trkpt><trkpt lat="45.48544" lon="25.24627"><ele>1280.5</ele><time>2026-07-31T12:40:12Z</time></trkpt><trkpt lat="45.485363" lon="25.24627"><ele>1280.0</ele><time>2026-07-31T12:40:13Z</time></trkpt><trkpt lat="45.48529" lon="25.246285"><ele>1279.5</ele><time>2026-07-31T12:40:14Z</time></trkpt><trkpt lat="45.485162" lon="25.246357"><ele>1278.8</ele><time>2026-07-31T12:40:16Z</time></trkpt><trkpt lat="45.485033" lon="25.246412"><ele>1278.5</ele><time>2026-07-31T12:40:18Z</time></trkpt><trkpt lat="45.484908" lon="25.246495"><ele>1278.4</ele><time>2026-07-31T12:40:20Z</time></trkpt><trkpt lat="45.48481" lon="25.246603"><ele>1278.0</ele><time>2026-07-31T12:40:22Z</time></trkpt><trkpt lat="45.484758" lon="25.24676"><ele>1277.6</ele><time>2026-07-31T12:40:24Z</time></trkpt><trkpt lat="45.484722" lon="25.246923"><ele>1277.1</ele><time>2026-07-31T12:40:26Z</time></trkpt><trkpt lat="45.4847" lon="25.247025"><ele>1276.8</ele><time>2026-07-31T12:40:28Z</time></trkpt><trkpt lat="45.484675" lon="25.247143"><ele>1275.2</ele><time>2026-07-31T12:40:31Z</time></trkpt><trkpt lat="45.484632" lon="25.247267"><ele>1273.4</ele><time>2026-07-31T12:40:35Z</time></trkpt><trkpt lat="45.4846" lon="25.247363"><ele>1272.9</ele><time>2026-07-31T12:40:37Z</time></trkpt><trkpt lat="45.484567" lon="25.24748"><ele>1272.5</ele><time>2026-07-31T12:40:39Z</time></trkpt><trkpt lat="45.484533" lon="25.247617"><ele>1271.9</ele><time>2026-07-31T12:40:41Z</time></trkpt><trkpt lat="45.484507" lon="25.247767"><ele>1271.2</ele><time>2026-07-31T12:40:43Z</time></trkpt><trkpt lat="45.48447" lon="25.247937"><ele>1270.8</ele><time>2026-07-31T12:40:45Z</time></trkpt><trkpt lat="45.484457" lon="25.24804"><ele>1270.4</ele><time>2026-07-31T12:40:46Z</time></trkpt><trkpt lat="45.48445" lon="25.248145"><ele>1269.9</ele><time>2026-07-31T12:40:47Z</time></trkpt><trkpt lat="45.484448" lon="25.248257"><ele>1269.3</ele><time>2026-07-31T12:40:48Z</time></trkpt><trkpt lat="45.484447" lon="25.248367"><ele>1268.5</ele><time>2026-07-31T12:40:49Z</time></trkpt><trkpt lat="45.484457" lon="25.248472"><ele>1267.5</ele><time>2026-07-31T12:40:50Z</time></trkpt><trkpt lat="45.484458" lon="25.248577"><ele>1266.6</ele><time>2026-07-31T12:40:51Z</time></trkpt><trkpt lat="45.484475" lon="25.24879"><ele>1264.0</ele><time>2026-07-31T12:40:53Z</time></trkpt><trkpt lat="45.48448" lon="25.2489"><ele>1262.6</ele><time>2026-07-31T12:40:54Z</time></trkpt><trkpt lat="45.484488" lon="25.249027"><ele>1261.2</ele><time>2026-07-31T12:40:55Z</time></trkpt><trkpt lat="45.484507" lon="25.249148"><ele>1259.6</ele><time>2026-07-31T12:40:56Z</time></trkpt><trkpt lat="45.484517" lon="25.249253"><ele>1258.1</ele><time>2026-07-31T12:40:57Z</time></trkpt><trkpt lat="45.48451" lon="25.249435"><ele>1255.5</ele><time>2026-07-31T12:40:59Z</time></trkpt><trkpt lat="45.48447" lon="25.249533"><ele>1253.3</ele><time>2026-07-31T12:41:01Z</time></trkpt><trkpt lat="45.484438" lon="25.249623"><ele>1252.5</ele><time>2026-07-31T12:41:03Z</time></trkpt><trkpt lat="45.484408" lon="25.249728"><ele>1251.5</ele><time>2026-07-31T12:41:05Z</time></trkpt><trkpt lat="45.484403" lon="25.249865"><ele>1250.9</ele><time>2026-07-31T12:41:08Z</time></trkpt><trkpt lat="45.484422" lon="25.250042"><ele>1249.7</ele><time>2026-07-31T12:41:12Z</time></trkpt><trkpt lat="45.484423" lon="25.250153"><ele>1245.9</ele><time>2026-07-31T12:41:30Z</time></trkpt><trkpt lat="45.484413" lon="25.250315"><ele>1244.9</ele><time>2026-07-31T12:41:52Z</time></trkpt><trkpt lat="45.484398" lon="25.250495"><ele>1244.4</ele><time>2026-07-31T12:41:54Z</time></trkpt><trkpt lat="45.484392" lon="25.250655"><ele>1244.0</ele><time>2026-07-31T12:41:56Z</time></trkpt><trkpt lat="45.484393" lon="25.250758"><ele>1242.9</ele><time>2026-07-31T12:41:58Z</time></trkpt><trkpt lat="45.484443" lon="25.250858"><ele>1241.0</ele><time>2026-07-31T12:42:01Z</time></trkpt><trkpt lat="45.48453" lon="25.250862"><ele>1239.9</ele><time>2026-07-31T12:42:03Z</time></trkpt><trkpt lat="45.484625" lon="25.250845"><ele>1239.1</ele><time>2026-07-31T12:42:05Z</time></trkpt><trkpt lat="45.484728" lon="25.250833"><ele>1238.6</ele><time>2026-07-31T12:42:07Z</time></trkpt><trkpt lat="45.484842" lon="25.250827"><ele>1238.3</ele><time>2026-07-31T12:42:09Z</time></trkpt><trkpt lat="45.484982" lon="25.25083"><ele>1237.8</ele><time>2026-07-31T12:42:11Z</time></trkpt><trkpt lat="45.485065" lon="25.250835"><ele>1237.8</ele><time>2026-07-31T12:42:12Z</time></trkpt><trkpt lat="45.485152" lon="25.250848"><ele>1237.4</ele><time>2026-07-31T12:42:13Z</time></trkpt><trkpt lat="45.485238" lon="25.25088"><ele>1237.0</ele><time>2026-07-31T12:42:14Z</time></trkpt><trkpt lat="45.485315" lon="25.250947"><ele>1236.5</ele><time>2026-07-31T12:42:15Z</time></trkpt><trkpt lat="45.485378" lon="25.25104"><ele>1235.9</ele><time>2026-07-31T12:42:16Z</time></trkpt><trkpt lat="45.485445" lon="25.251127"><ele>1235.4</ele><time>2026-07-31T12:42:17Z</time></trkpt><trkpt lat="45.485527" lon="25.25118"><ele>1234.9</ele><time>2026-07-31T12:42:18Z</time></trkpt><trkpt lat="45.485617" lon="25.251197"><ele>1234.4</ele><time>2026-07-31T12:42:19Z</time></trkpt><trkpt lat="45.485708" lon="25.251192"><ele>1234.1</ele><time>2026-07-31T12:42:20Z</time></trkpt><trkpt lat="45.485797" lon="25.251197"><ele>1233.6</ele><time>2026-07-31T12:42:21Z</time></trkpt><trkpt lat="45.485887" lon="25.25121"><ele>1233.0</ele><time>2026-07-31T12:42:22Z</time></trkpt><trkpt lat="45.485973" lon="25.251227"><ele>1232.5</ele><time>2026-07-31T12:42:23Z</time></trkpt><trkpt lat="45.486065" lon="25.251265"><ele>1231.9</ele><time>2026-07-31T12:42:24Z</time></trkpt><trkpt lat="45.486137" lon="25.251332"><ele>1231.2</ele><time>2026-07-31T12:42:25Z</time></trkpt><trkpt lat="45.486177" lon="25.251435"><ele>1230.5</ele><time>2026-07-31T12:42:26Z</time></trkpt><trkpt lat="45.486225" lon="25.25161"><ele>1229.9</ele><time>2026-07-31T12:42:28Z</time></trkpt><trkpt lat="45.486287" lon="25.251712"><ele>1229.8</ele><time>2026-07-31T12:42:30Z</time></trkpt><trkpt lat="45.486352" lon="25.251813"><ele>1230.9</ele><time>2026-07-31T12:42:35Z</time></trkpt><trkpt lat="45.486408" lon="25.251887"><ele>1231.7</ele><time>2026-07-31T12:42:40Z</time></trkpt><trkpt lat="45.486468" lon="25.251967"><ele>1232.3</ele><time>2026-07-31T12:42:43Z</time></trkpt><trkpt lat="45.486528" lon="25.252042"><ele>1232.9</ele><time>2026-07-31T12:42:45Z</time></trkpt><trkpt lat="45.486587" lon="25.252112"><ele>1233.4</ele><time>2026-07-31T12:42:47Z</time></trkpt><trkpt lat="45.486667" lon="25.252193"><ele>1234.6</ele><time>2026-07-31T12:42:50Z</time></trkpt><trkpt lat="45.486738" lon="25.252272"><ele>1235.5</ele><time>2026-07-31T12:42:53Z</time></trkpt><trkpt lat="45.486807" lon="25.252358"><ele>1236.4</ele><time>2026-07-31T12:42:56Z</time></trkpt><trkpt lat="45.486885" lon="25.252432"><ele>1237.3</ele><time>2026-07-31T12:42:59Z</time></trkpt><trkpt lat="45.486967" lon="25.252488"><ele>1238.4</ele><time>2026-07-31T12:43:02Z</time></trkpt><trkpt lat="45.487047" lon="25.252527"><ele>1239.1</ele><time>2026-07-31T12:43:05Z</time></trkpt><trkpt lat="45.487125" lon="25.252563"><ele>1240.1</ele><time>2026-07-31T12:43:08Z</time></trkpt><trkpt lat="45.487205" lon="25.252585"><ele>1241.1</ele><time>2026-07-31T12:43:11Z</time></trkpt><trkpt lat="45.487278" lon="25.252587"><ele>1242.3</ele><time>2026-07-31T12:43:14Z</time></trkpt><trkpt lat="45.487355" lon="25.252573"><ele>1243.9</ele><time>2026-07-31T12:43:19Z</time></trkpt><trkpt lat="45.487427" lon="25.252542"><ele>1244.7</ele><time>2026-07-31T12:43:23Z</time></trkpt><trkpt lat="45.487503" lon="25.252503"><ele>1245.9</ele><time>2026-07-31T12:43:28Z</time></trkpt><trkpt lat="45.487575" lon="25.252478"><ele>1246.8</ele><time>2026-07-31T12:43:32Z</time></trkpt><trkpt lat="45.487638" lon="25.252432"><ele>1247.7</ele><time>2026-07-31T12:43:36Z</time></trkpt><trkpt lat="45.487692" lon="25.252345"><ele>1248.5</ele><time>2026-07-31T12:43:41Z</time></trkpt><trkpt lat="45.487742" lon="25.252258"><ele>1249.7</ele><time>2026-07-31T12:43:46Z</time></trkpt><trkpt lat="45.487793" lon="25.252182"><ele>1250.8</ele><time>2026-07-31T12:43:51Z</time></trkpt><trkpt lat="45.487852" lon="25.252093"><ele>1251.9</ele><time>2026-07-31T12:43:56Z</time></trkpt><trkpt lat="45.487908" lon="25.252027"><ele>1252.7</ele><time>2026-07-31T12:44:00Z</time></trkpt><trkpt lat="45.487962" lon="25.251953"><ele>1254.0</ele><time>2026-07-31T12:44:04Z</time></trkpt><trkpt lat="45.488033" lon="25.251887"><ele>1255.5</ele><time>2026-07-31T12:44:10Z</time></trkpt><trkpt lat="45.4881" lon="25.251822"><ele>1256.6</ele><time>2026-07-31T12:44:15Z</time></trkpt><trkpt lat="45.488175" lon="25.25175"><ele>1257.9</ele><time>2026-07-31T12:44:20Z</time></trkpt><trkpt lat="45.488233" lon="25.251683"><ele>1258.9</ele><time>2026-07-31T12:44:24Z</time></trkpt><trkpt lat="45.488305" lon="25.251637"><ele>1259.9</ele><time>2026-07-31T12:44:28Z</time></trkpt><trkpt lat="45.488368" lon="25.251578"><ele>1260.6</ele><time>2026-07-31T12:44:32Z</time></trkpt><trkpt lat="45.488445" lon="25.251528"><ele>1261.5</ele><time>2026-07-31T12:44:37Z</time></trkpt><trkpt lat="45.48852" lon="25.251512"><ele>1262.2</ele><time>2026-07-31T12:44:42Z</time></trkpt><trkpt lat="45.488597" lon="25.251532"><ele>1262.5</ele><time>2026-07-31T12:44:47Z</time></trkpt><trkpt lat="45.488682" lon="25.251548"><ele>1262.4</ele><time>2026-07-31T12:44:52Z</time></trkpt><trkpt lat="45.488772" lon="25.25156"><ele>1262.0</ele><time>2026-07-31T12:44:56Z</time></trkpt><trkpt lat="45.488858" lon="25.251553"><ele>1261.7</ele><time>2026-07-31T12:44:59Z</time></trkpt><trkpt lat="45.488938" lon="25.251543"><ele>1261.1</ele><time>2026-07-31T12:45:04Z</time></trkpt><trkpt lat="45.489008" lon="25.251518"><ele>1260.8</ele><time>2026-07-31T12:45:09Z</time></trkpt><trkpt lat="45.489098" lon="25.251513"><ele>1260.4</ele><time>2026-07-31T12:45:13Z</time></trkpt><trkpt lat="45.489202" lon="25.251515"><ele>1260.1</ele><time>2026-07-31T12:45:16Z</time></trkpt><trkpt lat="45.489292" lon="25.25156"><ele>1259.6</ele><time>2026-07-31T12:45:18Z</time></trkpt><trkpt lat="45.489402" lon="25.251607"><ele>1258.9</ele><time>2026-07-31T12:45:20Z</time></trkpt><trkpt lat="45.489518" lon="25.251625"><ele>1257.8</ele><time>2026-07-31T12:45:22Z</time></trkpt><trkpt lat="45.489638" lon="25.251612"><ele>1257.2</ele><time>2026-07-31T12:45:24Z</time></trkpt><trkpt lat="45.489747" lon="25.251565"><ele>1255.6</ele><time>2026-07-31T12:45:26Z</time></trkpt><trkpt lat="45.489853" lon="25.251435"><ele>1253.8</ele><time>2026-07-31T12:45:28Z</time></trkpt><trkpt lat="45.489917" lon="25.251338"><ele>1252.8</ele><time>2026-07-31T12:45:29Z</time></trkpt><trkpt lat="45.489987" lon="25.251237"><ele>1251.7</ele><time>2026-07-31T12:45:30Z</time></trkpt><trkpt lat="45.490063" lon="25.251138"><ele>1250.4</ele><time>2026-07-31T12:45:31Z</time></trkpt><trkpt lat="45.490137" lon="25.251042"><ele>1248.8</ele><time>2026-07-31T12:45:32Z</time></trkpt><trkpt lat="45.490212" lon="25.250943"><ele>1246.9</ele><time>2026-07-31T12:45:33Z</time></trkpt><trkpt lat="45.490275" lon="25.250857"><ele>1244.6</ele><time>2026-07-31T12:45:34Z</time></trkpt><trkpt lat="45.49033" lon="25.250783"><ele>1242.1</ele><time>2026-07-31T12:45:35Z</time></trkpt><trkpt lat="45.490428" lon="25.250678"><ele>1237.1</ele><time>2026-07-31T12:45:37Z</time></trkpt><trkpt lat="45.49057" lon="25.250692"><ele>1232.7</ele><time>2026-07-31T12:45:39Z</time></trkpt><trkpt lat="45.490653" lon="25.250782"><ele>1230.9</ele><time>2026-07-31T12:45:40Z</time></trkpt><trkpt lat="45.490733" lon="25.250857"><ele>1230.9</ele><time>2026-07-31T12:45:41Z</time></trkpt><trkpt lat="45.490822" lon="25.250878"><ele>1229.3</ele><time>2026-07-31T12:45:42Z</time></trkpt><trkpt lat="45.490917" lon="25.250845"><ele>1227.8</ele><time>2026-07-31T12:45:43Z</time></trkpt><trkpt lat="45.491005" lon="25.25074"><ele>1226.4</ele><time>2026-07-31T12:45:44Z</time></trkpt><trkpt lat="45.491085" lon="25.250635"><ele>1225.0</ele><time>2026-07-31T12:45:45Z</time></trkpt><trkpt lat="45.49117" lon="25.250567"><ele>1223.7</ele><time>2026-07-31T12:45:46Z</time></trkpt><trkpt lat="45.49127" lon="25.250528"><ele>1222.3</ele><time>2026-07-31T12:45:47Z</time></trkpt><trkpt lat="45.49137" lon="25.250515"><ele>1221.2</ele><time>2026-07-31T12:45:48Z</time></trkpt><trkpt lat="45.491463" lon="25.250523"><ele>1220.1</ele><time>2026-07-31T12:45:49Z</time></trkpt><trkpt lat="45.49155" lon="25.250575"><ele>1219.1</ele><time>2026-07-31T12:45:50Z</time></trkpt><trkpt lat="45.491628" lon="25.250665"><ele>1218.4</ele><time>2026-07-31T12:45:51Z</time></trkpt><trkpt lat="45.491697" lon="25.250767"><ele>1217.7</ele><time>2026-07-31T12:45:52Z</time></trkpt><trkpt lat="45.491755" lon="25.250857"><ele>1216.9</ele><time>2026-07-31T12:45:53Z</time></trkpt><trkpt lat="45.491852" lon="25.25099"><ele>1214.9</ele><time>2026-07-31T12:45:55Z</time></trkpt><trkpt lat="45.491908" lon="25.251062"><ele>1213.7</ele><time>2026-07-31T12:45:56Z</time></trkpt><trkpt lat="45.492008" lon="25.251197"><ele>1211.4</ele><time>2026-07-31T12:45:58Z</time></trkpt><trkpt lat="45.4921" lon="25.251295"><ele>1210.3</ele><time>2026-07-31T12:46:00Z</time></trkpt><trkpt lat="45.492182" lon="25.251313"><ele>1208.1</ele><time>2026-07-31T12:46:02Z</time></trkpt><trkpt lat="45.492302" lon="25.251232"><ele>1205.5</ele><time>2026-07-31T12:46:04Z</time></trkpt><trkpt lat="45.492388" lon="25.25117"><ele>1204.1</ele><time>2026-07-31T12:46:05Z</time></trkpt><trkpt lat="45.492478" lon="25.251103"><ele>1202.8</ele><time>2026-07-31T12:46:06Z</time></trkpt><trkpt lat="45.49257" lon="25.251028"><ele>1201.4</ele><time>2026-07-31T12:46:07Z</time></trkpt><trkpt lat="45.49265" lon="25.25096"><ele>1200.0</ele><time>2026-07-31T12:46:08Z</time></trkpt><trkpt lat="45.492772" lon="25.250912"><ele>1197.0</ele><time>2026-07-31T12:46:10Z</time></trkpt><trkpt lat="45.492893" lon="25.250988"><ele>1194.6</ele><time>2026-07-31T12:46:12Z</time></trkpt><trkpt lat="45.493005" lon="25.25107"><ele>1193.1</ele><time>2026-07-31T12:46:14Z</time></trkpt><trkpt lat="45.493122" lon="25.251137"><ele>1192.8</ele><time>2026-07-31T12:46:16Z</time></trkpt><trkpt lat="45.493242" lon="25.251203"><ele>1192.1</ele><time>2026-07-31T12:46:18Z</time></trkpt><trkpt lat="45.493355" lon="25.251287"><ele>1191.5</ele><time>2026-07-31T12:46:20Z</time></trkpt><trkpt lat="45.49346" lon="25.251348"><ele>1190.7</ele><time>2026-07-31T12:46:22Z</time></trkpt><trkpt lat="45.49355" lon="25.251398"><ele>1190.2</ele><time>2026-07-31T12:46:24Z</time></trkpt><trkpt lat="45.493628" lon="25.25144"><ele>1189.9</ele><time>2026-07-31T12:46:26Z</time></trkpt><trkpt lat="45.493703" lon="25.251473"><ele>1189.9</ele><time>2026-07-31T12:46:29Z</time></trkpt><trkpt lat="45.493782" lon="25.251515"><ele>1190.2</ele><time>2026-07-31T12:46:32Z</time></trkpt><trkpt lat="45.49385" lon="25.25157"><ele>1190.6</ele><time>2026-07-31T12:46:35Z</time></trkpt><trkpt lat="45.493933" lon="25.251622"><ele>1191.3</ele><time>2026-07-31T12:46:38Z</time></trkpt><trkpt lat="45.494007" lon="25.251675"><ele>1191.7</ele><time>2026-07-31T12:46:41Z</time></trkpt><trkpt lat="45.494095" lon="25.251723"><ele>1192.1</ele><time>2026-07-31T12:46:44Z</time></trkpt><trkpt lat="45.494175" lon="25.251757"><ele>1192.2</ele><time>2026-07-31T12:46:47Z</time></trkpt><trkpt lat="45.494277" lon="25.251805"><ele>1192.0</ele><time>2026-07-31T12:46:50Z</time></trkpt><trkpt lat="45.494357" lon="25.251845"><ele>1191.9</ele><time>2026-07-31T12:46:52Z</time></trkpt><trkpt lat="45.494433" lon="25.251912"><ele>1191.6</ele><time>2026-07-31T12:46:54Z</time></trkpt><trkpt lat="45.494533" lon="25.251957"><ele>1191.1</ele><time>2026-07-31T12:46:56Z</time></trkpt><trkpt lat="45.494632" lon="25.252002"><ele>1190.6</ele><time>2026-07-31T12:46:58Z</time></trkpt><trkpt lat="45.494723" lon="25.252068"><ele>1190.1</ele><time>2026-07-31T12:47:00Z</time></trkpt><trkpt lat="45.494832" lon="25.252135"><ele>1189.7</ele><time>2026-07-31T12:47:02Z</time></trkpt><trkpt lat="45.49491" lon="25.252197"><ele>1189.2</ele><time>2026-07-31T12:47:04Z</time></trkpt><trkpt lat="45.494972" lon="25.252255"><ele>1188.7</ele><time>2026-07-31T12:47:06Z</time></trkpt><trkpt lat="45.495043" lon="25.252332"><ele>1188.0</ele><time>2026-07-31T12:47:11Z</time></trkpt><trkpt lat="45.495133" lon="25.252365"><ele>1187.8</ele><time>2026-07-31T12:47:15Z</time></trkpt><trkpt lat="45.495228" lon="25.252428"><ele>1187.6</ele><time>2026-07-31T12:47:18Z</time></trkpt><trkpt lat="45.4953" lon="25.2525"><ele>1187.4</ele><time>2026-07-31T12:47:20Z</time></trkpt><trkpt lat="45.49538" lon="25.252557"><ele>1186.8</ele><time>2026-07-31T12:47:23Z</time></trkpt><trkpt lat="45.49547" lon="25.252563"><ele>1186.1</ele><time>2026-07-31T12:47:27Z</time></trkpt><trkpt lat="45.495582" lon="25.25255"><ele>1185.5</ele><time>2026-07-31T12:47:30Z</time></trkpt><trkpt lat="45.495685" lon="25.252552"><ele>1184.8</ele><time>2026-07-31T12:47:33Z</time></trkpt><trkpt lat="45.495768" lon="25.25256"><ele>1184.0</ele><time>2026-07-31T12:47:35Z</time></trkpt><trkpt lat="45.495843" lon="25.252568"><ele>1182.9</ele><time>2026-07-31T12:47:37Z</time></trkpt><trkpt lat="45.49593" lon="25.252588"><ele>1181.5</ele><time>2026-07-31T12:47:39Z</time></trkpt><trkpt lat="45.496015" lon="25.252608"><ele>1180.1</ele><time>2026-07-31T12:47:41Z</time></trkpt><trkpt lat="45.496113" lon="25.252637"><ele>1179.4</ele><time>2026-07-31T12:47:43Z</time></trkpt><trkpt lat="45.496232" lon="25.252652"><ele>1178.0</ele><time>2026-07-31T12:47:45Z</time></trkpt><trkpt lat="45.49637" lon="25.252668"><ele>1173.3</ele><time>2026-07-31T12:47:47Z</time></trkpt><trkpt lat="45.496508" lon="25.252687"><ele>1171.3</ele><time>2026-07-31T12:47:49Z</time></trkpt><trkpt lat="45.496583" lon="25.2527"><ele>1170.2</ele><time>2026-07-31T12:47:50Z</time></trkpt><trkpt lat="45.496665" lon="25.252708"><ele>1169.0</ele><time>2026-07-31T12:47:51Z</time></trkpt><trkpt lat="45.496757" lon="25.252717"><ele>1167.8</ele><time>2026-07-31T12:47:52Z</time></trkpt><trkpt lat="45.496843" lon="25.252725"><ele>1166.7</ele><time>2026-07-31T12:47:53Z</time></trkpt><trkpt lat="45.496927" lon="25.252733"><ele>1165.7</ele><time>2026-07-31T12:47:54Z</time></trkpt><trkpt lat="45.497035" lon="25.252765"><ele>1164.4</ele><time>2026-07-31T12:47:56Z</time></trkpt><trkpt lat="45.497113" lon="25.252798"><ele>1164.4</ele><time>2026-07-31T12:47:59Z</time></trkpt><trkpt lat="45.497193" lon="25.252793"><ele>1165.1</ele><time>2026-07-31T12:48:03Z</time></trkpt><trkpt lat="45.497268" lon="25.252758"><ele>1167.4</ele><time>2026-07-31T12:48:08Z</time></trkpt><trkpt lat="45.497333" lon="25.252698"><ele>1169.5</ele><time>2026-07-31T12:48:13Z</time></trkpt><trkpt lat="45.497407" lon="25.252675"><ele>1171.6</ele><time>2026-07-31T12:48:24Z</time></trkpt><trkpt lat="45.497455" lon="25.252593"><ele>1173.0</ele><time>2026-07-31T12:48:32Z</time></trkpt><trkpt lat="45.497502" lon="25.25251"><ele>1175.3</ele><time>2026-07-31T12:48:56Z</time></trkpt><trkpt lat="45.497512" lon="25.252402"><ele>1176.7</ele><time>2026-07-31T12:49:07Z</time></trkpt><trkpt lat="45.497515" lon="25.252298"><ele>1178.4</ele><time>2026-07-31T12:49:16Z</time></trkpt><trkpt lat="45.497538" lon="25.252197"><ele>1180.9</ele><time>2026-07-31T12:49:27Z</time></trkpt><trkpt lat="45.497517" lon="25.252097"><ele>1182.9</ele><time>2026-07-31T12:49:37Z</time></trkpt><trkpt lat="45.497508" lon="25.251995"><ele>1185.3</ele><time>2026-07-31T12:50:15Z</time></trkpt><trkpt lat="45.497538" lon="25.251895"><ele>1187.0</ele><time>2026-07-31T12:50:30Z</time></trkpt><trkpt lat="45.497568" lon="25.251793"><ele>1189.6</ele><time>2026-07-31T12:50:42Z</time></trkpt><trkpt lat="45.497593" lon="25.25169"><ele>1192.0</ele><time>2026-07-31T12:50:52Z</time></trkpt><trkpt lat="45.497612" lon="25.25159"><ele>1194.3</ele><time>2026-07-31T12:51:02Z</time></trkpt><trkpt lat="45.497615" lon="25.251477"><ele>1196.4</ele><time>2026-07-31T12:51:20Z</time></trkpt><trkpt lat="45.497627" lon="25.251368"><ele>1198.3</ele><time>2026-07-31T12:51:30Z</time></trkpt><trkpt lat="45.497653" lon="25.251262"><ele>1200.9</ele><time>2026-07-31T12:51:40Z</time></trkpt><trkpt lat="45.497673" lon="25.25116"><ele>1203.0</ele><time>2026-07-31T12:51:49Z</time></trkpt><trkpt lat="45.497703" lon="25.251062"><ele>1204.8</ele><time>2026-07-31T12:51:57Z</time></trkpt><trkpt lat="45.497738" lon="25.250972"><ele>1207.0</ele><time>2026-07-31T12:52:17Z</time></trkpt><trkpt lat="45.497793" lon="25.2509"><ele>1208.3</ele><time>2026-07-31T12:52:25Z</time></trkpt><trkpt lat="45.497855" lon="25.25083"><ele>1210.4</ele><time>2026-07-31T12:52:34Z</time></trkpt><trkpt lat="45.497898" lon="25.250738"><ele>1211.6</ele><time>2026-07-31T12:52:42Z</time></trkpt><trkpt lat="45.497922" lon="25.250638"><ele>1213.2</ele><time>2026-07-31T12:52:50Z</time></trkpt><trkpt lat="45.497942" lon="25.250528"><ele>1215.3</ele><time>2026-07-31T12:52:59Z</time></trkpt><trkpt lat="45.49796" lon="25.250418"><ele>1217.8</ele><time>2026-07-31T12:53:08Z</time></trkpt><trkpt lat="45.497985" lon="25.25032"><ele>1219.7</ele><time>2026-07-31T12:53:16Z</time></trkpt><trkpt lat="45.498017" lon="25.250222"><ele>1222.4</ele><time>2026-07-31T12:53:25Z</time></trkpt><trkpt lat="45.498088" lon="25.250265"><ele>1225.3</ele><time>2026-07-31T12:54:24Z</time></trkpt><trkpt lat="45.49812" lon="25.250363"><ele>1225.4</ele><time>2026-07-31T12:54:29Z</time></trkpt><trkpt lat="45.49815" lon="25.250472"><ele>1224.8</ele><time>2026-07-31T12:54:37Z</time></trkpt><trkpt lat="45.498185" lon="25.250583"><ele>1224.3</ele><time>2026-07-31T12:54:41Z</time></trkpt><trkpt lat="45.498213" lon="25.250692"><ele>1223.3</ele><time>2026-07-31T12:54:47Z</time></trkpt><trkpt lat="45.498163" lon="25.250803"><ele>1221.8</ele><time>2026-07-31T12:54:53Z</time></trkpt><trkpt lat="45.498082" lon="25.250783"><ele>1219.5</ele><time>2026-07-31T12:54:57Z</time></trkpt><trkpt lat="45.498" lon="25.250778"><ele>1216.9</ele><time>2026-07-31T12:55:07Z</time></trkpt><trkpt lat="45.498003" lon="25.250923"><ele>1215.6</ele><time>2026-07-31T12:55:10Z</time></trkpt><trkpt lat="45.497958" lon="25.251032"><ele>1214.1</ele><time>2026-07-31T12:55:13Z</time></trkpt><trkpt lat="45.497947" lon="25.251138"><ele>1213.3</ele><time>2026-07-31T12:55:15Z</time></trkpt><trkpt lat="45.497963" lon="25.25125"><ele>1213.0</ele><time>2026-07-31T12:55:17Z</time></trkpt><trkpt lat="45.49798" lon="25.251378"><ele>1211.3</ele><time>2026-07-31T12:55:21Z</time></trkpt><trkpt lat="45.498002" lon="25.251495"><ele>1210.3</ele><time>2026-07-31T12:55:24Z</time></trkpt><trkpt lat="45.498025" lon="25.251602"><ele>1209.5</ele><time>2026-07-31T12:55:26Z</time></trkpt><trkpt lat="45.49804" lon="25.251708"><ele>1208.3</ele><time>2026-07-31T12:55:28Z</time></trkpt><trkpt lat="45.49806" lon="25.251907"><ele>1206.6</ele><time>2026-07-31T12:55:30Z</time></trkpt><trkpt lat="45.49802" lon="25.252087"><ele>1205.3</ele><time>2026-07-31T12:55:32Z</time></trkpt><trkpt lat="45.497988" lon="25.25221"><ele>1205.0</ele><time>2026-07-31T12:55:34Z</time></trkpt><trkpt lat="45.49797" lon="25.252345"><ele>1204.7</ele><time>2026-07-31T12:55:37Z</time></trkpt><trkpt lat="45.497943" lon="25.252468"><ele>1203.4</ele><time>2026-07-31T12:56:16Z</time></trkpt><trkpt lat="45.497925" lon="25.252587"><ele>1202.6</ele><time>2026-07-31T12:56:19Z</time></trkpt><trkpt lat="45.497933" lon="25.252705"><ele>1201.1</ele><time>2026-07-31T12:56:22Z</time></trkpt><trkpt lat="45.497952" lon="25.25281"><ele>1199.7</ele><time>2026-07-31T12:56:24Z</time></trkpt><trkpt lat="45.497987" lon="25.252947"><ele>1198.9</ele><time>2026-07-31T12:56:26Z</time></trkpt><trkpt lat="45.498032" lon="25.253118"><ele>1197.0</ele><time>2026-07-31T12:56:28Z</time></trkpt><trkpt lat="45.498068" lon="25.253288"><ele>1195.4</ele><time>2026-07-31T12:56:30Z</time></trkpt><trkpt lat="45.498132" lon="25.253395"><ele>1194.0</ele><time>2026-07-31T12:56:32Z</time></trkpt><trkpt lat="45.498208" lon="25.253522"><ele>1192.0</ele><time>2026-07-31T12:56:35Z</time></trkpt><trkpt lat="45.498283" lon="25.253645"><ele>1190.4</ele><time>2026-07-31T12:56:37Z</time></trkpt><trkpt lat="45.498372" lon="25.253778"><ele>1188.5</ele><time>2026-07-31T12:56:39Z</time></trkpt><trkpt lat="45.498452" lon="25.253905"><ele>1186.2</ele><time>2026-07-31T12:56:41Z</time></trkpt><trkpt lat="45.498517" lon="25.25404"><ele>1183.9</ele><time>2026-07-31T12:56:43Z</time></trkpt><trkpt lat="45.498575" lon="25.254225"><ele>1182.5</ele><time>2026-07-31T12:56:45Z</time></trkpt><trkpt lat="45.498617" lon="25.254323"><ele>1181.2</ele><time>2026-07-31T12:56:46Z</time></trkpt><trkpt lat="45.498667" lon="25.25443"><ele>1180.1</ele><time>2026-07-31T12:56:47Z</time></trkpt><trkpt lat="45.498717" lon="25.25455"><ele>1178.8</ele><time>2026-07-31T12:56:48Z</time></trkpt><trkpt lat="45.498775" lon="25.254673"><ele>1177.4</ele><time>2026-07-31T12:56:49Z</time></trkpt><trkpt lat="45.498832" lon="25.254793"><ele>1175.9</ele><time>2026-07-31T12:56:50Z</time></trkpt><trkpt lat="45.498878" lon="25.254917"><ele>1174.2</ele><time>2026-07-31T12:56:51Z</time></trkpt><trkpt lat="45.498922" lon="25.25503"><ele>1172.6</ele><time>2026-07-31T12:56:52Z</time></trkpt><trkpt lat="45.498967" lon="25.255135"><ele>1171.3</ele><time>2026-07-31T12:56:53Z</time></trkpt><trkpt lat="45.499002" lon="25.255243"><ele>1170.4</ele><time>2026-07-31T12:56:54Z</time></trkpt><trkpt lat="45.499032" lon="25.255345"><ele>1169.7</ele><time>2026-07-31T12:56:55Z</time></trkpt><trkpt lat="45.499062" lon="25.255437"><ele>1169.4</ele><time>2026-07-31T12:56:56Z</time></trkpt><trkpt lat="45.499123" lon="25.25562"><ele>1168.9</ele><time>2026-07-31T12:56:58Z</time></trkpt><trkpt lat="45.499143" lon="25.255817"><ele>1168.1</ele><time>2026-07-31T12:57:00Z</time></trkpt><trkpt lat="45.499145" lon="25.255985"><ele>1167.9</ele><time>2026-07-31T12:57:02Z</time></trkpt><trkpt lat="45.499157" lon="25.256128"><ele>1167.5</ele><time>2026-07-31T12:57:04Z</time></trkpt><trkpt lat="45.499172" lon="25.256263"><ele>1167.3</ele><time>2026-07-31T12:57:06Z</time></trkpt><trkpt lat="45.499193" lon="25.256405"><ele>1166.4</ele><time>2026-07-31T12:57:09Z</time></trkpt><trkpt lat="45.499208" lon="25.256517"><ele>1166.2</ele><time>2026-07-31T12:57:11Z</time></trkpt><trkpt lat="45.499215" lon="25.256653"><ele>1165.8</ele><time>2026-07-31T12:57:15Z</time></trkpt><trkpt lat="45.499225" lon="25.256773"><ele>1165.3</ele><time>2026-07-31T12:57:18Z</time></trkpt><trkpt lat="45.499235" lon="25.256928"><ele>1164.6</ele><time>2026-07-31T12:57:21Z</time></trkpt><trkpt lat="45.49922" lon="25.257068"><ele>1163.6</ele><time>2026-07-31T12:57:24Z</time></trkpt><trkpt lat="45.499207" lon="25.257197"><ele>1163.0</ele><time>2026-07-31T12:57:27Z</time></trkpt><trkpt lat="45.4992" lon="25.257332"><ele>1162.7</ele><time>2026-07-31T12:57:30Z</time></trkpt><trkpt lat="45.499188" lon="25.257457"><ele>1162.3</ele><time>2026-07-31T12:57:33Z</time></trkpt><trkpt lat="45.499167" lon="25.25759"><ele>1161.9</ele><time>2026-07-31T12:57:36Z</time></trkpt><trkpt lat="45.499135" lon="25.257717"><ele>1161.1</ele><time>2026-07-31T12:57:39Z</time></trkpt><trkpt lat="45.499107" lon="25.257825"><ele>1160.2</ele><time>2026-07-31T12:57:42Z</time></trkpt><trkpt lat="45.499075" lon="25.25792"><ele>1158.1</ele><time>2026-07-31T12:57:58Z</time></trkpt><trkpt lat="45.499035" lon="25.258048"><ele>1157.6</ele><time>2026-07-31T12:58:02Z</time></trkpt><trkpt lat="45.498982" lon="25.25816"><ele>1156.8</ele><time>2026-07-31T12:58:05Z</time></trkpt><trkpt lat="45.498923" lon="25.258268"><ele>1155.5</ele><time>2026-07-31T12:58:08Z</time></trkpt><trkpt lat="45.498837" lon="25.258338"><ele>1154.4</ele><time>2026-07-31T12:58:11Z</time></trkpt><trkpt lat="45.498745" lon="25.258365"><ele>1153.2</ele><time>2026-07-31T12:58:14Z</time></trkpt><trkpt lat="45.49867" lon="25.258395"><ele>1152.6</ele><time>2026-07-31T12:58:17Z</time></trkpt><trkpt lat="45.498598" lon="25.258413"><ele>1152.0</ele><time>2026-07-31T12:58:21Z</time></trkpt><trkpt lat="45.498532" lon="25.258453"><ele>1149.9</ele><time>2026-07-31T12:58:59Z</time></trkpt><trkpt lat="45.49847" lon="25.25852"><ele>1147.7</ele><time>2026-07-31T12:59:28Z</time></trkpt><trkpt lat="45.498392" lon="25.258592"><ele>1146.2</ele><time>2026-07-31T12:59:33Z</time></trkpt><trkpt lat="45.498318" lon="25.258705"><ele>1144.4</ele><time>2026-07-31T12:59:36Z</time></trkpt><trkpt lat="45.498298" lon="25.25883"><ele>1143.5</ele><time>2026-07-31T12:59:38Z</time></trkpt><trkpt lat="45.498287" lon="25.258935"><ele>1141.8</ele><time>2026-07-31T12:59:40Z</time></trkpt><trkpt lat="45.498288" lon="25.259082"><ele>1139.1</ele><time>2026-07-31T12:59:43Z</time></trkpt><trkpt lat="45.498302" lon="25.259185"><ele>1137.0</ele><time>2026-07-31T12:59:46Z</time></trkpt><trkpt lat="45.498327" lon="25.259335"><ele>1135.8</ele><time>2026-07-31T12:59:49Z</time></trkpt><trkpt lat="45.498352" lon="25.259463"><ele>1134.3</ele><time>2026-07-31T12:59:51Z</time></trkpt><trkpt lat="45.498375" lon="25.259602"><ele>1132.7</ele><time>2026-07-31T12:59:53Z</time></trkpt><trkpt lat="45.498397" lon="25.259737"><ele>1131.0</ele><time>2026-07-31T12:59:55Z</time></trkpt><trkpt lat="45.498408" lon="25.259853"><ele>1130.3</ele><time>2026-07-31T12:59:57Z</time></trkpt><trkpt lat="45.498422" lon="25.25996"><ele>1128.9</ele><time>2026-07-31T12:59:59Z</time></trkpt><trkpt lat="45.49845" lon="25.260057"><ele>1127.4</ele><time>2026-07-31T13:00:01Z</time></trkpt><trkpt lat="45.498535" lon="25.260135"><ele>1125.5</ele><time>2026-07-31T13:00:04Z</time></trkpt><trkpt lat="45.498635" lon="25.26019"><ele>1123.3</ele><time>2026-07-31T13:00:07Z</time></trkpt><trkpt lat="45.498728" lon="25.26024"><ele>1120.9</ele><time>2026-07-31T13:00:10Z</time></trkpt><trkpt lat="45.498783" lon="25.260315"><ele>1119.3</ele><time>2026-07-31T13:00:12Z</time></trkpt><trkpt lat="45.498857" lon="25.260372"><ele>1118.5</ele><time>2026-07-31T13:00:14Z</time></trkpt><trkpt lat="45.498938" lon="25.260427"><ele>1116.9</ele><time>2026-07-31T13:00:16Z</time></trkpt><trkpt lat="45.499032" lon="25.26049"><ele>1115.1</ele><time>2026-07-31T13:00:18Z</time></trkpt><trkpt lat="45.499138" lon="25.260563"><ele>1113.0</ele><time>2026-07-31T13:00:20Z</time></trkpt><trkpt lat="45.499235" lon="25.260665"><ele>1110.8</ele><time>2026-07-31T13:00:22Z</time></trkpt><trkpt lat="45.499315" lon="25.260772"><ele>1108.4</ele><time>2026-07-31T13:00:24Z</time></trkpt><trkpt lat="45.499365" lon="25.260875"><ele>1105.8</ele><time>2026-07-31T13:00:26Z</time></trkpt><trkpt lat="45.499373" lon="25.260988"><ele>1103.5</ele><time>2026-07-31T13:00:28Z</time></trkpt><trkpt lat="45.49934" lon="25.261127"><ele>1101.7</ele><time>2026-07-31T13:00:31Z</time></trkpt><trkpt lat="45.499277" lon="25.261232"><ele>1098.7</ele><time>2026-07-31T13:00:34Z</time></trkpt><trkpt lat="45.499213" lon="25.2613"><ele>1096.3</ele><time>2026-07-31T13:00:36Z</time></trkpt><trkpt lat="45.499158" lon="25.261378"><ele>1093.9</ele><time>2026-07-31T13:00:38Z</time></trkpt><trkpt lat="45.499137" lon="25.261485"><ele>1091.5</ele><time>2026-07-31T13:00:40Z</time></trkpt><trkpt lat="45.499128" lon="25.261605"><ele>1089.4</ele><time>2026-07-31T13:00:42Z</time></trkpt><trkpt lat="45.499103" lon="25.261718"><ele>1086.9</ele><time>2026-07-31T13:00:44Z</time></trkpt><trkpt lat="45.499035" lon="25.261803"><ele>1082.9</ele><time>2026-07-31T13:00:47Z</time></trkpt><trkpt lat="45.498943" lon="25.261867"><ele>1080.1</ele><time>2026-07-31T13:00:51Z</time></trkpt><trkpt lat="45.498857" lon="25.261932"><ele>1078.2</ele><time>2026-07-31T13:00:54Z</time></trkpt><trkpt lat="45.49889" lon="25.262047"><ele>1076.3</ele><time>2026-07-31T13:00:57Z</time></trkpt><trkpt lat="45.498983" lon="25.262113"><ele>1074.7</ele><time>2026-07-31T13:01:00Z</time></trkpt><trkpt lat="45.499058" lon="25.262147"><ele>1073.4</ele><time>2026-07-31T13:01:02Z</time></trkpt><trkpt lat="45.499143" lon="25.262147"><ele>1071.8</ele><time>2026-07-31T13:01:04Z</time></trkpt><trkpt lat="45.499265" lon="25.26215"><ele>1070.9</ele><time>2026-07-31T13:01:06Z</time></trkpt><trkpt lat="45.499372" lon="25.262143"><ele>1069.9</ele><time>2026-07-31T13:01:06Z</time></trkpt><trkpt lat="45.499268" lon="25.262045"><ele>1069.0</ele><time>2026-07-31T13:01:07Z</time></trkpt><trkpt lat="45.499357" lon="25.262078"><ele>1067.2</ele><time>2026-07-31T13:01:09Z</time></trkpt><trkpt lat="45.499472" lon="25.262092"><ele>1064.8</ele><time>2026-07-31T13:01:12Z</time></trkpt><trkpt lat="45.499617" lon="25.262147"><ele>1062.0</ele><time>2026-07-31T13:01:15Z</time></trkpt><trkpt lat="45.499683" lon="25.262107"><ele>1059.7</ele><time>2026-07-31T13:01:18Z</time></trkpt><trkpt lat="45.499695" lon="25.262227"><ele>1058.6</ele><time>2026-07-31T13:01:20Z</time></trkpt><trkpt lat="45.499662" lon="25.262327"><ele>1058.0</ele><time>2026-07-31T13:01:23Z</time></trkpt><trkpt lat="45.499695" lon="25.262422"><ele>1063.8</ele><time>2026-07-31T13:02:56Z</time></trkpt><trkpt lat="45.499728" lon="25.262518"><ele>1065.6</ele><time>2026-07-31T13:03:05Z</time></trkpt><trkpt lat="45.499753" lon="25.262615"><ele>1067.1</ele><time>2026-07-31T13:03:13Z</time></trkpt><trkpt lat="45.499775" lon="25.262718"><ele>1069.5</ele><time>2026-07-31T13:03:23Z</time></trkpt><trkpt lat="45.499798" lon="25.262818"><ele>1071.4</ele><time>2026-07-31T13:03:31Z</time></trkpt><trkpt lat="45.499838" lon="25.262907"><ele>1073.3</ele><time>2026-07-31T13:03:39Z</time></trkpt><trkpt lat="45.499888" lon="25.26299"><ele>1075.3</ele><time>2026-07-31T13:03:49Z</time></trkpt><trkpt lat="45.499948" lon="25.263053"><ele>1078.0</ele><time>2026-07-31T13:04:16Z</time></trkpt><trkpt lat="45.500015" lon="25.263115"><ele>1079.7</ele><time>2026-07-31T13:04:25Z</time></trkpt><trkpt lat="45.500077" lon="25.263182"><ele>1081.6</ele><time>2026-07-31T13:04:34Z</time></trkpt><trkpt lat="45.500138" lon="25.263247"><ele>1083.9</ele><time>2026-07-31T13:04:43Z</time></trkpt><trkpt lat="45.5002" lon="25.26331"><ele>1085.9</ele><time>2026-07-31T13:04:52Z</time></trkpt><trkpt lat="45.50026" lon="25.263372"><ele>1087.7</ele><time>2026-07-31T13:04:59Z</time></trkpt><trkpt lat="45.50032" lon="25.263428"><ele>1090.4</ele><time>2026-07-31T13:05:49Z</time></trkpt><trkpt lat="45.5004" lon="25.263432"><ele>1091.5</ele><time>2026-07-31T13:06:33Z</time></trkpt><trkpt lat="45.500482" lon="25.263458"><ele>1093.2</ele><time>2026-07-31T13:06:42Z</time></trkpt><trkpt lat="45.500552" lon="25.263492"><ele>1095.0</ele><time>2026-07-31T13:06:51Z</time></trkpt><trkpt lat="45.500617" lon="25.263557"><ele>1097.0</ele><time>2026-07-31T13:07:01Z</time></trkpt><trkpt lat="45.500653" lon="25.263653"><ele>1098.8</ele><time>2026-07-31T13:07:10Z</time></trkpt><trkpt lat="45.500685" lon="25.26375"><ele>1100.4</ele><time>2026-07-31T13:07:18Z</time></trkpt><trkpt lat="45.500717" lon="25.263845"><ele>1102.3</ele><time>2026-07-31T13:07:26Z</time></trkpt><trkpt lat="45.500737" lon="25.263948"><ele>1104.0</ele><time>2026-07-31T13:07:34Z</time></trkpt><trkpt lat="45.500755" lon="25.264052"><ele>1106.2</ele><time>2026-07-31T13:07:43Z</time></trkpt><trkpt lat="45.500785" lon="25.264153"><ele>1107.6</ele><time>2026-07-31T13:08:15Z</time></trkpt><trkpt lat="45.500817" lon="25.264257"><ele>1110.2</ele><time>2026-07-31T13:08:26Z</time></trkpt><trkpt lat="45.500875" lon="25.264322"><ele>1112.4</ele><time>2026-07-31T13:08:36Z</time></trkpt><trkpt lat="45.500942" lon="25.264365"><ele>1113.9</ele><time>2026-07-31T13:08:44Z</time></trkpt><trkpt lat="45.50101" lon="25.264413"><ele>1115.4</ele><time>2026-07-31T13:08:52Z</time></trkpt><trkpt lat="45.501068" lon="25.264482"><ele>1116.2</ele><time>2026-07-31T13:08:59Z</time></trkpt><trkpt lat="45.501113" lon="25.264563"><ele>1117.6</ele><time>2026-07-31T13:09:20Z</time></trkpt><trkpt lat="45.501167" lon="25.264662"><ele>1118.3</ele><time>2026-07-31T13:09:27Z</time></trkpt><trkpt lat="45.501235" lon="25.264737"><ele>1119.0</ele><time>2026-07-31T13:09:32Z</time></trkpt><trkpt lat="45.501297" lon="25.264833"><ele>1120.0</ele><time>2026-07-31T13:09:37Z</time></trkpt><trkpt lat="45.501323" lon="25.264935"><ele>1121.1</ele><time>2026-07-31T13:09:42Z</time></trkpt><trkpt lat="45.50134" lon="25.265052"><ele>1122.0</ele><time>2026-07-31T13:09:47Z</time></trkpt><trkpt lat="45.501343" lon="25.265172"><ele>1122.7</ele><time>2026-07-31T13:09:52Z</time></trkpt><trkpt lat="45.50135" lon="25.265275"><ele>1123.7</ele><time>2026-07-31T13:09:57Z</time></trkpt><trkpt lat="45.501365" lon="25.265387"><ele>1124.8</ele><time>2026-07-31T13:10:03Z</time></trkpt><trkpt lat="45.501378" lon="25.265488"><ele>1126.0</ele><time>2026-07-31T13:10:09Z</time></trkpt><trkpt lat="45.501397" lon="25.265598"><ele>1127.3</ele><time>2026-07-31T13:10:14Z</time></trkpt><trkpt lat="45.501408" lon="25.265723"><ele>1129.1</ele><time>2026-07-31T13:10:20Z</time></trkpt><trkpt lat="45.501437" lon="25.26584"><ele>1130.6</ele><time>2026-07-31T13:10:26Z</time></trkpt><trkpt lat="45.50145" lon="25.265945"><ele>1132.5</ele><time>2026-07-31T13:10:32Z</time></trkpt><trkpt lat="45.501475" lon="25.266042"><ele>1134.5</ele><time>2026-07-31T13:11:15Z</time></trkpt><trkpt lat="45.501497" lon="25.266142"><ele>1134.9</ele><time>2026-07-31T13:11:20Z</time></trkpt><trkpt lat="45.501517" lon="25.266245"><ele>1136.5</ele><time>2026-07-31T13:11:25Z</time></trkpt><trkpt lat="45.501562" lon="25.266345"><ele>1138.5</ele><time>2026-07-31T13:11:31Z</time></trkpt><trkpt lat="45.501618" lon="25.266412"><ele>1139.6</ele><time>2026-07-31T13:11:36Z</time></trkpt><trkpt lat="45.50168" lon="25.266488"><ele>1141.4</ele><time>2026-07-31T13:11:42Z</time></trkpt><trkpt lat="45.501722" lon="25.266575"><ele>1142.7</ele><time>2026-07-31T13:11:47Z</time></trkpt><trkpt lat="45.501777" lon="25.26665"><ele>1143.4</ele><time>2026-07-31T13:11:52Z</time></trkpt><trkpt lat="45.501838" lon="25.266712"><ele>1144.2</ele><time>2026-07-31T13:11:57Z</time></trkpt><trkpt lat="45.501905" lon="25.266772"><ele>1144.9</ele><time>2026-07-31T13:12:02Z</time></trkpt><trkpt lat="45.501983" lon="25.26681"><ele>1145.8</ele><time>2026-07-31T13:12:08Z</time></trkpt><trkpt lat="45.502042" lon="25.266877"><ele>1146.7</ele><time>2026-07-31T13:12:13Z</time></trkpt><trkpt lat="45.50209" lon="25.266957"><ele>1147.7</ele><time>2026-07-31T13:12:19Z</time></trkpt><trkpt lat="45.502168" lon="25.266988"><ele>1148.2</ele><time>2026-07-31T13:12:47Z</time></trkpt><trkpt lat="45.502245" lon="25.267037"><ele>1149.1</ele><time>2026-07-31T13:12:57Z</time></trkpt><trkpt lat="45.502313" lon="25.267088"><ele>1149.5</ele><time>2026-07-31T13:13:02Z</time></trkpt><trkpt lat="45.502397" lon="25.267117"><ele>1150.3</ele><time>2026-07-31T13:13:07Z</time></trkpt><trkpt lat="45.502478" lon="25.26716"><ele>1151.5</ele><time>2026-07-31T13:13:12Z</time></trkpt><trkpt lat="45.502545" lon="25.267208"><ele>1152.5</ele><time>2026-07-31T13:13:16Z</time></trkpt><trkpt lat="45.50263" lon="25.26725"><ele>1154.0</ele><time>2026-07-31T13:13:21Z</time></trkpt><trkpt lat="45.5027" lon="25.267298"><ele>1155.2</ele><time>2026-07-31T13:13:25Z</time></trkpt><trkpt lat="45.502773" lon="25.267358"><ele>1156.3</ele><time>2026-07-31T13:13:30Z</time></trkpt><trkpt lat="45.502843" lon="25.267398"><ele>1157.2</ele><time>2026-07-31T13:13:35Z</time></trkpt><trkpt lat="45.502917" lon="25.267448"><ele>1158.3</ele><time>2026-07-31T13:13:40Z</time></trkpt><trkpt lat="45.502985" lon="25.267503"><ele>1159.7</ele><time>2026-07-31T13:13:45Z</time></trkpt><trkpt lat="45.503053" lon="25.267548"><ele>1160.8</ele><time>2026-07-31T13:13:49Z</time></trkpt><trkpt lat="45.50313" lon="25.2676"><ele>1161.7</ele><time>2026-07-31T13:13:54Z</time></trkpt><trkpt lat="45.50319" lon="25.26766"><ele>1162.8</ele><time>2026-07-31T13:13:59Z</time></trkpt><trkpt lat="45.503253" lon="25.267733"><ele>1163.5</ele><time>2026-07-31T13:14:04Z</time></trkpt><trkpt lat="45.503318" lon="25.267807"><ele>1164.1</ele><time>2026-07-31T13:14:09Z</time></trkpt><trkpt lat="45.503367" lon="25.267892"><ele>1164.7</ele><time>2026-07-31T13:14:14Z</time></trkpt><trkpt lat="45.503425" lon="25.267977"><ele>1165.5</ele><time>2026-07-31T13:14:19Z</time></trkpt><trkpt lat="45.50348" lon="25.268058"><ele>1166.5</ele><time>2026-07-31T13:14:24Z</time></trkpt><trkpt lat="45.503542" lon="25.268137"><ele>1167.2</ele><time>2026-07-31T13:14:29Z</time></trkpt><trkpt lat="45.503593" lon="25.268218"><ele>1168.2</ele><time>2026-07-31T13:14:34Z</time></trkpt><trkpt lat="45.503658" lon="25.268302"><ele>1169.1</ele><time>2026-07-31T13:14:39Z</time></trkpt><trkpt lat="45.503718" lon="25.268378"><ele>1170.0</ele><time>2026-07-31T13:14:44Z</time></trkpt><trkpt lat="45.503778" lon="25.26846"><ele>1170.9</ele><time>2026-07-31T13:14:49Z</time></trkpt><trkpt lat="45.503833" lon="25.26854"><ele>1171.7</ele><time>2026-07-31T13:14:54Z</time></trkpt><trkpt lat="45.503892" lon="25.268622"><ele>1172.7</ele><time>2026-07-31T13:14:59Z</time></trkpt><trkpt lat="45.503948" lon="25.26871"><ele>1173.4</ele><time>2026-07-31T13:15:04Z</time></trkpt><trkpt lat="45.504003" lon="25.268793"><ele>1174.4</ele><time>2026-07-31T13:15:09Z</time></trkpt><trkpt lat="45.50406" lon="25.268878"><ele>1175.4</ele><time>2026-07-31T13:15:14Z</time></trkpt><trkpt lat="45.504115" lon="25.268967"><ele>1176.5</ele><time>2026-07-31T13:15:20Z</time></trkpt><trkpt lat="45.504175" lon="25.269048"><ele>1177.9</ele><time>2026-07-31T13:15:26Z</time></trkpt><trkpt lat="45.504237" lon="25.269115"><ele>1179.6</ele><time>2026-07-31T13:15:37Z</time></trkpt><trkpt lat="45.504292" lon="25.269182"><ele>1181.2</ele><time>2026-07-31T13:15:46Z</time></trkpt><trkpt lat="45.504355" lon="25.26925"><ele>1182.7</ele><time>2026-07-31T13:15:54Z</time></trkpt><trkpt lat="45.504418" lon="25.26931"><ele>1184.7</ele><time>2026-07-31T13:16:02Z</time></trkpt><trkpt lat="45.504483" lon="25.269372"><ele>1186.3</ele><time>2026-07-31T13:16:10Z</time></trkpt><trkpt lat="45.504542" lon="25.269442"><ele>1187.9</ele><time>2026-07-31T13:16:17Z</time></trkpt><trkpt lat="45.504602" lon="25.269505"><ele>1189.6</ele><time>2026-07-31T13:16:25Z</time></trkpt><trkpt lat="45.504665" lon="25.269582"><ele>1191.0</ele><time>2026-07-31T13:16:33Z</time></trkpt><trkpt lat="45.504725" lon="25.269652"><ele>1192.6</ele><time>2026-07-31T13:16:44Z</time></trkpt><trkpt lat="45.504777" lon="25.269725"><ele>1193.7</ele><time>2026-07-31T13:16:51Z</time></trkpt><trkpt lat="45.504837" lon="25.2698"><ele>1195.4</ele><time>2026-07-31T13:16:59Z</time></trkpt><trkpt lat="45.504895" lon="25.269867"><ele>1196.9</ele><time>2026-07-31T13:17:06Z</time></trkpt><trkpt lat="45.504962" lon="25.269928"><ele>1198.3</ele><time>2026-07-31T13:17:13Z</time></trkpt><trkpt lat="45.505025" lon="25.270003"><ele>1199.5</ele><time>2026-07-31T13:17:20Z</time></trkpt><trkpt lat="45.505088" lon="25.27007"><ele>1201.1</ele><time>2026-07-31T13:17:28Z</time></trkpt><trkpt lat="45.505158" lon="25.270113"><ele>1202.0</ele><time>2026-07-31T13:17:37Z</time></trkpt><trkpt lat="45.505215" lon="25.270033"><ele>1192.7</ele><time>2026-07-31T13:17:46Z</time></trkpt><trkpt lat="45.50527" lon="25.269963"><ele>1193.0</ele><time>2026-07-31T13:17:54Z</time></trkpt><trkpt lat="45.50522" lon="25.27004"><ele>1193.1</ele><time>2026-07-31T13:18:15Z</time></trkpt><trkpt lat="45.50517" lon="25.270118"><ele>1192.8</ele><time>2026-07-31T13:18:25Z</time></trkpt><trkpt lat="45.505117" lon="25.270197"><ele>1192.7</ele><time>2026-07-31T13:18:34Z</time></trkpt><trkpt lat="45.505137" lon="25.270297"><ele>1192.2</ele><time>2026-07-31T13:19:38Z</time></trkpt><trkpt lat="45.505158" lon="25.270195"><ele>1192.4</ele><time>2026-07-31T13:21:31Z</time></trkpt><trkpt lat="45.505112" lon="25.270285"><ele>1192.6</ele><time>2026-07-31T13:22:10Z</time></trkpt><trkpt lat="45.505167" lon="25.270207"><ele>1192.8</ele><time>2026-07-31T13:23:35Z</time></trkpt><trkpt lat="45.505228" lon="25.270278"><ele>1193.5</ele><time>2026-07-31T13:23:40Z</time></trkpt><trkpt lat="45.505303" lon="25.270335"><ele>1194.3</ele><time>2026-07-31T13:23:46Z</time></trkpt><trkpt lat="45.50537" lon="25.270375"><ele>1194.9</ele><time>2026-07-31T13:23:51Z</time></trkpt><trkpt lat="45.505453" lon="25.270408"><ele>1195.5</ele><time>2026-07-31T13:23:58Z</time></trkpt><trkpt lat="45.505533" lon="25.270415"><ele>1195.6</ele><time>2026-07-31T13:24:09Z</time></trkpt><trkpt lat="45.505603" lon="25.27045"><ele>1196.1</ele><time>2026-07-31T13:24:14Z</time></trkpt><trkpt lat="45.505682" lon="25.270475"><ele>1196.3</ele><time>2026-07-31T13:24:19Z</time></trkpt><trkpt lat="45.50576" lon="25.270477"><ele>1196.0</ele><time>2026-07-31T13:24:26Z</time></trkpt><trkpt lat="45.505685" lon="25.270482"><ele>1195.6</ele><time>2026-07-31T13:25:44Z</time></trkpt><trkpt lat="45.505598" lon="25.270443"><ele>1196.0</ele><time>2026-07-31T13:25:51Z</time></trkpt><trkpt lat="45.505522" lon="25.270407"><ele>1196.1</ele><time>2026-07-31T13:25:55Z</time></trkpt><trkpt lat="45.50545" lon="25.270367"><ele>1196.0</ele><time>2026-07-31T13:25:59Z</time></trkpt><trkpt lat="45.505353" lon="25.27034"><ele>1195.8</ele><time>2026-07-31T13:26:03Z</time></trkpt><trkpt lat="45.505275" lon="25.270295"><ele>1195.4</ele><time>2026-07-31T13:26:06Z</time></trkpt><trkpt lat="45.505183" lon="25.270227"><ele>1195.0</ele><time>2026-07-31T13:26:09Z</time></trkpt><trkpt lat="45.505107" lon="25.270218"><ele>1193.8</ele><time>2026-07-31T13:26:13Z</time></trkpt><trkpt lat="45.505093" lon="25.270332"><ele>1193.0</ele><time>2026-07-31T13:26:16Z</time></trkpt><trkpt lat="45.505087" lon="25.270472"><ele>1192.9</ele><time>2026-07-31T13:26:19Z</time></trkpt><trkpt lat="45.505095" lon="25.27062"><ele>1192.5</ele><time>2026-07-31T13:26:22Z</time></trkpt><trkpt lat="45.505118" lon="25.270755"><ele>1191.5</ele><time>2026-07-31T13:26:25Z</time></trkpt><trkpt lat="45.505142" lon="25.270855"><ele>1190.5</ele><time>2026-07-31T13:26:27Z</time></trkpt><trkpt lat="45.505178" lon="25.270952"><ele>1189.4</ele><time>2026-07-31T13:26:29Z</time></trkpt><trkpt lat="45.505228" lon="25.271067"><ele>1188.2</ele><time>2026-07-31T13:26:31Z</time></trkpt><trkpt lat="45.5053" lon="25.271218"><ele>1186.9</ele><time>2026-07-31T13:26:33Z</time></trkpt><trkpt lat="45.505342" lon="25.271307"><ele>1186.2</ele><time>2026-07-31T13:26:34Z</time></trkpt><trkpt lat="45.505378" lon="25.271402"><ele>1186.2</ele><time>2026-07-31T13:26:35Z</time></trkpt><trkpt lat="45.505413" lon="25.271502"><ele>1185.4</ele><time>2026-07-31T13:26:36Z</time></trkpt><trkpt lat="45.505448" lon="25.271613"><ele>1184.5</ele><time>2026-07-31T13:26:37Z</time></trkpt><trkpt lat="45.50548" lon="25.271727"><ele>1183.5</ele><time>2026-07-31T13:26:38Z</time></trkpt><trkpt lat="45.50551" lon="25.271838"><ele>1182.4</ele><time>2026-07-31T13:26:39Z</time></trkpt><trkpt lat="45.505532" lon="25.271938"><ele>1181.3</ele><time>2026-07-31T13:26:40Z</time></trkpt><trkpt lat="45.505583" lon="25.272072"><ele>1178.6</ele><time>2026-07-31T13:26:42Z</time></trkpt><trkpt lat="45.505632" lon="25.272152"><ele>1171.8</ele><time>2026-07-31T13:27:45Z</time></trkpt><trkpt lat="45.50569" lon="25.272242"><ele>1171.8</ele><time>2026-07-31T13:27:47Z</time></trkpt><trkpt lat="45.505777" lon="25.272378"><ele>1171.4</ele><time>2026-07-31T13:27:49Z</time></trkpt><trkpt lat="45.505828" lon="25.272465"><ele>1171.0</ele><time>2026-07-31T13:27:50Z</time></trkpt><trkpt lat="45.505892" lon="25.272558"><ele>1170.4</ele><time>2026-07-31T13:27:51Z</time></trkpt><trkpt lat="45.505957" lon="25.272658"><ele>1169.7</ele><time>2026-07-31T13:27:52Z</time></trkpt><trkpt lat="45.506017" lon="25.272788"><ele>1168.7</ele><time>2026-07-31T13:27:53Z</time></trkpt><trkpt lat="45.506053" lon="25.272952"><ele>1167.6</ele><time>2026-07-31T13:27:54Z</time></trkpt><trkpt lat="45.506077" lon="25.273132"><ele>1166.3</ele><time>2026-07-31T13:27:55Z</time></trkpt><trkpt lat="45.506097" lon="25.273318"><ele>1164.9</ele><time>2026-07-31T13:27:56Z</time></trkpt><trkpt lat="45.506117" lon="25.273512"><ele>1163.4</ele><time>2026-07-31T13:27:57Z</time></trkpt><trkpt lat="45.506135" lon="25.273705"><ele>1162.0</ele><time>2026-07-31T13:27:58Z</time></trkpt><trkpt lat="45.506152" lon="25.273898"><ele>1160.6</ele><time>2026-07-31T13:27:59Z</time></trkpt><trkpt lat="45.506172" lon="25.27409"><ele>1159.0</ele><time>2026-07-31T13:28:00Z</time></trkpt><trkpt lat="45.506195" lon="25.274288"><ele>1157.2</ele><time>2026-07-31T13:28:01Z</time></trkpt><trkpt lat="45.506222" lon="25.274487"><ele>1157.2</ele><time>2026-07-31T13:28:02Z</time></trkpt><trkpt lat="45.506253" lon="25.274685"><ele>1155.2</ele><time>2026-07-31T13:28:03Z</time></trkpt><trkpt lat="45.506287" lon="25.274878"><ele>1153.2</ele><time>2026-07-31T13:28:04Z</time></trkpt><trkpt lat="45.50632" lon="25.275068"><ele>1151.2</ele><time>2026-07-31T13:28:05Z</time></trkpt><trkpt lat="45.506357" lon="25.275242"><ele>1149.5</ele><time>2026-07-31T13:28:06Z</time></trkpt><trkpt lat="45.50639" lon="25.27539"><ele>1148.1</ele><time>2026-07-31T13:28:07Z</time></trkpt><trkpt lat="45.506422" lon="25.275517"><ele>1146.6</ele><time>2026-07-31T13:28:08Z</time></trkpt><trkpt lat="45.506448" lon="25.27563"><ele>1145.2</ele><time>2026-07-31T13:28:09Z</time></trkpt><trkpt lat="45.5065" lon="25.275772"><ele>1142.2</ele><time>2026-07-31T13:28:11Z</time></trkpt><trkpt lat="45.506483" lon="25.275883"><ele>1137.4</ele><time>2026-07-31T13:28:17Z</time></trkpt><trkpt lat="45.506555" lon="25.275907"><ele>1136.3</ele><time>2026-07-31T13:28:59Z</time></trkpt><trkpt lat="45.506632" lon="25.27596"><ele>1136.2</ele><time>2026-07-31T13:29:01Z</time></trkpt><trkpt lat="45.506712" lon="25.276078"><ele>1135.7</ele><time>2026-07-31T13:29:03Z</time></trkpt><trkpt lat="45.506813" lon="25.276227"><ele>1135.4</ele><time>2026-07-31T13:29:05Z</time></trkpt><trkpt lat="45.506868" lon="25.276315"><ele>1135.0</ele><time>2026-07-31T13:29:06Z</time></trkpt><trkpt lat="45.506927" lon="25.276415"><ele>1134.5</ele><time>2026-07-31T13:29:07Z</time></trkpt><trkpt lat="45.50698" lon="25.276532"><ele>1133.9</ele><time>2026-07-31T13:29:08Z</time></trkpt><trkpt lat="45.50703" lon="25.276667"><ele>1133.1</ele><time>2026-07-31T13:29:09Z</time></trkpt><trkpt lat="45.507075" lon="25.276812"><ele>1132.1</ele><time>2026-07-31T13:29:10Z</time></trkpt><trkpt lat="45.507117" lon="25.276963"><ele>1130.9</ele><time>2026-07-31T13:29:10Z</time></trkpt><trkpt lat="45.507162" lon="25.277118"><ele>1129.5</ele><time>2026-07-31T13:29:11Z</time></trkpt><trkpt lat="45.507202" lon="25.277278"><ele>1128.1</ele><time>2026-07-31T13:29:12Z</time></trkpt><trkpt lat="45.50723" lon="25.277443"><ele>1126.7</ele><time>2026-07-31T13:29:13Z</time></trkpt><trkpt lat="45.50723" lon="25.277622"><ele>1125.4</ele><time>2026-07-31T13:29:14Z</time></trkpt><trkpt lat="45.507212" lon="25.277797"><ele>1124.2</ele><time>2026-07-31T13:29:15Z</time></trkpt><trkpt lat="45.507197" lon="25.277968"><ele>1123.1</ele><time>2026-07-31T13:29:16Z</time></trkpt><trkpt lat="45.507188" lon="25.27813"><ele>1123.1</ele><time>2026-07-31T13:29:17Z</time></trkpt><trkpt lat="45.507183" lon="25.278288"><ele>1122.3</ele><time>2026-07-31T13:29:18Z</time></trkpt><trkpt lat="45.50717" lon="25.278435"><ele>1121.5</ele><time>2026-07-31T13:29:19Z</time></trkpt><trkpt lat="45.507163" lon="25.278577"><ele>1121.0</ele><time>2026-07-31T13:29:20Z</time></trkpt><trkpt lat="45.50716" lon="25.278703"><ele>1121.0</ele><time>2026-07-31T13:29:21Z</time></trkpt><trkpt lat="45.507153" lon="25.278813"><ele>1120.7</ele><time>2026-07-31T13:29:22Z</time></trkpt><trkpt lat="45.507145" lon="25.278993"><ele>1120.5</ele><time>2026-07-31T13:29:24Z</time></trkpt><trkpt lat="45.507143" lon="25.279123"><ele>1120.5</ele><time>2026-07-31T13:29:26Z</time></trkpt><trkpt lat="45.50715" lon="25.279227"><ele>1121.5</ele><time>2026-07-31T13:29:28Z</time></trkpt><trkpt lat="45.507147" lon="25.279333"><ele>1122.0</ele><time>2026-07-31T13:29:30Z</time></trkpt><trkpt lat="45.507155" lon="25.279437"><ele>1122.9</ele><time>2026-07-31T13:29:32Z</time></trkpt><trkpt lat="45.507168" lon="25.27954"><ele>1123.4</ele><time>2026-07-31T13:29:34Z</time></trkpt><trkpt lat="45.507187" lon="25.279642"><ele>1123.9</ele><time>2026-07-31T13:29:36Z</time></trkpt><trkpt lat="45.507203" lon="25.279745"><ele>1124.5</ele><time>2026-07-31T13:29:39Z</time></trkpt><trkpt lat="45.507225" lon="25.279878"><ele>1125.2</ele><time>2026-07-31T13:29:42Z</time></trkpt><trkpt lat="45.507242" lon="25.280008"><ele>1125.8</ele><time>2026-07-31T13:29:45Z</time></trkpt><trkpt lat="45.507252" lon="25.280127"><ele>1125.9</ele><time>2026-07-31T13:29:47Z</time></trkpt><trkpt lat="45.50727" lon="25.280267"><ele>1126.1</ele><time>2026-07-31T13:29:49Z</time></trkpt><trkpt lat="45.50728" lon="25.280415"><ele>1126.3</ele><time>2026-07-31T13:29:52Z</time></trkpt><trkpt lat="45.507293" lon="25.28052"><ele>1126.4</ele><time>2026-07-31T13:29:53Z</time></trkpt><trkpt lat="45.507317" lon="25.280683"><ele>1126.5</ele><time>2026-07-31T13:29:55Z</time></trkpt><trkpt lat="45.507342" lon="25.28083"><ele>1126.5</ele><time>2026-07-31T13:29:57Z</time></trkpt><trkpt lat="45.507363" lon="25.280947"><ele>1126.5</ele><time>2026-07-31T13:29:59Z</time></trkpt><trkpt lat="45.507392" lon="25.281088"><ele>1126.8</ele><time>2026-07-31T13:30:02Z</time></trkpt><trkpt lat="45.50743" lon="25.281255"><ele>1127.0</ele><time>2026-07-31T13:30:05Z</time></trkpt><trkpt lat="45.507462" lon="25.281358"><ele>1127.4</ele><time>2026-07-31T13:30:08Z</time></trkpt><trkpt lat="45.507517" lon="25.281472"><ele>1128.0</ele><time>2026-07-31T13:30:11Z</time></trkpt><trkpt lat="45.507538" lon="25.281597"><ele>1128.8</ele><time>2026-07-31T13:30:14Z</time></trkpt><trkpt lat="45.50757" lon="25.281713"><ele>1129.7</ele><time>2026-07-31T13:30:17Z</time></trkpt><trkpt lat="45.507613" lon="25.281807"><ele>1130.5</ele><time>2026-07-31T13:30:20Z</time></trkpt><trkpt lat="45.50766" lon="25.281907"><ele>1131.1</ele><time>2026-07-31T13:30:23Z</time></trkpt><trkpt lat="45.507705" lon="25.282005"><ele>1131.8</ele><time>2026-07-31T13:30:26Z</time></trkpt><trkpt lat="45.507763" lon="25.282125"><ele>1132.4</ele><time>2026-07-31T13:30:29Z</time></trkpt><trkpt lat="45.507813" lon="25.282217"><ele>1132.9</ele><time>2026-07-31T13:30:32Z</time></trkpt><trkpt lat="45.507882" lon="25.282325"><ele>1133.6</ele><time>2026-07-31T13:30:36Z</time></trkpt><trkpt lat="45.50794" lon="25.282408"><ele>1133.9</ele><time>2026-07-31T13:30:38Z</time></trkpt><trkpt lat="45.508012" lon="25.282508"><ele>1134.1</ele><time>2026-07-31T13:30:41Z</time></trkpt><trkpt lat="45.50806" lon="25.282583"><ele>1134.1</ele><time>2026-07-31T13:30:43Z</time></trkpt><trkpt lat="45.508122" lon="25.282648"><ele>1134.0</ele><time>2026-07-31T13:30:45Z</time></trkpt><trkpt lat="45.508193" lon="25.282715"><ele>1133.8</ele><time>2026-07-31T13:30:47Z</time></trkpt><trkpt lat="45.508278" lon="25.282802"><ele>1133.6</ele><time>2026-07-31T13:30:49Z</time></trkpt><trkpt lat="45.508373" lon="25.282923"><ele>1132.9</ele><time>2026-07-31T13:30:51Z</time></trkpt><trkpt lat="45.50847" lon="25.283082"><ele>1132.0</ele><time>2026-07-31T13:30:53Z</time></trkpt><trkpt lat="45.508517" lon="25.283173"><ele>1131.6</ele><time>2026-07-31T13:30:54Z</time></trkpt><trkpt lat="45.508565" lon="25.28327"><ele>1131.3</ele><time>2026-07-31T13:30:55Z</time></trkpt><trkpt lat="45.508612" lon="25.28337"><ele>1131.3</ele><time>2026-07-31T13:30:56Z</time></trkpt><trkpt lat="45.508662" lon="25.283472"><ele>1130.9</ele><time>2026-07-31T13:30:57Z</time></trkpt><trkpt lat="45.508702" lon="25.283587"><ele>1130.4</ele><time>2026-07-31T13:30:58Z</time></trkpt><trkpt lat="45.50874" lon="25.283707"><ele>1130.0</ele><time>2026-07-31T13:30:59Z</time></trkpt><trkpt lat="45.508775" lon="25.283845"><ele>1129.4</ele><time>2026-07-31T13:31:00Z</time></trkpt><trkpt lat="45.508805" lon="25.283975"><ele>1128.5</ele><time>2026-07-31T13:31:01Z</time></trkpt><trkpt lat="45.508833" lon="25.284115"><ele>1127.7</ele><time>2026-07-31T13:31:02Z</time></trkpt><trkpt lat="45.508862" lon="25.284258"><ele>1126.9</ele><time>2026-07-31T13:31:03Z</time></trkpt><trkpt lat="45.508893" lon="25.284408"><ele>1125.9</ele><time>2026-07-31T13:31:04Z</time></trkpt><trkpt lat="45.508928" lon="25.284558"><ele>1125.2</ele><time>2026-07-31T13:31:05Z</time></trkpt><trkpt lat="45.508968" lon="25.284708"><ele>1124.5</ele><time>2026-07-31T13:31:06Z</time></trkpt><trkpt lat="45.509012" lon="25.284857"><ele>1123.6</ele><time>2026-07-31T13:31:07Z</time></trkpt><trkpt lat="45.509058" lon="25.285005"><ele>1123.6</ele><time>2026-07-31T13:31:08Z</time></trkpt><trkpt lat="45.509105" lon="25.28514"><ele>1122.6</ele><time>2026-07-31T13:31:09Z</time></trkpt><trkpt lat="45.509148" lon="25.285302"><ele>1121.6</ele><time>2026-07-31T13:31:10Z</time></trkpt><trkpt lat="45.509185" lon="25.285445"><ele>1120.5</ele><time>2026-07-31T13:31:11Z</time></trkpt><trkpt lat="45.509217" lon="25.285592"><ele>1120.5</ele><time>2026-07-31T13:31:12Z</time></trkpt><trkpt lat="45.509245" lon="25.285733"><ele>1119.5</ele><time>2026-07-31T13:31:13Z</time></trkpt><trkpt lat="45.509268" lon="25.285872"><ele>1118.7</ele><time>2026-07-31T13:31:14Z</time></trkpt><trkpt lat="45.509288" lon="25.286007"><ele>1118.1</ele><time>2026-07-31T13:31:15Z</time></trkpt><trkpt lat="45.509307" lon="25.286157"><ele>1118.1</ele><time>2026-07-31T13:31:16Z</time></trkpt><trkpt lat="45.509308" lon="25.286268"><ele>1117.8</ele><time>2026-07-31T13:31:17Z</time></trkpt><trkpt lat="45.509315" lon="25.286395"><ele>1117.2</ele><time>2026-07-31T13:31:18Z</time></trkpt><trkpt lat="45.509315" lon="25.286517"><ele>1116.8</ele><time>2026-07-31T13:31:19Z</time></trkpt><trkpt lat="45.509315" lon="25.286637"><ele>1116.8</ele><time>2026-07-31T13:31:20Z</time></trkpt><trkpt lat="45.509312" lon="25.28675"><ele>1116.4</ele><time>2026-07-31T13:31:21Z</time></trkpt><trkpt lat="45.509307" lon="25.286857"><ele>1115.8</ele><time>2026-07-31T13:31:22Z</time></trkpt><trkpt lat="45.509302" lon="25.287052"><ele>1115.3</ele><time>2026-07-31T13:31:24Z</time></trkpt><trkpt lat="45.509285" lon="25.287203"><ele>1115.0</ele><time>2026-07-31T13:31:26Z</time></trkpt><trkpt lat="45.509272" lon="25.287328"><ele>1114.8</ele><time>2026-07-31T13:31:28Z</time></trkpt><trkpt lat="45.50924" lon="25.287428"><ele>1115.1</ele><time>2026-07-31T13:31:30Z</time></trkpt><trkpt lat="45.509237" lon="25.287565"><ele>1115.7</ele><time>2026-07-31T13:31:32Z</time></trkpt><trkpt lat="45.509232" lon="25.287687"><ele>1116.1</ele><time>2026-07-31T13:31:34Z</time></trkpt><trkpt lat="45.509208" lon="25.287817"><ele>1117.0</ele><time>2026-07-31T13:31:37Z</time></trkpt><trkpt lat="45.509197" lon="25.28793"><ele>1118.3</ele><time>2026-07-31T13:31:40Z</time></trkpt><trkpt lat="45.509198" lon="25.288038"><ele>1119.3</ele><time>2026-07-31T13:31:43Z</time></trkpt><trkpt lat="45.50917" lon="25.288142"><ele>1119.9</ele><time>2026-07-31T13:31:46Z</time></trkpt><trkpt lat="45.509132" lon="25.288263"><ele>1120.2</ele><time>2026-07-31T13:31:50Z</time></trkpt><trkpt lat="45.509052" lon="25.288385"><ele>1120.2</ele><time>2026-07-31T13:31:53Z</time></trkpt><trkpt lat="45.50896" lon="25.28857"><ele>1119.8</ele><time>2026-07-31T13:31:55Z</time></trkpt><trkpt lat="45.508842" lon="25.288565"><ele>1119.2</ele><time>2026-07-31T13:31:57Z</time></trkpt><trkpt lat="45.508762" lon="25.28861"><ele>1118.7</ele><time>2026-07-31T13:31:58Z</time></trkpt><trkpt lat="45.508682" lon="25.288648"><ele>1118.1</ele><time>2026-07-31T13:31:59Z</time></trkpt><trkpt lat="45.508587" lon="25.288668"><ele>1117.4</ele><time>2026-07-31T13:32:00Z</time></trkpt><trkpt lat="45.508488" lon="25.288678"><ele>1116.6</ele><time>2026-07-31T13:32:01Z</time></trkpt><trkpt lat="45.508397" lon="25.288693"><ele>1115.9</ele><time>2026-07-31T13:32:02Z</time></trkpt><trkpt lat="45.508303" lon="25.288703"><ele>1115.4</ele><time>2026-07-31T13:32:03Z</time></trkpt><trkpt lat="45.508202" lon="25.288725"><ele>1114.9</ele><time>2026-07-31T13:32:04Z</time></trkpt><trkpt lat="45.508088" lon="25.288753"><ele>1114.3</ele><time>2026-07-31T13:32:05Z</time></trkpt><trkpt lat="45.507982" lon="25.288787"><ele>1113.6</ele><time>2026-07-31T13:32:06Z</time></trkpt><trkpt lat="45.507877" lon="25.288835"><ele>1112.7</ele><time>2026-07-31T13:32:07Z</time></trkpt><trkpt lat="45.507767" lon="25.28888"><ele>1112.7</ele><time>2026-07-31T13:32:08Z</time></trkpt><trkpt lat="45.507663" lon="25.28893"><ele>1111.7</ele><time>2026-07-31T13:32:09Z</time></trkpt><trkpt lat="45.507567" lon="25.288987"><ele>1110.6</ele><time>2026-07-31T13:32:10Z</time></trkpt><trkpt lat="45.507487" lon="25.28905"><ele>1109.6</ele><time>2026-07-31T13:32:11Z</time></trkpt><trkpt lat="45.507415" lon="25.289112"><ele>1108.7</ele><time>2026-07-31T13:32:12Z</time></trkpt><trkpt lat="45.50735" lon="25.289173"><ele>1107.8</ele><time>2026-07-31T13:32:13Z</time></trkpt><trkpt lat="45.507288" lon="25.289253"><ele>1107.8</ele><time>2026-07-31T13:32:14Z</time></trkpt><trkpt lat="45.50724" lon="25.289367"><ele>1107.0</ele><time>2026-07-31T13:32:15Z</time></trkpt><trkpt lat="45.507167" lon="25.289417"><ele>1106.1</ele><time>2026-07-31T13:32:16Z</time></trkpt><trkpt lat="45.507105" lon="25.289477"><ele>1105.2</ele><time>2026-07-31T13:32:17Z</time></trkpt><trkpt lat="45.507165" lon="25.289792"><ele>1105.2</ele><time>2026-07-31T13:32:18Z</time></trkpt><trkpt lat="45.507165" lon="25.289932"><ele>1104.0</ele><time>2026-07-31T13:32:19Z</time></trkpt><trkpt lat="45.50718" lon="25.290082"><ele>1102.7</ele><time>2026-07-31T13:32:20Z</time></trkpt><trkpt lat="45.5072" lon="25.290237"><ele>1101.3</ele><time>2026-07-31T13:32:21Z</time></trkpt><trkpt lat="45.507168" lon="25.290353"><ele>1099.9</ele><time>2026-07-31T13:32:22Z</time></trkpt><trkpt lat="45.507077" lon="25.290278"><ele>1098.5</ele><time>2026-07-31T13:32:23Z</time></trkpt><trkpt lat="45.506988" lon="25.290247"><ele>1097.0</ele><time>2026-07-31T13:32:24Z</time></trkpt><trkpt lat="45.50692" lon="25.290193"><ele>1095.7</ele><time>2026-07-31T13:32:25Z</time></trkpt><trkpt lat="45.506863" lon="25.290068"><ele>1094.6</ele><time>2026-07-31T13:32:26Z</time></trkpt><trkpt lat="45.506843" lon="25.289932"><ele>1093.5</ele><time>2026-07-31T13:32:27Z</time></trkpt><trkpt lat="45.50684" lon="25.289807"><ele>1092.5</ele><time>2026-07-31T13:32:28Z</time></trkpt><trkpt lat="45.506753" lon="25.289692"><ele>1090.6</ele><time>2026-07-31T13:32:30Z</time></trkpt><trkpt lat="45.506642" lon="25.289787"><ele>1088.6</ele><time>2026-07-31T13:32:32Z</time></trkpt><trkpt lat="45.506578" lon="25.289897"><ele>1088.6</ele><time>2026-07-31T13:32:33Z</time></trkpt><trkpt lat="45.506517" lon="25.290008"><ele>1087.6</ele><time>2026-07-31T13:32:34Z</time></trkpt><trkpt lat="45.506457" lon="25.290115"><ele>1086.6</ele><time>2026-07-31T13:32:35Z</time></trkpt><trkpt lat="45.506388" lon="25.290242"><ele>1085.5</ele><time>2026-07-31T13:32:36Z</time></trkpt><trkpt lat="45.506242" lon="25.290517"><ele>1083.2</ele><time>2026-07-31T13:32:39Z</time></trkpt><trkpt lat="45.506175" lon="25.290638"><ele>1081.8</ele><time>2026-07-31T13:32:40Z</time></trkpt><trkpt lat="45.50612" lon="25.290768"><ele>1080.1</ele><time>2026-07-31T13:32:41Z</time></trkpt><trkpt lat="45.506075" lon="25.290907"><ele>1078.5</ele><time>2026-07-31T13:32:42Z</time></trkpt><trkpt lat="45.506035" lon="25.291042"><ele>1076.8</ele><time>2026-07-31T13:32:43Z</time></trkpt><trkpt lat="45.506008" lon="25.291167"><ele>1074.9</ele><time>2026-07-31T13:32:44Z</time></trkpt><trkpt lat="45.50602" lon="25.291317"><ele>1090.5</ele><time>2026-07-31T13:32:45Z</time></trkpt><trkpt lat="45.506033" lon="25.291453"><ele>1089.0</ele><time>2026-07-31T13:32:46Z</time></trkpt><trkpt lat="45.506067" lon="25.29158"><ele>1087.6</ele><time>2026-07-31T13:32:47Z</time></trkpt><trkpt lat="45.506102" lon="25.291765"><ele>1084.7</ele><time>2026-07-31T13:32:49Z</time></trkpt><trkpt lat="45.50601" lon="25.291865"><ele>1083.2</ele><time>2026-07-31T13:32:51Z</time></trkpt><trkpt lat="45.505882" lon="25.291748"><ele>1080.2</ele><time>2026-07-31T13:32:53Z</time></trkpt><trkpt lat="45.50575" lon="25.291635"><ele>1078.9</ele><time>2026-07-31T13:32:54Z</time></trkpt><trkpt lat="45.505668" lon="25.291562"><ele>1077.8</ele><time>2026-07-31T13:32:55Z</time></trkpt><trkpt lat="45.505587" lon="25.291467"><ele>1077.0</ele><time>2026-07-31T13:32:56Z</time></trkpt><trkpt lat="45.505525" lon="25.291348"><ele>1076.1</ele><time>2026-07-31T13:32:57Z</time></trkpt><trkpt lat="45.505487" lon="25.291232"><ele>1075.2</ele><time>2026-07-31T13:32:58Z</time></trkpt><trkpt lat="45.50548" lon="25.291102"><ele>1074.3</ele><time>2026-07-31T13:32:59Z</time></trkpt><trkpt lat="45.50549" lon="25.290962"><ele>1073.3</ele><time>2026-07-31T13:33:00Z</time></trkpt><trkpt lat="45.505512" lon="25.29083"><ele>1072.3</ele><time>2026-07-31T13:33:01Z</time></trkpt><trkpt lat="45.505547" lon="25.29072"><ele>1071.4</ele><time>2026-07-31T13:33:02Z</time></trkpt><trkpt lat="45.505577" lon="25.290623"><ele>1070.6</ele><time>2026-07-31T13:33:03Z</time></trkpt><trkpt lat="45.505568" lon="25.290467"><ele>1068.8</ele><time>2026-07-31T13:33:05Z</time></trkpt><trkpt lat="45.505457" lon="25.290432"><ele>1067.0</ele><time>2026-07-31T13:33:07Z</time></trkpt><trkpt lat="45.505345" lon="25.290472"><ele>1066.1</ele><time>2026-07-31T13:33:09Z</time></trkpt><trkpt lat="45.505328" lon="25.290672"><ele>1065.2</ele><time>2026-07-31T13:33:10Z</time></trkpt><trkpt lat="45.505257" lon="25.290762"><ele>1064.4</ele><time>2026-07-31T13:33:11Z</time></trkpt><trkpt lat="45.505185" lon="25.290865"><ele>1063.5</ele><time>2026-07-31T13:33:12Z</time></trkpt><trkpt lat="45.505105" lon="25.290968"><ele>1062.5</ele><time>2026-07-31T13:33:13Z</time></trkpt><trkpt lat="45.505028" lon="25.291072"><ele>1061.4</ele><time>2026-07-31T13:33:14Z</time></trkpt><trkpt lat="45.504932" lon="25.291198"><ele>1060.2</ele><time>2026-07-31T13:33:15Z</time></trkpt><trkpt lat="45.50484" lon="25.29133"><ele>1058.9</ele><time>2026-07-31T13:33:16Z</time></trkpt><trkpt lat="45.504745" lon="25.29147"><ele>1057.5</ele><time>2026-07-31T13:33:17Z</time></trkpt><trkpt lat="45.504642" lon="25.291605"><ele>1055.9</ele><time>2026-07-31T13:33:18Z</time></trkpt><trkpt lat="45.504535" lon="25.29174"><ele>1054.0</ele><time>2026-07-31T13:33:19Z</time></trkpt><trkpt lat="45.504435" lon="25.291853"><ele>1052.1</ele><time>2026-07-31T13:33:20Z</time></trkpt><trkpt lat="45.504357" lon="25.291948"><ele>1049.8</ele><time>2026-07-31T13:33:21Z</time></trkpt><trkpt lat="45.504292" lon="25.292032"><ele>1047.5</ele><time>2026-07-31T13:33:22Z</time></trkpt><trkpt lat="45.50425" lon="25.29213"><ele>1045.1</ele><time>2026-07-31T13:33:23Z</time></trkpt><trkpt lat="45.504233" lon="25.292258"><ele>1043.1</ele><time>2026-07-31T13:33:24Z</time></trkpt><trkpt lat="45.504255" lon="25.292388"><ele>1041.1</ele><time>2026-07-31T13:33:25Z</time></trkpt><trkpt lat="45.504297" lon="25.292492"><ele>1041.1</ele><time>2026-07-31T13:33:26Z</time></trkpt><trkpt lat="45.504292" lon="25.292677"><ele>1038.2</ele><time>2026-07-31T13:33:28Z</time></trkpt><trkpt lat="45.504202" lon="25.292715"><ele>1036.8</ele><time>2026-07-31T13:33:29Z</time></trkpt><trkpt lat="45.504095" lon="25.292665"><ele>1035.4</ele><time>2026-07-31T13:33:30Z</time></trkpt><trkpt lat="45.504005" lon="25.292587"><ele>1034.0</ele><time>2026-07-31T13:33:31Z</time></trkpt><trkpt lat="45.503913" lon="25.292517"><ele>1032.6</ele><time>2026-07-31T13:33:32Z</time></trkpt><trkpt lat="45.50382" lon="25.292455"><ele>1031.4</ele><time>2026-07-31T13:33:33Z</time></trkpt><trkpt lat="45.503718" lon="25.292417"><ele>1030.4</ele><time>2026-07-31T13:33:34Z</time></trkpt><trkpt lat="45.503608" lon="25.292448"><ele>1029.6</ele><time>2026-07-31T13:33:35Z</time></trkpt><trkpt lat="45.50351" lon="25.292498"><ele>1029.1</ele><time>2026-07-31T13:33:36Z</time></trkpt><trkpt lat="45.503412" lon="25.292537"><ele>1028.5</ele><time>2026-07-31T13:33:37Z</time></trkpt><trkpt lat="45.503312" lon="25.292572"><ele>1027.9</ele><time>2026-07-31T13:33:38Z</time></trkpt><trkpt lat="45.503223" lon="25.292643"><ele>1027.4</ele><time>2026-07-31T13:33:39Z</time></trkpt><trkpt lat="45.503162" lon="25.292707"><ele>1027.0</ele><time>2026-07-31T13:33:40Z</time></trkpt><trkpt lat="45.503082" lon="25.292827"><ele>1026.4</ele><time>2026-07-31T13:33:41Z</time></trkpt><trkpt lat="45.503017" lon="25.292928"><ele>1025.9</ele><time>2026-07-31T13:33:42Z</time></trkpt><trkpt lat="45.502955" lon="25.293035"><ele>1025.9</ele><time>2026-07-31T13:33:43Z</time></trkpt><trkpt lat="45.502902" lon="25.293142"><ele>1025.5</ele><time>2026-07-31T13:33:44Z</time></trkpt><trkpt lat="45.502852" lon="25.293253"><ele>1025.2</ele><time>2026-07-31T13:33:45Z</time></trkpt><trkpt lat="45.502807" lon="25.293363"><ele>1024.8</ele><time>2026-07-31T13:33:46Z</time></trkpt><trkpt lat="45.502768" lon="25.293463"><ele>1024.5</ele><time>2026-07-31T13:33:47Z</time></trkpt><trkpt lat="45.502722" lon="25.293572"><ele>1024.3</ele><time>2026-07-31T13:33:48Z</time></trkpt><trkpt lat="45.502685" lon="25.293677"><ele>1024.1</ele><time>2026-07-31T13:33:49Z</time></trkpt><trkpt lat="45.50265" lon="25.293783"><ele>1024.0</ele><time>2026-07-31T13:33:50Z</time></trkpt><trkpt lat="45.502623" lon="25.293887"><ele>1023.9</ele><time>2026-07-31T13:33:51Z</time></trkpt><trkpt lat="45.502603" lon="25.293995"><ele>1023.8</ele><time>2026-07-31T13:33:52Z</time></trkpt><trkpt lat="45.502587" lon="25.2941"><ele>1023.6</ele><time>2026-07-31T13:33:53Z</time></trkpt><trkpt lat="45.502548" lon="25.294295"><ele>1023.5</ele><time>2026-07-31T13:33:55Z</time></trkpt><trkpt lat="45.502507" lon="25.294472"><ele>1023.3</ele><time>2026-07-31T13:33:57Z</time></trkpt><trkpt lat="45.502475" lon="25.29464"><ele>1023.2</ele><time>2026-07-31T13:33:59Z</time></trkpt><trkpt lat="45.502447" lon="25.294785"><ele>1023.1</ele><time>2026-07-31T13:34:01Z</time></trkpt><trkpt lat="45.50241" lon="25.294892"><ele>1023.1</ele><time>2026-07-31T13:34:03Z</time></trkpt><trkpt lat="45.502365" lon="25.294998"><ele>1023.3</ele><time>2026-07-31T13:34:05Z</time></trkpt><trkpt lat="45.502277" lon="25.295085"><ele>1023.9</ele><time>2026-07-31T13:34:08Z</time></trkpt><trkpt lat="45.50222" lon="25.295255"><ele>1024.3</ele><time>2026-07-31T13:34:10Z</time></trkpt><trkpt lat="45.502158" lon="25.2952"><ele>1025.8</ele><time>2026-07-31T13:34:13Z</time></trkpt><trkpt lat="45.502092" lon="25.29525"><ele>1027.0</ele><time>2026-07-31T13:34:16Z</time></trkpt><trkpt lat="45.502015" lon="25.295303"><ele>1028.0</ele><time>2026-07-31T13:34:19Z</time></trkpt><trkpt lat="45.501955" lon="25.29537"><ele>1029.3</ele><time>2026-07-31T13:34:23Z</time></trkpt><trkpt lat="45.501887" lon="25.295428"><ele>1030.1</ele><time>2026-07-31T13:34:26Z</time></trkpt><trkpt lat="45.501803" lon="25.295515"><ele>1030.8</ele><time>2026-07-31T13:34:30Z</time></trkpt><trkpt lat="45.501743" lon="25.295588"><ele>1031.2</ele><time>2026-07-31T13:34:32Z</time></trkpt><trkpt lat="45.501677" lon="25.295688"><ele>1031.8</ele><time>2026-07-31T13:34:35Z</time></trkpt><trkpt lat="45.501615" lon="25.295782"><ele>1032.3</ele><time>2026-07-31T13:34:38Z</time></trkpt><trkpt lat="45.501558" lon="25.295852"><ele>1032.8</ele><time>2026-07-31T13:34:41Z</time></trkpt><trkpt lat="45.501493" lon="25.295927"><ele>1033.3</ele><time>2026-07-31T13:34:44Z</time></trkpt><trkpt lat="45.501437" lon="25.296005"><ele>1033.7</ele><time>2026-07-31T13:34:47Z</time></trkpt><trkpt lat="45.501382" lon="25.296077"><ele>1034.1</ele><time>2026-07-31T13:34:50Z</time></trkpt><trkpt lat="45.501317" lon="25.296152"><ele>1034.5</ele><time>2026-07-31T13:34:53Z</time></trkpt><trkpt lat="45.50124" lon="25.296233"><ele>1034.8</ele><time>2026-07-31T13:34:56Z</time></trkpt><trkpt lat="45.501153" lon="25.296315"><ele>1035.0</ele><time>2026-07-31T13:34:59Z</time></trkpt><trkpt lat="45.501065" lon="25.296388"><ele>1035.0</ele><time>2026-07-31T13:35:02Z</time></trkpt><trkpt lat="45.500968" lon="25.296448"><ele>1035.1</ele><time>2026-07-31T13:35:05Z</time></trkpt><trkpt lat="45.500877" lon="25.2965"><ele>1035.4</ele><time>2026-07-31T13:35:08Z</time></trkpt><trkpt lat="45.500792" lon="25.296558"><ele>1035.7</ele><time>2026-07-31T13:35:12Z</time></trkpt><trkpt lat="45.500705" lon="25.296597"><ele>1036.0</ele><time>2026-07-31T13:35:16Z</time></trkpt><trkpt lat="45.50062" lon="25.296635"><ele>1036.4</ele><time>2026-07-31T13:35:19Z</time></trkpt><trkpt lat="45.500532" lon="25.296682"><ele>1036.6</ele><time>2026-07-31T13:35:22Z</time></trkpt><trkpt lat="45.500442" lon="25.296743"><ele>1037.0</ele><time>2026-07-31T13:35:25Z</time></trkpt><trkpt lat="45.500377" lon="25.296793"><ele>1037.2</ele><time>2026-07-31T13:35:27Z</time></trkpt><trkpt lat="45.500303" lon="25.296842"><ele>1037.3</ele><time>2026-07-31T13:35:29Z</time></trkpt><trkpt lat="45.50022" lon="25.296883"><ele>1037.2</ele><time>2026-07-31T13:35:31Z</time></trkpt><trkpt lat="45.500137" lon="25.29695"><ele>1037.0</ele><time>2026-07-31T13:35:33Z</time></trkpt><trkpt lat="45.500047" lon="25.297015"><ele>1036.8</ele><time>2026-07-31T13:35:35Z</time></trkpt><trkpt lat="45.499958" lon="25.297087"><ele>1036.7</ele><time>2026-07-31T13:35:37Z</time></trkpt><trkpt lat="45.499877" lon="25.297172"><ele>1036.4</ele><time>2026-07-31T13:35:39Z</time></trkpt><trkpt lat="45.499795" lon="25.297248"><ele>1036.1</ele><time>2026-07-31T13:35:41Z</time></trkpt><trkpt lat="45.499723" lon="25.297323"><ele>1035.9</ele><time>2026-07-31T13:35:43Z</time></trkpt><trkpt lat="45.499652" lon="25.297392"><ele>1035.8</ele><time>2026-07-31T13:35:45Z</time></trkpt><trkpt lat="45.499585" lon="25.297448"><ele>1035.8</ele><time>2026-07-31T13:35:47Z</time></trkpt><trkpt lat="45.49952" lon="25.297507"><ele>1036.0</ele><time>2026-07-31T13:35:49Z</time></trkpt><trkpt lat="45.499462" lon="25.29757"><ele>1036.3</ele><time>2026-07-31T13:35:51Z</time></trkpt><trkpt lat="45.499367" lon="25.297637"><ele>1036.7</ele><time>2026-07-31T13:35:54Z</time></trkpt><trkpt lat="45.499287" lon="25.297678"><ele>1036.8</ele><time>2026-07-31T13:35:56Z</time></trkpt><trkpt lat="45.499208" lon="25.29772"><ele>1036.9</ele><time>2026-07-31T13:35:58Z</time></trkpt><trkpt lat="45.499137" lon="25.297767"><ele>1037.0</ele><time>2026-07-31T13:36:00Z</time></trkpt><trkpt lat="45.499073" lon="25.297825"><ele>1037.1</ele><time>2026-07-31T13:36:02Z</time></trkpt><trkpt lat="45.498977" lon="25.29789"><ele>1037.1</ele><time>2026-07-31T13:36:05Z</time></trkpt><trkpt lat="45.49891" lon="25.297928"><ele>1037.1</ele><time>2026-07-31T13:36:07Z</time></trkpt><trkpt lat="45.498848" lon="25.297997"><ele>1037.1</ele><time>2026-07-31T13:36:09Z</time></trkpt><trkpt lat="45.49879" lon="25.298088"><ele>1037.0</ele><time>2026-07-31T13:36:11Z</time></trkpt><trkpt lat="45.498733" lon="25.298197"><ele>1036.9</ele><time>2026-07-31T13:36:13Z</time></trkpt><trkpt lat="45.498688" lon="25.298318"><ele>1036.6</ele><time>2026-07-31T13:36:15Z</time></trkpt><trkpt lat="45.498658" lon="25.298423"><ele>1036.1</ele><time>2026-07-31T13:36:17Z</time></trkpt><trkpt lat="45.498638" lon="25.298548"><ele>1035.3</ele><time>2026-07-31T13:36:19Z</time></trkpt><trkpt lat="45.498618" lon="25.2987"><ele>1034.6</ele><time>2026-07-31T13:36:21Z</time></trkpt><trkpt lat="45.498617" lon="25.29887"><ele>1034.0</ele><time>2026-07-31T13:36:23Z</time></trkpt><trkpt lat="45.498622" lon="25.299042"><ele>1033.5</ele><time>2026-07-31T13:36:25Z</time></trkpt><trkpt lat="45.49864" lon="25.29921"><ele>1033.0</ele><time>2026-07-31T13:36:27Z</time></trkpt><trkpt lat="45.498667" lon="25.299372"><ele>1032.9</ele><time>2026-07-31T13:36:29Z</time></trkpt><trkpt lat="45.498688" lon="25.299528"><ele>1032.5</ele><time>2026-07-31T13:36:31Z</time></trkpt><trkpt lat="45.498715" lon="25.299675"><ele>1032.3</ele><time>2026-07-31T13:36:33Z</time></trkpt><trkpt lat="45.498728" lon="25.299818"><ele>1032.1</ele><time>2026-07-31T13:36:35Z</time></trkpt><trkpt lat="45.498745" lon="25.299945"><ele>1032.0</ele><time>2026-07-31T13:36:37Z</time></trkpt><trkpt lat="45.498748" lon="25.300063"><ele>1032.0</ele><time>2026-07-31T13:36:39Z</time></trkpt><trkpt lat="45.49876" lon="25.300182"><ele>1031.9</ele><time>2026-07-31T13:36:41Z</time></trkpt><trkpt lat="45.498778" lon="25.300307"><ele>1031.8</ele><time>2026-07-31T13:36:43Z</time></trkpt><trkpt lat="45.498807" lon="25.300445"><ele>1031.6</ele><time>2026-07-31T13:36:45Z</time></trkpt><trkpt lat="45.498845" lon="25.300605"><ele>1031.4</ele><time>2026-07-31T13:36:47Z</time></trkpt><trkpt lat="45.498933" lon="25.30076"><ele>1030.8</ele><time>2026-07-31T13:36:49Z</time></trkpt><trkpt lat="45.499" lon="25.300825"><ele>1030.5</ele><time>2026-07-31T13:36:50Z</time></trkpt><trkpt lat="45.499072" lon="25.300877"><ele>1030.0</ele><time>2026-07-31T13:36:51Z</time></trkpt><trkpt lat="45.499145" lon="25.30092"><ele>1029.5</ele><time>2026-07-31T13:36:52Z</time></trkpt><trkpt lat="45.499218" lon="25.300958"><ele>1028.9</ele><time>2026-07-31T13:36:53Z</time></trkpt><trkpt lat="45.499332" lon="25.301033"><ele>1027.7</ele><time>2026-07-31T13:36:55Z</time></trkpt><trkpt lat="45.499347" lon="25.30125"><ele>1026.0</ele><time>2026-07-31T13:36:57Z</time></trkpt><trkpt lat="45.499292" lon="25.301373"><ele>1025.0</ele><time>2026-07-31T13:36:58Z</time></trkpt><trkpt lat="45.499225" lon="25.301493"><ele>1023.9</ele><time>2026-07-31T13:36:59Z</time></trkpt><trkpt lat="45.499165" lon="25.30162"><ele>1022.7</ele><time>2026-07-31T13:37:00Z</time></trkpt><trkpt lat="45.499095" lon="25.301743"><ele>1021.6</ele><time>2026-07-31T13:37:01Z</time></trkpt><trkpt lat="45.499002" lon="25.301837"><ele>1020.4</ele><time>2026-07-31T13:37:02Z</time></trkpt><trkpt lat="45.498917" lon="25.301913"><ele>1019.1</ele><time>2026-07-31T13:37:03Z</time></trkpt><trkpt lat="45.498853" lon="25.30199"><ele>1019.1</ele><time>2026-07-31T13:37:04Z</time></trkpt><trkpt lat="45.498798" lon="25.30209"><ele>1017.7</ele><time>2026-07-31T13:37:05Z</time></trkpt><trkpt lat="45.498768" lon="25.302232"><ele>1016.3</ele><time>2026-07-31T13:37:06Z</time></trkpt><trkpt lat="45.49876" lon="25.302388"><ele>1014.8</ele><time>2026-07-31T13:37:07Z</time></trkpt><trkpt lat="45.49876" lon="25.302547"><ele>1013.6</ele><time>2026-07-31T13:37:08Z</time></trkpt><trkpt lat="45.498765" lon="25.3027"><ele>1012.5</ele><time>2026-07-31T13:37:09Z</time></trkpt><trkpt lat="45.498767" lon="25.302852"><ele>1011.5</ele><time>2026-07-31T13:37:10Z</time></trkpt><trkpt lat="45.498758" lon="25.303"><ele>1010.7</ele><time>2026-07-31T13:37:11Z</time></trkpt><trkpt lat="45.498742" lon="25.30314"><ele>1010.1</ele><time>2026-07-31T13:37:12Z</time></trkpt><trkpt lat="45.498717" lon="25.303272"><ele>1009.5</ele><time>2026-07-31T13:37:13Z</time></trkpt><trkpt lat="45.498683" lon="25.303395"><ele>1008.9</ele><time>2026-07-31T13:37:14Z</time></trkpt><trkpt lat="45.49865" lon="25.303513"><ele>1008.5</ele><time>2026-07-31T13:37:15Z</time></trkpt><trkpt lat="45.498618" lon="25.303625"><ele>1008.1</ele><time>2026-07-31T13:37:16Z</time></trkpt><trkpt lat="45.49859" lon="25.303733"><ele>1007.9</ele><time>2026-07-31T13:37:17Z</time></trkpt><trkpt lat="45.498565" lon="25.303848"><ele>1007.7</ele><time>2026-07-31T13:37:18Z</time></trkpt><trkpt lat="45.498548" lon="25.303968"><ele>1007.6</ele><time>2026-07-31T13:37:19Z</time></trkpt><trkpt lat="45.498542" lon="25.304093"><ele>1007.6</ele><time>2026-07-31T13:37:20Z</time></trkpt><trkpt lat="45.498538" lon="25.304227"><ele>1007.3</ele><time>2026-07-31T13:37:21Z</time></trkpt><trkpt lat="45.49854" lon="25.304367"><ele>1007.3</ele><time>2026-07-31T13:37:22Z</time></trkpt><trkpt lat="45.498537" lon="25.304515"><ele>1006.8</ele><time>2026-07-31T13:37:23Z</time></trkpt><trkpt lat="45.498527" lon="25.304667"><ele>1006.0</ele><time>2026-07-31T13:37:24Z</time></trkpt><trkpt lat="45.498502" lon="25.304813"><ele>1005.2</ele><time>2026-07-31T13:37:25Z</time></trkpt><trkpt lat="45.498465" lon="25.30495"><ele>1004.3</ele><time>2026-07-31T13:37:26Z</time></trkpt><trkpt lat="45.498425" lon="25.30508"><ele>1003.5</ele><time>2026-07-31T13:37:27Z</time></trkpt><trkpt lat="45.498385" lon="25.3052"><ele>1002.7</ele><time>2026-07-31T13:37:28Z</time></trkpt><trkpt lat="45.498353" lon="25.305322"><ele>1002.1</ele><time>2026-07-31T13:37:29Z</time></trkpt><trkpt lat="45.498322" lon="25.305445"><ele>1002.1</ele><time>2026-07-31T13:37:30Z</time></trkpt><trkpt lat="45.498292" lon="25.305562"><ele>1001.6</ele><time>2026-07-31T13:37:31Z</time></trkpt><trkpt lat="45.498257" lon="25.305675"><ele>1001.1</ele><time>2026-07-31T13:37:32Z</time></trkpt><trkpt lat="45.498215" lon="25.305782"><ele>1000.8</ele><time>2026-07-31T13:37:33Z</time></trkpt><trkpt lat="45.498163" lon="25.305888"><ele>1000.8</ele><time>2026-07-31T13:37:34Z</time></trkpt><trkpt lat="45.49811" lon="25.305993"><ele>1000.5</ele><time>2026-07-31T13:37:35Z</time></trkpt><trkpt lat="45.498052" lon="25.306102"><ele>1000.2</ele><time>2026-07-31T13:37:36Z</time></trkpt><trkpt lat="45.497993" lon="25.306208"><ele>999.8</ele><time>2026-07-31T13:37:37Z</time></trkpt><trkpt lat="45.497933" lon="25.306312"><ele>999.8</ele><time>2026-07-31T13:37:38Z</time></trkpt><trkpt lat="45.497877" lon="25.306413"><ele>999.3</ele><time>2026-07-31T13:37:39Z</time></trkpt><trkpt lat="45.49782" lon="25.30651"><ele>998.5</ele><time>2026-07-31T13:37:40Z</time></trkpt><trkpt lat="45.497763" lon="25.306603"><ele>997.8</ele><time>2026-07-31T13:37:41Z</time></trkpt><trkpt lat="45.497708" lon="25.306693"><ele>997.8</ele><time>2026-07-31T13:37:42Z</time></trkpt><trkpt lat="45.497663" lon="25.306777"><ele>997.2</ele><time>2026-07-31T13:37:43Z</time></trkpt><trkpt lat="45.497613" lon="25.306855"><ele>996.8</ele><time>2026-07-31T13:37:44Z</time></trkpt><trkpt lat="45.497562" lon="25.306933"><ele>996.5</ele><time>2026-07-31T13:37:45Z</time></trkpt><trkpt lat="45.49751" lon="25.307007"><ele>996.5</ele><time>2026-07-31T13:37:46Z</time></trkpt><trkpt lat="45.497458" lon="25.30708"><ele>996.3</ele><time>2026-07-31T13:37:47Z</time></trkpt><trkpt lat="45.497407" lon="25.30715"><ele>996.1</ele><time>2026-07-31T13:37:48Z</time></trkpt><trkpt lat="45.497352" lon="25.307218"><ele>995.9</ele><time>2026-07-31T13:37:49Z</time></trkpt><trkpt lat="45.497295" lon="25.307288"><ele>995.9</ele><time>2026-07-31T13:37:50Z</time></trkpt><trkpt lat="45.497238" lon="25.307355"><ele>995.6</ele><time>2026-07-31T13:37:51Z</time></trkpt><trkpt lat="45.497175" lon="25.307417"><ele>995.2</ele><time>2026-07-31T13:37:52Z</time></trkpt><trkpt lat="45.497105" lon="25.307468"><ele>994.9</ele><time>2026-07-31T13:37:53Z</time></trkpt><trkpt lat="45.497032" lon="25.307518"><ele>994.9</ele><time>2026-07-31T13:37:54Z</time></trkpt><trkpt lat="45.496955" lon="25.307568"><ele>994.6</ele><time>2026-07-31T13:37:55Z</time></trkpt><trkpt lat="45.496877" lon="25.307617"><ele>994.3</ele><time>2026-07-31T13:37:56Z</time></trkpt><trkpt lat="45.496797" lon="25.30766"><ele>993.9</ele><time>2026-07-31T13:37:57Z</time></trkpt><trkpt lat="45.496718" lon="25.307702"><ele>993.9</ele><time>2026-07-31T13:37:58Z</time></trkpt><trkpt lat="45.496638" lon="25.307745"><ele>993.5</ele><time>2026-07-31T13:37:59Z</time></trkpt><trkpt lat="45.496562" lon="25.30779"><ele>993.1</ele><time>2026-07-31T13:38:00Z</time></trkpt><trkpt lat="45.496485" lon="25.30784"><ele>992.6</ele><time>2026-07-31T13:38:01Z</time></trkpt><trkpt lat="45.49641" lon="25.307892"><ele>992.1</ele><time>2026-07-31T13:38:02Z</time></trkpt><trkpt lat="45.496333" lon="25.30794"><ele>992.1</ele><time>2026-07-31T13:38:03Z</time></trkpt><trkpt lat="45.49626" lon="25.307992"><ele>991.7</ele><time>2026-07-31T13:38:04Z</time></trkpt><trkpt lat="45.49619" lon="25.308047"><ele>991.2</ele><time>2026-07-31T13:38:05Z</time></trkpt><trkpt lat="45.496123" lon="25.308105"><ele>990.8</ele><time>2026-07-31T13:38:06Z</time></trkpt><trkpt lat="45.496058" lon="25.30816"><ele>990.8</ele><time>2026-07-31T13:38:07Z</time></trkpt><trkpt lat="45.495997" lon="25.308217"><ele>990.5</ele><time>2026-07-31T13:38:08Z</time></trkpt><trkpt lat="45.495883" lon="25.308323"><ele>989.8</ele><time>2026-07-31T13:38:10Z</time></trkpt><trkpt lat="45.495805" lon="25.308463"><ele>989.6</ele><time>2026-07-31T13:38:12Z</time></trkpt><trkpt lat="45.495733" lon="25.308608"><ele>989.0</ele><time>2026-07-31T13:38:14Z</time></trkpt><trkpt lat="45.49566" lon="25.308772"><ele>988.8</ele><time>2026-07-31T13:38:16Z</time></trkpt><trkpt lat="45.495625" lon="25.308865"><ele>988.6</ele><time>2026-07-31T13:38:17Z</time></trkpt><trkpt lat="45.4956" lon="25.308972"><ele>988.1</ele><time>2026-07-31T13:38:18Z</time></trkpt><trkpt lat="45.495577" lon="25.309087"><ele>987.7</ele><time>2026-07-31T13:38:19Z</time></trkpt><trkpt lat="45.495557" lon="25.309207"><ele>987.0</ele><time>2026-07-31T13:38:20Z</time></trkpt><trkpt lat="45.495537" lon="25.309335"><ele>987.0</ele><time>2026-07-31T13:38:21Z</time></trkpt><trkpt lat="45.495518" lon="25.309468"><ele>986.2</ele><time>2026-07-31T13:38:22Z</time></trkpt><trkpt lat="45.4955" lon="25.309603"><ele>985.2</ele><time>2026-07-31T13:38:23Z</time></trkpt><trkpt lat="45.495482" lon="25.309735"><ele>984.5</ele><time>2026-07-31T13:38:24Z</time></trkpt><trkpt lat="45.495465" lon="25.309862"><ele>983.8</ele><time>2026-07-31T13:38:25Z</time></trkpt><trkpt lat="45.495445" lon="25.309985"><ele>983.1</ele><time>2026-07-31T13:38:26Z</time></trkpt><trkpt lat="45.495422" lon="25.3101"><ele>982.6</ele><time>2026-07-31T13:38:27Z</time></trkpt><trkpt lat="45.495387" lon="25.310205"><ele>982.2</ele><time>2026-07-31T13:38:28Z</time></trkpt><trkpt lat="45.495352" lon="25.310298"><ele>981.8</ele><time>2026-07-31T13:38:29Z</time></trkpt><trkpt lat="45.49529" lon="25.310477"><ele>981.4</ele><time>2026-07-31T13:38:31Z</time></trkpt><trkpt lat="45.495233" lon="25.310635"><ele>981.5</ele><time>2026-07-31T13:38:33Z</time></trkpt><trkpt lat="45.49519" lon="25.310763"><ele>982.4</ele><time>2026-07-31T13:38:35Z</time></trkpt><trkpt lat="45.49515" lon="25.310868"><ele>983.6</ele><time>2026-07-31T13:38:37Z</time></trkpt><trkpt lat="45.495118" lon="25.31096"><ele>984.1</ele><time>2026-07-31T13:38:39Z</time></trkpt><trkpt lat="45.495077" lon="25.31106"><ele>984.7</ele><time>2026-07-31T13:38:42Z</time></trkpt><trkpt lat="45.495025" lon="25.311177"><ele>984.8</ele><time>2026-07-31T13:38:46Z</time></trkpt><trkpt lat="45.49498" lon="25.311282"><ele>984.8</ele><time>2026-07-31T13:38:50Z</time></trkpt><trkpt lat="45.494938" lon="25.311368"><ele>984.5</ele><time>2026-07-31T13:38:54Z</time></trkpt><trkpt lat="45.494898" lon="25.311467"><ele>984.3</ele><time>2026-07-31T13:38:58Z</time></trkpt><trkpt lat="45.49485" lon="25.311567"><ele>984.2</ele><time>2026-07-31T13:39:02Z</time></trkpt><trkpt lat="45.494808" lon="25.311667"><ele>984.1</ele><time>2026-07-31T13:39:05Z</time></trkpt><trkpt lat="45.494767" lon="25.311777"><ele>984.0</ele><time>2026-07-31T13:39:08Z</time></trkpt><trkpt lat="45.494713" lon="25.311888"><ele>983.9</ele><time>2026-07-31T13:39:11Z</time></trkpt><trkpt lat="45.494665" lon="25.31201"><ele>983.9</ele><time>2026-07-31T13:39:14Z</time></trkpt><trkpt lat="45.494605" lon="25.312135"><ele>983.9</ele><time>2026-07-31T13:39:17Z</time></trkpt><trkpt lat="45.494558" lon="25.312223"><ele>983.8</ele><time>2026-07-31T13:39:19Z</time></trkpt><trkpt lat="45.494515" lon="25.312315"><ele>983.5</ele><time>2026-07-31T13:39:21Z</time></trkpt><trkpt lat="45.494478" lon="25.312417"><ele>983.4</ele><time>2026-07-31T13:39:23Z</time></trkpt><trkpt lat="45.494452" lon="25.31252"><ele>983.5</ele><time>2026-07-31T13:39:25Z</time></trkpt><trkpt lat="45.494433" lon="25.312643"><ele>983.5</ele><time>2026-07-31T13:39:27Z</time></trkpt><trkpt lat="45.494408" lon="25.312795"><ele>983.3</ele><time>2026-07-31T13:39:29Z</time></trkpt><trkpt lat="45.494385" lon="25.31298"><ele>983.1</ele><time>2026-07-31T13:39:31Z</time></trkpt><trkpt lat="45.49437" lon="25.313085"><ele>982.5</ele><time>2026-07-31T13:39:32Z</time></trkpt><trkpt lat="45.494355" lon="25.3132"><ele>982.0</ele><time>2026-07-31T13:39:33Z</time></trkpt><trkpt lat="45.49434" lon="25.313317"><ele>981.3</ele><time>2026-07-31T13:39:34Z</time></trkpt><trkpt lat="45.494323" lon="25.313432"><ele>980.4</ele><time>2026-07-31T13:39:35Z</time></trkpt><trkpt lat="45.494322" lon="25.313545"><ele>979.5</ele><time>2026-07-31T13:39:36Z</time></trkpt><trkpt lat="45.49433" lon="25.313652"><ele>978.6</ele><time>2026-07-31T13:39:37Z</time></trkpt><trkpt lat="45.494343" lon="25.313755"><ele>977.7</ele><time>2026-07-31T13:39:38Z</time></trkpt><trkpt lat="45.494363" lon="25.313935"><ele>975.6</ele><time>2026-07-31T13:39:40Z</time></trkpt><trkpt lat="45.494427" lon="25.314082"><ele>973.5</ele><time>2026-07-31T13:39:42Z</time></trkpt><trkpt lat="45.49455" lon="25.31409"><ele>971.2</ele><time>2026-07-31T13:39:44Z</time></trkpt><trkpt lat="45.494643" lon="25.31394"><ele>969.1</ele><time>2026-07-31T13:39:46Z</time></trkpt><trkpt lat="45.494665" lon="25.313828"><ele>968.1</ele><time>2026-07-31T13:39:47Z</time></trkpt><trkpt lat="45.494668" lon="25.31371"><ele>968.1</ele><time>2026-07-31T13:39:48Z</time></trkpt><trkpt lat="45.49467" lon="25.313592"><ele>967.3</ele><time>2026-07-31T13:39:49Z</time></trkpt><trkpt lat="45.494677" lon="25.313473"><ele>966.6</ele><time>2026-07-31T13:39:50Z</time></trkpt><trkpt lat="45.494682" lon="25.313353"><ele>965.9</ele><time>2026-07-31T13:39:51Z</time></trkpt><trkpt lat="45.494683" lon="25.313232"><ele>965.5</ele><time>2026-07-31T13:39:52Z</time></trkpt><trkpt lat="45.49469" lon="25.313123"><ele>965.0</ele><time>2026-07-31T13:39:53Z</time></trkpt><trkpt lat="45.494727" lon="25.313"><ele>963.8</ele><time>2026-07-31T13:39:55Z</time></trkpt><trkpt lat="45.494833" lon="25.313055"><ele>961.6</ele><time>2026-07-31T13:39:58Z</time></trkpt><trkpt lat="45.494833" lon="25.313167"><ele>960.8</ele><time>2026-07-31T13:39:59Z</time></trkpt><trkpt lat="45.494805" lon="25.313263"><ele>960.2</ele><time>2026-07-31T13:40:00Z</time></trkpt><trkpt lat="45.49478" lon="25.313453"><ele>958.9</ele><time>2026-07-31T13:40:02Z</time></trkpt><trkpt lat="45.49481" lon="25.313655"><ele>957.8</ele><time>2026-07-31T13:40:04Z</time></trkpt><trkpt lat="45.494832" lon="25.313757"><ele>957.8</ele><time>2026-07-31T13:40:05Z</time></trkpt><trkpt lat="45.494858" lon="25.313862"><ele>957.2</ele><time>2026-07-31T13:40:06Z</time></trkpt><trkpt lat="45.494887" lon="25.313968"><ele>956.6</ele><time>2026-07-31T13:40:07Z</time></trkpt><trkpt lat="45.49492" lon="25.31408"><ele>956.2</ele><time>2026-07-31T13:40:08Z</time></trkpt><trkpt lat="45.494942" lon="25.314187"><ele>955.7</ele><time>2026-07-31T13:40:09Z</time></trkpt><trkpt lat="45.494955" lon="25.3143"><ele>955.2</ele><time>2026-07-31T13:40:10Z</time></trkpt><trkpt lat="45.494953" lon="25.314408"><ele>954.8</ele><time>2026-07-31T13:40:11Z</time></trkpt><trkpt lat="45.494937" lon="25.314518"><ele>954.2</ele><time>2026-07-31T13:40:12Z</time></trkpt><trkpt lat="45.494902" lon="25.314625"><ele>953.5</ele><time>2026-07-31T13:40:13Z</time></trkpt><trkpt lat="45.494855" lon="25.314723"><ele>952.7</ele><time>2026-07-31T13:40:14Z</time></trkpt><trkpt lat="45.494793" lon="25.314815"><ele>951.8</ele><time>2026-07-31T13:40:15Z</time></trkpt><trkpt lat="45.494723" lon="25.31489"><ele>950.9</ele><time>2026-07-31T13:40:16Z</time></trkpt><trkpt lat="45.494653" lon="25.31495"><ele>949.8</ele><time>2026-07-31T13:40:17Z</time></trkpt><trkpt lat="45.49458" lon="25.315015"><ele>948.7</ele><time>2026-07-31T13:40:18Z</time></trkpt><trkpt lat="45.494525" lon="25.315095"><ele>947.5</ele><time>2026-07-31T13:40:19Z</time></trkpt><trkpt lat="45.494482" lon="25.315188"><ele>946.3</ele><time>2026-07-31T13:40:20Z</time></trkpt><trkpt lat="45.494448" lon="25.315283"><ele>945.1</ele><time>2026-07-31T13:40:21Z</time></trkpt><trkpt lat="45.494427" lon="25.315383"><ele>944.0</ele><time>2026-07-31T13:40:22Z</time></trkpt><trkpt lat="45.494405" lon="25.315488"><ele>944.0</ele><time>2026-07-31T13:40:23Z</time></trkpt><trkpt lat="45.494342" lon="25.31565"><ele>942.0</ele><time>2026-07-31T13:40:25Z</time></trkpt><trkpt lat="45.494187" lon="25.315687"><ele>939.8</ele><time>2026-07-31T13:40:27Z</time></trkpt><trkpt lat="45.494097" lon="25.315628"><ele>938.6</ele><time>2026-07-31T13:40:28Z</time></trkpt><trkpt lat="45.494017" lon="25.315543"><ele>937.2</ele><time>2026-07-31T13:40:29Z</time></trkpt><trkpt lat="45.493933" lon="25.315458"><ele>935.9</ele><time>2026-07-31T13:40:30Z</time></trkpt><trkpt lat="45.493843" lon="25.315388"><ele>934.7</ele><time>2026-07-31T13:40:31Z</time></trkpt><trkpt lat="45.493785" lon="25.315297"><ele>933.5</ele><time>2026-07-31T13:40:32Z</time></trkpt><trkpt lat="45.49376" lon="25.315183"><ele>932.4</ele><time>2026-07-31T13:40:33Z</time></trkpt><trkpt lat="45.493647" lon="25.315143"><ele>930.6</ele><time>2026-07-31T13:40:35Z</time></trkpt><trkpt lat="45.493603" lon="25.315253"><ele>929.5</ele><time>2026-07-31T13:40:36Z</time></trkpt><trkpt lat="45.49362" lon="25.315387"><ele>928.4</ele><time>2026-07-31T13:40:37Z</time></trkpt><trkpt lat="45.493675" lon="25.315503"><ele>927.5</ele><time>2026-07-31T13:40:38Z</time></trkpt><trkpt lat="45.493732" lon="25.315607"><ele>926.5</ele><time>2026-07-31T13:40:39Z</time></trkpt><trkpt lat="45.49379" lon="25.315705"><ele>926.5</ele><time>2026-07-31T13:40:40Z</time></trkpt><trkpt lat="45.493857" lon="25.315828"><ele>925.6</ele><time>2026-07-31T13:40:41Z</time></trkpt><trkpt lat="45.493917" lon="25.315963"><ele>924.8</ele><time>2026-07-31T13:40:42Z</time></trkpt><trkpt lat="45.493968" lon="25.316108"><ele>923.9</ele><time>2026-07-31T13:40:43Z</time></trkpt><trkpt lat="45.494003" lon="25.31627"><ele>922.8</ele><time>2026-07-31T13:40:44Z</time></trkpt><trkpt lat="45.494013" lon="25.316425"><ele>921.6</ele><time>2026-07-31T13:40:45Z</time></trkpt><trkpt lat="45.494017" lon="25.316575"><ele>920.2</ele><time>2026-07-31T13:40:46Z</time></trkpt><trkpt lat="45.494047" lon="25.31673"><ele>918.5</ele><time>2026-07-31T13:40:47Z</time></trkpt><trkpt lat="45.494098" lon="25.316887"><ele>916.7</ele><time>2026-07-31T13:40:48Z</time></trkpt><trkpt lat="45.494153" lon="25.317042"><ele>915.1</ele><time>2026-07-31T13:40:49Z</time></trkpt><trkpt lat="45.494208" lon="25.317197"><ele>913.5</ele><time>2026-07-31T13:40:50Z</time></trkpt><trkpt lat="45.494275" lon="25.31736"><ele>911.6</ele><time>2026-07-31T13:40:51Z</time></trkpt><trkpt lat="45.494345" lon="25.317525"><ele>909.7</ele><time>2026-07-31T13:40:52Z</time></trkpt><trkpt lat="45.494415" lon="25.31769"><ele>907.9</ele><time>2026-07-31T13:40:53Z</time></trkpt><trkpt lat="45.49448" lon="25.317848"><ele>905.5</ele><time>2026-07-31T13:40:54Z</time></trkpt><trkpt lat="45.494537" lon="25.317982"><ele>903.0</ele><time>2026-07-31T13:40:55Z</time></trkpt><trkpt lat="45.494588" lon="25.318093"><ele>900.7</ele><time>2026-07-31T13:40:56Z</time></trkpt><trkpt lat="45.49464" lon="25.318188"><ele>898.2</ele><time>2026-07-31T13:40:57Z</time></trkpt><trkpt lat="45.49469" lon="25.31827"><ele>898.2</ele><time>2026-07-31T13:40:58Z</time></trkpt><trkpt lat="45.494722" lon="25.318435"><ele>894.0</ele><time>2026-07-31T13:41:00Z</time></trkpt><trkpt lat="45.494637" lon="25.318507"><ele>892.2</ele><time>2026-07-31T13:41:01Z</time></trkpt><trkpt lat="45.494542" lon="25.318503"><ele>890.3</ele><time>2026-07-31T13:41:02Z</time></trkpt><trkpt lat="45.494448" lon="25.318445"><ele>890.3</ele><time>2026-07-31T13:41:03Z</time></trkpt><trkpt lat="45.494382" lon="25.318342"><ele>888.6</ele><time>2026-07-31T13:41:04Z</time></trkpt><trkpt lat="45.49433" lon="25.31822"><ele>887.0</ele><time>2026-07-31T13:41:05Z</time></trkpt><trkpt lat="45.494255" lon="25.31811"><ele>885.5</ele><time>2026-07-31T13:41:06Z</time></trkpt><trkpt lat="45.49418" lon="25.318047"><ele>885.5</ele><time>2026-07-31T13:41:07Z</time></trkpt><trkpt lat="45.494113" lon="25.317982"><ele>884.1</ele><time>2026-07-31T13:41:08Z</time></trkpt><trkpt lat="45.494038" lon="25.317957"><ele>882.7</ele><time>2026-07-31T13:41:09Z</time></trkpt><trkpt lat="45.49395" lon="25.317952"><ele>881.3</ele><time>2026-07-31T13:41:10Z</time></trkpt><trkpt lat="45.493872" lon="25.317923"><ele>880.0</ele><time>2026-07-31T13:41:11Z</time></trkpt><trkpt lat="45.493785" lon="25.317832"><ele>880.0</ele><time>2026-07-31T13:41:12Z</time></trkpt><trkpt lat="45.4937" lon="25.317735"><ele>878.7</ele><time>2026-07-31T13:41:13Z</time></trkpt><trkpt lat="45.493647" lon="25.317617"><ele>877.4</ele><time>2026-07-31T13:41:14Z</time></trkpt><trkpt lat="45.493558" lon="25.317515"><ele>876.2</ele><time>2026-07-31T13:41:15Z</time></trkpt><trkpt lat="45.493458" lon="25.317438"><ele>876.2</ele><time>2026-07-31T13:41:16Z</time></trkpt><trkpt lat="45.493353" lon="25.317367"><ele>874.9</ele><time>2026-07-31T13:41:17Z</time></trkpt><trkpt lat="45.493242" lon="25.317293"><ele>873.3</ele><time>2026-07-31T13:41:18Z</time></trkpt><trkpt lat="45.493125" lon="25.317227"><ele>871.6</ele><time>2026-07-31T13:41:19Z</time></trkpt><trkpt lat="45.49301" lon="25.31715"><ele>871.6</ele><time>2026-07-31T13:41:20Z</time></trkpt><trkpt lat="45.492897" lon="25.317078"><ele>869.9</ele><time>2026-07-31T13:41:21Z</time></trkpt><trkpt lat="45.4928" lon="25.317013"><ele>868.2</ele><time>2026-07-31T13:41:22Z</time></trkpt><trkpt lat="45.49271" lon="25.316962"><ele>866.3</ele><time>2026-07-31T13:41:23Z</time></trkpt><trkpt lat="45.492628" lon="25.316898"><ele>864.6</ele><time>2026-07-31T13:41:24Z</time></trkpt><trkpt lat="45.492557" lon="25.316803"><ele>862.8</ele><time>2026-07-31T13:41:25Z</time></trkpt><trkpt lat="45.492505" lon="25.3167"><ele>861.0</ele><time>2026-07-31T13:41:26Z</time></trkpt><trkpt lat="45.492413" lon="25.316573"><ele>857.5</ele><time>2026-07-31T13:41:28Z</time></trkpt><trkpt lat="45.492295" lon="25.316625"><ele>854.9</ele><time>2026-07-31T13:41:30Z</time></trkpt><trkpt lat="45.492288" lon="25.316763"><ele>853.9</ele><time>2026-07-31T13:41:31Z</time></trkpt><trkpt lat="45.492338" lon="25.316885"><ele>853.9</ele><time>2026-07-31T13:41:32Z</time></trkpt><trkpt lat="45.492398" lon="25.316963"><ele>853.1</ele><time>2026-07-31T13:41:33Z</time></trkpt><trkpt lat="45.492447" lon="25.317043"><ele>852.7</ele><time>2026-07-31T13:41:34Z</time></trkpt><trkpt lat="45.492492" lon="25.317123"><ele>852.4</ele><time>2026-07-31T13:41:35Z</time></trkpt><trkpt lat="45.492538" lon="25.317203"><ele>852.1</ele><time>2026-07-31T13:41:36Z</time></trkpt><trkpt lat="45.492588" lon="25.317285"><ele>851.7</ele><time>2026-07-31T13:41:37Z</time></trkpt><trkpt lat="45.492633" lon="25.31737"><ele>851.3</ele><time>2026-07-31T13:41:38Z</time></trkpt><trkpt lat="45.492675" lon="25.317468"><ele>850.8</ele><time>2026-07-31T13:41:39Z</time></trkpt><trkpt lat="45.492715" lon="25.317572"><ele>850.3</ele><time>2026-07-31T13:41:40Z</time></trkpt><trkpt lat="45.492753" lon="25.317678"><ele>849.9</ele><time>2026-07-31T13:41:41Z</time></trkpt><trkpt lat="45.492792" lon="25.31779"><ele>849.4</ele><time>2026-07-31T13:41:42Z</time></trkpt><trkpt lat="45.492832" lon="25.3179"><ele>849.0</ele><time>2026-07-31T13:41:43Z</time></trkpt><trkpt lat="45.492873" lon="25.318003"><ele>848.6</ele><time>2026-07-31T13:41:44Z</time></trkpt><trkpt lat="45.49292" lon="25.318098"><ele>848.3</ele><time>2026-07-31T13:41:45Z</time></trkpt><trkpt lat="45.492968" lon="25.318183"><ele>848.1</ele><time>2026-07-31T13:41:46Z</time></trkpt><trkpt lat="45.493015" lon="25.318268"><ele>847.8</ele><time>2026-07-31T13:41:47Z</time></trkpt><trkpt lat="45.493058" lon="25.318353"><ele>847.6</ele><time>2026-07-31T13:41:48Z</time></trkpt><trkpt lat="45.493135" lon="25.318513"><ele>847.3</ele><time>2026-07-31T13:41:50Z</time></trkpt><trkpt lat="45.493192" lon="25.318647"><ele>846.5</ele><time>2026-07-31T13:41:52Z</time></trkpt><trkpt lat="45.493252" lon="25.318758"><ele>846.6</ele><time>2026-07-31T13:41:54Z</time></trkpt><trkpt lat="45.493335" lon="25.318862"><ele>846.9</ele><time>2026-07-31T13:41:56Z</time></trkpt><trkpt lat="45.493433" lon="25.31898"><ele>846.6</ele><time>2026-07-31T13:41:58Z</time></trkpt><trkpt lat="45.493513" lon="25.319143"><ele>845.8</ele><time>2026-07-31T13:42:00Z</time></trkpt><trkpt lat="45.493542" lon="25.31924"><ele>845.3</ele><time>2026-07-31T13:42:01Z</time></trkpt><trkpt lat="45.493567" lon="25.319345"><ele>844.9</ele><time>2026-07-31T13:42:02Z</time></trkpt><trkpt lat="45.493595" lon="25.319453"><ele>844.5</ele><time>2026-07-31T13:42:03Z</time></trkpt><trkpt lat="45.493625" lon="25.319565"><ele>844.0</ele><time>2026-07-31T13:42:04Z</time></trkpt><trkpt lat="45.493662" lon="25.31968"><ele>843.4</ele><time>2026-07-31T13:42:05Z</time></trkpt><trkpt lat="45.493707" lon="25.319788"><ele>842.8</ele><time>2026-07-31T13:42:06Z</time></trkpt><trkpt lat="45.493757" lon="25.319892"><ele>842.8</ele><time>2026-07-31T13:42:07Z</time></trkpt><trkpt lat="45.493808" lon="25.319995"><ele>842.3</ele><time>2026-07-31T13:42:08Z</time></trkpt><trkpt lat="45.49386" lon="25.3201"><ele>841.9</ele><time>2026-07-31T13:42:09Z</time></trkpt><trkpt lat="45.493907" lon="25.32021"><ele>841.6</ele><time>2026-07-31T13:42:10Z</time></trkpt><trkpt lat="45.49395" lon="25.320325"><ele>841.2</ele><time>2026-07-31T13:42:11Z</time></trkpt><trkpt lat="45.493993" lon="25.320437"><ele>840.8</ele><time>2026-07-31T13:42:12Z</time></trkpt><trkpt lat="45.494038" lon="25.320547"><ele>840.3</ele><time>2026-07-31T13:42:13Z</time></trkpt><trkpt lat="45.494087" lon="25.320643"><ele>839.7</ele><time>2026-07-31T13:42:14Z</time></trkpt><trkpt lat="45.494198" lon="25.320747"><ele>838.4</ele><time>2026-07-31T13:42:16Z</time></trkpt><trkpt lat="45.494327" lon="25.320783"><ele>837.5</ele><time>2026-07-31T13:42:18Z</time></trkpt><trkpt lat="45.494433" lon="25.320737"><ele>837.1</ele><time>2026-07-31T13:42:20Z</time></trkpt><trkpt lat="45.494513" lon="25.32064"><ele>836.9</ele><time>2026-07-31T13:42:22Z</time></trkpt><trkpt lat="45.494597" lon="25.320562"><ele>836.6</ele><time>2026-07-31T13:42:24Z</time></trkpt><trkpt lat="45.494663" lon="25.320492"><ele>836.4</ele><time>2026-07-31T13:42:26Z</time></trkpt><trkpt lat="45.49473" lon="25.32042"><ele>836.0</ele><time>2026-07-31T13:42:28Z</time></trkpt><trkpt lat="45.494795" lon="25.320352"><ele>835.7</ele><time>2026-07-31T13:42:30Z</time></trkpt><trkpt lat="45.494857" lon="25.32028"><ele>835.5</ele><time>2026-07-31T13:42:32Z</time></trkpt><trkpt lat="45.494918" lon="25.320218"><ele>835.4</ele><time>2026-07-31T13:42:34Z</time></trkpt><trkpt lat="45.494972" lon="25.320148"><ele>835.1</ele><time>2026-07-31T13:42:36Z</time></trkpt><trkpt lat="45.495033" lon="25.320088"><ele>834.8</ele><time>2026-07-31T13:42:38Z</time></trkpt><trkpt lat="45.495102" lon="25.320043"><ele>834.7</ele><time>2026-07-31T13:42:40Z</time></trkpt><trkpt lat="45.49517" lon="25.320002"><ele>834.7</ele><time>2026-07-31T13:42:42Z</time></trkpt><trkpt lat="45.495258" lon="25.319988"><ele>834.9</ele><time>2026-07-31T13:42:45Z</time></trkpt><trkpt lat="45.49533" lon="25.320013"><ele>835.5</ele><time>2026-07-31T13:42:48Z</time></trkpt><trkpt lat="45.495407" lon="25.32007"><ele>835.9</ele><time>2026-07-31T13:42:52Z</time></trkpt><trkpt lat="45.495493" lon="25.320117"><ele>835.8</ele><time>2026-07-31T13:42:56Z</time></trkpt><trkpt lat="45.49557" lon="25.320158"><ele>835.5</ele><time>2026-07-31T13:42:59Z</time></trkpt><trkpt lat="45.49567" lon="25.320212"><ele>835.0</ele><time>2026-07-31T13:43:02Z</time></trkpt><trkpt lat="45.495747" lon="25.320242"><ele>834.8</ele><time>2026-07-31T13:43:04Z</time></trkpt><trkpt lat="45.495828" lon="25.32029"><ele>834.6</ele><time>2026-07-31T13:43:06Z</time></trkpt><trkpt lat="45.495917" lon="25.32034"><ele>834.5</ele><time>2026-07-31T13:43:08Z</time></trkpt><trkpt lat="45.496" lon="25.320402"><ele>834.4</ele><time>2026-07-31T13:43:10Z</time></trkpt><trkpt lat="45.496073" lon="25.320473"><ele>834.6</ele><time>2026-07-31T13:43:12Z</time></trkpt><trkpt lat="45.496123" lon="25.320565"><ele>835.0</ele><time>2026-07-31T13:43:14Z</time></trkpt><trkpt lat="45.496162" lon="25.320657"><ele>835.6</ele><time>2026-07-31T13:43:16Z</time></trkpt><trkpt lat="45.496218" lon="25.320778"><ele>836.2</ele><time>2026-07-31T13:43:19Z</time></trkpt><trkpt lat="45.496278" lon="25.320898"><ele>837.0</ele><time>2026-07-31T13:43:22Z</time></trkpt><trkpt lat="45.49633" lon="25.32098"><ele>837.5</ele><time>2026-07-31T13:43:24Z</time></trkpt><trkpt lat="45.49639" lon="25.321093"><ele>838.1</ele><time>2026-07-31T13:43:27Z</time></trkpt><trkpt lat="45.496448" lon="25.321222"><ele>838.5</ele><time>2026-07-31T13:43:30Z</time></trkpt><trkpt lat="45.49649" lon="25.32131"><ele>839.0</ele><time>2026-07-31T13:43:32Z</time></trkpt><trkpt lat="45.496528" lon="25.3214"><ele>839.2</ele><time>2026-07-31T13:43:34Z</time></trkpt><trkpt lat="45.496582" lon="25.321527"><ele>840.1</ele><time>2026-07-31T13:43:37Z</time></trkpt><trkpt lat="45.496637" lon="25.321628"><ele>841.2</ele><time>2026-07-31T13:43:40Z</time></trkpt><trkpt lat="45.496688" lon="25.321723"><ele>842.1</ele><time>2026-07-31T13:43:43Z</time></trkpt><trkpt lat="45.496748" lon="25.321818"><ele>842.8</ele><time>2026-07-31T13:43:46Z</time></trkpt><trkpt lat="45.496818" lon="25.321903"><ele>843.4</ele><time>2026-07-31T13:43:49Z</time></trkpt><trkpt lat="45.496885" lon="25.321997"><ele>843.7</ele><time>2026-07-31T13:43:52Z</time></trkpt><trkpt lat="45.496968" lon="25.322095"><ele>843.9</ele><time>2026-07-31T13:43:55Z</time></trkpt><trkpt lat="45.497025" lon="25.322167"><ele>844.0</ele><time>2026-07-31T13:43:57Z</time></trkpt><trkpt lat="45.497078" lon="25.322243"><ele>844.1</ele><time>2026-07-31T13:43:59Z</time></trkpt><trkpt lat="45.497135" lon="25.322333"><ele>843.9</ele><time>2026-07-31T13:44:01Z</time></trkpt><trkpt lat="45.497197" lon="25.32243"><ele>843.6</ele><time>2026-07-31T13:44:03Z</time></trkpt><trkpt lat="45.497257" lon="25.322528"><ele>843.2</ele><time>2026-07-31T13:44:05Z</time></trkpt><trkpt lat="45.497322" lon="25.322623"><ele>843.1</ele><time>2026-07-31T13:44:07Z</time></trkpt><trkpt lat="45.497385" lon="25.322722"><ele>843.1</ele><time>2026-07-31T13:44:09Z</time></trkpt><trkpt lat="45.497457" lon="25.322817"><ele>843.0</ele><time>2026-07-31T13:44:11Z</time></trkpt><trkpt lat="45.49753" lon="25.322918"><ele>842.6</ele><time>2026-07-31T13:44:13Z</time></trkpt><trkpt lat="45.497607" lon="25.323025"><ele>842.1</ele><time>2026-07-31T13:44:15Z</time></trkpt><trkpt lat="45.497665" lon="25.323158"><ele>841.7</ele><time>2026-07-31T13:44:17Z</time></trkpt><trkpt lat="45.497708" lon="25.323307"><ele>841.2</ele><time>2026-07-31T13:44:19Z</time></trkpt><trkpt lat="45.497743" lon="25.32347"><ele>840.9</ele><time>2026-07-31T13:44:21Z</time></trkpt><trkpt lat="45.497782" lon="25.323655"><ele>840.3</ele><time>2026-07-31T13:44:23Z</time></trkpt><trkpt lat="45.497807" lon="25.323755"><ele>839.8</ele><time>2026-07-31T13:44:24Z</time></trkpt><trkpt lat="45.497837" lon="25.323858"><ele>839.4</ele><time>2026-07-31T13:44:25Z</time></trkpt><trkpt lat="45.497873" lon="25.323965"><ele>838.9</ele><time>2026-07-31T13:44:26Z</time></trkpt><trkpt lat="45.49792" lon="25.324073"><ele>838.9</ele><time>2026-07-31T13:44:27Z</time></trkpt><trkpt lat="45.497977" lon="25.32418"><ele>838.2</ele><time>2026-07-31T13:44:28Z</time></trkpt><trkpt lat="45.498033" lon="25.324302"><ele>837.5</ele><time>2026-07-31T13:44:29Z</time></trkpt><trkpt lat="45.498068" lon="25.324443"><ele>836.6</ele><time>2026-07-31T13:44:30Z</time></trkpt><trkpt lat="45.498088" lon="25.324597"><ele>835.6</ele><time>2026-07-31T13:44:31Z</time></trkpt><trkpt lat="45.498103" lon="25.324753"><ele>834.4</ele><time>2026-07-31T13:44:32Z</time></trkpt><trkpt lat="45.498122" lon="25.3249"><ele>833.3</ele><time>2026-07-31T13:44:33Z</time></trkpt><trkpt lat="45.498143" lon="25.325043"><ele>832.1</ele><time>2026-07-31T13:44:34Z</time></trkpt><trkpt lat="45.498167" lon="25.32519"><ele>831.4</ele><time>2026-07-31T13:44:35Z</time></trkpt><trkpt lat="45.498193" lon="25.325332"><ele>830.4</ele><time>2026-07-31T13:44:36Z</time></trkpt><trkpt lat="45.498223" lon="25.325468"><ele>829.5</ele><time>2026-07-31T13:44:37Z</time></trkpt><trkpt lat="45.498253" lon="25.325602"><ele>828.9</ele><time>2026-07-31T13:44:38Z</time></trkpt><trkpt lat="45.49828" lon="25.325727"><ele>828.8</ele><time>2026-07-31T13:44:39Z</time></trkpt><trkpt lat="45.498307" lon="25.325852"><ele>828.3</ele><time>2026-07-31T13:44:40Z</time></trkpt><trkpt lat="45.498335" lon="25.32597"><ele>827.9</ele><time>2026-07-31T13:44:41Z</time></trkpt><trkpt lat="45.498372" lon="25.32608"><ele>827.7</ele><time>2026-07-31T13:44:42Z</time></trkpt><trkpt lat="45.498405" lon="25.326188"><ele>827.3</ele><time>2026-07-31T13:44:43Z</time></trkpt><trkpt lat="45.498437" lon="25.326328"><ele>827.3</ele><time>2026-07-31T13:44:44Z</time></trkpt><trkpt lat="45.49848" lon="25.326415"><ele>826.7</ele><time>2026-07-31T13:44:45Z</time></trkpt><trkpt lat="45.498552" lon="25.326527"><ele>826.2</ele><time>2026-07-31T13:44:47Z</time></trkpt><trkpt lat="45.498618" lon="25.32664"><ele>826.2</ele><time>2026-07-31T13:44:48Z</time></trkpt><trkpt lat="45.498673" lon="25.326713"><ele>826.2</ele><time>2026-07-31T13:44:49Z</time></trkpt><trkpt lat="45.498733" lon="25.326777"><ele>826.2</ele><time>2026-07-31T13:44:50Z</time></trkpt><trkpt lat="45.498795" lon="25.326835"><ele>826.1</ele><time>2026-07-31T13:44:51Z</time></trkpt><trkpt lat="45.49891" lon="25.326947"><ele>825.8</ele><time>2026-07-31T13:44:53Z</time></trkpt><trkpt lat="45.49902" lon="25.32705"><ele>825.7</ele><time>2026-07-31T13:44:55Z</time></trkpt><trkpt lat="45.499125" lon="25.32715"><ele>825.3</ele><time>2026-07-31T13:44:57Z</time></trkpt><trkpt lat="45.499237" lon="25.327218"><ele>825.1</ele><time>2026-07-31T13:44:59Z</time></trkpt><trkpt lat="45.49932" lon="25.327317"><ele>825.0</ele><time>2026-07-31T13:45:01Z</time></trkpt><trkpt lat="45.499412" lon="25.327387"><ele>825.0</ele><time>2026-07-31T13:45:03Z</time></trkpt><trkpt lat="45.499492" lon="25.327457"><ele>824.8</ele><time>2026-07-31T13:45:05Z</time></trkpt><trkpt lat="45.499577" lon="25.32753"><ele>824.5</ele><time>2026-07-31T13:45:07Z</time></trkpt><trkpt lat="45.499657" lon="25.327595"><ele>824.3</ele><time>2026-07-31T13:45:09Z</time></trkpt><trkpt lat="45.499733" lon="25.32765"><ele>824.0</ele><time>2026-07-31T13:45:11Z</time></trkpt><trkpt lat="45.499812" lon="25.3277"><ele>824.0</ele><time>2026-07-31T13:45:13Z</time></trkpt><trkpt lat="45.499883" lon="25.327742"><ele>824.2</ele><time>2026-07-31T13:45:15Z</time></trkpt><trkpt lat="45.499952" lon="25.327778"><ele>824.6</ele><time>2026-07-31T13:45:17Z</time></trkpt><trkpt lat="45.500023" lon="25.327803"><ele>824.7</ele><time>2026-07-31T13:45:19Z</time></trkpt><trkpt lat="45.500107" lon="25.327827"><ele>824.9</ele><time>2026-07-31T13:45:21Z</time></trkpt><trkpt lat="45.500195" lon="25.327873"><ele>824.9</ele><time>2026-07-31T13:45:23Z</time></trkpt><trkpt lat="45.500292" lon="25.327912"><ele>824.5</ele><time>2026-07-31T13:45:25Z</time></trkpt><trkpt lat="45.500387" lon="25.32797"><ele>824.0</ele><time>2026-07-31T13:45:27Z</time></trkpt><trkpt lat="45.500483" lon="25.328052"><ele>823.7</ele><time>2026-07-31T13:45:29Z</time></trkpt><trkpt lat="45.500575" lon="25.328152"><ele>823.5</ele><time>2026-07-31T13:45:31Z</time></trkpt><trkpt lat="45.500667" lon="25.328267"><ele>823.2</ele><time>2026-07-31T13:45:33Z</time></trkpt><trkpt lat="45.500762" lon="25.328383"><ele>822.9</ele><time>2026-07-31T13:45:35Z</time></trkpt><trkpt lat="45.50086" lon="25.328497"><ele>822.8</ele><time>2026-07-31T13:45:37Z</time></trkpt><trkpt lat="45.500962" lon="25.328607"><ele>822.8</ele><time>2026-07-31T13:45:39Z</time></trkpt><trkpt lat="45.501065" lon="25.328715"><ele>822.9</ele><time>2026-07-31T13:45:41Z</time></trkpt><trkpt lat="45.501163" lon="25.328817"><ele>823.1</ele><time>2026-07-31T13:45:43Z</time></trkpt><trkpt lat="45.501265" lon="25.328912"><ele>823.1</ele><time>2026-07-31T13:45:45Z</time></trkpt><trkpt lat="45.501363" lon="25.329007"><ele>822.6</ele><time>2026-07-31T13:45:47Z</time></trkpt><trkpt lat="45.501463" lon="25.329092"><ele>822.2</ele><time>2026-07-31T13:45:49Z</time></trkpt><trkpt lat="45.501563" lon="25.32919"><ele>822.0</ele><time>2026-07-31T13:45:51Z</time></trkpt><trkpt lat="45.50166" lon="25.329288"><ele>822.0</ele><time>2026-07-31T13:45:53Z</time></trkpt><trkpt lat="45.501762" lon="25.329387"><ele>821.9</ele><time>2026-07-31T13:45:55Z</time></trkpt><trkpt lat="45.501857" lon="25.32948"><ele>821.8</ele><time>2026-07-31T13:45:57Z</time></trkpt><trkpt lat="45.501953" lon="25.329555"><ele>821.6</ele><time>2026-07-31T13:45:59Z</time></trkpt><trkpt lat="45.502043" lon="25.329658"><ele>821.5</ele><time>2026-07-31T13:46:01Z</time></trkpt><trkpt lat="45.50212" lon="25.329792"><ele>821.4</ele><time>2026-07-31T13:46:03Z</time></trkpt><trkpt lat="45.502165" lon="25.329955"><ele>821.0</ele><time>2026-07-31T13:46:05Z</time></trkpt><trkpt lat="45.502197" lon="25.330127"><ele>820.6</ele><time>2026-07-31T13:46:07Z</time></trkpt><trkpt lat="45.502227" lon="25.330288"><ele>820.3</ele><time>2026-07-31T13:46:09Z</time></trkpt><trkpt lat="45.502257" lon="25.330435"><ele>820.2</ele><time>2026-07-31T13:46:11Z</time></trkpt><trkpt lat="45.502277" lon="25.330568"><ele>820.2</ele><time>2026-07-31T13:46:13Z</time></trkpt><trkpt lat="45.502287" lon="25.330697"><ele>820.2</ele><time>2026-07-31T13:46:15Z</time></trkpt><trkpt lat="45.502297" lon="25.330832"><ele>820.3</ele><time>2026-07-31T13:46:17Z</time></trkpt><trkpt lat="45.502313" lon="25.330983"><ele>820.3</ele><time>2026-07-31T13:46:19Z</time></trkpt><trkpt lat="45.502365" lon="25.331132"><ele>820.2</ele><time>2026-07-31T13:46:21Z</time></trkpt><trkpt lat="45.502433" lon="25.331273"><ele>819.9</ele><time>2026-07-31T13:46:23Z</time></trkpt><trkpt lat="45.502512" lon="25.3314"><ele>819.7</ele><time>2026-07-31T13:46:25Z</time></trkpt><trkpt lat="45.50259" lon="25.331523"><ele>819.6</ele><time>2026-07-31T13:46:27Z</time></trkpt><trkpt lat="45.502657" lon="25.331657"><ele>819.7</ele><time>2026-07-31T13:46:29Z</time></trkpt><trkpt lat="45.50273" lon="25.331782"><ele>819.8</ele><time>2026-07-31T13:46:31Z</time></trkpt><trkpt lat="45.502805" lon="25.331892"><ele>819.8</ele><time>2026-07-31T13:46:33Z</time></trkpt><trkpt lat="45.502878" lon="25.331985"><ele>819.9</ele><time>2026-07-31T13:46:35Z</time></trkpt><trkpt lat="45.502953" lon="25.332055"><ele>820.3</ele><time>2026-07-31T13:46:37Z</time></trkpt><trkpt lat="45.503022" lon="25.332107"><ele>820.8</ele><time>2026-07-31T13:46:39Z</time></trkpt><trkpt lat="45.503122" lon="25.33216"><ele>821.5</ele><time>2026-07-31T13:46:42Z</time></trkpt><trkpt lat="45.503223" lon="25.332205"><ele>822.1</ele><time>2026-07-31T13:46:45Z</time></trkpt><trkpt lat="45.50329" lon="25.33226"><ele>822.2</ele><time>2026-07-31T13:46:47Z</time></trkpt><trkpt lat="45.503355" lon="25.332312"><ele>822.5</ele><time>2026-07-31T13:46:48Z</time></trkpt><trkpt lat="45.503415" lon="25.332377"><ele>822.9</ele><time>2026-07-31T13:46:50Z</time></trkpt><trkpt lat="45.503472" lon="25.332445"><ele>823.3</ele><time>2026-07-31T13:46:52Z</time></trkpt><trkpt lat="45.50353" lon="25.33254"><ele>823.9</ele><time>2026-07-31T13:46:55Z</time></trkpt><trkpt lat="45.50356" lon="25.33265"><ele>824.7</ele><time>2026-07-31T13:46:58Z</time></trkpt><trkpt lat="45.503563" lon="25.332755"><ele>825.4</ele><time>2026-07-31T13:47:01Z</time></trkpt><trkpt lat="45.503538" lon="25.332858"><ele>825.8</ele><time>2026-07-31T13:47:04Z</time></trkpt><trkpt lat="45.503488" lon="25.332943"><ele>826.5</ele><time>2026-07-31T13:47:07Z</time></trkpt><trkpt lat="45.503417" lon="25.332995"><ele>827.1</ele><time>2026-07-31T13:47:10Z</time></trkpt><trkpt lat="45.503338" lon="25.333033"><ele>827.4</ele><time>2026-07-31T13:47:13Z</time></trkpt><trkpt lat="45.503258" lon="25.333063"><ele>827.9</ele><time>2026-07-31T13:47:16Z</time></trkpt><trkpt lat="45.503178" lon="25.333088"><ele>828.4</ele><time>2026-07-31T13:47:19Z</time></trkpt><trkpt lat="45.503095" lon="25.333122"><ele>828.8</ele><time>2026-07-31T13:47:22Z</time></trkpt><trkpt lat="45.502977" lon="25.333162"><ele>829.3</ele><time>2026-07-31T13:47:25Z</time></trkpt><trkpt lat="45.502907" lon="25.333202"><ele>829.7</ele><time>2026-07-31T13:47:28Z</time></trkpt><trkpt lat="45.502822" lon="25.33326"><ele>830.7</ele><time>2026-07-31T13:47:32Z</time></trkpt><trkpt lat="45.502762" lon="25.33332"><ele>831.2</ele><time>2026-07-31T13:47:35Z</time></trkpt><trkpt lat="45.502703" lon="25.333395"><ele>831.4</ele><time>2026-07-31T13:47:38Z</time></trkpt><trkpt lat="45.502638" lon="25.333483"><ele>831.7</ele><time>2026-07-31T13:47:41Z</time></trkpt><trkpt lat="45.502575" lon="25.333602"><ele>831.8</ele><time>2026-07-31T13:47:44Z</time></trkpt><trkpt lat="45.50253" lon="25.333683"><ele>831.7</ele><time>2026-07-31T13:47:46Z</time></trkpt><trkpt lat="45.502485" lon="25.33377"><ele>831.6</ele><time>2026-07-31T13:47:48Z</time></trkpt><trkpt lat="45.502437" lon="25.33386"><ele>831.4</ele><time>2026-07-31T13:47:50Z</time></trkpt><trkpt lat="45.502378" lon="25.333942"><ele>831.2</ele><time>2026-07-31T13:47:52Z</time></trkpt><trkpt lat="45.50233" lon="25.334027"><ele>831.1</ele><time>2026-07-31T13:47:54Z</time></trkpt><trkpt lat="45.502282" lon="25.334112"><ele>830.9</ele><time>2026-07-31T13:47:57Z</time></trkpt><trkpt lat="45.502248" lon="25.334213"><ele>829.7</ele><time>2026-07-31T13:48:01Z</time></trkpt><trkpt lat="45.502288" lon="25.334298"><ele>829.4</ele><time>2026-07-31T13:48:03Z</time></trkpt><trkpt lat="45.502338" lon="25.334383"><ele>829.0</ele><time>2026-07-31T13:48:05Z</time></trkpt><trkpt lat="45.502385" lon="25.334482"><ele>828.8</ele><time>2026-07-31T13:48:07Z</time></trkpt><trkpt lat="45.502428" lon="25.334593"><ele>828.7</ele><time>2026-07-31T13:48:09Z</time></trkpt><trkpt lat="45.50247" lon="25.334717"><ele>828.5</ele><time>2026-07-31T13:48:11Z</time></trkpt><trkpt lat="45.502512" lon="25.334847"><ele>828.4</ele><time>2026-07-31T13:48:13Z</time></trkpt><trkpt lat="45.50255" lon="25.334988"><ele>828.1</ele><time>2026-07-31T13:48:15Z</time></trkpt><trkpt lat="45.502602" lon="25.33513"><ele>827.7</ele><time>2026-07-31T13:48:17Z</time></trkpt><trkpt lat="45.502672" lon="25.335247"><ele>827.1</ele><time>2026-07-31T13:48:19Z</time></trkpt><trkpt lat="45.502732" lon="25.335368"><ele>826.5</ele><time>2026-07-31T13:48:21Z</time></trkpt><trkpt lat="45.502768" lon="25.335502"><ele>826.0</ele><time>2026-07-31T13:48:23Z</time></trkpt><trkpt lat="45.502798" lon="25.335608"><ele>825.5</ele><time>2026-07-31T13:48:25Z</time></trkpt><trkpt lat="45.502843" lon="25.33573"><ele>824.4</ele><time>2026-07-31T13:48:28Z</time></trkpt><trkpt lat="45.502918" lon="25.33575"><ele>822.8</ele><time>2026-07-31T13:50:22Z</time></trkpt><trkpt lat="45.502992" lon="25.335698"><ele>822.7</ele><time>2026-07-31T13:51:11Z</time></trkpt><trkpt lat="45.503033" lon="25.335585"><ele>822.5</ele><time>2026-07-31T13:51:14Z</time></trkpt><trkpt lat="45.503072" lon="25.335478"><ele>822.3</ele><time>2026-07-31T13:51:18Z</time></trkpt><trkpt lat="45.502862" lon="25.335678"><ele>822.3</ele><time>2026-07-31T13:51:19Z</time></trkpt><trkpt lat="45.50276" lon="25.335755"><ele>822.5</ele><time>2026-07-31T13:51:21Z</time></trkpt><trkpt lat="45.502873" lon="25.335702"><ele>822.7</ele><time>2026-07-31T13:51:22Z</time></trkpt><trkpt lat="45.502843" lon="25.335798"><ele>823.0</ele><time>2026-07-31T14:00:10Z</time></trkpt><trkpt lat="45.502837" lon="25.335903"><ele>822.7</ele><time>2026-07-31T14:00:39Z</time></trkpt><trkpt lat="45.502845" lon="25.336025"><ele>822.8</ele><time>2026-07-31T14:00:41Z</time></trkpt><trkpt lat="45.502885" lon="25.336128"><ele>822.9</ele><time>2026-07-31T14:00:43Z</time></trkpt><trkpt lat="45.502925" lon="25.33624"><ele>822.7</ele><time>2026-07-31T14:00:45Z</time></trkpt><trkpt lat="45.502973" lon="25.336362"><ele>822.5</ele><time>2026-07-31T14:00:47Z</time></trkpt><trkpt lat="45.503027" lon="25.336483"><ele>822.5</ele><time>2026-07-31T14:00:49Z</time></trkpt><trkpt lat="45.503088" lon="25.33661"><ele>822.3</ele><time>2026-07-31T14:00:51Z</time></trkpt><trkpt lat="45.503143" lon="25.336745"><ele>821.8</ele><time>2026-07-31T14:00:53Z</time></trkpt><trkpt lat="45.503203" lon="25.336885"><ele>821.2</ele><time>2026-07-31T14:00:55Z</time></trkpt><trkpt lat="45.50327" lon="25.337023"><ele>821.0</ele><time>2026-07-31T14:00:57Z</time></trkpt><trkpt lat="45.503332" lon="25.337167"><ele>820.6</ele><time>2026-07-31T14:00:59Z</time></trkpt><trkpt lat="45.503398" lon="25.337312"><ele>820.2</ele><time>2026-07-31T14:01:01Z</time></trkpt><trkpt lat="45.503462" lon="25.337457"><ele>819.9</ele><time>2026-07-31T14:01:03Z</time></trkpt><trkpt lat="45.503542" lon="25.337588"><ele>819.6</ele><time>2026-07-31T14:01:05Z</time></trkpt><trkpt lat="45.503633" lon="25.3377"><ele>819.4</ele><time>2026-07-31T14:01:07Z</time></trkpt><trkpt lat="45.503737" lon="25.337795"><ele>818.8</ele><time>2026-07-31T14:01:09Z</time></trkpt><trkpt lat="45.50385" lon="25.337868"><ele>818.5</ele><time>2026-07-31T14:01:11Z</time></trkpt><trkpt lat="45.503958" lon="25.337948"><ele>817.9</ele><time>2026-07-31T14:01:13Z</time></trkpt><trkpt lat="45.504073" lon="25.338022"><ele>817.7</ele><time>2026-07-31T14:01:15Z</time></trkpt><trkpt lat="45.504185" lon="25.338097"><ele>817.0</ele><time>2026-07-31T14:01:17Z</time></trkpt><trkpt lat="45.504297" lon="25.338172"><ele>816.5</ele><time>2026-07-31T14:01:19Z</time></trkpt><trkpt lat="45.504402" lon="25.338253"><ele>815.9</ele><time>2026-07-31T14:01:21Z</time></trkpt><trkpt lat="45.504503" lon="25.338342"><ele>815.4</ele><time>2026-07-31T14:01:23Z</time></trkpt><trkpt lat="45.504602" lon="25.33843"><ele>815.0</ele><time>2026-07-31T14:01:25Z</time></trkpt><trkpt lat="45.504693" lon="25.338533"><ele>814.5</ele><time>2026-07-31T14:01:27Z</time></trkpt><trkpt lat="45.50479" lon="25.33865"><ele>814.0</ele><time>2026-07-31T14:01:29Z</time></trkpt><trkpt lat="45.504885" lon="25.338778"><ele>813.9</ele><time>2026-07-31T14:01:31Z</time></trkpt><trkpt lat="45.504975" lon="25.33891"><ele>813.5</ele><time>2026-07-31T14:01:33Z</time></trkpt><trkpt lat="45.505057" lon="25.339047"><ele>813.4</ele><time>2026-07-31T14:01:35Z</time></trkpt><trkpt lat="45.505133" lon="25.33918"><ele>813.2</ele><time>2026-07-31T14:01:37Z</time></trkpt><trkpt lat="45.505212" lon="25.33931"><ele>813.1</ele><time>2026-07-31T14:01:40Z</time></trkpt><trkpt lat="45.505295" lon="25.339447"><ele>812.7</ele><time>2026-07-31T14:01:42Z</time></trkpt><trkpt lat="45.505377" lon="25.339587"><ele>812.6</ele><time>2026-07-31T14:01:44Z</time></trkpt><trkpt lat="45.505465" lon="25.33972"><ele>812.7</ele><time>2026-07-31T14:01:46Z</time></trkpt><trkpt lat="45.505565" lon="25.339842"><ele>812.7</ele><time>2026-07-31T14:01:48Z</time></trkpt><trkpt lat="45.505673" lon="25.339953"><ele>812.5</ele><time>2026-07-31T14:01:50Z</time></trkpt><trkpt lat="45.505787" lon="25.340057"><ele>812.2</ele><time>2026-07-31T14:01:52Z</time></trkpt><trkpt lat="45.5059" lon="25.34015"><ele>811.8</ele><time>2026-07-31T14:01:54Z</time></trkpt><trkpt lat="45.506005" lon="25.340245"><ele>811.5</ele><time>2026-07-31T14:01:56Z</time></trkpt><trkpt lat="45.506112" lon="25.340337"><ele>811.2</ele><time>2026-07-31T14:01:58Z</time></trkpt><trkpt lat="45.506217" lon="25.340417"><ele>810.8</ele><time>2026-07-31T14:02:00Z</time></trkpt><trkpt lat="45.506328" lon="25.340492"><ele>810.4</ele><time>2026-07-31T14:02:02Z</time></trkpt><trkpt lat="45.506445" lon="25.340555"><ele>810.4</ele><time>2026-07-31T14:02:04Z</time></trkpt><trkpt lat="45.506568" lon="25.340617"><ele>810.3</ele><time>2026-07-31T14:02:06Z</time></trkpt><trkpt lat="45.506697" lon="25.34068"><ele>810.2</ele><time>2026-07-31T14:02:08Z</time></trkpt><trkpt lat="45.506822" lon="25.34074"><ele>809.7</ele><time>2026-07-31T14:02:10Z</time></trkpt><trkpt lat="45.506943" lon="25.340805"><ele>809.3</ele><time>2026-07-31T14:02:12Z</time></trkpt><trkpt lat="45.507055" lon="25.340888"><ele>809.1</ele><time>2026-07-31T14:02:14Z</time></trkpt><trkpt lat="45.507162" lon="25.341002"><ele>808.9</ele><time>2026-07-31T14:02:16Z</time></trkpt><trkpt lat="45.507253" lon="25.341142"><ele>808.7</ele><time>2026-07-31T14:02:18Z</time></trkpt><trkpt lat="45.507347" lon="25.341277"><ele>808.7</ele><time>2026-07-31T14:02:20Z</time></trkpt><trkpt lat="45.507438" lon="25.341415"><ele>808.8</ele><time>2026-07-31T14:02:22Z</time></trkpt><trkpt lat="45.50753" lon="25.341555"><ele>809.0</ele><time>2026-07-31T14:02:24Z</time></trkpt><trkpt lat="45.507623" lon="25.341692"><ele>809.0</ele><time>2026-07-31T14:02:26Z</time></trkpt><trkpt lat="45.507715" lon="25.341832"><ele>809.1</ele><time>2026-07-31T14:02:28Z</time></trkpt><trkpt lat="45.507807" lon="25.341977"><ele>808.9</ele><time>2026-07-31T14:02:30Z</time></trkpt><trkpt lat="45.507898" lon="25.34211"><ele>808.7</ele><time>2026-07-31T14:02:32Z</time></trkpt><trkpt lat="45.50799" lon="25.342257"><ele>808.4</ele><time>2026-07-31T14:02:34Z</time></trkpt><trkpt lat="45.508085" lon="25.342397"><ele>808.3</ele><time>2026-07-31T14:02:36Z</time></trkpt><trkpt lat="45.508177" lon="25.342533"><ele>808.4</ele><time>2026-07-31T14:02:38Z</time></trkpt><trkpt lat="45.508257" lon="25.342663"><ele>808.4</ele><time>2026-07-31T14:02:40Z</time></trkpt><trkpt lat="45.508337" lon="25.342803"><ele>808.3</ele><time>2026-07-31T14:02:42Z</time></trkpt><trkpt lat="45.508405" lon="25.342958"><ele>808.3</ele><time>2026-07-31T14:02:44Z</time></trkpt><trkpt lat="45.508475" lon="25.343113"><ele>803.2</ele><time>2026-07-31T14:02:46Z</time></trkpt><trkpt lat="45.508518" lon="25.34328"><ele>803.4</ele><time>2026-07-31T14:02:48Z</time></trkpt><trkpt lat="45.508563" lon="25.34345"><ele>803.4</ele><time>2026-07-31T14:02:50Z</time></trkpt><trkpt lat="45.508608" lon="25.343618"><ele>803.3</ele><time>2026-07-31T14:02:52Z</time></trkpt><trkpt lat="45.508653" lon="25.343787"><ele>803.2</ele><time>2026-07-31T14:02:54Z</time></trkpt><trkpt lat="45.508695" lon="25.343962"><ele>803.1</ele><time>2026-07-31T14:02:56Z</time></trkpt><trkpt lat="45.508723" lon="25.344143"><ele>803.0</ele><time>2026-07-31T14:02:58Z</time></trkpt><trkpt lat="45.508745" lon="25.344335"><ele>802.9</ele><time>2026-07-31T14:03:00Z</time></trkpt><trkpt lat="45.508762" lon="25.344525"><ele>802.5</ele><time>2026-07-31T14:03:02Z</time></trkpt><trkpt lat="45.50878" lon="25.344715"><ele>802.0</ele><time>2026-07-31T14:03:04Z</time></trkpt><trkpt lat="45.508797" lon="25.3449"><ele>801.7</ele><time>2026-07-31T14:03:06Z</time></trkpt><trkpt lat="45.508817" lon="25.345085"><ele>801.4</ele><time>2026-07-31T14:03:08Z</time></trkpt><trkpt lat="45.508832" lon="25.345267"><ele>801.1</ele><time>2026-07-31T14:03:10Z</time></trkpt><trkpt lat="45.508853" lon="25.345453"><ele>800.7</ele><time>2026-07-31T14:03:12Z</time></trkpt><trkpt lat="45.508872" lon="25.345645"><ele>800.1</ele><time>2026-07-31T14:03:14Z</time></trkpt><trkpt lat="45.508882" lon="25.345828"><ele>799.5</ele><time>2026-07-31T14:03:16Z</time></trkpt><trkpt lat="45.5089" lon="25.34602"><ele>799.3</ele><time>2026-07-31T14:03:18Z</time></trkpt><trkpt lat="45.508917" lon="25.346217"><ele>798.9</ele><time>2026-07-31T14:03:20Z</time></trkpt><trkpt lat="45.508935" lon="25.346412"><ele>798.7</ele><time>2026-07-31T14:03:22Z</time></trkpt><trkpt lat="45.508955" lon="25.3466"><ele>798.3</ele><time>2026-07-31T14:03:24Z</time></trkpt><trkpt lat="45.508975" lon="25.346787"><ele>797.9</ele><time>2026-07-31T14:03:26Z</time></trkpt><trkpt lat="45.509002" lon="25.34697"><ele>797.6</ele><time>2026-07-31T14:03:28Z</time></trkpt><trkpt lat="45.509032" lon="25.34715"><ele>797.5</ele><time>2026-07-31T14:03:30Z</time></trkpt><trkpt lat="45.50906" lon="25.347298"><ele>797.2</ele><time>2026-07-31T14:03:32Z</time></trkpt><trkpt lat="45.509112" lon="25.347503"><ele>797.1</ele><time>2026-07-31T14:03:34Z</time></trkpt><trkpt lat="45.50915" lon="25.347667"><ele>796.8</ele><time>2026-07-31T14:03:36Z</time></trkpt><trkpt lat="45.509188" lon="25.347807"><ele>796.4</ele><time>2026-07-31T14:03:38Z</time></trkpt><trkpt lat="45.509218" lon="25.347927"><ele>796.1</ele><time>2026-07-31T14:03:39Z</time></trkpt><trkpt lat="45.509242" lon="25.348025"><ele>795.9</ele><time>2026-07-31T14:03:40Z</time></trkpt><trkpt lat="45.509268" lon="25.348128"><ele>795.6</ele><time>2026-07-31T14:03:41Z</time></trkpt><trkpt lat="45.509295" lon="25.348232"><ele>795.6</ele><time>2026-07-31T14:03:42Z</time></trkpt><trkpt lat="45.509325" lon="25.34833"><ele>795.5</ele><time>2026-07-31T14:03:43Z</time></trkpt><trkpt lat="45.509352" lon="25.348427"><ele>795.3</ele><time>2026-07-31T14:03:44Z</time></trkpt><trkpt lat="45.509378" lon="25.34853"><ele>795.1</ele><time>2026-07-31T14:03:45Z</time></trkpt><trkpt lat="45.509403" lon="25.348635"><ele>794.9</ele><time>2026-07-31T14:03:46Z</time></trkpt><trkpt lat="45.509428" lon="25.348737"><ele>794.6</ele><time>2026-07-31T14:03:47Z</time></trkpt><trkpt lat="45.509455" lon="25.348833"><ele>794.3</ele><time>2026-07-31T14:03:48Z</time></trkpt><trkpt lat="45.50948" lon="25.348932"><ele>794.1</ele><time>2026-07-31T14:03:49Z</time></trkpt><trkpt lat="45.509505" lon="25.34903"><ele>793.9</ele><time>2026-07-31T14:03:50Z</time></trkpt><trkpt lat="45.509547" lon="25.349225"><ele>793.6</ele><time>2026-07-31T14:03:52Z</time></trkpt><trkpt lat="45.50959" lon="25.349417"><ele>793.1</ele><time>2026-07-31T14:03:54Z</time></trkpt><trkpt lat="45.509612" lon="25.349515"><ele>792.8</ele><time>2026-07-31T14:03:55Z</time></trkpt><trkpt lat="45.509632" lon="25.34962"><ele>792.6</ele><time>2026-07-31T14:03:56Z</time></trkpt><trkpt lat="45.509655" lon="25.349722"><ele>792.4</ele><time>2026-07-31T14:03:57Z</time></trkpt><trkpt lat="45.509675" lon="25.349827"><ele>792.3</ele><time>2026-07-31T14:03:58Z</time></trkpt><trkpt lat="45.509695" lon="25.34993"><ele>792.2</ele><time>2026-07-31T14:03:59Z</time></trkpt><trkpt lat="45.509715" lon="25.350042"><ele>792.1</ele><time>2026-07-31T14:04:00Z</time></trkpt><trkpt lat="45.509735" lon="25.350143"><ele>792.0</ele><time>2026-07-31T14:04:01Z</time></trkpt><trkpt lat="45.509773" lon="25.35032"><ele>791.7</ele><time>2026-07-31T14:04:03Z</time></trkpt><trkpt lat="45.509797" lon="25.350443"><ele>791.4</ele><time>2026-07-31T14:04:04Z</time></trkpt><trkpt lat="45.509815" lon="25.350545"><ele>791.3</ele><time>2026-07-31T14:04:05Z</time></trkpt><trkpt lat="45.50985" lon="25.350747"><ele>791.0</ele><time>2026-07-31T14:04:07Z</time></trkpt><trkpt lat="45.509895" lon="25.35094"><ele>790.9</ele><time>2026-07-31T14:04:09Z</time></trkpt><trkpt lat="45.50993" lon="25.351142"><ele>790.7</ele><time>2026-07-31T14:04:11Z</time></trkpt><trkpt lat="45.509948" lon="25.351243"><ele>790.6</ele><time>2026-07-31T14:04:12Z</time></trkpt><trkpt lat="45.509968" lon="25.351342"><ele>790.6</ele><time>2026-07-31T14:04:13Z</time></trkpt><trkpt lat="45.510003" lon="25.35153"><ele>790.6</ele><time>2026-07-31T14:04:15Z</time></trkpt><trkpt lat="45.51004" lon="25.351713"><ele>790.3</ele><time>2026-07-31T14:04:17Z</time></trkpt><trkpt lat="45.510078" lon="25.351892"><ele>790.1</ele><time>2026-07-31T14:04:19Z</time></trkpt><trkpt lat="45.510108" lon="25.352077"><ele>790.0</ele><time>2026-07-31T14:04:21Z</time></trkpt><trkpt lat="45.510133" lon="25.352262"><ele>790.0</ele><time>2026-07-31T14:04:23Z</time></trkpt><trkpt lat="45.510155" lon="25.352438"><ele>789.9</ele><time>2026-07-31T14:04:25Z</time></trkpt><trkpt lat="45.510162" lon="25.352545"><ele>789.9</ele><time>2026-07-31T14:04:26Z</time></trkpt><trkpt lat="45.510162" lon="25.352775"><ele>789.9</ele><time>2026-07-31T14:04:28Z</time></trkpt><trkpt lat="45.510158" lon="25.352935"><ele>789.7</ele><time>2026-07-31T14:04:29Z</time></trkpt><trkpt lat="45.510155" lon="25.35306"><ele>789.5</ele><time>2026-07-31T14:04:30Z</time></trkpt><trkpt lat="45.510167" lon="25.353183"><ele>788.9</ele><time>2026-07-31T14:04:32Z</time></trkpt><trkpt lat="45.510168" lon="25.353362"><ele>788.5</ele><time>2026-07-31T14:04:34Z</time></trkpt><trkpt lat="45.510163" lon="25.353547"><ele>788.5</ele><time>2026-07-31T14:04:36Z</time></trkpt><trkpt lat="45.510162" lon="25.353738"><ele>788.4</ele><time>2026-07-31T14:04:38Z</time></trkpt><trkpt lat="45.510152" lon="25.353925"><ele>788.3</ele><time>2026-07-31T14:04:40Z</time></trkpt><trkpt lat="45.510143" lon="25.354108"><ele>788.3</ele><time>2026-07-31T14:04:42Z</time></trkpt><trkpt lat="45.510142" lon="25.354288"><ele>788.3</ele><time>2026-07-31T14:04:44Z</time></trkpt><trkpt lat="45.51014" lon="25.354463"><ele>788.4</ele><time>2026-07-31T14:04:46Z</time></trkpt><trkpt lat="45.510148" lon="25.354633"><ele>788.4</ele><time>2026-07-31T14:04:48Z</time></trkpt><trkpt lat="45.510165" lon="25.354798"><ele>788.5</ele><time>2026-07-31T14:04:50Z</time></trkpt><trkpt lat="45.510188" lon="25.354957"><ele>788.7</ele><time>2026-07-31T14:04:52Z</time></trkpt><trkpt lat="45.510222" lon="25.355115"><ele>788.9</ele><time>2026-07-31T14:04:54Z</time></trkpt><trkpt lat="45.510265" lon="25.355263"><ele>788.9</ele><time>2026-07-31T14:04:56Z</time></trkpt><trkpt lat="45.510318" lon="25.355408"><ele>789.2</ele><time>2026-07-31T14:04:58Z</time></trkpt><trkpt lat="45.510377" lon="25.35555"><ele>789.5</ele><time>2026-07-31T14:05:00Z</time></trkpt><trkpt lat="45.510443" lon="25.355683"><ele>789.7</ele><time>2026-07-31T14:05:02Z</time></trkpt><trkpt lat="45.510518" lon="25.355808"><ele>789.9</ele><time>2026-07-31T14:05:04Z</time></trkpt><trkpt lat="45.5106" lon="25.355925"><ele>790.2</ele><time>2026-07-31T14:05:06Z</time></trkpt><trkpt lat="45.510692" lon="25.356032"><ele>790.4</ele><time>2026-07-31T14:05:08Z</time></trkpt><trkpt lat="45.510793" lon="25.356135"><ele>790.4</ele><time>2026-07-31T14:05:10Z</time></trkpt><trkpt lat="45.510897" lon="25.356242"><ele>790.2</ele><time>2026-07-31T14:05:12Z</time></trkpt><trkpt lat="45.511003" lon="25.356355"><ele>789.9</ele><time>2026-07-31T14:05:14Z</time></trkpt><trkpt lat="45.511107" lon="25.356468"><ele>789.7</ele><time>2026-07-31T14:05:16Z</time></trkpt><trkpt lat="45.511203" lon="25.356587"><ele>789.5</ele><time>2026-07-31T14:05:18Z</time></trkpt><trkpt lat="45.511293" lon="25.356707"><ele>789.2</ele><time>2026-07-31T14:05:20Z</time></trkpt><trkpt lat="45.511385" lon="25.356832"><ele>788.9</ele><time>2026-07-31T14:05:22Z</time></trkpt><trkpt lat="45.511475" lon="25.356975"><ele>788.4</ele><time>2026-07-31T14:05:24Z</time></trkpt><trkpt lat="45.511563" lon="25.357128"><ele>787.9</ele><time>2026-07-31T14:05:26Z</time></trkpt><trkpt lat="45.51165" lon="25.357292"><ele>787.1</ele><time>2026-07-31T14:05:28Z</time></trkpt><trkpt lat="45.511733" lon="25.357453"><ele>786.7</ele><time>2026-07-31T14:05:30Z</time></trkpt><trkpt lat="45.5118" lon="25.35763"><ele>786.4</ele><time>2026-07-31T14:05:32Z</time></trkpt><trkpt lat="45.511843" lon="25.35782"><ele>786.1</ele><time>2026-07-31T14:05:34Z</time></trkpt><trkpt lat="45.511865" lon="25.358017"><ele>785.9</ele><time>2026-07-31T14:05:36Z</time></trkpt><trkpt lat="45.511868" lon="25.358218"><ele>785.4</ele><time>2026-07-31T14:05:38Z</time></trkpt><trkpt lat="45.511855" lon="25.358422"><ele>784.6</ele><time>2026-07-31T14:05:40Z</time></trkpt><trkpt lat="45.511837" lon="25.35862"><ele>783.9</ele><time>2026-07-31T14:05:42Z</time></trkpt><trkpt lat="45.511823" lon="25.358815"><ele>783.5</ele><time>2026-07-31T14:05:44Z</time></trkpt><trkpt lat="45.51181" lon="25.359003"><ele>783.2</ele><time>2026-07-31T14:05:46Z</time></trkpt><trkpt lat="45.511792" lon="25.359197"><ele>782.7</ele><time>2026-07-31T14:05:48Z</time></trkpt><trkpt lat="45.511773" lon="25.359385"><ele>782.5</ele><time>2026-07-31T14:05:50Z</time></trkpt><trkpt lat="45.511752" lon="25.359575"><ele>782.4</ele><time>2026-07-31T14:05:52Z</time></trkpt><trkpt lat="45.511732" lon="25.35976"><ele>782.3</ele><time>2026-07-31T14:05:54Z</time></trkpt><trkpt lat="45.511712" lon="25.35995"><ele>781.9</ele><time>2026-07-31T14:05:56Z</time></trkpt><trkpt lat="45.511693" lon="25.360143"><ele>781.4</ele><time>2026-07-31T14:05:58Z</time></trkpt><trkpt lat="45.511683" lon="25.360337"><ele>780.9</ele><time>2026-07-31T14:06:00Z</time></trkpt><trkpt lat="45.511687" lon="25.360532"><ele>780.8</ele><time>2026-07-31T14:06:02Z</time></trkpt><trkpt lat="45.511692" lon="25.360723"><ele>780.8</ele><time>2026-07-31T14:06:04Z</time></trkpt><trkpt lat="45.511712" lon="25.360922"><ele>780.6</ele><time>2026-07-31T14:06:06Z</time></trkpt><trkpt lat="45.511738" lon="25.361117"><ele>780.5</ele><time>2026-07-31T14:06:08Z</time></trkpt><trkpt lat="45.511775" lon="25.361308"><ele>780.3</ele><time>2026-07-31T14:06:10Z</time></trkpt><trkpt lat="45.51182" lon="25.361488"><ele>780.2</ele><time>2026-07-31T14:06:12Z</time></trkpt><trkpt lat="45.511865" lon="25.361658"><ele>780.0</ele><time>2026-07-31T14:06:14Z</time></trkpt><trkpt lat="45.511907" lon="25.361818"><ele>779.9</ele><time>2026-07-31T14:06:16Z</time></trkpt><trkpt lat="45.51195" lon="25.36197"><ele>779.9</ele><time>2026-07-31T14:06:18Z</time></trkpt><trkpt lat="45.511993" lon="25.36211"><ele>779.8</ele><time>2026-07-31T14:06:20Z</time></trkpt><trkpt lat="45.51203" lon="25.362252"><ele>779.8</ele><time>2026-07-31T14:06:22Z</time></trkpt><trkpt lat="45.512072" lon="25.36239"><ele>779.8</ele><time>2026-07-31T14:06:24Z</time></trkpt><trkpt lat="45.512112" lon="25.362527"><ele>779.9</ele><time>2026-07-31T14:06:26Z</time></trkpt><trkpt lat="45.512147" lon="25.362663"><ele>780.0</ele><time>2026-07-31T14:06:28Z</time></trkpt><trkpt lat="45.512178" lon="25.362808"><ele>780.1</ele><time>2026-07-31T14:06:30Z</time></trkpt><trkpt lat="45.512193" lon="25.362957"><ele>780.1</ele><time>2026-07-31T14:06:32Z</time></trkpt><trkpt lat="45.5122" lon="25.36311"><ele>779.9</ele><time>2026-07-31T14:06:34Z</time></trkpt><trkpt lat="45.512195" lon="25.363268"><ele>779.6</ele><time>2026-07-31T14:06:36Z</time></trkpt><trkpt lat="45.512188" lon="25.36343"><ele>779.3</ele><time>2026-07-31T14:06:38Z</time></trkpt><trkpt lat="45.512178" lon="25.36359"><ele>779.3</ele><time>2026-07-31T14:06:40Z</time></trkpt><trkpt lat="45.512187" lon="25.36374"><ele>779.3</ele><time>2026-07-31T14:06:42Z</time></trkpt><trkpt lat="45.512202" lon="25.363892"><ele>779.2</ele><time>2026-07-31T14:06:44Z</time></trkpt><trkpt lat="45.512227" lon="25.36405"><ele>779.1</ele><time>2026-07-31T14:06:46Z</time></trkpt><trkpt lat="45.512255" lon="25.364218"><ele>778.9</ele><time>2026-07-31T14:06:48Z</time></trkpt><trkpt lat="45.51228" lon="25.36439"><ele>778.8</ele><time>2026-07-31T14:06:50Z</time></trkpt><trkpt lat="45.512308" lon="25.364558"><ele>778.5</ele><time>2026-07-31T14:06:52Z</time></trkpt><trkpt lat="45.512337" lon="25.364725"><ele>778.1</ele><time>2026-07-31T14:06:54Z</time></trkpt><trkpt lat="45.512365" lon="25.36489"><ele>777.7</ele><time>2026-07-31T14:06:56Z</time></trkpt><trkpt lat="45.512393" lon="25.36505"><ele>777.4</ele><time>2026-07-31T14:06:58Z</time></trkpt><trkpt lat="45.512422" lon="25.365215"><ele>777.0</ele><time>2026-07-31T14:07:00Z</time></trkpt><trkpt lat="45.512453" lon="25.365387"><ele>776.8</ele><time>2026-07-31T14:07:02Z</time></trkpt><trkpt lat="45.512492" lon="25.365558"><ele>776.6</ele><time>2026-07-31T14:07:04Z</time></trkpt><trkpt lat="45.512543" lon="25.36573"><ele>776.5</ele><time>2026-07-31T14:07:06Z</time></trkpt><trkpt lat="45.512615" lon="25.365888"><ele>776.4</ele><time>2026-07-31T14:07:08Z</time></trkpt><trkpt lat="45.512698" lon="25.36603"><ele>776.2</ele><time>2026-07-31T14:07:10Z</time></trkpt><trkpt lat="45.512792" lon="25.366158"><ele>776.2</ele><time>2026-07-31T14:07:12Z</time></trkpt><trkpt lat="45.512898" lon="25.366268"><ele>776.2</ele><time>2026-07-31T14:07:14Z</time></trkpt><trkpt lat="45.513012" lon="25.366353"><ele>776.2</ele><time>2026-07-31T14:07:16Z</time></trkpt><trkpt lat="45.513133" lon="25.36643"><ele>776.1</ele><time>2026-07-31T14:07:18Z</time></trkpt><trkpt lat="45.51326" lon="25.366497"><ele>775.9</ele><time>2026-07-31T14:07:20Z</time></trkpt><trkpt lat="45.513387" lon="25.366555"><ele>775.5</ele><time>2026-07-31T14:07:22Z</time></trkpt><trkpt lat="45.51351" lon="25.366622"><ele>775.4</ele><time>2026-07-31T14:07:24Z</time></trkpt><trkpt lat="45.513633" lon="25.366683"><ele>775.4</ele><time>2026-07-31T14:07:26Z</time></trkpt><trkpt lat="45.513748" lon="25.366735"><ele>775.5</ele><time>2026-07-31T14:07:28Z</time></trkpt><trkpt lat="45.513858" lon="25.36677"><ele>775.6</ele><time>2026-07-31T14:07:30Z</time></trkpt><trkpt lat="45.513968" lon="25.366785"><ele>775.6</ele><time>2026-07-31T14:07:32Z</time></trkpt><trkpt lat="45.514073" lon="25.366772"><ele>775.7</ele><time>2026-07-31T14:07:34Z</time></trkpt><trkpt lat="45.514173" lon="25.366737"><ele>775.9</ele><time>2026-07-31T14:07:36Z</time></trkpt><trkpt lat="45.514265" lon="25.366677"><ele>776.0</ele><time>2026-07-31T14:07:38Z</time></trkpt><trkpt lat="45.514358" lon="25.366602"><ele>776.2</ele><time>2026-07-31T14:07:40Z</time></trkpt><trkpt lat="45.514447" lon="25.366515"><ele>776.5</ele><time>2026-07-31T14:07:42Z</time></trkpt><trkpt lat="45.51453" lon="25.36642"><ele>776.7</ele><time>2026-07-31T14:07:44Z</time></trkpt><trkpt lat="45.514617" lon="25.36632"><ele>776.9</ele><time>2026-07-31T14:07:46Z</time></trkpt><trkpt lat="45.514703" lon="25.366223"><ele>776.9</ele><time>2026-07-31T14:07:48Z</time></trkpt><trkpt lat="45.514797" lon="25.366135"><ele>776.8</ele><time>2026-07-31T14:07:50Z</time></trkpt><trkpt lat="45.514902" lon="25.366082"><ele>776.6</ele><time>2026-07-31T14:07:52Z</time></trkpt><trkpt lat="45.515008" lon="25.366065"><ele>776.6</ele><time>2026-07-31T14:07:54Z</time></trkpt><trkpt lat="45.5151" lon="25.366105"><ele>776.5</ele><time>2026-07-31T14:07:56Z</time></trkpt><trkpt lat="45.51519" lon="25.366155"><ele>776.4</ele><time>2026-07-31T14:07:58Z</time></trkpt><trkpt lat="45.515273" lon="25.366207"><ele>776.5</ele><time>2026-07-31T14:08:00Z</time></trkpt><trkpt lat="45.51535" lon="25.366247"><ele>776.7</ele><time>2026-07-31T14:08:02Z</time></trkpt><trkpt lat="45.515423" lon="25.366288"><ele>777.0</ele><time>2026-07-31T14:08:04Z</time></trkpt><trkpt lat="45.515498" lon="25.366332"><ele>777.4</ele><time>2026-07-31T14:08:06Z</time></trkpt><trkpt lat="45.515568" lon="25.36637"><ele>777.7</ele><time>2026-07-31T14:08:08Z</time></trkpt><trkpt lat="45.515667" lon="25.366427"><ele>778.5</ele><time>2026-07-31T14:08:11Z</time></trkpt><trkpt lat="45.515757" lon="25.366495"><ele>779.0</ele><time>2026-07-31T14:08:14Z</time></trkpt><trkpt lat="45.515843" lon="25.366572"><ele>779.6</ele><time>2026-07-31T14:08:17Z</time></trkpt><trkpt lat="45.515922" lon="25.36663"><ele>780.2</ele><time>2026-07-31T14:08:20Z</time></trkpt><trkpt lat="45.515983" lon="25.366707"><ele>780.4</ele><time>2026-07-31T14:08:22Z</time></trkpt><trkpt lat="45.516068" lon="25.366803"><ele>780.5</ele><time>2026-07-31T14:08:25Z</time></trkpt><trkpt lat="45.516142" lon="25.366915"><ele>780.7</ele><time>2026-07-31T14:08:28Z</time></trkpt><trkpt lat="45.516207" lon="25.367037"><ele>780.9</ele><time>2026-07-31T14:08:31Z</time></trkpt><trkpt lat="45.51624" lon="25.367133"><ele>781.1</ele><time>2026-07-31T14:08:33Z</time></trkpt><trkpt lat="45.516277" lon="25.36728"><ele>781.4</ele><time>2026-07-31T14:08:36Z</time></trkpt><trkpt lat="45.516282" lon="25.367382"><ele>781.6</ele><time>2026-07-31T14:08:38Z</time></trkpt><trkpt lat="45.516283" lon="25.367507"><ele>781.8</ele><time>2026-07-31T14:08:40Z</time></trkpt><trkpt lat="45.516283" lon="25.367658"><ele>782.0</ele><time>2026-07-31T14:08:43Z</time></trkpt><trkpt lat="45.516287" lon="25.367783"><ele>782.2</ele><time>2026-07-31T14:08:45Z</time></trkpt><trkpt lat="45.516283" lon="25.367905"><ele>782.3</ele><time>2026-07-31T14:08:47Z</time></trkpt><trkpt lat="45.516278" lon="25.368027"><ele>782.5</ele><time>2026-07-31T14:08:49Z</time></trkpt><trkpt lat="45.516272" lon="25.368148"><ele>782.6</ele><time>2026-07-31T14:08:51Z</time></trkpt><trkpt lat="45.516268" lon="25.368267"><ele>782.8</ele><time>2026-07-31T14:08:53Z</time></trkpt><trkpt lat="45.51626" lon="25.368382"><ele>783.1</ele><time>2026-07-31T14:08:55Z</time></trkpt><trkpt lat="45.516247" lon="25.368502"><ele>783.4</ele><time>2026-07-31T14:08:57Z</time></trkpt><trkpt lat="45.516237" lon="25.368615"><ele>783.6</ele><time>2026-07-31T14:08:59Z</time></trkpt><trkpt lat="45.516223" lon="25.368725"><ele>783.7</ele><time>2026-07-31T14:09:01Z</time></trkpt><trkpt lat="45.516207" lon="25.368835"><ele>784.0</ele><time>2026-07-31T14:09:03Z</time></trkpt><trkpt lat="45.51619" lon="25.368952"><ele>784.2</ele><time>2026-07-31T14:09:05Z</time></trkpt><trkpt lat="45.516163" lon="25.369062"><ele>784.5</ele><time>2026-07-31T14:09:07Z</time></trkpt><trkpt lat="45.51614" lon="25.369168"><ele>784.8</ele><time>2026-07-31T14:09:09Z</time></trkpt><trkpt lat="45.516107" lon="25.369283"><ele>784.9</ele><time>2026-07-31T14:09:11Z</time></trkpt><trkpt lat="45.516073" lon="25.369393"><ele>785.1</ele><time>2026-07-31T14:09:13Z</time></trkpt><trkpt lat="45.516043" lon="25.369502"><ele>785.3</ele><time>2026-07-31T14:09:15Z</time></trkpt><trkpt lat="45.51601" lon="25.369608"><ele>785.5</ele><time>2026-07-31T14:09:17Z</time></trkpt><trkpt lat="45.515977" lon="25.369712"><ele>785.9</ele><time>2026-07-31T14:09:19Z</time></trkpt><trkpt lat="45.515935" lon="25.369837"><ele>786.1</ele><time>2026-07-31T14:09:22Z</time></trkpt><trkpt lat="45.515912" lon="25.369957"><ele>786.3</ele><time>2026-07-31T14:09:25Z</time></trkpt><trkpt lat="45.515928" lon="25.37009"><ele>786.5</ele><time>2026-07-31T14:09:28Z</time></trkpt><trkpt lat="45.515953" lon="25.370187"><ele>786.8</ele><time>2026-07-31T14:09:30Z</time></trkpt><trkpt lat="45.515995" lon="25.370277"><ele>786.9</ele><time>2026-07-31T14:09:32Z</time></trkpt><trkpt lat="45.51604" lon="25.37036"><ele>787.1</ele><time>2026-07-31T14:09:34Z</time></trkpt><trkpt lat="45.51611" lon="25.370453"><ele>787.2</ele><time>2026-07-31T14:09:37Z</time></trkpt><trkpt lat="45.516138" lon="25.370583"><ele>787.1</ele><time>2026-07-31T14:11:17Z</time></trkpt><trkpt lat="45.516097" lon="25.370698"><ele>787.3</ele><time>2026-07-31T14:11:20Z</time></trkpt><trkpt lat="45.516047" lon="25.370832"><ele>787.6</ele><time>2026-07-31T14:11:23Z</time></trkpt><trkpt lat="45.516012" lon="25.370925"><ele>787.7</ele><time>2026-07-31T14:11:25Z</time></trkpt><trkpt lat="45.515962" lon="25.371012"><ele>787.9</ele><time>2026-07-31T14:11:27Z</time></trkpt><trkpt lat="45.515923" lon="25.37111"><ele>788.0</ele><time>2026-07-31T14:11:29Z</time></trkpt><trkpt lat="45.515882" lon="25.371205"><ele>788.2</ele><time>2026-07-31T14:11:31Z</time></trkpt><trkpt lat="45.515838" lon="25.371298"><ele>788.4</ele><time>2026-07-31T14:11:33Z</time></trkpt><trkpt lat="45.515798" lon="25.371385"><ele>788.8</ele><time>2026-07-31T14:11:35Z</time></trkpt><trkpt lat="45.515747" lon="25.371462"><ele>788.8</ele><time>2026-07-31T14:11:40Z</time></trkpt><trkpt lat="45.51569" lon="25.371575"><ele>788.8</ele><time>2026-07-31T14:11:44Z</time></trkpt><trkpt lat="45.515625" lon="25.371682"><ele>789.0</ele><time>2026-07-31T14:11:47Z</time></trkpt><trkpt lat="45.515547" lon="25.371787"><ele>789.3</ele><time>2026-07-31T14:11:50Z</time></trkpt><trkpt lat="45.515502" lon="25.371867"><ele>789.6</ele><time>2026-07-31T14:11:52Z</time></trkpt><trkpt lat="45.515457" lon="25.37195"><ele>789.9</ele><time>2026-07-31T14:11:54Z</time></trkpt><trkpt lat="45.515405" lon="25.372025"><ele>790.3</ele><time>2026-07-31T14:11:56Z</time></trkpt><trkpt lat="45.515355" lon="25.372105"><ele>790.3</ele><time>2026-07-31T14:11:58Z</time></trkpt><trkpt lat="45.515305" lon="25.372183"><ele>790.6</ele><time>2026-07-31T14:12:00Z</time></trkpt><trkpt lat="45.515247" lon="25.372262"><ele>790.8</ele><time>2026-07-31T14:12:02Z</time></trkpt><trkpt lat="45.515197" lon="25.372347"><ele>791.1</ele><time>2026-07-31T14:12:04Z</time></trkpt><trkpt lat="45.515153" lon="25.37243"><ele>791.4</ele><time>2026-07-31T14:12:06Z</time></trkpt><trkpt lat="45.515103" lon="25.372508"><ele>791.7</ele><time>2026-07-31T14:12:08Z</time></trkpt><trkpt lat="45.515043" lon="25.372577"><ele>792.0</ele><time>2026-07-31T14:12:10Z</time></trkpt><trkpt lat="45.514987" lon="25.372645"><ele>792.4</ele><time>2026-07-31T14:12:12Z</time></trkpt><trkpt lat="45.514898" lon="25.372728"><ele>792.9</ele><time>2026-07-31T14:12:15Z</time></trkpt><trkpt lat="45.514832" lon="25.37277"><ele>793.1</ele><time>2026-07-31T14:12:17Z</time></trkpt><trkpt lat="45.514768" lon="25.372818"><ele>793.4</ele><time>2026-07-31T14:12:19Z</time></trkpt><trkpt lat="45.514678" lon="25.372902"><ele>793.9</ele><time>2026-07-31T14:12:22Z</time></trkpt><trkpt lat="45.514613" lon="25.372952"><ele>794.1</ele><time>2026-07-31T14:12:24Z</time></trkpt><trkpt lat="45.514527" lon="25.37304"><ele>794.4</ele><time>2026-07-31T14:12:27Z</time></trkpt><trkpt lat="45.514443" lon="25.373127"><ele>794.7</ele><time>2026-07-31T14:12:30Z</time></trkpt><trkpt lat="45.514365" lon="25.373227"><ele>794.9</ele><time>2026-07-31T14:12:33Z</time></trkpt><trkpt lat="45.51429" lon="25.373332"><ele>795.4</ele><time>2026-07-31T14:12:36Z</time></trkpt><trkpt lat="45.514217" lon="25.373432"><ele>795.9</ele><time>2026-07-31T14:12:39Z</time></trkpt><trkpt lat="45.51414" lon="25.373528"><ele>796.3</ele><time>2026-07-31T14:12:42Z</time></trkpt><trkpt lat="45.514058" lon="25.373617"><ele>796.7</ele><time>2026-07-31T14:12:45Z</time></trkpt><trkpt lat="45.513968" lon="25.373692"><ele>797.2</ele><time>2026-07-31T14:12:48Z</time></trkpt><trkpt lat="45.513873" lon="25.37375"><ele>797.5</ele><time>2026-07-31T14:12:51Z</time></trkpt><trkpt lat="45.513782" lon="25.373817"><ele>797.9</ele><time>2026-07-31T14:12:54Z</time></trkpt><trkpt lat="45.513687" lon="25.373877"><ele>798.5</ele><time>2026-07-31T14:12:57Z</time></trkpt><trkpt lat="45.5136" lon="25.373945"><ele>799.1</ele><time>2026-07-31T14:13:00Z</time></trkpt><trkpt lat="45.513527" lon="25.374033"><ele>799.6</ele><time>2026-07-31T14:13:03Z</time></trkpt><trkpt lat="45.51347" lon="25.374138"><ele>800.0</ele><time>2026-07-31T14:13:06Z</time></trkpt><trkpt lat="45.51343" lon="25.374262"><ele>800.3</ele><time>2026-07-31T14:13:09Z</time></trkpt><trkpt lat="45.51339" lon="25.37439"><ele>800.8</ele><time>2026-07-31T14:13:12Z</time></trkpt><trkpt lat="45.513342" lon="25.374508"><ele>801.3</ele><time>2026-07-31T14:13:15Z</time></trkpt><trkpt lat="45.513283" lon="25.37463"><ele>801.6</ele><time>2026-07-31T14:13:18Z</time></trkpt><trkpt lat="45.513223" lon="25.374755"><ele>801.9</ele><time>2026-07-31T14:13:21Z</time></trkpt><trkpt lat="45.51317" lon="25.374882"><ele>802.3</ele><time>2026-07-31T14:13:24Z</time></trkpt><trkpt lat="45.513117" lon="25.375008"><ele>802.5</ele><time>2026-07-31T14:13:27Z</time></trkpt><trkpt lat="45.513095" lon="25.375108"><ele>802.7</ele><time>2026-07-31T14:13:29Z</time></trkpt><trkpt lat="45.513077" lon="25.375227"><ele>802.8</ele><time>2026-07-31T14:13:31Z</time></trkpt><trkpt lat="45.513042" lon="25.375367"><ele>802.7</ele><time>2026-07-31T14:13:33Z</time></trkpt><trkpt lat="45.512975" lon="25.375505"><ele>802.3</ele><time>2026-07-31T14:13:35Z</time></trkpt><trkpt lat="45.512905" lon="25.375643"><ele>801.9</ele><time>2026-07-31T14:13:37Z</time></trkpt><trkpt lat="45.512827" lon="25.37577"><ele>801.6</ele><time>2026-07-31T14:13:39Z</time></trkpt><trkpt lat="45.51275" lon="25.375882"><ele>801.5</ele><time>2026-07-31T14:13:41Z</time></trkpt><trkpt lat="45.51267" lon="25.375992"><ele>801.5</ele><time>2026-07-31T14:13:43Z</time></trkpt><trkpt lat="45.512588" lon="25.376062"><ele>801.7</ele><time>2026-07-31T14:13:45Z</time></trkpt><trkpt lat="45.512513" lon="25.376142"><ele>801.7</ele><time>2026-07-31T14:13:47Z</time></trkpt><trkpt lat="45.512445" lon="25.37623"><ele>801.6</ele><time>2026-07-31T14:13:49Z</time></trkpt><trkpt lat="45.512377" lon="25.376315"><ele>801.7</ele><time>2026-07-31T14:13:51Z</time></trkpt><trkpt lat="45.512313" lon="25.376407"><ele>801.9</ele><time>2026-07-31T14:13:53Z</time></trkpt><trkpt lat="45.512252" lon="25.376503"><ele>802.2</ele><time>2026-07-31T14:13:55Z</time></trkpt><trkpt lat="45.51221" lon="25.376612"><ele>802.6</ele><time>2026-07-31T14:13:57Z</time></trkpt><trkpt lat="45.512173" lon="25.376718"><ele>803.1</ele><time>2026-07-31T14:13:59Z</time></trkpt><trkpt lat="45.512135" lon="25.376823"><ele>803.4</ele><time>2026-07-31T14:14:01Z</time></trkpt><trkpt lat="45.512105" lon="25.376933"><ele>803.8</ele><time>2026-07-31T14:14:03Z</time></trkpt><trkpt lat="45.51207" lon="25.37704"><ele>804.2</ele><time>2026-07-31T14:14:05Z</time></trkpt><trkpt lat="45.512042" lon="25.377153"><ele>804.6</ele><time>2026-07-31T14:14:07Z</time></trkpt><trkpt lat="45.512005" lon="25.377263"><ele>804.8</ele><time>2026-07-31T14:14:09Z</time></trkpt><trkpt lat="45.511973" lon="25.377372"><ele>805.1</ele><time>2026-07-31T14:14:11Z</time></trkpt><trkpt lat="45.511943" lon="25.377482"><ele>805.2</ele><time>2026-07-31T14:14:13Z</time></trkpt><trkpt lat="45.511912" lon="25.377592"><ele>805.3</ele><time>2026-07-31T14:14:15Z</time></trkpt><trkpt lat="45.511877" lon="25.377697"><ele>805.4</ele><time>2026-07-31T14:14:17Z</time></trkpt><trkpt lat="45.51184" lon="25.377798"><ele>805.7</ele><time>2026-07-31T14:14:19Z</time></trkpt><trkpt lat="45.511807" lon="25.377905"><ele>806.2</ele><time>2026-07-31T14:14:21Z</time></trkpt><trkpt lat="45.511777" lon="25.378012"><ele>806.8</ele><time>2026-07-31T14:14:23Z</time></trkpt><trkpt lat="45.51174" lon="25.378115"><ele>807.4</ele><time>2026-07-31T14:14:25Z</time></trkpt><trkpt lat="45.511693" lon="25.378212"><ele>807.9</ele><time>2026-07-31T14:14:27Z</time></trkpt><trkpt lat="45.511642" lon="25.378298"><ele>808.3</ele><time>2026-07-31T14:14:29Z</time></trkpt><trkpt lat="45.511578" lon="25.378372"><ele>808.7</ele><time>2026-07-31T14:14:31Z</time></trkpt><trkpt lat="45.511503" lon="25.378425"><ele>809.2</ele><time>2026-07-31T14:14:33Z</time></trkpt><trkpt lat="45.51143" lon="25.378465"><ele>809.4</ele><time>2026-07-31T14:14:35Z</time></trkpt><trkpt lat="45.511357" lon="25.378495"><ele>810.1</ele><time>2026-07-31T14:14:37Z</time></trkpt><trkpt lat="45.511288" lon="25.37854"><ele>810.8</ele><time>2026-07-31T14:14:39Z</time></trkpt><trkpt lat="45.511222" lon="25.37859"><ele>811.3</ele><time>2026-07-31T14:14:41Z</time></trkpt><trkpt lat="45.511158" lon="25.378643"><ele>811.8</ele><time>2026-07-31T14:14:43Z</time></trkpt><trkpt lat="45.511075" lon="25.378735"><ele>812.2</ele><time>2026-07-31T14:14:46Z</time></trkpt><trkpt lat="45.511015" lon="25.378792"><ele>812.5</ele><time>2026-07-31T14:14:48Z</time></trkpt><trkpt lat="45.510927" lon="25.378878"><ele>813.0</ele><time>2026-07-31T14:14:51Z</time></trkpt><trkpt lat="45.51084" lon="25.378963"><ele>813.2</ele><time>2026-07-31T14:14:54Z</time></trkpt><trkpt lat="45.510775" lon="25.379032"><ele>813.6</ele><time>2026-07-31T14:14:57Z</time></trkpt><trkpt lat="45.51067" lon="25.379133"><ele>814.1</ele><time>2026-07-31T14:15:00Z</time></trkpt><trkpt lat="45.510593" lon="25.379198"><ele>814.5</ele><time>2026-07-31T14:15:02Z</time></trkpt><trkpt lat="45.51053" lon="25.379257"><ele>814.8</ele><time>2026-07-31T14:15:04Z</time></trkpt><trkpt lat="45.510463" lon="25.379313"><ele>815.1</ele><time>2026-07-31T14:15:06Z</time></trkpt><trkpt lat="45.51039" lon="25.37936"><ele>815.3</ele><time>2026-07-31T14:15:08Z</time></trkpt><trkpt lat="45.51032" lon="25.379408"><ele>815.4</ele><time>2026-07-31T14:15:10Z</time></trkpt><trkpt lat="45.510252" lon="25.379455"><ele>815.7</ele><time>2026-07-31T14:15:12Z</time></trkpt><trkpt lat="45.510175" lon="25.379502"><ele>815.9</ele><time>2026-07-31T14:15:14Z</time></trkpt><trkpt lat="45.510098" lon="25.379537"><ele>816.2</ele><time>2026-07-31T14:15:16Z</time></trkpt><trkpt lat="45.510027" lon="25.379562"><ele>816.4</ele><time>2026-07-31T14:15:18Z</time></trkpt><trkpt lat="45.50995" lon="25.3796"><ele>816.6</ele><time>2026-07-31T14:15:20Z</time></trkpt><trkpt lat="45.509877" lon="25.379643"><ele>816.8</ele><time>2026-07-31T14:15:22Z</time></trkpt><trkpt lat="45.509778" lon="25.379685"><ele>817.1</ele><time>2026-07-31T14:15:25Z</time></trkpt><trkpt lat="45.509683" lon="25.379735"><ele>817.4</ele><time>2026-07-31T14:15:28Z</time></trkpt><trkpt lat="45.5096" lon="25.379795"><ele>817.9</ele><time>2026-07-31T14:15:31Z</time></trkpt><trkpt lat="45.509527" lon="25.379837"><ele>818.1</ele><time>2026-07-31T14:15:33Z</time></trkpt><trkpt lat="45.509433" lon="25.37991"><ele>818.4</ele><time>2026-07-31T14:15:36Z</time></trkpt><trkpt lat="45.50936" lon="25.379968"><ele>818.8</ele><time>2026-07-31T14:15:39Z</time></trkpt><trkpt lat="45.509292" lon="25.38001"><ele>819.1</ele><time>2026-07-31T14:15:41Z</time></trkpt><trkpt lat="45.509222" lon="25.38006"><ele>819.4</ele><time>2026-07-31T14:15:43Z</time></trkpt><trkpt lat="45.50915" lon="25.380108"><ele>819.5</ele><time>2026-07-31T14:15:45Z</time></trkpt><trkpt lat="45.50908" lon="25.380172"><ele>820.0</ele><time>2026-07-31T14:15:48Z</time></trkpt><trkpt lat="45.508993" lon="25.380257"><ele>820.4</ele><time>2026-07-31T14:15:51Z</time></trkpt><trkpt lat="45.508928" lon="25.380318"><ele>820.9</ele><time>2026-07-31T14:15:54Z</time></trkpt><trkpt lat="45.508828" lon="25.380417"><ele>821.4</ele><time>2026-07-31T14:15:57Z</time></trkpt><trkpt lat="45.50876" lon="25.380488"><ele>821.9</ele><time>2026-07-31T14:16:00Z</time></trkpt><trkpt lat="45.508693" lon="25.380547"><ele>822.1</ele><time>2026-07-31T14:16:02Z</time></trkpt><trkpt lat="45.508602" lon="25.380612"><ele>822.7</ele><time>2026-07-31T14:16:06Z</time></trkpt><trkpt lat="45.508527" lon="25.380662"><ele>823.1</ele><time>2026-07-31T14:16:09Z</time></trkpt><trkpt lat="45.50844" lon="25.380703"><ele>823.4</ele><time>2026-07-31T14:16:12Z</time></trkpt><trkpt lat="45.508347" lon="25.380733"><ele>823.8</ele><time>2026-07-31T14:16:15Z</time></trkpt><trkpt lat="45.508235" lon="25.380748"><ele>823.9</ele><time>2026-07-31T14:16:17Z</time></trkpt><trkpt lat="45.50815" lon="25.380762"><ele>824.2</ele><time>2026-07-31T14:16:20Z</time></trkpt><trkpt lat="45.50805" lon="25.380778"><ele>824.6</ele><time>2026-07-31T14:16:23Z</time></trkpt><trkpt lat="45.507953" lon="25.380785"><ele>825.2</ele><time>2026-07-31T14:16:26Z</time></trkpt><trkpt lat="45.507852" lon="25.380807"><ele>825.7</ele><time>2026-07-31T14:16:29Z</time></trkpt><trkpt lat="45.507773" lon="25.380828"><ele>826.1</ele><time>2026-07-31T14:16:32Z</time></trkpt><trkpt lat="45.507683" lon="25.380855"><ele>826.4</ele><time>2026-07-31T14:16:35Z</time></trkpt><trkpt lat="45.507608" lon="25.380885"><ele>826.6</ele><time>2026-07-31T14:16:37Z</time></trkpt><trkpt lat="45.507512" lon="25.380923"><ele>826.9</ele><time>2026-07-31T14:16:39Z</time></trkpt><trkpt lat="45.507407" lon="25.380968"><ele>827.4</ele><time>2026-07-31T14:16:42Z</time></trkpt><trkpt lat="45.507337" lon="25.381002"><ele>827.6</ele><time>2026-07-31T14:16:44Z</time></trkpt><trkpt lat="45.507267" lon="25.381035"><ele>827.9</ele><time>2026-07-31T14:16:46Z</time></trkpt><trkpt lat="45.507195" lon="25.381062"><ele>828.1</ele><time>2026-07-31T14:16:48Z</time></trkpt><trkpt lat="45.507123" lon="25.381083"><ele>828.3</ele><time>2026-07-31T14:16:50Z</time></trkpt><trkpt lat="45.50705" lon="25.381093"><ele>828.6</ele><time>2026-07-31T14:16:52Z</time></trkpt><trkpt lat="45.506942" lon="25.381113"><ele>829.0</ele><time>2026-07-31T14:16:55Z</time></trkpt><trkpt lat="45.506835" lon="25.381127"><ele>829.5</ele><time>2026-07-31T14:16:58Z</time></trkpt><trkpt lat="45.506733" lon="25.381148"><ele>830.2</ele><time>2026-07-31T14:17:01Z</time></trkpt><trkpt lat="45.506663" lon="25.381182"><ele>830.6</ele><time>2026-07-31T14:17:03Z</time></trkpt><trkpt lat="45.506563" lon="25.381225"><ele>831.1</ele><time>2026-07-31T14:17:06Z</time></trkpt><trkpt lat="45.506488" lon="25.381252"><ele>831.4</ele><time>2026-07-31T14:17:08Z</time></trkpt><trkpt lat="45.506413" lon="25.38128"><ele>831.6</ele><time>2026-07-31T14:17:10Z</time></trkpt><trkpt lat="45.506338" lon="25.381308"><ele>831.8</ele><time>2026-07-31T14:17:12Z</time></trkpt><trkpt lat="45.506263" lon="25.381338"><ele>832.1</ele><time>2026-07-31T14:17:14Z</time></trkpt><trkpt lat="45.50619" lon="25.381362"><ele>832.4</ele><time>2026-07-31T14:17:16Z</time></trkpt><trkpt lat="45.506117" lon="25.381377"><ele>832.7</ele><time>2026-07-31T14:17:18Z</time></trkpt><trkpt lat="45.506043" lon="25.381385"><ele>833.0</ele><time>2026-07-31T14:17:20Z</time></trkpt><trkpt lat="45.505948" lon="25.38141"><ele>833.2</ele><time>2026-07-31T14:17:23Z</time></trkpt><trkpt lat="45.505857" lon="25.381438"><ele>833.6</ele><time>2026-07-31T14:17:27Z</time></trkpt><trkpt lat="45.505783" lon="25.381473"><ele>833.9</ele><time>2026-07-31T14:17:30Z</time></trkpt><trkpt lat="45.505697" lon="25.381515"><ele>834.3</ele><time>2026-07-31T14:17:33Z</time></trkpt><trkpt lat="45.505615" lon="25.381563"><ele>834.7</ele><time>2026-07-31T14:17:36Z</time></trkpt><trkpt lat="45.505528" lon="25.381627"><ele>835.0</ele><time>2026-07-31T14:17:39Z</time></trkpt><trkpt lat="45.505447" lon="25.381703"><ele>835.5</ele><time>2026-07-31T14:17:42Z</time></trkpt><trkpt lat="45.505368" lon="25.381773"><ele>824.8</ele><time>2026-07-31T14:17:45Z</time></trkpt><trkpt lat="45.5053" lon="25.381822"><ele>824.9</ele><time>2026-07-31T14:17:47Z</time></trkpt><trkpt lat="45.505223" lon="25.381898"><ele>825.3</ele><time>2026-07-31T14:17:50Z</time></trkpt><trkpt lat="45.50513" lon="25.381957"><ele>825.8</ele><time>2026-07-31T14:17:53Z</time></trkpt><trkpt lat="45.505028" lon="25.382008"><ele>826.0</ele><time>2026-07-31T14:17:56Z</time></trkpt><trkpt lat="45.504937" lon="25.38206"><ele>826.1</ele><time>2026-07-31T14:17:59Z</time></trkpt><trkpt lat="45.504868" lon="25.382102"><ele>826.3</ele><time>2026-07-31T14:18:01Z</time></trkpt><trkpt lat="45.5048" lon="25.382143"><ele>826.4</ele><time>2026-07-31T14:18:03Z</time></trkpt><trkpt lat="45.50473" lon="25.382183"><ele>826.5</ele><time>2026-07-31T14:18:05Z</time></trkpt><trkpt lat="45.504657" lon="25.382205"><ele>826.7</ele><time>2026-07-31T14:18:07Z</time></trkpt><trkpt lat="45.504568" lon="25.382235"><ele>827.0</ele><time>2026-07-31T14:18:10Z</time></trkpt><trkpt lat="45.504467" lon="25.382278"><ele>827.3</ele><time>2026-07-31T14:18:13Z</time></trkpt><trkpt lat="45.504393" lon="25.382302"><ele>827.5</ele><time>2026-07-31T14:18:15Z</time></trkpt><trkpt lat="45.504283" lon="25.382328"><ele>827.8</ele><time>2026-07-31T14:18:18Z</time></trkpt><trkpt lat="45.504212" lon="25.38235"><ele>827.9</ele><time>2026-07-31T14:18:20Z</time></trkpt><trkpt lat="45.504135" lon="25.382373"><ele>828.1</ele><time>2026-07-31T14:18:22Z</time></trkpt><trkpt lat="45.504032" lon="25.382407"><ele>828.6</ele><time>2026-07-31T14:18:25Z</time></trkpt><trkpt lat="45.50396" lon="25.382437"><ele>828.9</ele><time>2026-07-31T14:18:27Z</time></trkpt><trkpt lat="45.50389" lon="25.382465"><ele>829.4</ele><time>2026-07-31T14:18:29Z</time></trkpt><trkpt lat="45.503822" lon="25.382495"><ele>829.6</ele><time>2026-07-31T14:18:31Z</time></trkpt><trkpt lat="45.503752" lon="25.382525"><ele>829.9</ele><time>2026-07-31T14:18:33Z</time></trkpt><trkpt lat="45.503697" lon="25.382613"><ele>830.2</ele><time>2026-07-31T14:18:35Z</time></trkpt><trkpt lat="45.503595" lon="25.382618"><ele>830.5</ele><time>2026-07-31T14:18:38Z</time></trkpt><trkpt lat="45.503502" lon="25.382672"><ele>831.1</ele><time>2026-07-31T14:18:41Z</time></trkpt><trkpt lat="45.503423" lon="25.3827"><ele>831.6</ele><time>2026-07-31T14:18:43Z</time></trkpt><trkpt lat="45.503333" lon="25.382717"><ele>832.5</ele><time>2026-07-31T14:18:46Z</time></trkpt><trkpt lat="45.503238" lon="25.382738"><ele>833.3</ele><time>2026-07-31T14:18:49Z</time></trkpt><trkpt lat="45.50314" lon="25.382745"><ele>833.7</ele><time>2026-07-31T14:18:52Z</time></trkpt><trkpt lat="45.503042" lon="25.382765"><ele>834.0</ele><time>2026-07-31T14:18:55Z</time></trkpt><trkpt lat="45.502942" lon="25.382797"><ele>834.3</ele><time>2026-07-31T14:18:58Z</time></trkpt><trkpt lat="45.50284" lon="25.382825"><ele>834.7</ele><time>2026-07-31T14:19:01Z</time></trkpt><trkpt lat="45.502737" lon="25.382857"><ele>834.9</ele><time>2026-07-31T14:19:04Z</time></trkpt><trkpt lat="45.502667" lon="25.382878"><ele>835.1</ele><time>2026-07-31T14:19:06Z</time></trkpt><trkpt lat="45.502568" lon="25.382883"><ele>835.4</ele><time>2026-07-31T14:19:09Z</time></trkpt><trkpt lat="45.502463" lon="25.382887"><ele>835.8</ele><time>2026-07-31T14:19:12Z</time></trkpt><trkpt lat="45.502365" lon="25.38291"><ele>836.1</ele><time>2026-07-31T14:19:15Z</time></trkpt><trkpt lat="45.502282" lon="25.382925"><ele>836.4</ele><time>2026-07-31T14:19:17Z</time></trkpt><trkpt lat="45.502207" lon="25.383"><ele>837.0</ele><time>2026-07-31T14:19:20Z</time></trkpt><trkpt lat="45.502125" lon="25.383078"><ele>837.5</ele><time>2026-07-31T14:19:23Z</time></trkpt><trkpt lat="45.502048" lon="25.383158"><ele>838.0</ele><time>2026-07-31T14:19:26Z</time></trkpt><trkpt lat="45.501978" lon="25.383233"><ele>838.5</ele><time>2026-07-31T14:19:29Z</time></trkpt><trkpt lat="45.50191" lon="25.383307"><ele>838.8</ele><time>2026-07-31T14:19:32Z</time></trkpt><trkpt lat="45.50184" lon="25.383375"><ele>839.5</ele><time>2026-07-31T14:19:35Z</time></trkpt><trkpt lat="45.501772" lon="25.383455"><ele>840.4</ele><time>2026-07-31T14:19:39Z</time></trkpt><trkpt lat="45.50169" lon="25.383458"><ele>841.1</ele><time>2026-07-31T14:19:42Z</time></trkpt><trkpt lat="45.501612" lon="25.383462"><ele>841.8</ele><time>2026-07-31T14:19:45Z</time></trkpt><trkpt lat="45.501523" lon="25.383478"><ele>842.3</ele><time>2026-07-31T14:19:49Z</time></trkpt><trkpt lat="45.501448" lon="25.383517"><ele>842.7</ele><time>2026-07-31T14:19:53Z</time></trkpt><trkpt lat="45.501392" lon="25.383587"><ele>842.7</ele><time>2026-07-31T14:20:48Z</time></trkpt><trkpt lat="45.501465" lon="25.383495"><ele>842.5</ele><time>2026-07-31T14:21:24Z</time></trkpt><trkpt lat="45.501533" lon="25.383548"><ele>842.5</ele><time>2026-07-31T14:21:25Z</time></trkpt><trkpt lat="45.501602" lon="25.383645"><ele>842.5</ele><time>2026-07-31T14:21:27Z</time></trkpt><trkpt lat="45.501607" lon="25.383472"><ele>842.5</ele><time>2026-07-31T14:21:29Z</time></trkpt><trkpt lat="45.501483" lon="25.383457"><ele>842.6</ele><time>2026-07-31T14:22:01Z</time></trkpt><trkpt lat="45.5014" lon="25.38353"><ele>842.7</ele><time>2026-07-31T14:22:06Z</time></trkpt><trkpt lat="45.501338" lon="25.3836"><ele>842.8</ele><time>2026-07-31T14:22:09Z</time></trkpt><trkpt lat="45.501282" lon="25.38367"><ele>842.9</ele><time>2026-07-31T14:22:12Z</time></trkpt><trkpt lat="45.501215" lon="25.383728"><ele>843.2</ele><time>2026-07-31T14:22:15Z</time></trkpt><trkpt lat="45.501155" lon="25.3838"><ele>843.6</ele><time>2026-07-31T14:22:18Z</time></trkpt><trkpt lat="45.501083" lon="25.383882"><ele>844.2</ele><time>2026-07-31T14:22:22Z</time></trkpt><trkpt lat="45.501015" lon="25.38392"><ele>844.5</ele><time>2026-07-31T14:22:25Z</time></trkpt><trkpt lat="45.500923" lon="25.383937"><ele>845.3</ele><time>2026-07-31T14:22:29Z</time></trkpt><trkpt lat="45.500848" lon="25.383928"><ele>846.0</ele><time>2026-07-31T14:22:33Z</time></trkpt><trkpt lat="45.500757" lon="25.38394"><ele>846.2</ele><time>2026-07-31T14:22:36Z</time></trkpt><trkpt lat="45.500677" lon="25.38397"><ele>846.2</ele><time>2026-07-31T14:22:39Z</time></trkpt><trkpt lat="45.500587" lon="25.384002"><ele>846.2</ele><time>2026-07-31T14:22:42Z</time></trkpt><trkpt lat="45.50049" lon="25.384035"><ele>846.3</ele><time>2026-07-31T14:22:45Z</time></trkpt><trkpt lat="45.500402" lon="25.384072"><ele>846.6</ele><time>2026-07-31T14:22:48Z</time></trkpt><trkpt lat="45.500313" lon="25.384098"><ele>846.8</ele><time>2026-07-31T14:22:51Z</time></trkpt><trkpt lat="45.500217" lon="25.38406"><ele>847.3</ele><time>2026-07-31T14:22:55Z</time></trkpt><trkpt lat="45.500147" lon="25.384012"><ele>847.5</ele><time>2026-07-31T14:22:57Z</time></trkpt><trkpt lat="45.50006" lon="25.383948"><ele>847.8</ele><time>2026-07-31T14:23:00Z</time></trkpt><trkpt lat="45.499978" lon="25.38388"><ele>848.1</ele><time>2026-07-31T14:23:03Z</time></trkpt><trkpt lat="45.499898" lon="25.383808"><ele>848.3</ele><time>2026-07-31T14:23:06Z</time></trkpt><trkpt lat="45.499818" lon="25.38374"><ele>848.5</ele><time>2026-07-31T14:23:09Z</time></trkpt><trkpt lat="45.499725" lon="25.38369"><ele>848.9</ele><time>2026-07-31T14:23:12Z</time></trkpt><trkpt lat="45.499648" lon="25.383625"><ele>849.1</ele><time>2026-07-31T14:23:15Z</time></trkpt><trkpt lat="45.499565" lon="25.383605"><ele>849.4</ele><time>2026-07-31T14:23:18Z</time></trkpt><trkpt lat="45.499478" lon="25.383605"><ele>849.9</ele><time>2026-07-31T14:23:21Z</time></trkpt><trkpt lat="45.499392" lon="25.383652"><ele>850.3</ele><time>2026-07-31T14:23:24Z</time></trkpt><trkpt lat="45.499317" lon="25.383703"><ele>850.8</ele><time>2026-07-31T14:23:27Z</time></trkpt><trkpt lat="45.49923" lon="25.383772"><ele>851.0</ele><time>2026-07-31T14:23:30Z</time></trkpt><trkpt lat="45.499152" lon="25.38382"><ele>851.1</ele><time>2026-07-31T14:23:33Z</time></trkpt><trkpt lat="45.499063" lon="25.383875"><ele>851.5</ele><time>2026-07-31T14:23:36Z</time></trkpt><trkpt lat="45.498987" lon="25.38393"><ele>851.9</ele><time>2026-07-31T14:23:39Z</time></trkpt><trkpt lat="45.498907" lon="25.383968"><ele>852.3</ele><time>2026-07-31T14:23:42Z</time></trkpt><trkpt lat="45.498838" lon="25.384022"><ele>852.6</ele><time>2026-07-31T14:23:44Z</time></trkpt><trkpt lat="45.498755" lon="25.384003"><ele>853.1</ele><time>2026-07-31T14:23:47Z</time></trkpt><trkpt lat="45.498665" lon="25.383983"><ele>853.5</ele><time>2026-07-31T14:23:50Z</time></trkpt><trkpt lat="45.498582" lon="25.383968"><ele>853.9</ele><time>2026-07-31T14:23:53Z</time></trkpt><trkpt lat="45.498493" lon="25.383968"><ele>854.3</ele><time>2026-07-31T14:23:56Z</time></trkpt><trkpt lat="45.498405" lon="25.383978"><ele>854.7</ele><time>2026-07-31T14:23:59Z</time></trkpt><trkpt lat="45.498303" lon="25.384005"><ele>855.2</ele><time>2026-07-31T14:24:02Z</time></trkpt><trkpt lat="45.498223" lon="25.384022"><ele>855.7</ele><time>2026-07-31T14:24:05Z</time></trkpt><trkpt lat="45.498147" lon="25.384047"><ele>856.0</ele><time>2026-07-31T14:24:08Z</time></trkpt><trkpt lat="45.49806" lon="25.384055"><ele>856.4</ele><time>2026-07-31T14:24:11Z</time></trkpt><trkpt lat="45.497982" lon="25.384067"><ele>857.0</ele><time>2026-07-31T14:24:14Z</time></trkpt><trkpt lat="45.497903" lon="25.384072"><ele>857.6</ele><time>2026-07-31T14:24:17Z</time></trkpt><trkpt lat="45.497828" lon="25.384095"><ele>858.0</ele><time>2026-07-31T14:24:20Z</time></trkpt><trkpt lat="45.497742" lon="25.38413"><ele>858.7</ele><time>2026-07-31T14:24:24Z</time></trkpt><trkpt lat="45.497647" lon="25.38415"><ele>859.4</ele><time>2026-07-31T14:24:28Z</time></trkpt><trkpt lat="45.497563" lon="25.384173"><ele>860.2</ele><time>2026-07-31T14:24:32Z</time></trkpt><trkpt lat="45.497488" lon="25.384188"><ele>860.8</ele><time>2026-07-31T14:24:35Z</time></trkpt><trkpt lat="45.497412" lon="25.384213"><ele>861.5</ele><time>2026-07-31T14:24:39Z</time></trkpt><trkpt lat="45.497292" lon="25.38426"><ele>862.3</ele><time>2026-07-31T14:24:44Z</time></trkpt><trkpt lat="45.497198" lon="25.384267"><ele>862.7</ele><time>2026-07-31T14:24:47Z</time></trkpt><trkpt lat="45.497108" lon="25.384275"><ele>863.1</ele><time>2026-07-31T14:24:50Z</time></trkpt><trkpt lat="45.497025" lon="25.38429"><ele>863.6</ele><time>2026-07-31T14:24:53Z</time></trkpt><trkpt lat="45.496945" lon="25.384298"><ele>864.0</ele><time>2026-07-31T14:24:56Z</time></trkpt><trkpt lat="45.496867" lon="25.38431"><ele>864.3</ele><time>2026-07-31T14:24:59Z</time></trkpt><trkpt lat="45.49679" lon="25.38432"><ele>865.2</ele><time>2026-07-31T14:25:03Z</time></trkpt><trkpt lat="45.496715" lon="25.38433"><ele>865.7</ele><time>2026-07-31T14:25:06Z</time></trkpt><trkpt lat="45.496615" lon="25.384342"><ele>866.0</ele><time>2026-07-31T14:25:09Z</time></trkpt><trkpt lat="45.49653" lon="25.384347"><ele>866.4</ele><time>2026-07-31T14:25:11Z</time></trkpt><trkpt lat="45.49644" lon="25.384355"><ele>867.0</ele><time>2026-07-31T14:25:14Z</time></trkpt><trkpt lat="45.49635" lon="25.38437"><ele>867.3</ele><time>2026-07-31T14:25:17Z</time></trkpt><trkpt lat="45.496265" lon="25.384373"><ele>867.6</ele><time>2026-07-31T14:25:20Z</time></trkpt><trkpt lat="45.496173" lon="25.384377"><ele>868.1</ele><time>2026-07-31T14:25:23Z</time></trkpt><trkpt lat="45.496078" lon="25.384382"><ele>868.9</ele><time>2026-07-31T14:25:27Z</time></trkpt><trkpt lat="45.496002" lon="25.384382"><ele>869.4</ele><time>2026-07-31T14:25:29Z</time></trkpt><trkpt lat="45.495912" lon="25.384377"><ele>869.9</ele><time>2026-07-31T14:25:31Z</time></trkpt><trkpt lat="45.4958" lon="25.384373"><ele>870.1</ele><time>2026-07-31T14:25:34Z</time></trkpt><trkpt lat="45.495707" lon="25.384368"><ele>870.4</ele><time>2026-07-31T14:25:37Z</time></trkpt><trkpt lat="45.495615" lon="25.384368"><ele>871.1</ele><time>2026-07-31T14:25:40Z</time></trkpt><trkpt lat="45.495527" lon="25.384405"><ele>871.7</ele><time>2026-07-31T14:25:43Z</time></trkpt><trkpt lat="45.495435" lon="25.384445"><ele>872.2</ele><time>2026-07-31T14:25:46Z</time></trkpt><trkpt lat="45.495347" lon="25.38449"><ele>872.8</ele><time>2026-07-31T14:25:49Z</time></trkpt><trkpt lat="45.495258" lon="25.38454"><ele>873.3</ele><time>2026-07-31T14:25:52Z</time></trkpt><trkpt lat="45.495182" lon="25.384577"><ele>874.1</ele><time>2026-07-31T14:25:55Z</time></trkpt><trkpt lat="45.4951" lon="25.384618"><ele>875.1</ele><time>2026-07-31T14:25:59Z</time></trkpt><trkpt lat="45.495023" lon="25.384652"><ele>875.4</ele><time>2026-07-31T14:26:02Z</time></trkpt><trkpt lat="45.49494" lon="25.384672"><ele>875.6</ele><time>2026-07-31T14:26:05Z</time></trkpt><trkpt lat="45.494867" lon="25.384677"><ele>875.6</ele><time>2026-07-31T14:26:08Z</time></trkpt><trkpt lat="45.494773" lon="25.384672"><ele>875.6</ele><time>2026-07-31T14:26:12Z</time></trkpt><trkpt lat="45.494683" lon="25.384637"><ele>875.7</ele><time>2026-07-31T14:26:16Z</time></trkpt><trkpt lat="45.494598" lon="25.384593"><ele>876.0</ele><time>2026-07-31T14:26:20Z</time></trkpt><trkpt lat="45.494507" lon="25.384555"><ele>876.5</ele><time>2026-07-31T14:26:24Z</time></trkpt><trkpt lat="45.494437" lon="25.384518"><ele>876.7</ele><time>2026-07-31T14:26:27Z</time></trkpt><trkpt lat="45.494365" lon="25.384498"><ele>877.1</ele><time>2026-07-31T14:26:30Z</time></trkpt><trkpt lat="45.494293" lon="25.384465"><ele>877.4</ele><time>2026-07-31T14:26:33Z</time></trkpt><trkpt lat="45.494213" lon="25.384405"><ele>877.8</ele><time>2026-07-31T14:26:37Z</time></trkpt><trkpt lat="45.49413" lon="25.384345"><ele>878.3</ele><time>2026-07-31T14:26:41Z</time></trkpt><trkpt lat="45.494068" lon="25.384278"><ele>878.5</ele><time>2026-07-31T14:26:44Z</time></trkpt><trkpt lat="45.494008" lon="25.38421"><ele>878.9</ele><time>2026-07-31T14:26:47Z</time></trkpt><trkpt lat="45.493952" lon="25.384143"><ele>879.3</ele><time>2026-07-31T14:26:50Z</time></trkpt><trkpt lat="45.493905" lon="25.384065"><ele>879.7</ele><time>2026-07-31T14:26:53Z</time></trkpt><trkpt lat="45.493822" lon="25.384007"><ele>880.3</ele><time>2026-07-31T14:26:57Z</time></trkpt><trkpt lat="45.493738" lon="25.383958"><ele>880.8</ele><time>2026-07-31T14:27:01Z</time></trkpt><trkpt lat="45.493667" lon="25.38392"><ele>881.4</ele><time>2026-07-31T14:27:04Z</time></trkpt><trkpt lat="45.493597" lon="25.383883"><ele>881.8</ele><time>2026-07-31T14:27:07Z</time></trkpt><trkpt lat="45.493525" lon="25.38386"><ele>882.3</ele><time>2026-07-31T14:27:10Z</time></trkpt><trkpt lat="45.493447" lon="25.383842"><ele>882.7</ele><time>2026-07-31T14:27:13Z</time></trkpt><trkpt lat="45.493372" lon="25.383817"><ele>883.1</ele><time>2026-07-31T14:27:16Z</time></trkpt><trkpt lat="45.493295" lon="25.383793"><ele>883.3</ele><time>2026-07-31T14:27:19Z</time></trkpt><trkpt lat="45.493215" lon="25.383762"><ele>883.6</ele><time>2026-07-31T14:27:22Z</time></trkpt><trkpt lat="45.493132" lon="25.383728"><ele>883.9</ele><time>2026-07-31T14:27:25Z</time></trkpt><trkpt lat="45.493055" lon="25.383702"><ele>884.2</ele><time>2026-07-31T14:27:28Z</time></trkpt><trkpt lat="45.492973" lon="25.38369"><ele>884.6</ele><time>2026-07-31T14:27:31Z</time></trkpt><trkpt lat="45.492893" lon="25.383675"><ele>885.1</ele><time>2026-07-31T14:27:34Z</time></trkpt><trkpt lat="45.492818" lon="25.38368"><ele>885.5</ele><time>2026-07-31T14:27:37Z</time></trkpt><trkpt lat="45.492735" lon="25.383678"><ele>886.1</ele><time>2026-07-31T14:27:40Z</time></trkpt><trkpt lat="45.492658" lon="25.38369"><ele>886.7</ele><time>2026-07-31T14:27:43Z</time></trkpt><trkpt lat="45.492575" lon="25.383717"><ele>887.1</ele><time>2026-07-31T14:27:46Z</time></trkpt><trkpt lat="45.4925" lon="25.383763"><ele>887.6</ele><time>2026-07-31T14:27:49Z</time></trkpt><trkpt lat="45.492425" lon="25.383813"><ele>888.1</ele><time>2026-07-31T14:27:52Z</time></trkpt><trkpt lat="45.492328" lon="25.38387"><ele>888.7</ele><time>2026-07-31T14:27:56Z</time></trkpt><trkpt lat="45.492242" lon="25.383917"><ele>889.2</ele><time>2026-07-31T14:27:59Z</time></trkpt><trkpt lat="45.492153" lon="25.383937"><ele>889.7</ele><time>2026-07-31T14:28:02Z</time></trkpt><trkpt lat="45.49207" lon="25.38396"><ele>890.1</ele><time>2026-07-31T14:28:05Z</time></trkpt><trkpt lat="45.491995" lon="25.383978"><ele>890.6</ele><time>2026-07-31T14:28:08Z</time></trkpt><trkpt lat="45.491907" lon="25.383985"><ele>891.0</ele><time>2026-07-31T14:28:12Z</time></trkpt><trkpt lat="45.491835" lon="25.384068"><ele>891.3</ele><time>2026-07-31T14:28:14Z</time></trkpt><trkpt lat="45.491753" lon="25.384065"><ele>891.6</ele><time>2026-07-31T14:28:17Z</time></trkpt><trkpt lat="45.491675" lon="25.384135"><ele>892.3</ele><time>2026-07-31T14:28:21Z</time></trkpt><trkpt lat="45.4916" lon="25.384165"><ele>892.6</ele><time>2026-07-31T14:28:23Z</time></trkpt><trkpt lat="45.491505" lon="25.384153"><ele>893.1</ele><time>2026-07-31T14:28:26Z</time></trkpt><trkpt lat="45.491432" lon="25.384162"><ele>893.5</ele><time>2026-07-31T14:28:29Z</time></trkpt><trkpt lat="45.491297" lon="25.38418"><ele>894.1</ele><time>2026-07-31T14:28:32Z</time></trkpt><trkpt lat="45.491215" lon="25.384125"><ele>895.0</ele><time>2026-07-31T14:28:37Z</time></trkpt><trkpt lat="45.49113" lon="25.384125"><ele>895.6</ele><time>2026-07-31T14:28:40Z</time></trkpt><trkpt lat="45.49104" lon="25.384137"><ele>896.3</ele><time>2026-07-31T14:28:44Z</time></trkpt><trkpt lat="45.49099" lon="25.384045"><ele>896.5</ele><time>2026-07-31T14:28:46Z</time></trkpt><trkpt lat="45.490957" lon="25.384147"><ele>896.7</ele><time>2026-07-31T14:28:47Z</time></trkpt><trkpt lat="45.490883" lon="25.384088"><ele>897.1</ele><time>2026-07-31T14:28:50Z</time></trkpt><trkpt lat="45.490813" lon="25.384123"><ele>897.5</ele><time>2026-07-31T14:28:52Z</time></trkpt><trkpt lat="45.490742" lon="25.38415"><ele>898.1</ele><time>2026-07-31T14:28:55Z</time></trkpt><trkpt lat="45.49067" lon="25.384167"><ele>898.6</ele><time>2026-07-31T14:28:58Z</time></trkpt><trkpt lat="45.490585" lon="25.384203"><ele>899.1</ele><time>2026-07-31T14:29:02Z</time></trkpt><trkpt lat="45.490505" lon="25.384215"><ele>899.7</ele><time>2026-07-31T14:29:05Z</time></trkpt><trkpt lat="45.490405" lon="25.384238"><ele>900.3</ele><time>2026-07-31T14:29:09Z</time></trkpt><trkpt lat="45.49033" lon="25.384268"><ele>900.7</ele><time>2026-07-31T14:29:12Z</time></trkpt><trkpt lat="45.490258" lon="25.384308"><ele>901.2</ele><time>2026-07-31T14:29:15Z</time></trkpt><trkpt lat="45.490173" lon="25.384333"><ele>901.9</ele><time>2026-07-31T14:29:19Z</time></trkpt><trkpt lat="45.490103" lon="25.384247"><ele>902.4</ele><time>2026-07-31T14:29:21Z</time></trkpt><trkpt lat="45.490043" lon="25.384327"><ele>903.1</ele><time>2026-07-31T14:29:24Z</time></trkpt><trkpt lat="45.489963" lon="25.384345"><ele>903.7</ele><time>2026-07-31T14:29:27Z</time></trkpt><trkpt lat="45.489872" lon="25.38439"><ele>904.7</ele><time>2026-07-31T14:29:32Z</time></trkpt><trkpt lat="45.489782" lon="25.38439"><ele>905.3</ele><time>2026-07-31T14:29:37Z</time></trkpt><trkpt lat="45.489697" lon="25.384423"><ele>906.0</ele><time>2026-07-31T14:29:41Z</time></trkpt><trkpt lat="45.48961" lon="25.384447"><ele>906.9</ele><time>2026-07-31T14:29:46Z</time></trkpt><trkpt lat="45.489537" lon="25.384482"><ele>907.4</ele><time>2026-07-31T14:29:50Z</time></trkpt><trkpt lat="45.489452" lon="25.384513"><ele>907.8</ele><time>2026-07-31T14:29:54Z</time></trkpt><trkpt lat="45.489382" lon="25.384543"><ele>908.4</ele><time>2026-07-31T14:29:59Z</time></trkpt><trkpt lat="45.489303" lon="25.38456"><ele>908.7</ele><time>2026-07-31T14:30:02Z</time></trkpt><trkpt lat="45.489213" lon="25.384578"><ele>909.2</ele><time>2026-07-31T14:30:06Z</time></trkpt><trkpt lat="45.48912" lon="25.384605"><ele>909.8</ele><time>2026-07-31T14:30:10Z</time></trkpt><trkpt lat="45.489047" lon="25.384632"><ele>910.1</ele><time>2026-07-31T14:30:13Z</time></trkpt><trkpt lat="45.488957" lon="25.384657"><ele>910.6</ele><time>2026-07-31T14:30:17Z</time></trkpt><trkpt lat="45.488865" lon="25.384683"><ele>911.2</ele><time>2026-07-31T14:30:21Z</time></trkpt><trkpt lat="45.488773" lon="25.384702"><ele>911.7</ele><time>2026-07-31T14:30:25Z</time></trkpt><trkpt lat="45.48868" lon="25.38473"><ele>912.1</ele><time>2026-07-31T14:30:29Z</time></trkpt><trkpt lat="45.48859" lon="25.384758"><ele>912.6</ele><time>2026-07-31T14:30:33Z</time></trkpt><trkpt lat="45.4885" lon="25.384785"><ele>913.1</ele><time>2026-07-31T14:30:37Z</time></trkpt><trkpt lat="45.488412" lon="25.384815"><ele>913.7</ele><time>2026-07-31T14:30:41Z</time></trkpt><trkpt lat="45.48832" lon="25.384842"><ele>914.3</ele><time>2026-07-31T14:30:45Z</time></trkpt><trkpt lat="45.48823" lon="25.384863"><ele>914.7</ele><time>2026-07-31T14:30:49Z</time></trkpt><trkpt lat="45.488158" lon="25.38485"><ele>915.1</ele><time>2026-07-31T14:30:52Z</time></trkpt><trkpt lat="45.488063" lon="25.384838"><ele>915.7</ele><time>2026-07-31T14:30:56Z</time></trkpt><trkpt lat="45.48799" lon="25.384818"><ele>916.3</ele><time>2026-07-31T14:30:59Z</time></trkpt><trkpt lat="45.487915" lon="25.3848"><ele>916.8</ele><time>2026-07-31T14:31:03Z</time></trkpt><trkpt lat="45.487828" lon="25.384783"><ele>917.5</ele><time>2026-07-31T14:31:07Z</time></trkpt><trkpt lat="45.48775" lon="25.38476"><ele>918.2</ele><time>2026-07-31T14:31:11Z</time></trkpt><trkpt lat="45.487682" lon="25.384805"><ele>918.8</ele><time>2026-07-31T14:31:15Z</time></trkpt><trkpt lat="45.487628" lon="25.384892"><ele>919.5</ele><time>2026-07-31T14:31:21Z</time></trkpt><trkpt lat="45.487688" lon="25.384963"><ele>932.6</ele><time>2026-07-31T14:35:09Z</time></trkpt><trkpt lat="45.487763" lon="25.384993"><ele>933.0</ele><time>2026-07-31T14:35:16Z</time></trkpt><trkpt lat="45.487838" lon="25.385025"><ele>933.6</ele><time>2026-07-31T14:35:23Z</time></trkpt><trkpt lat="45.487917" lon="25.38504"><ele>934.4</ele><time>2026-07-31T14:35:30Z</time></trkpt><trkpt lat="45.487997" lon="25.385078"><ele>935.2</ele><time>2026-07-31T14:35:37Z</time></trkpt><trkpt lat="45.488068" lon="25.3851"><ele>935.8</ele><time>2026-07-31T14:35:43Z</time></trkpt><trkpt lat="45.488152" lon="25.385128"><ele>936.7</ele><time>2026-07-31T14:35:49Z</time></trkpt><trkpt lat="45.48823" lon="25.385148"><ele>937.7</ele><time>2026-07-31T14:35:55Z</time></trkpt><trkpt lat="45.488312" lon="25.385167"><ele>938.5</ele><time>2026-07-31T14:36:01Z</time></trkpt><trkpt lat="45.488393" lon="25.385212"><ele>939.5</ele><time>2026-07-31T14:36:07Z</time></trkpt><trkpt lat="45.488468" lon="25.385222"><ele>940.5</ele><time>2026-07-31T14:36:13Z</time></trkpt><trkpt lat="45.488553" lon="25.385232"><ele>941.5</ele><time>2026-07-31T14:36:19Z</time></trkpt><trkpt lat="45.488623" lon="25.385257"><ele>942.7</ele><time>2026-07-31T14:36:25Z</time></trkpt><trkpt lat="45.488688" lon="25.3853"><ele>943.7</ele><time>2026-07-31T14:36:30Z</time></trkpt><trkpt lat="45.488757" lon="25.385353"><ele>944.8</ele><time>2026-07-31T14:36:36Z</time></trkpt><trkpt lat="45.488805" lon="25.385432"><ele>946.1</ele><time>2026-07-31T14:36:42Z</time></trkpt><trkpt lat="45.488842" lon="25.385538"><ele>947.3</ele><time>2026-07-31T14:36:49Z</time></trkpt><trkpt lat="45.488883" lon="25.38564"><ele>948.5</ele><time>2026-07-31T14:36:56Z</time></trkpt><trkpt lat="45.488917" lon="25.385743"><ele>949.5</ele><time>2026-07-31T14:37:02Z</time></trkpt><trkpt lat="45.488932" lon="25.385862"><ele>950.4</ele><time>2026-07-31T14:37:11Z</time></trkpt><trkpt lat="45.488898" lon="25.385982"><ele>950.8</ele><time>2026-07-31T14:37:16Z</time></trkpt><trkpt lat="45.488837" lon="25.38606"><ele>951.0</ele><time>2026-07-31T14:37:20Z</time></trkpt><trkpt lat="45.488758" lon="25.386067"><ele>951.2</ele><time>2026-07-31T14:37:24Z</time></trkpt><trkpt lat="45.48867" lon="25.386073"><ele>952.0</ele><time>2026-07-31T14:37:29Z</time></trkpt><trkpt lat="45.488582" lon="25.386097"><ele>952.8</ele><time>2026-07-31T14:37:34Z</time></trkpt><trkpt lat="45.488498" lon="25.386112"><ele>953.6</ele><time>2026-07-31T14:37:39Z</time></trkpt><trkpt lat="45.488425" lon="25.386175"><ele>954.2</ele><time>2026-07-31T14:37:44Z</time></trkpt><trkpt lat="45.488332" lon="25.386188"><ele>955.0</ele><time>2026-07-31T14:37:50Z</time></trkpt><trkpt lat="45.488245" lon="25.386205"><ele>956.1</ele><time>2026-07-31T14:37:55Z</time></trkpt><trkpt lat="45.488157" lon="25.38623"><ele>956.8</ele><time>2026-07-31T14:37:59Z</time></trkpt><trkpt lat="45.488083" lon="25.386257"><ele>957.8</ele><time>2026-07-31T14:38:03Z</time></trkpt><trkpt lat="45.488012" lon="25.386285"><ele>959.0</ele><time>2026-07-31T14:38:07Z</time></trkpt><trkpt lat="45.487947" lon="25.386335"><ele>960.0</ele><time>2026-07-31T14:38:11Z</time></trkpt><trkpt lat="45.487878" lon="25.386392"><ele>960.9</ele><time>2026-07-31T14:38:15Z</time></trkpt><trkpt lat="45.48781" lon="25.386437"><ele>961.7</ele><time>2026-07-31T14:38:19Z</time></trkpt><trkpt lat="45.487735" lon="25.386492"><ele>963.2</ele><time>2026-07-31T14:38:24Z</time></trkpt><trkpt lat="45.487663" lon="25.386543"><ele>964.8</ele><time>2026-07-31T14:38:28Z</time></trkpt><trkpt lat="45.487588" lon="25.386598"><ele>966.7</ele><time>2026-07-31T14:38:32Z</time></trkpt><trkpt lat="45.487498" lon="25.386653"><ele>968.1</ele><time>2026-07-31T14:38:36Z</time></trkpt><trkpt lat="45.487427" lon="25.386678"><ele>969.8</ele><time>2026-07-31T14:38:39Z</time></trkpt><trkpt lat="45.487358" lon="25.386708"><ele>971.2</ele><time>2026-07-31T14:38:45Z</time></trkpt><trkpt lat="45.487278" lon="25.386735"><ele>972.0</ele><time>2026-07-31T14:38:52Z</time></trkpt><trkpt lat="45.487215" lon="25.386797"><ele>972.9</ele><time>2026-07-31T14:38:59Z</time></trkpt><trkpt lat="45.487188" lon="25.386905"><ele>973.6</ele><time>2026-07-31T14:39:06Z</time></trkpt><trkpt lat="45.4872" lon="25.387017"><ele>974.0</ele><time>2026-07-31T14:39:12Z</time></trkpt><trkpt lat="45.487225" lon="25.387117"><ele>974.0</ele><time>2026-07-31T14:39:25Z</time></trkpt><trkpt lat="45.487225" lon="25.38722"><ele>974.4</ele><time>2026-07-31T14:39:34Z</time></trkpt><trkpt lat="45.487173" lon="25.387297"><ele>976.0</ele><time>2026-07-31T14:39:45Z</time></trkpt><trkpt lat="45.487113" lon="25.387235"><ele>976.7</ele><time>2026-07-31T14:40:03Z</time></trkpt><trkpt lat="45.487175" lon="25.387307"><ele>977.6</ele><time>2026-07-31T14:41:10Z</time></trkpt><trkpt lat="45.487205" lon="25.387213"><ele>976.2</ele><time>2026-07-31T14:42:32Z</time></trkpt><trkpt lat="45.487245" lon="25.387118"><ele>974.5</ele><time>2026-07-31T14:42:41Z</time></trkpt><trkpt lat="45.487217" lon="25.387222"><ele>975.7</ele><time>2026-07-31T14:48:53Z</time></trkpt><trkpt lat="45.487155" lon="25.387275"><ele>977.1</ele><time>2026-07-31T14:49:00Z</time></trkpt><trkpt lat="45.48708" lon="25.387235"><ele>977.9</ele><time>2026-07-31T14:51:28Z</time></trkpt><trkpt lat="45.48715" lon="25.387212"><ele>977.7</ele><time>2026-07-31T14:54:10Z</time></trkpt><trkpt lat="45.487232" lon="25.387177"><ele>976.0</ele><time>2026-07-31T14:54:26Z</time></trkpt><trkpt lat="45.487205" lon="25.387077"><ele>975.3</ele><time>2026-07-31T14:54:32Z</time></trkpt><trkpt lat="45.48713" lon="25.387105"><ele>975.6</ele><time>2026-07-31T14:56:13Z</time></trkpt><trkpt lat="45.487063" lon="25.387163"><ele>976.6</ele><time>2026-07-31T14:56:19Z</time></trkpt><trkpt lat="45.487055" lon="25.387273"><ele>977.9</ele><time>2026-07-31T14:56:25Z</time></trkpt><trkpt lat="45.487048" lon="25.387378"><ele>979.2</ele><time>2026-07-31T14:57:02Z</time></trkpt><trkpt lat="45.486993" lon="25.387445"><ele>979.4</ele><time>2026-07-31T14:57:07Z</time></trkpt><trkpt lat="45.486938" lon="25.38751"><ele>979.8</ele><time>2026-07-31T14:57:11Z</time></trkpt><trkpt lat="45.486875" lon="25.387582"><ele>980.7</ele><time>2026-07-31T14:57:16Z</time></trkpt><trkpt lat="45.48682" lon="25.387653"><ele>981.7</ele><time>2026-07-31T14:57:21Z</time></trkpt><trkpt lat="45.486763" lon="25.387732"><ele>982.7</ele><time>2026-07-31T14:57:26Z</time></trkpt><trkpt lat="45.486708" lon="25.3878"><ele>983.9</ele><time>2026-07-31T14:57:31Z</time></trkpt><trkpt lat="45.486652" lon="25.387873"><ele>985.6</ele><time>2026-07-31T14:57:36Z</time></trkpt><trkpt lat="45.486592" lon="25.387945"><ele>987.3</ele><time>2026-07-31T14:57:41Z</time></trkpt><trkpt lat="45.486533" lon="25.388017"><ele>989.3</ele><time>2026-07-31T14:57:46Z</time></trkpt><trkpt lat="45.486472" lon="25.388088"><ele>991.6</ele><time>2026-07-31T14:57:51Z</time></trkpt><trkpt lat="45.486412" lon="25.388165"><ele>993.9</ele><time>2026-07-31T14:57:56Z</time></trkpt><trkpt lat="45.486355" lon="25.388237"><ele>996.1</ele><time>2026-07-31T14:58:01Z</time></trkpt><trkpt lat="45.486295" lon="25.388313"><ele>999.1</ele><time>2026-07-31T14:58:06Z</time></trkpt><trkpt lat="45.48624" lon="25.388385"><ele>1002.2</ele><time>2026-07-31T14:58:11Z</time></trkpt><trkpt lat="45.486178" lon="25.388463"><ele>1005.2</ele><time>2026-07-31T14:58:17Z</time></trkpt><trkpt lat="45.486122" lon="25.388535"><ele>1008.3</ele><time>2026-07-31T14:58:22Z</time></trkpt><trkpt lat="45.486058" lon="25.388615"><ele>1011.9</ele><time>2026-07-31T14:58:28Z</time></trkpt><trkpt lat="45.486002" lon="25.388688"><ele>1014.5</ele><time>2026-07-31T14:58:33Z</time></trkpt><trkpt lat="45.485945" lon="25.388755"><ele>1017.7</ele><time>2026-07-31T14:58:38Z</time></trkpt><trkpt lat="45.485883" lon="25.388835"><ele>1021.7</ele><time>2026-07-31T14:58:44Z</time></trkpt><trkpt lat="45.485827" lon="25.388907"><ele>1025.1</ele><time>2026-07-31T14:58:49Z</time></trkpt><trkpt lat="45.48577" lon="25.388982"><ele>1027.8</ele><time>2026-07-31T14:58:54Z</time></trkpt><trkpt lat="45.485713" lon="25.389052"><ele>1031.0</ele><time>2026-07-31T14:58:59Z</time></trkpt><trkpt lat="45.485655" lon="25.389125"><ele>1034.3</ele><time>2026-07-31T14:59:04Z</time></trkpt><trkpt lat="45.485602" lon="25.389193"><ele>1036.9</ele><time>2026-07-31T14:59:09Z</time></trkpt><trkpt lat="45.48554" lon="25.389272"><ele>1040.2</ele><time>2026-07-31T14:59:15Z</time></trkpt><trkpt lat="45.485485" lon="25.389342"><ele>1042.7</ele><time>2026-07-31T14:59:20Z</time></trkpt><trkpt lat="45.485425" lon="25.389413"><ele>1045.4</ele><time>2026-07-31T14:59:39Z</time></trkpt><trkpt lat="45.485368" lon="25.389487"><ele>1047.0</ele><time>2026-07-31T14:59:44Z</time></trkpt><trkpt lat="45.48531" lon="25.38956"><ele>1049.1</ele><time>2026-07-31T14:59:49Z</time></trkpt><trkpt lat="45.48525" lon="25.389635"><ele>1051.1</ele><time>2026-07-31T14:59:54Z</time></trkpt><trkpt lat="45.485188" lon="25.389713"><ele>1052.6</ele><time>2026-07-31T14:59:59Z</time></trkpt><trkpt lat="45.485128" lon="25.389792"><ele>1054.4</ele><time>2026-07-31T15:00:04Z</time></trkpt><trkpt lat="45.485067" lon="25.389865"><ele>1056.2</ele><time>2026-07-31T15:00:09Z</time></trkpt><trkpt lat="45.485002" lon="25.389943"><ele>1057.6</ele><time>2026-07-31T15:00:15Z</time></trkpt><trkpt lat="45.484943" lon="25.39002"><ele>1058.8</ele><time>2026-07-31T15:00:20Z</time></trkpt><trkpt lat="45.484882" lon="25.390098"><ele>1059.9</ele><time>2026-07-31T15:00:25Z</time></trkpt><trkpt lat="45.484822" lon="25.390177"><ele>1060.8</ele><time>2026-07-31T15:00:30Z</time></trkpt><trkpt lat="45.484763" lon="25.39025"><ele>1061.7</ele><time>2026-07-31T15:00:35Z</time></trkpt><trkpt lat="45.484697" lon="25.390332"><ele>1063.2</ele><time>2026-07-31T15:00:41Z</time></trkpt><trkpt lat="45.48464" lon="25.390405"><ele>1064.7</ele><time>2026-07-31T15:00:46Z</time></trkpt><trkpt lat="45.484583" lon="25.390475"><ele>1066.1</ele><time>2026-07-31T15:00:51Z</time></trkpt><trkpt lat="45.484523" lon="25.390545"><ele>1067.9</ele><time>2026-07-31T15:00:56Z</time></trkpt><trkpt lat="45.48447" lon="25.390618"><ele>1069.7</ele><time>2026-07-31T15:01:01Z</time></trkpt><trkpt lat="45.484415" lon="25.390688"><ele>1071.4</ele><time>2026-07-31T15:01:06Z</time></trkpt><trkpt lat="45.484358" lon="25.390762"><ele>1072.8</ele><time>2026-07-31T15:01:11Z</time></trkpt><trkpt lat="45.484298" lon="25.390835"><ele>1074.5</ele><time>2026-07-31T15:01:16Z</time></trkpt><trkpt lat="45.484242" lon="25.390903"><ele>1076.1</ele><time>2026-07-31T15:01:21Z</time></trkpt><trkpt lat="45.484187" lon="25.390975"><ele>1077.6</ele><time>2026-07-31T15:01:26Z</time></trkpt><trkpt lat="45.484127" lon="25.391052"><ele>1079.5</ele><time>2026-07-31T15:01:31Z</time></trkpt><trkpt lat="45.48407" lon="25.391128"><ele>1081.2</ele><time>2026-07-31T15:01:36Z</time></trkpt><trkpt lat="45.484012" lon="25.391202"><ele>1083.4</ele><time>2026-07-31T15:01:41Z</time></trkpt><trkpt lat="45.483955" lon="25.391275"><ele>1085.0</ele><time>2026-07-31T15:01:46Z</time></trkpt><trkpt lat="45.483898" lon="25.391347"><ele>1086.9</ele><time>2026-07-31T15:01:51Z</time></trkpt><trkpt lat="45.483842" lon="25.391422"><ele>1088.9</ele><time>2026-07-31T15:01:56Z</time></trkpt><trkpt lat="45.48378" lon="25.391493"><ele>1090.5</ele><time>2026-07-31T15:02:01Z</time></trkpt><trkpt lat="45.483723" lon="25.391565"><ele>1092.4</ele><time>2026-07-31T15:02:06Z</time></trkpt><trkpt lat="45.483663" lon="25.391645"><ele>1094.9</ele><time>2026-07-31T15:02:12Z</time></trkpt><trkpt lat="45.483608" lon="25.391713"><ele>1096.9</ele><time>2026-07-31T15:02:17Z</time></trkpt><trkpt lat="45.48355" lon="25.391783"><ele>1099.6</ele><time>2026-07-31T15:02:22Z</time></trkpt><trkpt lat="45.483495" lon="25.391855"><ele>1102.1</ele><time>2026-07-31T15:02:27Z</time></trkpt><trkpt lat="45.483438" lon="25.391932"><ele>1104.7</ele><time>2026-07-31T15:02:32Z</time></trkpt><trkpt lat="45.483382" lon="25.392003"><ele>1106.6</ele><time>2026-07-31T15:02:37Z</time></trkpt><trkpt lat="45.483327" lon="25.392073"><ele>1109.4</ele><time>2026-07-31T15:02:42Z</time></trkpt><trkpt lat="45.483268" lon="25.392145"><ele>1098.9</ele><time>2026-07-31T15:02:47Z</time></trkpt><trkpt lat="45.483202" lon="25.392227"><ele>1101.6</ele><time>2026-07-31T15:02:53Z</time></trkpt><trkpt lat="45.48314" lon="25.392303"><ele>1104.7</ele><time>2026-07-31T15:02:58Z</time></trkpt><trkpt lat="45.483057" lon="25.392332"><ele>1106.0</ele><time>2026-07-31T15:03:01Z</time></trkpt><trkpt lat="45.48299" lon="25.392273"><ele>1107.0</ele><time>2026-07-31T15:04:33Z</time></trkpt><trkpt lat="45.482952" lon="25.392177"><ele>1107.7</ele><time>2026-07-31T15:04:39Z</time></trkpt><trkpt lat="45.48288" lon="25.39209"><ele>1108.9</ele><time>2026-07-31T15:06:38Z</time></trkpt><trkpt lat="45.482775" lon="25.391985"><ele>1108.4</ele><time>2026-07-31T15:06:40Z</time></trkpt><trkpt lat="45.482678" lon="25.391907"><ele>1107.7</ele><time>2026-07-31T15:06:42Z</time></trkpt><trkpt lat="45.482595" lon="25.391842"><ele>1107.0</ele><time>2026-07-31T15:06:44Z</time></trkpt><trkpt lat="45.482505" lon="25.391762"><ele>1106.7</ele><time>2026-07-31T15:06:46Z</time></trkpt><trkpt lat="45.482442" lon="25.391705"><ele>1106.5</ele><time>2026-07-31T15:06:48Z</time></trkpt><trkpt lat="45.482377" lon="25.391643"><ele>1106.6</ele><time>2026-07-31T15:06:50Z</time></trkpt><trkpt lat="45.482365" lon="25.391528"><ele>1106.5</ele><time>2026-07-31T15:06:53Z</time></trkpt><trkpt lat="45.482472" lon="25.391567"><ele>1106.0</ele><time>2026-07-31T15:06:55Z</time></trkpt><trkpt lat="45.482555" lon="25.39165"><ele>1105.2</ele><time>2026-07-31T15:06:57Z</time></trkpt><trkpt lat="45.482647" lon="25.391648"><ele>1104.0</ele><time>2026-07-31T15:07:00Z</time></trkpt><trkpt lat="45.482638" lon="25.39153"><ele>1103.1</ele><time>2026-07-31T15:07:02Z</time></trkpt><trkpt lat="45.48255" lon="25.391432"><ele>1101.9</ele><time>2026-07-31T15:07:04Z</time></trkpt><trkpt lat="45.482488" lon="25.391307"><ele>1100.7</ele><time>2026-07-31T15:07:06Z</time></trkpt><trkpt lat="45.482387" lon="25.391288"><ele>1099.7</ele><time>2026-07-31T15:07:08Z</time></trkpt><trkpt lat="45.482348" lon="25.391142"><ele>1099.0</ele><time>2026-07-31T15:07:12Z</time></trkpt><trkpt lat="45.482232" lon="25.391053"><ele>1098.8</ele><time>2026-07-31T15:07:14Z</time></trkpt><trkpt lat="45.482193" lon="25.390905"><ele>1097.9</ele><time>2026-07-31T15:07:16Z</time></trkpt><trkpt lat="45.48208" lon="25.39077"><ele>1096.3</ele><time>2026-07-31T15:07:18Z</time></trkpt><trkpt lat="45.482008" lon="25.390725"><ele>1095.3</ele><time>2026-07-31T15:07:19Z</time></trkpt><trkpt lat="45.481897" lon="25.390647"><ele>1093.4</ele><time>2026-07-31T15:07:21Z</time></trkpt><trkpt lat="45.481805" lon="25.390615"><ele>1092.3</ele><time>2026-07-31T15:07:23Z</time></trkpt><trkpt lat="45.481755" lon="25.39046"><ele>1091.8</ele><time>2026-07-31T15:07:26Z</time></trkpt><trkpt lat="45.481657" lon="25.390378"><ele>1091.5</ele><time>2026-07-31T15:07:28Z</time></trkpt><trkpt lat="45.481563" lon="25.390352"><ele>1090.8</ele><time>2026-07-31T15:07:30Z</time></trkpt><trkpt lat="45.481512" lon="25.390215"><ele>1090.1</ele><time>2026-07-31T15:07:32Z</time></trkpt><trkpt lat="45.481467" lon="25.390092"><ele>1089.6</ele><time>2026-07-31T15:07:34Z</time></trkpt><trkpt lat="45.481408" lon="25.389922"><ele>1089.0</ele><time>2026-07-31T15:07:36Z</time></trkpt><trkpt lat="45.48137" lon="25.389827"><ele>1088.1</ele><time>2026-07-31T15:07:38Z</time></trkpt><trkpt lat="45.481485" lon="25.389887"><ele>1087.4</ele><time>2026-07-31T15:07:40Z</time></trkpt><trkpt lat="45.481558" lon="25.389983"><ele>1086.9</ele><time>2026-07-31T15:07:42Z</time></trkpt><trkpt lat="45.481632" lon="25.390033"><ele>1086.1</ele><time>2026-07-31T15:07:44Z</time></trkpt><trkpt lat="45.481723" lon="25.390085"><ele>1085.8</ele><time>2026-07-31T15:07:46Z</time></trkpt><trkpt lat="45.48182" lon="25.39014"><ele>1085.3</ele><time>2026-07-31T15:07:48Z</time></trkpt><trkpt lat="45.481922" lon="25.390108"><ele>1084.7</ele><time>2026-07-31T15:07:51Z</time></trkpt><trkpt lat="45.481993" lon="25.390042"><ele>1083.6</ele><time>2026-07-31T15:07:53Z</time></trkpt><trkpt lat="45.482027" lon="25.390143"><ele>1082.8</ele><time>2026-07-31T15:07:54Z</time></trkpt><trkpt lat="45.48209" lon="25.390217"><ele>1080.6</ele><time>2026-07-31T15:07:57Z</time></trkpt><trkpt lat="45.482197" lon="25.39021"><ele>1080.3</ele><time>2026-07-31T15:08:00Z</time></trkpt><trkpt lat="45.482287" lon="25.390237"><ele>1080.3</ele><time>2026-07-31T15:08:02Z</time></trkpt><trkpt lat="45.482375" lon="25.39026"><ele>1080.0</ele><time>2026-07-31T15:08:04Z</time></trkpt><trkpt lat="45.482463" lon="25.390295"><ele>1079.7</ele><time>2026-07-31T15:08:06Z</time></trkpt><trkpt lat="45.482523" lon="25.390235"><ele>1078.7</ele><time>2026-07-31T15:08:09Z</time></trkpt><trkpt lat="45.482418" lon="25.390213"><ele>1077.9</ele><time>2026-07-31T15:08:11Z</time></trkpt><trkpt lat="45.482365" lon="25.390138"><ele>1077.1</ele><time>2026-07-31T15:08:13Z</time></trkpt><trkpt lat="45.48229" lon="25.39009"><ele>1076.6</ele><time>2026-07-31T15:08:15Z</time></trkpt><trkpt lat="45.482227" lon="25.389987"><ele>1076.4</ele><time>2026-07-31T15:08:17Z</time></trkpt><trkpt lat="45.482317" lon="25.389892"><ele>1076.2</ele><time>2026-07-31T15:08:19Z</time></trkpt><trkpt lat="45.482425" lon="25.389982"><ele>1075.2</ele><time>2026-07-31T15:08:21Z</time></trkpt><trkpt lat="45.482522" lon="25.38994"><ele>1074.0</ele><time>2026-07-31T15:08:23Z</time></trkpt><trkpt lat="45.48265" lon="25.38998"><ele>1072.7</ele><time>2026-07-31T15:08:25Z</time></trkpt><trkpt lat="45.482793" lon="25.389995"><ele>1071.4</ele><time>2026-07-31T15:08:27Z</time></trkpt><trkpt lat="45.482898" lon="25.390055"><ele>1069.8</ele><time>2026-07-31T15:08:29Z</time></trkpt><trkpt lat="45.483002" lon="25.390105"><ele>1067.5</ele><time>2026-07-31T15:08:32Z</time></trkpt><trkpt lat="45.483088" lon="25.390125"><ele>1066.4</ele><time>2026-07-31T15:08:35Z</time></trkpt><trkpt lat="45.48317" lon="25.390158"><ele>1066.2</ele><time>2026-07-31T15:08:37Z</time></trkpt><trkpt lat="45.483228" lon="25.390228"><ele>1065.8</ele><time>2026-07-31T15:08:40Z</time></trkpt><trkpt lat="45.483285" lon="25.390137"><ele>1065.0</ele><time>2026-07-31T15:09:41Z</time></trkpt><trkpt lat="45.483252" lon="25.389998"><ele>1063.8</ele><time>2026-07-31T15:09:44Z</time></trkpt><trkpt lat="45.483318" lon="25.390043"><ele>1061.2</ele><time>2026-07-31T15:10:05Z</time></trkpt><trkpt lat="45.483372" lon="25.390137"><ele>1062.6</ele><time>2026-07-31T15:10:16Z</time></trkpt><trkpt lat="45.483507" lon="25.390108"><ele>1062.5</ele><time>2026-07-31T15:10:20Z</time></trkpt><trkpt lat="45.483592" lon="25.390108"><ele>1062.2</ele><time>2026-07-31T15:10:22Z</time></trkpt><trkpt lat="45.483695" lon="25.390108"><ele>1061.8</ele><time>2026-07-31T15:10:24Z</time></trkpt><trkpt lat="45.48382" lon="25.390115"><ele>1061.3</ele><time>2026-07-31T15:10:26Z</time></trkpt><trkpt lat="45.483935" lon="25.390108"><ele>1060.7</ele><time>2026-07-31T15:10:28Z</time></trkpt><trkpt lat="45.484047" lon="25.390112"><ele>1059.4</ele><time>2026-07-31T15:10:30Z</time></trkpt><trkpt lat="45.484182" lon="25.390132"><ele>1058.3</ele><time>2026-07-31T15:10:32Z</time></trkpt><trkpt lat="45.484265" lon="25.390238"><ele>1057.1</ele><time>2026-07-31T15:10:34Z</time></trkpt><trkpt lat="45.484298" lon="25.390128"><ele>1055.7</ele><time>2026-07-31T15:10:36Z</time></trkpt><trkpt lat="45.4842" lon="25.390053"><ele>1054.8</ele><time>2026-07-31T15:10:38Z</time></trkpt><trkpt lat="45.484098" lon="25.390032"><ele>1053.9</ele><time>2026-07-31T15:10:46Z</time></trkpt><trkpt lat="45.484037" lon="25.389965"><ele>1053.9</ele><time>2026-07-31T15:10:48Z</time></trkpt><trkpt lat="45.483953" lon="25.3899"><ele>1053.8</ele><time>2026-07-31T15:10:50Z</time></trkpt><trkpt lat="45.483842" lon="25.389882"><ele>1053.4</ele><time>2026-07-31T15:10:52Z</time></trkpt><trkpt lat="45.483878" lon="25.389733"><ele>1052.9</ele><time>2026-07-31T15:10:54Z</time></trkpt><trkpt lat="45.483953" lon="25.389752"><ele>1052.4</ele><time>2026-07-31T15:10:55Z</time></trkpt><trkpt lat="45.48407" lon="25.389797"><ele>1052.0</ele><time>2026-07-31T15:10:57Z</time></trkpt><trkpt lat="45.484173" lon="25.38981"><ele>1051.2</ele><time>2026-07-31T15:10:59Z</time></trkpt><trkpt lat="45.484263" lon="25.38984"><ele>1050.7</ele><time>2026-07-31T15:11:01Z</time></trkpt><trkpt lat="45.484252" lon="25.389693"><ele>1050.0</ele><time>2026-07-31T15:11:03Z</time></trkpt><trkpt lat="45.484132" lon="25.389685"><ele>1049.1</ele><time>2026-07-31T15:11:05Z</time></trkpt><trkpt lat="45.484057" lon="25.38966"><ele>1048.6</ele><time>2026-07-31T15:11:06Z</time></trkpt><trkpt lat="45.48396" lon="25.389632"><ele>1047.8</ele><time>2026-07-31T15:11:08Z</time></trkpt><trkpt lat="45.483972" lon="25.389522"><ele>1046.8</ele><time>2026-07-31T15:11:11Z</time></trkpt><trkpt lat="45.484043" lon="25.38954"><ele>1046.5</ele><time>2026-07-31T15:11:12Z</time></trkpt><trkpt lat="45.48414" lon="25.389582"><ele>1046.2</ele><time>2026-07-31T15:11:14Z</time></trkpt><trkpt lat="45.484207" lon="25.389622"><ele>1045.6</ele><time>2026-07-31T15:11:16Z</time></trkpt><trkpt lat="45.484232" lon="25.389525"><ele>1045.2</ele><time>2026-07-31T15:11:18Z</time></trkpt><trkpt lat="45.48411" lon="25.389473"><ele>1044.3</ele><time>2026-07-31T15:11:20Z</time></trkpt><trkpt lat="45.484028" lon="25.38945"><ele>1043.6</ele><time>2026-07-31T15:11:22Z</time></trkpt><trkpt lat="45.484065" lon="25.389355"><ele>1042.8</ele><time>2026-07-31T15:11:24Z</time></trkpt><trkpt lat="45.484175" lon="25.38941"><ele>1041.8</ele><time>2026-07-31T15:11:26Z</time></trkpt><trkpt lat="45.484207" lon="25.389283"><ele>1040.1</ele><time>2026-07-31T15:11:29Z</time></trkpt><trkpt lat="45.48409" lon="25.38929"><ele>1039.7</ele><time>2026-07-31T15:11:31Z</time></trkpt><trkpt lat="45.484007" lon="25.38922"><ele>1038.4</ele><time>2026-07-31T15:11:34Z</time></trkpt><trkpt lat="45.483873" lon="25.389188"><ele>1037.6</ele><time>2026-07-31T15:11:36Z</time></trkpt><trkpt lat="45.483797" lon="25.389168"><ele>1036.6</ele><time>2026-07-31T15:11:38Z</time></trkpt><trkpt lat="45.483725" lon="25.389088"><ele>1035.1</ele><time>2026-07-31T15:11:40Z</time></trkpt><trkpt lat="45.483645" lon="25.389022"><ele>1033.7</ele><time>2026-07-31T15:11:42Z</time></trkpt><trkpt lat="45.48358" lon="25.388972"><ele>1032.3</ele><time>2026-07-31T15:11:44Z</time></trkpt><trkpt lat="45.48352" lon="25.388878"><ele>1030.6</ele><time>2026-07-31T15:11:47Z</time></trkpt><trkpt lat="45.483515" lon="25.38877"><ele>1029.7</ele><time>2026-07-31T15:11:50Z</time></trkpt><trkpt lat="45.483597" lon="25.388795"><ele>1028.6</ele><time>2026-07-31T15:11:52Z</time></trkpt><trkpt lat="45.483672" lon="25.388853"><ele>1027.3</ele><time>2026-07-31T15:11:55Z</time></trkpt><trkpt lat="45.483742" lon="25.388895"><ele>1027.1</ele><time>2026-07-31T15:11:57Z</time></trkpt><trkpt lat="45.483823" lon="25.388918"><ele>1027.3</ele><time>2026-07-31T15:12:01Z</time></trkpt><trkpt lat="45.483797" lon="25.388793"><ele>1026.9</ele><time>2026-07-31T15:12:04Z</time></trkpt><trkpt lat="45.483687" lon="25.388743"><ele>1026.5</ele><time>2026-07-31T15:12:06Z</time></trkpt><trkpt lat="45.483627" lon="25.388668"><ele>1025.4</ele><time>2026-07-31T15:12:08Z</time></trkpt><trkpt lat="45.483705" lon="25.388618"><ele>1023.6</ele><time>2026-07-31T15:12:12Z</time></trkpt><trkpt lat="45.483783" lon="25.388662"><ele>1023.0</ele><time>2026-07-31T15:12:14Z</time></trkpt><trkpt lat="45.483807" lon="25.388555"><ele>1021.3</ele><time>2026-07-31T15:12:18Z</time></trkpt><trkpt lat="45.483747" lon="25.388445"><ele>1020.2</ele><time>2026-07-31T15:12:20Z</time></trkpt><trkpt lat="45.483723" lon="25.388343"><ele>1019.3</ele><time>2026-07-31T15:12:22Z</time></trkpt><trkpt lat="45.483807" lon="25.388397"><ele>1018.7</ele><time>2026-07-31T15:12:24Z</time></trkpt><trkpt lat="45.483777" lon="25.388275"><ele>1015.8</ele><time>2026-07-31T15:12:31Z</time></trkpt><trkpt lat="45.483827" lon="25.388172"><ele>1014.5</ele><time>2026-07-31T15:12:34Z</time></trkpt><trkpt lat="45.483945" lon="25.388133"><ele>1013.5</ele><time>2026-07-31T15:12:36Z</time></trkpt><trkpt lat="45.484042" lon="25.388107"><ele>1012.2</ele><time>2026-07-31T15:12:38Z</time></trkpt><trkpt lat="45.484117" lon="25.388097"><ele>1010.6</ele><time>2026-07-31T15:12:40Z</time></trkpt><trkpt lat="45.484192" lon="25.388095"><ele>1009.9</ele><time>2026-07-31T15:12:42Z</time></trkpt><trkpt lat="45.48419" lon="25.387978"><ele>1007.0</ele><time>2026-07-31T15:12:45Z</time></trkpt><trkpt lat="45.484093" lon="25.38795"><ele>1003.7</ele><time>2026-07-31T15:13:07Z</time></trkpt><trkpt lat="45.48406" lon="25.387848"><ele>1003.2</ele><time>2026-07-31T15:13:09Z</time></trkpt><trkpt lat="45.484157" lon="25.387765"><ele>1002.1</ele><time>2026-07-31T15:13:11Z</time></trkpt><trkpt lat="45.484218" lon="25.387682"><ele>999.9</ele><time>2026-07-31T15:13:14Z</time></trkpt><trkpt lat="45.484212" lon="25.387553"><ele>998.4</ele><time>2026-07-31T15:13:17Z</time></trkpt><trkpt lat="45.484273" lon="25.387438"><ele>997.2</ele><time>2026-07-31T15:13:19Z</time></trkpt><trkpt lat="45.484373" lon="25.387378"><ele>995.7</ele><time>2026-07-31T15:13:21Z</time></trkpt><trkpt lat="45.484427" lon="25.387272"><ele>994.3</ele><time>2026-07-31T15:13:23Z</time></trkpt><trkpt lat="45.48444" lon="25.387158"><ele>992.9</ele><time>2026-07-31T15:13:25Z</time></trkpt><trkpt lat="45.48453" lon="25.387125"><ele>991.9</ele><time>2026-07-31T15:13:27Z</time></trkpt><trkpt lat="45.484575" lon="25.387035"><ele>991.0</ele><time>2026-07-31T15:13:29Z</time></trkpt><trkpt lat="45.484667" lon="25.386938"><ele>989.6</ele><time>2026-07-31T15:13:32Z</time></trkpt><trkpt lat="45.48474" lon="25.386938"><ele>989.2</ele><time>2026-07-31T15:13:34Z</time></trkpt><trkpt lat="45.484822" lon="25.386925"><ele>988.7</ele><time>2026-07-31T15:13:36Z</time></trkpt><trkpt lat="45.484903" lon="25.386915"><ele>988.5</ele><time>2026-07-31T15:13:38Z</time></trkpt><trkpt lat="45.484978" lon="25.386897"><ele>988.2</ele><time>2026-07-31T15:13:40Z</time></trkpt><trkpt lat="45.48508" lon="25.386797"><ele>987.9</ele><time>2026-07-31T15:13:42Z</time></trkpt><trkpt lat="45.485202" lon="25.38672"><ele>987.3</ele><time>2026-07-31T15:13:44Z</time></trkpt><trkpt lat="45.485275" lon="25.386602"><ele>986.1</ele><time>2026-07-31T15:13:46Z</time></trkpt><trkpt lat="45.48537" lon="25.386498"><ele>984.6</ele><time>2026-07-31T15:13:48Z</time></trkpt><trkpt lat="45.485492" lon="25.386532"><ele>983.8</ele><time>2026-07-31T15:13:50Z</time></trkpt><trkpt lat="45.485557" lon="25.386425"><ele>982.4</ele><time>2026-07-31T15:13:52Z</time></trkpt><trkpt lat="45.485618" lon="25.386333"><ele>981.1</ele><time>2026-07-31T15:13:54Z</time></trkpt><trkpt lat="45.485712" lon="25.386392"><ele>979.9</ele><time>2026-07-31T15:13:56Z</time></trkpt><trkpt lat="45.485832" lon="25.386283"><ele>978.9</ele><time>2026-07-31T15:13:58Z</time></trkpt><trkpt lat="45.485915" lon="25.386323"><ele>977.9</ele><time>2026-07-31T15:14:00Z</time></trkpt><trkpt lat="45.486013" lon="25.386313"><ele>977.0</ele><time>2026-07-31T15:14:02Z</time></trkpt><trkpt lat="45.486148" lon="25.38631"><ele>976.1</ele><time>2026-07-31T15:14:04Z</time></trkpt><trkpt lat="45.486225" lon="25.386317"><ele>975.8</ele><time>2026-07-31T15:14:05Z</time></trkpt><trkpt lat="45.486357" lon="25.38634"><ele>974.9</ele><time>2026-07-31T15:14:07Z</time></trkpt><trkpt lat="45.486493" lon="25.386347"><ele>974.3</ele><time>2026-07-31T15:14:09Z</time></trkpt><trkpt lat="45.486592" lon="25.386362"><ele>972.9</ele><time>2026-07-31T15:14:11Z</time></trkpt><trkpt lat="45.486693" lon="25.386378"><ele>971.4</ele><time>2026-07-31T15:14:13Z</time></trkpt><trkpt lat="45.48681" lon="25.386483"><ele>970.2</ele><time>2026-07-31T15:14:15Z</time></trkpt><trkpt lat="45.486878" lon="25.386525"><ele>969.6</ele><time>2026-07-31T15:14:16Z</time></trkpt><trkpt lat="45.486977" lon="25.386562"><ele>968.6</ele><time>2026-07-31T15:14:18Z</time></trkpt><trkpt lat="45.487088" lon="25.38654"><ele>967.6</ele><time>2026-07-31T15:14:20Z</time></trkpt><trkpt lat="45.487093" lon="25.386718"><ele>966.5</ele><time>2026-07-31T15:14:22Z</time></trkpt><trkpt lat="45.48708" lon="25.386853"><ele>965.8</ele><time>2026-07-31T15:14:24Z</time></trkpt><trkpt lat="45.487092" lon="25.38696"><ele>965.4</ele><time>2026-07-31T15:14:27Z</time></trkpt><trkpt lat="45.487133" lon="25.387065"><ele>965.4</ele><time>2026-07-31T15:14:57Z</time></trkpt><trkpt lat="45.487195" lon="25.387122"><ele>965.4</ele><time>2026-07-31T15:15:05Z</time></trkpt><trkpt lat="45.487172" lon="25.387025"><ele>964.8</ele><time>2026-07-31T15:15:14Z</time></trkpt><trkpt lat="45.48724" lon="25.38707"><ele>964.8</ele><time>2026-07-31T15:15:40Z</time></trkpt><trkpt lat="45.487175" lon="25.387015"><ele>967.2</ele><time>2026-07-31T15:44:53Z</time></trkpt><trkpt lat="45.487152" lon="25.38691"><ele>967.4</ele><time>2026-07-31T15:46:22Z</time></trkpt><trkpt lat="45.48717" lon="25.38681"><ele>967.1</ele><time>2026-07-31T15:46:32Z</time></trkpt><trkpt lat="45.487237" lon="25.386735"><ele>966.6</ele><time>2026-07-31T15:46:39Z</time></trkpt><trkpt lat="45.487315" lon="25.38671"><ele>965.8</ele><time>2026-07-31T15:46:44Z</time></trkpt><trkpt lat="45.487393" lon="25.386673"><ele>964.8</ele><time>2026-07-31T15:46:49Z</time></trkpt><trkpt lat="45.487465" lon="25.386627"><ele>963.9</ele><time>2026-07-31T15:46:53Z</time></trkpt><trkpt lat="45.487533" lon="25.386577"><ele>962.9</ele><time>2026-07-31T15:46:56Z</time></trkpt><trkpt lat="45.487618" lon="25.386513"><ele>961.7</ele><time>2026-07-31T15:46:59Z</time></trkpt><trkpt lat="45.487693" lon="25.386465"><ele>960.8</ele><time>2026-07-31T15:47:01Z</time></trkpt><trkpt lat="45.487777" lon="25.386423"><ele>959.5</ele><time>2026-07-31T15:47:03Z</time></trkpt><trkpt lat="45.487857" lon="25.386365"><ele>957.9</ele><time>2026-07-31T15:47:05Z</time></trkpt><trkpt lat="45.487938" lon="25.386315"><ele>956.4</ele><time>2026-07-31T15:47:08Z</time></trkpt><trkpt lat="45.488" lon="25.386373"><ele>953.4</ele><time>2026-07-31T15:53:41Z</time></trkpt><trkpt lat="45.488087" lon="25.386325"><ele>953.1</ele><time>2026-07-31T16:01:04Z</time></trkpt><trkpt lat="45.48816" lon="25.386307"><ele>952.9</ele><time>2026-07-31T16:01:06Z</time></trkpt><trkpt lat="45.488267" lon="25.386262"><ele>952.5</ele><time>2026-07-31T16:01:08Z</time></trkpt><trkpt lat="45.488375" lon="25.38621"><ele>951.7</ele><time>2026-07-31T16:01:10Z</time></trkpt><trkpt lat="45.488497" lon="25.38616"><ele>950.7</ele><time>2026-07-31T16:01:12Z</time></trkpt><trkpt lat="45.488625" lon="25.386108"><ele>949.8</ele><time>2026-07-31T16:01:14Z</time></trkpt><trkpt lat="45.488758" lon="25.386065"><ele>948.8</ele><time>2026-07-31T16:01:16Z</time></trkpt><trkpt lat="45.488875" lon="25.386033"><ele>947.6</ele><time>2026-07-31T16:01:18Z</time></trkpt><trkpt lat="45.488932" lon="25.385907"><ele>946.3</ele><time>2026-07-31T16:01:20Z</time></trkpt><trkpt lat="45.488915" lon="25.385762"><ele>945.8</ele><time>2026-07-31T16:01:22Z</time></trkpt><trkpt lat="45.488865" lon="25.385615"><ele>945.1</ele><time>2026-07-31T16:01:24Z</time></trkpt><trkpt lat="45.48881" lon="25.38544"><ele>944.5</ele><time>2026-07-31T16:01:26Z</time></trkpt><trkpt lat="45.488738" lon="25.38528"><ele>943.4</ele><time>2026-07-31T16:01:28Z</time></trkpt><trkpt lat="45.48861" lon="25.385205"><ele>941.6</ele><time>2026-07-31T16:01:30Z</time></trkpt><trkpt lat="45.488473" lon="25.385177"><ele>939.6</ele><time>2026-07-31T16:01:32Z</time></trkpt><trkpt lat="45.488355" lon="25.385163"><ele>937.5</ele><time>2026-07-31T16:01:34Z</time></trkpt><trkpt lat="45.488228" lon="25.385172"><ele>935.3</ele><time>2026-07-31T16:01:36Z</time></trkpt><trkpt lat="45.488155" lon="25.385153"><ele>934.4</ele><time>2026-07-31T16:01:37Z</time></trkpt><trkpt lat="45.488082" lon="25.385122"><ele>934.4</ele><time>2026-07-31T16:01:38Z</time></trkpt><trkpt lat="45.488002" lon="25.385083"><ele>933.6</ele><time>2026-07-31T16:01:39Z</time></trkpt><trkpt lat="45.48792" lon="25.38505"><ele>932.9</ele><time>2026-07-31T16:01:40Z</time></trkpt><trkpt lat="45.487838" lon="25.385027"><ele>932.3</ele><time>2026-07-31T16:01:41Z</time></trkpt><trkpt lat="45.487767" lon="25.385005"><ele>931.8</ele><time>2026-07-31T16:01:42Z</time></trkpt><trkpt lat="45.487652" lon="25.384948"><ele>930.4</ele><time>2026-07-31T16:01:44Z</time></trkpt><trkpt lat="45.487657" lon="25.384815"><ele>928.7</ele><time>2026-07-31T16:01:46Z</time></trkpt><trkpt lat="45.48776" lon="25.38472"><ele>927.0</ele><time>2026-07-31T16:01:48Z</time></trkpt><trkpt lat="45.487832" lon="25.384727"><ele>926.3</ele><time>2026-07-31T16:01:49Z</time></trkpt><trkpt lat="45.487967" lon="25.384775"><ele>924.9</ele><time>2026-07-31T16:01:51Z</time></trkpt><trkpt lat="45.488105" lon="25.384832"><ele>923.9</ele><time>2026-07-31T16:01:53Z</time></trkpt><trkpt lat="45.488178" lon="25.384847"><ele>923.5</ele><time>2026-07-31T16:01:54Z</time></trkpt><trkpt lat="45.488258" lon="25.384843"><ele>923.2</ele><time>2026-07-31T16:01:55Z</time></trkpt><trkpt lat="45.48834" lon="25.38483"><ele>923.2</ele><time>2026-07-31T16:01:56Z</time></trkpt><trkpt lat="45.48842" lon="25.384813"><ele>922.8</ele><time>2026-07-31T16:01:57Z</time></trkpt><trkpt lat="45.4885" lon="25.384788"><ele>922.5</ele><time>2026-07-31T16:01:58Z</time></trkpt><trkpt lat="45.488583" lon="25.384762"><ele>922.1</ele><time>2026-07-31T16:01:59Z</time></trkpt><trkpt lat="45.488668" lon="25.384737"><ele>921.7</ele><time>2026-07-31T16:02:00Z</time></trkpt><trkpt lat="45.488757" lon="25.384715"><ele>921.1</ele><time>2026-07-31T16:02:01Z</time></trkpt><trkpt lat="45.488843" lon="25.384695"><ele>920.6</ele><time>2026-07-31T16:02:02Z</time></trkpt><trkpt lat="45.488933" lon="25.38467"><ele>920.1</ele><time>2026-07-31T16:02:03Z</time></trkpt><trkpt lat="45.489025" lon="25.384643"><ele>919.6</ele><time>2026-07-31T16:02:04Z</time></trkpt><trkpt lat="45.489115" lon="25.384615"><ele>918.9</ele><time>2026-07-31T16:02:05Z</time></trkpt><trkpt lat="45.489208" lon="25.384593"><ele>918.2</ele><time>2026-07-31T16:02:06Z</time></trkpt><trkpt lat="45.489303" lon="25.38456"><ele>917.7</ele><time>2026-07-31T16:02:07Z</time></trkpt><trkpt lat="45.4894" lon="25.384532"><ele>917.2</ele><time>2026-07-31T16:02:08Z</time></trkpt><trkpt lat="45.4895" lon="25.384507"><ele>916.6</ele><time>2026-07-31T16:02:09Z</time></trkpt><trkpt lat="45.489595" lon="25.384478"><ele>916.4</ele><time>2026-07-31T16:02:10Z</time></trkpt><trkpt lat="45.489698" lon="25.38445"><ele>916.2</ele><time>2026-07-31T16:02:11Z</time></trkpt><trkpt lat="45.4898" lon="25.384418"><ele>915.7</ele><time>2026-07-31T16:02:12Z</time></trkpt><trkpt lat="45.489905" lon="25.38439"><ele>915.7</ele><time>2026-07-31T16:02:13Z</time></trkpt><trkpt lat="45.490012" lon="25.384362"><ele>915.3</ele><time>2026-07-31T16:02:14Z</time></trkpt><trkpt lat="45.490122" lon="25.384338"><ele>914.8</ele><time>2026-07-31T16:02:15Z</time></trkpt><trkpt lat="45.490235" lon="25.384312"><ele>914.1</ele><time>2026-07-31T16:02:16Z</time></trkpt><trkpt lat="45.490342" lon="25.384288"><ele>914.1</ele><time>2026-07-31T16:02:17Z</time></trkpt><trkpt lat="45.490448" lon="25.384245"><ele>913.3</ele><time>2026-07-31T16:02:18Z</time></trkpt><trkpt lat="45.49055" lon="25.384222"><ele>912.6</ele><time>2026-07-31T16:02:19Z</time></trkpt><trkpt lat="45.490642" lon="25.384188"><ele>911.7</ele><time>2026-07-31T16:02:20Z</time></trkpt><trkpt lat="45.490738" lon="25.384163"><ele>911.7</ele><time>2026-07-31T16:02:21Z</time></trkpt><trkpt lat="45.490837" lon="25.384138"><ele>910.8</ele><time>2026-07-31T16:02:22Z</time></trkpt><trkpt lat="45.490937" lon="25.384123"><ele>909.8</ele><time>2026-07-31T16:02:23Z</time></trkpt><trkpt lat="45.49104" lon="25.384127"><ele>908.9</ele><time>2026-07-31T16:02:24Z</time></trkpt><trkpt lat="45.491142" lon="25.384133"><ele>907.9</ele><time>2026-07-31T16:02:25Z</time></trkpt><trkpt lat="45.491243" lon="25.384145"><ele>907.9</ele><time>2026-07-31T16:02:26Z</time></trkpt><trkpt lat="45.491343" lon="25.384157"><ele>907.1</ele><time>2026-07-31T16:02:27Z</time></trkpt><trkpt lat="45.491437" lon="25.384175"><ele>906.3</ele><time>2026-07-31T16:02:28Z</time></trkpt><trkpt lat="45.491537" lon="25.384178"><ele>905.5</ele><time>2026-07-31T16:02:29Z</time></trkpt><trkpt lat="45.491632" lon="25.384158"><ele>905.5</ele><time>2026-07-31T16:02:30Z</time></trkpt><trkpt lat="45.491725" lon="25.384118"><ele>904.7</ele><time>2026-07-31T16:02:31Z</time></trkpt><trkpt lat="45.49182" lon="25.38408"><ele>903.9</ele><time>2026-07-31T16:02:32Z</time></trkpt><trkpt lat="45.491917" lon="25.384048"><ele>903.0</ele><time>2026-07-31T16:02:33Z</time></trkpt><trkpt lat="45.492015" lon="25.384015"><ele>903.0</ele><time>2026-07-31T16:02:34Z</time></trkpt><trkpt lat="45.492112" lon="25.383987"><ele>902.0</ele><time>2026-07-31T16:02:35Z</time></trkpt><trkpt lat="45.492203" lon="25.383953"><ele>901.3</ele><time>2026-07-31T16:02:36Z</time></trkpt><trkpt lat="45.492293" lon="25.38392"><ele>900.6</ele><time>2026-07-31T16:02:37Z</time></trkpt><trkpt lat="45.492382" lon="25.383872"><ele>900.6</ele><time>2026-07-31T16:02:38Z</time></trkpt><trkpt lat="45.492465" lon="25.383813"><ele>899.8</ele><time>2026-07-31T16:02:39Z</time></trkpt><trkpt lat="45.492548" lon="25.383757"><ele>899.2</ele><time>2026-07-31T16:02:40Z</time></trkpt><trkpt lat="45.492637" lon="25.383725"><ele>898.6</ele><time>2026-07-31T16:02:41Z</time></trkpt><trkpt lat="45.492732" lon="25.383707"><ele>898.6</ele><time>2026-07-31T16:02:42Z</time></trkpt><trkpt lat="45.492828" lon="25.383703"><ele>897.9</ele><time>2026-07-31T16:02:43Z</time></trkpt><trkpt lat="45.492923" lon="25.38371"><ele>898.3</ele><time>2026-07-31T16:02:44Z</time></trkpt><trkpt lat="45.493023" lon="25.383722"><ele>897.6</ele><time>2026-07-31T16:02:45Z</time></trkpt><trkpt lat="45.49312" lon="25.38375"><ele>897.6</ele><time>2026-07-31T16:02:46Z</time></trkpt><trkpt lat="45.493213" lon="25.383797"><ele>896.7</ele><time>2026-07-31T16:02:47Z</time></trkpt><trkpt lat="45.493305" lon="25.38384"><ele>896.0</ele><time>2026-07-31T16:02:48Z</time></trkpt><trkpt lat="45.4934" lon="25.383862"><ele>895.2</ele><time>2026-07-31T16:02:49Z</time></trkpt><trkpt lat="45.49349" lon="25.38388"><ele>895.2</ele><time>2026-07-31T16:02:50Z</time></trkpt><trkpt lat="45.493583" lon="25.383908"><ele>894.5</ele><time>2026-07-31T16:02:51Z</time></trkpt><trkpt lat="45.493673" lon="25.383945"><ele>893.9</ele><time>2026-07-31T16:02:52Z</time></trkpt><trkpt lat="45.493762" lon="25.383993"><ele>893.4</ele><time>2026-07-31T16:02:53Z</time></trkpt><trkpt lat="45.493845" lon="25.384058"><ele>893.4</ele><time>2026-07-31T16:02:54Z</time></trkpt><trkpt lat="45.493923" lon="25.384142"><ele>892.9</ele><time>2026-07-31T16:02:55Z</time></trkpt><trkpt lat="45.493998" lon="25.384232"><ele>892.3</ele><time>2026-07-31T16:02:56Z</time></trkpt><trkpt lat="45.49407" lon="25.384323"><ele>891.7</ele><time>2026-07-31T16:02:57Z</time></trkpt><trkpt lat="45.494148" lon="25.384408"><ele>891.7</ele><time>2026-07-31T16:02:58Z</time></trkpt><trkpt lat="45.494235" lon="25.384477"><ele>891.0</ele><time>2026-07-31T16:02:59Z</time></trkpt><trkpt lat="45.494325" lon="25.384523"><ele>890.3</ele><time>2026-07-31T16:03:00Z</time></trkpt><trkpt lat="45.494417" lon="25.38456"><ele>889.7</ele><time>2026-07-31T16:03:01Z</time></trkpt><trkpt lat="45.494513" lon="25.38458"><ele>889.0</ele><time>2026-07-31T16:03:02Z</time></trkpt><trkpt lat="45.494608" lon="25.384615"><ele>888.5</ele><time>2026-07-31T16:03:03Z</time></trkpt><trkpt lat="45.494697" lon="25.384663"><ele>888.1</ele><time>2026-07-31T16:03:04Z</time></trkpt><trkpt lat="45.494788" lon="25.384702"><ele>887.6</ele><time>2026-07-31T16:03:05Z</time></trkpt><trkpt lat="45.494885" lon="25.38471"><ele>887.2</ele><time>2026-07-31T16:03:06Z</time></trkpt><trkpt lat="45.494992" lon="25.38471"><ele>886.8</ele><time>2026-07-31T16:03:07Z</time></trkpt><trkpt lat="45.49507" lon="25.384673"><ele>886.8</ele><time>2026-07-31T16:03:08Z</time></trkpt><trkpt lat="45.495232" lon="25.384598"><ele>886.2</ele><time>2026-07-31T16:03:10Z</time></trkpt><trkpt lat="45.495312" lon="25.384547"><ele>886.0</ele><time>2026-07-31T16:03:11Z</time></trkpt><trkpt lat="45.495395" lon="25.384493"><ele>886.0</ele><time>2026-07-31T16:03:12Z</time></trkpt><trkpt lat="45.49548" lon="25.384442"><ele>885.7</ele><time>2026-07-31T16:03:13Z</time></trkpt><trkpt lat="45.495563" lon="25.384405"><ele>885.2</ele><time>2026-07-31T16:03:14Z</time></trkpt><trkpt lat="45.495652" lon="25.38439"><ele>884.5</ele><time>2026-07-31T16:03:15Z</time></trkpt><trkpt lat="45.495737" lon="25.384383"><ele>884.5</ele><time>2026-07-31T16:03:16Z</time></trkpt><trkpt lat="45.495813" lon="25.384383"><ele>883.8</ele><time>2026-07-31T16:03:17Z</time></trkpt><trkpt lat="45.495945" lon="25.384388"><ele>882.2</ele><time>2026-07-31T16:03:19Z</time></trkpt><trkpt lat="45.49608" lon="25.384392"><ele>881.4</ele><time>2026-07-31T16:03:21Z</time></trkpt><trkpt lat="45.496222" lon="25.384392"><ele>880.2</ele><time>2026-07-31T16:03:23Z</time></trkpt><trkpt lat="45.496298" lon="25.384392"><ele>879.6</ele><time>2026-07-31T16:03:24Z</time></trkpt><trkpt lat="45.496377" lon="25.384387"><ele>879.6</ele><time>2026-07-31T16:03:25Z</time></trkpt><trkpt lat="45.496458" lon="25.384385"><ele>879.0</ele><time>2026-07-31T16:03:26Z</time></trkpt><trkpt lat="45.496542" lon="25.38438"><ele>878.4</ele><time>2026-07-31T16:03:27Z</time></trkpt><trkpt lat="45.496623" lon="25.384372"><ele>877.7</ele><time>2026-07-31T16:03:28Z</time></trkpt><trkpt lat="45.496705" lon="25.384362"><ele>877.7</ele><time>2026-07-31T16:03:29Z</time></trkpt><trkpt lat="45.496785" lon="25.384352"><ele>877.1</ele><time>2026-07-31T16:03:30Z</time></trkpt><trkpt lat="45.496865" lon="25.384342"><ele>876.5</ele><time>2026-07-31T16:03:31Z</time></trkpt><trkpt lat="45.496947" lon="25.38433"><ele>876.0</ele><time>2026-07-31T16:03:32Z</time></trkpt><trkpt lat="45.497032" lon="25.38432"><ele>876.0</ele><time>2026-07-31T16:03:33Z</time></trkpt><trkpt lat="45.497118" lon="25.384307"><ele>875.6</ele><time>2026-07-31T16:03:34Z</time></trkpt><trkpt lat="45.497205" lon="25.384283"><ele>875.1</ele><time>2026-07-31T16:03:35Z</time></trkpt><trkpt lat="45.497292" lon="25.384263"><ele>874.5</ele><time>2026-07-31T16:03:36Z</time></trkpt><trkpt lat="45.497378" lon="25.384248"><ele>874.5</ele><time>2026-07-31T16:03:37Z</time></trkpt><trkpt lat="45.49747" lon="25.38423"><ele>874.0</ele><time>2026-07-31T16:03:38Z</time></trkpt><trkpt lat="45.49756" lon="25.384215"><ele>873.5</ele><time>2026-07-31T16:03:39Z</time></trkpt><trkpt lat="45.497648" lon="25.384192"><ele>872.9</ele><time>2026-07-31T16:03:40Z</time></trkpt><trkpt lat="45.49774" lon="25.384168"><ele>872.9</ele><time>2026-07-31T16:03:41Z</time></trkpt><trkpt lat="45.497832" lon="25.38414"><ele>872.3</ele><time>2026-07-31T16:03:42Z</time></trkpt><trkpt lat="45.497925" lon="25.384115"><ele>871.6</ele><time>2026-07-31T16:03:43Z</time></trkpt><trkpt lat="45.498023" lon="25.384088"><ele>870.8</ele><time>2026-07-31T16:03:44Z</time></trkpt><trkpt lat="45.498112" lon="25.384062"><ele>870.8</ele><time>2026-07-31T16:03:45Z</time></trkpt><trkpt lat="45.498213" lon="25.38404"><ele>870.0</ele><time>2026-07-31T16:03:46Z</time></trkpt><trkpt lat="45.498312" lon="25.38402"><ele>869.2</ele><time>2026-07-31T16:03:47Z</time></trkpt><trkpt lat="45.498407" lon="25.384003"><ele>868.4</ele><time>2026-07-31T16:03:48Z</time></trkpt><trkpt lat="45.4985" lon="25.383993"><ele>868.4</ele><time>2026-07-31T16:03:49Z</time></trkpt><trkpt lat="45.498588" lon="25.384"><ele>867.6</ele><time>2026-07-31T16:03:50Z</time></trkpt><trkpt lat="45.498678" lon="25.384017"><ele>866.7</ele><time>2026-07-31T16:03:51Z</time></trkpt><trkpt lat="45.498765" lon="25.384027"><ele>865.9</ele><time>2026-07-31T16:03:52Z</time></trkpt><trkpt lat="45.498845" lon="25.384023"><ele>865.9</ele><time>2026-07-31T16:03:53Z</time></trkpt><trkpt lat="45.498925" lon="25.383997"><ele>865.1</ele><time>2026-07-31T16:03:54Z</time></trkpt><trkpt lat="45.499003" lon="25.38395"><ele>864.2</ele><time>2026-07-31T16:03:55Z</time></trkpt><trkpt lat="45.499082" lon="25.383898"><ele>863.5</ele><time>2026-07-31T16:03:56Z</time></trkpt><trkpt lat="45.499158" lon="25.383847"><ele>863.5</ele><time>2026-07-31T16:03:57Z</time></trkpt><trkpt lat="45.499233" lon="25.383788"><ele>862.9</ele><time>2026-07-31T16:03:58Z</time></trkpt><trkpt lat="45.499307" lon="25.38373"><ele>862.4</ele><time>2026-07-31T16:03:59Z</time></trkpt><trkpt lat="45.499385" lon="25.38368"><ele>862.0</ele><time>2026-07-31T16:04:00Z</time></trkpt><trkpt lat="45.499468" lon="25.38365"><ele>861.7</ele><time>2026-07-31T16:04:01Z</time></trkpt><trkpt lat="45.499552" lon="25.383632"><ele>861.7</ele><time>2026-07-31T16:04:02Z</time></trkpt><trkpt lat="45.499637" lon="25.383643"><ele>861.3</ele><time>2026-07-31T16:04:03Z</time></trkpt><trkpt lat="45.49972" lon="25.383685"><ele>860.8</ele><time>2026-07-31T16:04:04Z</time></trkpt><trkpt lat="45.499795" lon="25.38375"><ele>860.2</ele><time>2026-07-31T16:04:05Z</time></trkpt><trkpt lat="45.499867" lon="25.383815"><ele>860.2</ele><time>2026-07-31T16:04:06Z</time></trkpt><trkpt lat="45.499937" lon="25.383873"><ele>859.7</ele><time>2026-07-31T16:04:07Z</time></trkpt><trkpt lat="45.500003" lon="25.38393"><ele>859.2</ele><time>2026-07-31T16:04:08Z</time></trkpt><trkpt lat="45.500067" lon="25.383983"><ele>858.7</ele><time>2026-07-31T16:04:09Z</time></trkpt><trkpt lat="45.50013" lon="25.384033"><ele>858.7</ele><time>2026-07-31T16:04:10Z</time></trkpt><trkpt lat="45.500263" lon="25.384107"><ele>857.9</ele><time>2026-07-31T16:04:12Z</time></trkpt><trkpt lat="45.500408" lon="25.3841"><ele>857.4</ele><time>2026-07-31T16:04:14Z</time></trkpt><trkpt lat="45.50048" lon="25.384077"><ele>857.0</ele><time>2026-07-31T16:04:15Z</time></trkpt><trkpt lat="45.500617" lon="25.384022"><ele>856.3</ele><time>2026-07-31T16:04:17Z</time></trkpt><trkpt lat="45.500747" lon="25.383973"><ele>856.1</ele><time>2026-07-31T16:04:19Z</time></trkpt><trkpt lat="45.500868" lon="25.383978"><ele>855.8</ele><time>2026-07-31T16:04:21Z</time></trkpt><trkpt lat="45.500985" lon="25.383985"><ele>855.6</ele><time>2026-07-31T16:04:23Z</time></trkpt><trkpt lat="45.5011" lon="25.383898"><ele>855.1</ele><time>2026-07-31T16:04:25Z</time></trkpt><trkpt lat="45.501217" lon="25.383777"><ele>854.8</ele><time>2026-07-31T16:04:27Z</time></trkpt><trkpt lat="45.501273" lon="25.383712"><ele>854.5</ele><time>2026-07-31T16:04:28Z</time></trkpt><trkpt lat="45.501382" lon="25.383587"><ele>854.2</ele><time>2026-07-31T16:04:30Z</time></trkpt><trkpt lat="45.501508" lon="25.383508"><ele>853.5</ele><time>2026-07-31T16:04:32Z</time></trkpt><trkpt lat="45.501643" lon="25.383492"><ele>853.1</ele><time>2026-07-31T16:04:34Z</time></trkpt><trkpt lat="45.501783" lon="25.383452"><ele>852.2</ele><time>2026-07-31T16:04:36Z</time></trkpt><trkpt lat="45.501852" lon="25.383398"><ele>851.7</ele><time>2026-07-31T16:04:37Z</time></trkpt><trkpt lat="45.501918" lon="25.383333"><ele>851.2</ele><time>2026-07-31T16:04:38Z</time></trkpt><trkpt lat="45.501983" lon="25.38326"><ele>851.2</ele><time>2026-07-31T16:04:39Z</time></trkpt><trkpt lat="45.50205" lon="25.38319"><ele>850.5</ele><time>2026-07-31T16:04:40Z</time></trkpt><trkpt lat="45.502118" lon="25.383118"><ele>849.9</ele><time>2026-07-31T16:04:41Z</time></trkpt><trkpt lat="45.502188" lon="25.383052"><ele>849.4</ele><time>2026-07-31T16:04:42Z</time></trkpt><trkpt lat="45.502263" lon="25.382995"><ele>849.4</ele><time>2026-07-31T16:04:43Z</time></trkpt><trkpt lat="45.502343" lon="25.382957"><ele>849.0</ele><time>2026-07-31T16:04:44Z</time></trkpt><trkpt lat="45.50243" lon="25.382935"><ele>848.5</ele><time>2026-07-31T16:04:45Z</time></trkpt><trkpt lat="45.50252" lon="25.382925"><ele>848.0</ele><time>2026-07-31T16:04:46Z</time></trkpt><trkpt lat="45.502608" lon="25.382918"><ele>848.0</ele><time>2026-07-31T16:04:47Z</time></trkpt><trkpt lat="45.502697" lon="25.382902"><ele>847.5</ele><time>2026-07-31T16:04:48Z</time></trkpt><trkpt lat="45.502782" lon="25.382883"><ele>847.0</ele><time>2026-07-31T16:04:49Z</time></trkpt><trkpt lat="45.502865" lon="25.382862"><ele>846.5</ele><time>2026-07-31T16:04:50Z</time></trkpt><trkpt lat="45.502947" lon="25.382833"><ele>846.5</ele><time>2026-07-31T16:04:51Z</time></trkpt><trkpt lat="45.503027" lon="25.382807"><ele>846.0</ele><time>2026-07-31T16:04:52Z</time></trkpt><trkpt lat="45.503107" lon="25.382785"><ele>845.6</ele><time>2026-07-31T16:04:53Z</time></trkpt><trkpt lat="45.503185" lon="25.382778"><ele>845.3</ele><time>2026-07-31T16:04:54Z</time></trkpt><trkpt lat="45.503262" lon="25.382768"><ele>845.3</ele><time>2026-07-31T16:04:55Z</time></trkpt><trkpt lat="45.503337" lon="25.382757"><ele>844.9</ele><time>2026-07-31T16:04:56Z</time></trkpt><trkpt lat="45.503415" lon="25.382737"><ele>844.5</ele><time>2026-07-31T16:04:57Z</time></trkpt><trkpt lat="45.503493" lon="25.382708"><ele>844.1</ele><time>2026-07-31T16:04:58Z</time></trkpt><trkpt lat="45.503575" lon="25.38267"><ele>844.1</ele><time>2026-07-31T16:04:59Z</time></trkpt><trkpt lat="45.503657" lon="25.382623"><ele>843.7</ele><time>2026-07-31T16:05:00Z</time></trkpt><trkpt lat="45.50374" lon="25.382577"><ele>843.3</ele><time>2026-07-31T16:05:01Z</time></trkpt><trkpt lat="45.503825" lon="25.382532"><ele>842.7</ele><time>2026-07-31T16:05:02Z</time></trkpt><trkpt lat="45.50391" lon="25.382492"><ele>842.7</ele><time>2026-07-31T16:05:03Z</time></trkpt><trkpt lat="45.503997" lon="25.382458"><ele>842.0</ele><time>2026-07-31T16:05:04Z</time></trkpt><trkpt lat="45.504083" lon="25.382428"><ele>841.4</ele><time>2026-07-31T16:05:05Z</time></trkpt><trkpt lat="45.504172" lon="25.382403"><ele>840.8</ele><time>2026-07-31T16:05:06Z</time></trkpt><trkpt lat="45.504258" lon="25.38238"><ele>840.8</ele><time>2026-07-31T16:05:07Z</time></trkpt><trkpt lat="45.504345" lon="25.382355"><ele>840.2</ele><time>2026-07-31T16:05:08Z</time></trkpt><trkpt lat="45.504433" lon="25.38233"><ele>839.6</ele><time>2026-07-31T16:05:09Z</time></trkpt><trkpt lat="45.504522" lon="25.382305"><ele>839.0</ele><time>2026-07-31T16:05:10Z</time></trkpt><trkpt lat="45.504612" lon="25.382278"><ele>839.0</ele><time>2026-07-31T16:05:11Z</time></trkpt><trkpt lat="45.504698" lon="25.382243"><ele>838.5</ele><time>2026-07-31T16:05:12Z</time></trkpt><trkpt lat="45.504782" lon="25.382203"><ele>838.0</ele><time>2026-07-31T16:05:13Z</time></trkpt><trkpt lat="45.504862" lon="25.382155"><ele>837.5</ele><time>2026-07-31T16:05:14Z</time></trkpt><trkpt lat="45.504938" lon="25.3821"><ele>837.5</ele><time>2026-07-31T16:05:15Z</time></trkpt><trkpt lat="45.505015" lon="25.38205"><ele>837.1</ele><time>2026-07-31T16:05:16Z</time></trkpt><trkpt lat="45.505093" lon="25.382002"><ele>836.8</ele><time>2026-07-31T16:05:17Z</time></trkpt><trkpt lat="45.50517" lon="25.381955"><ele>836.5</ele><time>2026-07-31T16:05:18Z</time></trkpt><trkpt lat="45.505245" lon="25.381905"><ele>836.1</ele><time>2026-07-31T16:05:19Z</time></trkpt><trkpt lat="45.505322" lon="25.38186"><ele>836.1</ele><time>2026-07-31T16:05:20Z</time></trkpt><trkpt lat="45.505393" lon="25.381807"><ele>835.8</ele><time>2026-07-31T16:05:21Z</time></trkpt><trkpt lat="45.505463" lon="25.381742"><ele>835.5</ele><time>2026-07-31T16:05:22Z</time></trkpt><trkpt lat="45.505535" lon="25.381675"><ele>835.2</ele><time>2026-07-31T16:05:23Z</time></trkpt><trkpt lat="45.505607" lon="25.381618"><ele>835.2</ele><time>2026-07-31T16:05:24Z</time></trkpt><trkpt lat="45.505682" lon="25.381567"><ele>834.9</ele><time>2026-07-31T16:05:25Z</time></trkpt><trkpt lat="45.505763" lon="25.38153"><ele>834.5</ele><time>2026-07-31T16:05:26Z</time></trkpt><trkpt lat="45.505845" lon="25.3815"><ele>834.1</ele><time>2026-07-31T16:05:27Z</time></trkpt><trkpt lat="45.505927" lon="25.381475"><ele>834.1</ele><time>2026-07-31T16:05:28Z</time></trkpt><trkpt lat="45.506012" lon="25.381453"><ele>833.7</ele><time>2026-07-31T16:05:29Z</time></trkpt><trkpt lat="45.506098" lon="25.381435"><ele>833.3</ele><time>2026-07-31T16:05:30Z</time></trkpt><trkpt lat="45.506185" lon="25.381415"><ele>832.8</ele><time>2026-07-31T16:05:31Z</time></trkpt><trkpt lat="45.50627" lon="25.381392"><ele>832.8</ele><time>2026-07-31T16:05:32Z</time></trkpt><trkpt lat="45.506355" lon="25.38136"><ele>832.4</ele><time>2026-07-31T16:05:33Z</time></trkpt><trkpt lat="45.506442" lon="25.381327"><ele>832.0</ele><time>2026-07-31T16:05:34Z</time></trkpt><trkpt lat="45.506523" lon="25.381292"><ele>831.5</ele><time>2026-07-31T16:05:35Z</time></trkpt><trkpt lat="45.506607" lon="25.381255"><ele>831.5</ele><time>2026-07-31T16:05:36Z</time></trkpt><trkpt lat="45.50669" lon="25.381225"><ele>831.1</ele><time>2026-07-31T16:05:37Z</time></trkpt><trkpt lat="45.506772" lon="25.3812"><ele>830.7</ele><time>2026-07-31T16:05:38Z</time></trkpt><trkpt lat="45.506855" lon="25.381178"><ele>830.4</ele><time>2026-07-31T16:05:39Z</time></trkpt><trkpt lat="45.50694" lon="25.381163"><ele>830.4</ele><time>2026-07-31T16:05:40Z</time></trkpt><trkpt lat="45.507028" lon="25.381148"><ele>830.0</ele><time>2026-07-31T16:05:41Z</time></trkpt><trkpt lat="45.507117" lon="25.381133"><ele>829.6</ele><time>2026-07-31T16:05:42Z</time></trkpt><trkpt lat="45.507205" lon="25.381107"><ele>829.1</ele><time>2026-07-31T16:05:43Z</time></trkpt><trkpt lat="45.507293" lon="25.381073"><ele>829.1</ele><time>2026-07-31T16:05:44Z</time></trkpt><trkpt lat="45.50738" lon="25.381033"><ele>828.6</ele><time>2026-07-31T16:05:45Z</time></trkpt><trkpt lat="45.507465" lon="25.380992"><ele>828.0</ele><time>2026-07-31T16:05:46Z</time></trkpt><trkpt lat="45.507548" lon="25.38095"><ele>827.5</ele><time>2026-07-31T16:05:47Z</time></trkpt><trkpt lat="45.507632" lon="25.38091"><ele>827.5</ele><time>2026-07-31T16:05:48Z</time></trkpt><trkpt lat="45.507715" lon="25.380877"><ele>827.0</ele><time>2026-07-31T16:05:49Z</time></trkpt><trkpt lat="45.5078" lon="25.380852"><ele>826.5</ele><time>2026-07-31T16:05:50Z</time></trkpt><trkpt lat="45.507887" lon="25.380832"><ele>826.1</ele><time>2026-07-31T16:05:51Z</time></trkpt><trkpt lat="45.507973" lon="25.38082"><ele>826.1</ele><time>2026-07-31T16:05:52Z</time></trkpt><trkpt lat="45.50806" lon="25.380818"><ele>825.7</ele><time>2026-07-31T16:05:53Z</time></trkpt><trkpt lat="45.50815" lon="25.380817"><ele>825.3</ele><time>2026-07-31T16:05:54Z</time></trkpt><trkpt lat="45.508243" lon="25.38081"><ele>824.9</ele><time>2026-07-31T16:05:55Z</time></trkpt><trkpt lat="45.508332" lon="25.380798"><ele>824.4</ele><time>2026-07-31T16:05:56Z</time></trkpt><trkpt lat="45.50842" lon="25.380772"><ele>824.4</ele><time>2026-07-31T16:05:57Z</time></trkpt><trkpt lat="45.508507" lon="25.380735"><ele>823.9</ele><time>2026-07-31T16:05:58Z</time></trkpt><trkpt lat="45.50859" lon="25.380685"><ele>823.4</ele><time>2026-07-31T16:05:59Z</time></trkpt><trkpt lat="45.508668" lon="25.380627"><ele>822.9</ele><time>2026-07-31T16:06:00Z</time></trkpt><trkpt lat="45.508747" lon="25.38056"><ele>822.9</ele><time>2026-07-31T16:06:01Z</time></trkpt><trkpt lat="45.508818" lon="25.380485"><ele>822.4</ele><time>2026-07-31T16:06:02Z</time></trkpt><trkpt lat="45.508892" lon="25.380407"><ele>822.0</ele><time>2026-07-31T16:06:03Z</time></trkpt><trkpt lat="45.508965" lon="25.380327"><ele>821.5</ele><time>2026-07-31T16:06:04Z</time></trkpt><trkpt lat="45.509042" lon="25.380252"><ele>821.5</ele><time>2026-07-31T16:06:05Z</time></trkpt><trkpt lat="45.50912" lon="25.380182"><ele>821.1</ele><time>2026-07-31T16:06:06Z</time></trkpt><trkpt lat="45.509205" lon="25.380118"><ele>820.6</ele><time>2026-07-31T16:06:07Z</time></trkpt><trkpt lat="45.509288" lon="25.380053"><ele>820.0</ele><time>2026-07-31T16:06:08Z</time></trkpt><trkpt lat="45.509372" lon="25.379995"><ele>820.0</ele><time>2026-07-31T16:06:09Z</time></trkpt><trkpt lat="45.509457" lon="25.379943"><ele>819.5</ele><time>2026-07-31T16:06:10Z</time></trkpt><trkpt lat="45.50954" lon="25.379885"><ele>819.0</ele><time>2026-07-31T16:06:11Z</time></trkpt><trkpt lat="45.509625" lon="25.379835"><ele>818.5</ele><time>2026-07-31T16:06:12Z</time></trkpt><trkpt lat="45.50971" lon="25.379785"><ele>818.5</ele><time>2026-07-31T16:06:13Z</time></trkpt><trkpt lat="45.509795" lon="25.379737"><ele>818.0</ele><time>2026-07-31T16:06:14Z</time></trkpt><trkpt lat="45.509882" lon="25.379688"><ele>817.5</ele><time>2026-07-31T16:06:15Z</time></trkpt><trkpt lat="45.509968" lon="25.379643"><ele>817.0</ele><time>2026-07-31T16:06:16Z</time></trkpt><trkpt lat="45.510052" lon="25.379602"><ele>817.0</ele><time>2026-07-31T16:06:17Z</time></trkpt><trkpt lat="45.510137" lon="25.37956"><ele>816.6</ele><time>2026-07-31T16:06:18Z</time></trkpt><trkpt lat="45.510218" lon="25.379518"><ele>816.2</ele><time>2026-07-31T16:06:19Z</time></trkpt><trkpt lat="45.5103" lon="25.37947"><ele>815.8</ele><time>2026-07-31T16:06:20Z</time></trkpt><trkpt lat="45.510377" lon="25.379418"><ele>815.8</ele><time>2026-07-31T16:06:21Z</time></trkpt><trkpt lat="45.510453" lon="25.379363"><ele>815.4</ele><time>2026-07-31T16:06:22Z</time></trkpt><trkpt lat="45.510527" lon="25.379308"><ele>815.1</ele><time>2026-07-31T16:06:23Z</time></trkpt><trkpt lat="45.5106" lon="25.37925"><ele>814.8</ele><time>2026-07-31T16:06:24Z</time></trkpt><trkpt lat="45.510668" lon="25.379187"><ele>814.8</ele><time>2026-07-31T16:06:25Z</time></trkpt><trkpt lat="45.510737" lon="25.379122"><ele>814.4</ele><time>2026-07-31T16:06:26Z</time></trkpt><trkpt lat="45.510807" lon="25.379058"><ele>814.0</ele><time>2026-07-31T16:06:27Z</time></trkpt><trkpt lat="45.510875" lon="25.378993"><ele>813.6</ele><time>2026-07-31T16:06:28Z</time></trkpt><trkpt lat="45.510945" lon="25.378925"><ele>813.6</ele><time>2026-07-31T16:06:29Z</time></trkpt><trkpt lat="45.511013" lon="25.378853"><ele>813.3</ele><time>2026-07-31T16:06:30Z</time></trkpt><trkpt lat="45.511082" lon="25.37878"><ele>812.7</ele><time>2026-07-31T16:06:31Z</time></trkpt><trkpt lat="45.511152" lon="25.378712"><ele>811.9</ele><time>2026-07-31T16:06:32Z</time></trkpt><trkpt lat="45.511227" lon="25.378652"><ele>811.4</ele><time>2026-07-31T16:06:33Z</time></trkpt><trkpt lat="45.511305" lon="25.378603"><ele>811.4</ele><time>2026-07-31T16:06:34Z</time></trkpt><trkpt lat="45.511388" lon="25.378558"><ele>810.8</ele><time>2026-07-31T16:06:35Z</time></trkpt><trkpt lat="45.511467" lon="25.37851"><ele>810.3</ele><time>2026-07-31T16:06:36Z</time></trkpt><trkpt lat="45.511547" lon="25.378458"><ele>809.9</ele><time>2026-07-31T16:06:38Z</time></trkpt><trkpt lat="45.511625" lon="25.378388"><ele>809.9</ele><time>2026-07-31T16:06:39Z</time></trkpt><trkpt lat="45.511693" lon="25.378298"><ele>809.7</ele><time>2026-07-31T16:06:40Z</time></trkpt><trkpt lat="45.511748" lon="25.378192"><ele>809.2</ele><time>2026-07-31T16:06:41Z</time></trkpt><trkpt lat="45.511792" lon="25.378073"><ele>808.6</ele><time>2026-07-31T16:06:42Z</time></trkpt><trkpt lat="45.51183" lon="25.377952"><ele>808.6</ele><time>2026-07-31T16:06:43Z</time></trkpt><trkpt lat="45.511867" lon="25.377828"><ele>808.0</ele><time>2026-07-31T16:06:44Z</time></trkpt><trkpt lat="45.511907" lon="25.377702"><ele>807.4</ele><time>2026-07-31T16:06:45Z</time></trkpt><trkpt lat="45.511947" lon="25.377577"><ele>806.7</ele><time>2026-07-31T16:06:46Z</time></trkpt><trkpt lat="45.511988" lon="25.37745"><ele>806.7</ele><time>2026-07-31T16:06:47Z</time></trkpt><trkpt lat="45.512025" lon="25.377325"><ele>806.0</ele><time>2026-07-31T16:06:48Z</time></trkpt><trkpt lat="45.512062" lon="25.3772"><ele>805.3</ele><time>2026-07-31T16:06:49Z</time></trkpt><trkpt lat="45.512095" lon="25.377075"><ele>804.6</ele><time>2026-07-31T16:06:50Z</time></trkpt><trkpt lat="45.512128" lon="25.376952"><ele>804.6</ele><time>2026-07-31T16:06:51Z</time></trkpt><trkpt lat="45.51216" lon="25.376828"><ele>804.0</ele><time>2026-07-31T16:06:52Z</time></trkpt><trkpt lat="45.512193" lon="25.376707"><ele>803.6</ele><time>2026-07-31T16:06:53Z</time></trkpt><trkpt lat="45.512235" lon="25.376593"><ele>803.1</ele><time>2026-07-31T16:06:54Z</time></trkpt><trkpt lat="45.51229" lon="25.376487"><ele>803.1</ele><time>2026-07-31T16:06:55Z</time></trkpt><trkpt lat="45.512353" lon="25.376392"><ele>802.7</ele><time>2026-07-31T16:06:56Z</time></trkpt><trkpt lat="45.512422" lon="25.376303"><ele>802.2</ele><time>2026-07-31T16:06:57Z</time></trkpt><trkpt lat="45.51249" lon="25.376218"><ele>801.7</ele><time>2026-07-31T16:06:58Z</time></trkpt><trkpt lat="45.51256" lon="25.376137"><ele>801.7</ele><time>2026-07-31T16:06:59Z</time></trkpt><trkpt lat="45.512628" lon="25.376055"><ele>801.2</ele><time>2026-07-31T16:07:00Z</time></trkpt><trkpt lat="45.512695" lon="25.375973"><ele>800.7</ele><time>2026-07-31T16:07:01Z</time></trkpt><trkpt lat="45.51276" lon="25.375897"><ele>800.3</ele><time>2026-07-31T16:07:02Z</time></trkpt><trkpt lat="45.51282" lon="25.375818"><ele>800.3</ele><time>2026-07-31T16:07:03Z</time></trkpt><trkpt lat="45.512877" lon="25.375738"><ele>800.0</ele><time>2026-07-31T16:07:04Z</time></trkpt><trkpt lat="45.512928" lon="25.375655"><ele>799.8</ele><time>2026-07-31T16:07:05Z</time></trkpt><trkpt lat="45.512978" lon="25.375577"><ele>799.6</ele><time>2026-07-31T16:07:06Z</time></trkpt><trkpt lat="45.513053" lon="25.375418"><ele>799.5</ele><time>2026-07-31T16:07:08Z</time></trkpt><trkpt lat="45.513095" lon="25.37526"><ele>799.4</ele><time>2026-07-31T16:07:10Z</time></trkpt><trkpt lat="45.513117" lon="25.375128"><ele>799.5</ele><time>2026-07-31T16:07:12Z</time></trkpt><trkpt lat="45.513138" lon="25.375027"><ele>799.9</ele><time>2026-07-31T16:07:14Z</time></trkpt><trkpt lat="45.513203" lon="25.374898"><ele>800.3</ele><time>2026-07-31T16:07:17Z</time></trkpt><trkpt lat="45.513248" lon="25.374802"><ele>800.5</ele><time>2026-07-31T16:07:19Z</time></trkpt><trkpt lat="45.51329" lon="25.374697"><ele>800.5</ele><time>2026-07-31T16:07:21Z</time></trkpt><trkpt lat="45.513338" lon="25.374593"><ele>800.3</ele><time>2026-07-31T16:07:23Z</time></trkpt><trkpt lat="45.513392" lon="25.374498"><ele>800.3</ele><time>2026-07-31T16:07:25Z</time></trkpt><trkpt lat="45.513422" lon="25.3744"><ele>800.0</ele><time>2026-07-31T16:07:27Z</time></trkpt><trkpt lat="45.513453" lon="25.374298"><ele>799.8</ele><time>2026-07-31T16:07:29Z</time></trkpt><trkpt lat="45.513495" lon="25.374183"><ele>799.5</ele><time>2026-07-31T16:07:31Z</time></trkpt><trkpt lat="45.51355" lon="25.374065"><ele>799.3</ele><time>2026-07-31T16:07:33Z</time></trkpt><trkpt lat="45.513637" lon="25.37397"><ele>799.0</ele><time>2026-07-31T16:07:35Z</time></trkpt><trkpt lat="45.513745" lon="25.37389"><ele>798.7</ele><time>2026-07-31T16:07:37Z</time></trkpt><trkpt lat="45.513863" lon="25.373818"><ele>798.1</ele><time>2026-07-31T16:07:39Z</time></trkpt><trkpt lat="45.513987" lon="25.373733"><ele>797.8</ele><time>2026-07-31T16:07:41Z</time></trkpt><trkpt lat="45.514048" lon="25.373682"><ele>797.5</ele><time>2026-07-31T16:07:42Z</time></trkpt><trkpt lat="45.514108" lon="25.37362"><ele>797.2</ele><time>2026-07-31T16:07:43Z</time></trkpt><trkpt lat="45.514165" lon="25.373553"><ele>797.2</ele><time>2026-07-31T16:07:44Z</time></trkpt><trkpt lat="45.51422" lon="25.373483"><ele>796.8</ele><time>2026-07-31T16:07:45Z</time></trkpt><trkpt lat="45.514275" lon="25.373408"><ele>796.5</ele><time>2026-07-31T16:07:46Z</time></trkpt><trkpt lat="45.51433" lon="25.373335"><ele>796.1</ele><time>2026-07-31T16:07:47Z</time></trkpt><trkpt lat="45.514385" lon="25.373257"><ele>795.7</ele><time>2026-07-31T16:07:48Z</time></trkpt><trkpt lat="45.514442" lon="25.37318"><ele>795.7</ele><time>2026-07-31T16:07:49Z</time></trkpt><trkpt lat="45.514502" lon="25.373107"><ele>795.4</ele><time>2026-07-31T16:07:50Z</time></trkpt><trkpt lat="45.514565" lon="25.373037"><ele>795.0</ele><time>2026-07-31T16:07:51Z</time></trkpt><trkpt lat="45.51463" lon="25.372973"><ele>794.6</ele><time>2026-07-31T16:07:52Z</time></trkpt><trkpt lat="45.5147" lon="25.372917"><ele>794.6</ele><time>2026-07-31T16:07:52Z</time></trkpt><trkpt lat="45.51477" lon="25.372863"><ele>794.2</ele><time>2026-07-31T16:07:53Z</time></trkpt><trkpt lat="45.514842" lon="25.372813"><ele>793.7</ele><time>2026-07-31T16:07:54Z</time></trkpt><trkpt lat="45.51491" lon="25.37276"><ele>793.3</ele><time>2026-07-31T16:07:55Z</time></trkpt><trkpt lat="45.514977" lon="25.372697"><ele>793.3</ele><time>2026-07-31T16:07:56Z</time></trkpt><trkpt lat="45.515043" lon="25.372632"><ele>793.0</ele><time>2026-07-31T16:07:57Z</time></trkpt><trkpt lat="45.515105" lon="25.372553"><ele>792.7</ele><time>2026-07-31T16:07:58Z</time></trkpt><trkpt lat="45.515163" lon="25.372472"><ele>792.5</ele><time>2026-07-31T16:07:59Z</time></trkpt><trkpt lat="45.515217" lon="25.372383"><ele>792.5</ele><time>2026-07-31T16:08:00Z</time></trkpt><trkpt lat="45.515268" lon="25.372292"><ele>792.2</ele><time>2026-07-31T16:08:01Z</time></trkpt><trkpt lat="45.515322" lon="25.3722"><ele>791.9</ele><time>2026-07-31T16:08:02Z</time></trkpt><trkpt lat="45.515378" lon="25.372112"><ele>791.5</ele><time>2026-07-31T16:08:03Z</time></trkpt><trkpt lat="45.515438" lon="25.372028"><ele>791.5</ele><time>2026-07-31T16:08:04Z</time></trkpt><trkpt lat="45.515497" lon="25.371943"><ele>791.1</ele><time>2026-07-31T16:08:05Z</time></trkpt><trkpt lat="45.515552" lon="25.371853"><ele>790.7</ele><time>2026-07-31T16:08:06Z</time></trkpt><trkpt lat="45.515612" lon="25.37177"><ele>790.2</ele><time>2026-07-31T16:08:07Z</time></trkpt><trkpt lat="45.515673" lon="25.371688"><ele>790.2</ele><time>2026-07-31T16:08:08Z</time></trkpt><trkpt lat="45.515727" lon="25.371597"><ele>789.8</ele><time>2026-07-31T16:08:09Z</time></trkpt><trkpt lat="45.515775" lon="25.371502"><ele>789.4</ele><time>2026-07-31T16:08:10Z</time></trkpt><trkpt lat="45.515822" lon="25.371407"><ele>789.0</ele><time>2026-07-31T16:08:11Z</time></trkpt><trkpt lat="45.515867" lon="25.371313"><ele>789.0</ele><time>2026-07-31T16:08:12Z</time></trkpt><trkpt lat="45.515905" lon="25.371213"><ele>788.5</ele><time>2026-07-31T16:08:13Z</time></trkpt><trkpt lat="45.515943" lon="25.371117"><ele>788.1</ele><time>2026-07-31T16:08:14Z</time></trkpt><trkpt lat="45.515982" lon="25.371028"><ele>787.8</ele><time>2026-07-31T16:08:15Z</time></trkpt><trkpt lat="45.51605" lon="25.370877"><ele>787.3</ele><time>2026-07-31T16:08:17Z</time></trkpt><trkpt lat="45.516102" lon="25.37077"><ele>786.5</ele><time>2026-07-31T16:08:19Z</time></trkpt><trkpt lat="45.516147" lon="25.370677"><ele>785.6</ele><time>2026-07-31T16:08:22Z</time></trkpt><trkpt lat="45.516158" lon="25.370562"><ele>784.7</ele><time>2026-07-31T16:08:27Z</time></trkpt><trkpt lat="45.516112" lon="25.370462"><ele>784.6</ele><time>2026-07-31T16:08:32Z</time></trkpt><trkpt lat="45.516043" lon="25.370368"><ele>784.6</ele><time>2026-07-31T16:08:36Z</time></trkpt><trkpt lat="45.515987" lon="25.3703"><ele>784.5</ele><time>2026-07-31T16:08:39Z</time></trkpt><trkpt lat="45.515935" lon="25.370198"><ele>784.6</ele><time>2026-07-31T16:08:44Z</time></trkpt><trkpt lat="45.515928" lon="25.370087"><ele>784.3</ele><time>2026-07-31T16:10:59Z</time></trkpt><trkpt lat="45.5159" lon="25.370185"><ele>784.3</ele><time>2026-07-31T16:11:11Z</time></trkpt><trkpt lat="45.515893" lon="25.370073"><ele>784.0</ele><time>2026-07-31T16:13:11Z</time></trkpt><trkpt lat="45.515962" lon="25.369973"><ele>783.9</ele><time>2026-07-31T16:13:15Z</time></trkpt><trkpt lat="45.515997" lon="25.36984"><ele>783.6</ele><time>2026-07-31T16:13:18Z</time></trkpt><trkpt lat="45.516025" lon="25.369743"><ele>783.4</ele><time>2026-07-31T16:13:20Z</time></trkpt><trkpt lat="45.516063" lon="25.369652"><ele>783.3</ele><time>2026-07-31T16:13:22Z</time></trkpt><trkpt lat="45.516123" lon="25.369552"><ele>783.0</ele><time>2026-07-31T16:13:25Z</time></trkpt><trkpt lat="45.516113" lon="25.369423"><ele>783.6</ele><time>2026-07-31T16:14:52Z</time></trkpt><trkpt lat="45.516153" lon="25.369617"><ele>782.7</ele><time>2026-07-31T16:15:15Z</time></trkpt><trkpt lat="45.516123" lon="25.369513"><ele>782.5</ele><time>2026-07-31T16:15:26Z</time></trkpt><trkpt lat="45.516148" lon="25.369417"><ele>782.6</ele><time>2026-07-31T16:15:29Z</time></trkpt><trkpt lat="45.516223" lon="25.369363"><ele>782.4</ele><time>2026-07-31T16:15:36Z</time></trkpt><trkpt lat="45.516192" lon="25.369253"><ele>782.3</ele><time>2026-07-31T16:15:41Z</time></trkpt><trkpt lat="45.516235" lon="25.369118"><ele>782.4</ele><time>2026-07-31T16:15:44Z</time></trkpt><trkpt lat="45.516265" lon="25.369015"><ele>782.4</ele><time>2026-07-31T16:15:46Z</time></trkpt><trkpt lat="45.516287" lon="25.368903"><ele>782.4</ele><time>2026-07-31T16:15:48Z</time></trkpt><trkpt lat="45.516305" lon="25.368785"><ele>782.3</ele><time>2026-07-31T16:15:50Z</time></trkpt><trkpt lat="45.516317" lon="25.368662"><ele>782.2</ele><time>2026-07-31T16:15:52Z</time></trkpt><trkpt lat="45.516348" lon="25.368558"><ele>782.0</ele><time>2026-07-31T16:15:54Z</time></trkpt><trkpt lat="45.516397" lon="25.368465"><ele>781.8</ele><time>2026-07-31T16:15:56Z</time></trkpt><trkpt lat="45.516443" lon="25.368385"><ele>781.4</ele><time>2026-07-31T16:15:58Z</time></trkpt><trkpt lat="45.516507" lon="25.368293"><ele>780.5</ele><time>2026-07-31T16:16:01Z</time></trkpt><trkpt lat="45.516567" lon="25.368208"><ele>779.9</ele><time>2026-07-31T16:16:04Z</time></trkpt><trkpt lat="45.516595" lon="25.368087"><ele>779.7</ele><time>2026-07-31T16:16:07Z</time></trkpt><trkpt lat="45.516642" lon="25.36795"><ele>779.3</ele><time>2026-07-31T16:16:10Z</time></trkpt><trkpt lat="45.516677" lon="25.367847"><ele>779.1</ele><time>2026-07-31T16:16:12Z</time></trkpt><trkpt lat="45.516717" lon="25.367745"><ele>778.7</ele><time>2026-07-31T16:16:15Z</time></trkpt><trkpt lat="45.516772" lon="25.36765"><ele>772.0</ele><time>2026-07-31T16:29:42Z</time></trkpt><trkpt lat="45.516813" lon="25.367557"><ele>771.8</ele><time>2026-07-31T16:29:48Z</time></trkpt><trkpt lat="45.516752" lon="25.367622"><ele>771.8</ele><time>2026-07-31T16:29:59Z</time></trkpt><trkpt lat="45.516727" lon="25.367718"><ele>772.0</ele><time>2026-07-31T16:30:14Z</time></trkpt><trkpt lat="45.51674" lon="25.367598"><ele>772.0</ele><time>2026-07-31T16:32:04Z</time></trkpt><trkpt lat="45.516773" lon="25.36748"><ele>771.7</ele><time>2026-07-31T16:32:13Z</time></trkpt><trkpt lat="45.516822" lon="25.367375"><ele>771.8</ele><time>2026-07-31T16:32:16Z</time></trkpt><trkpt lat="45.516868" lon="25.367235"><ele>771.7</ele><time>2026-07-31T16:32:19Z</time></trkpt><trkpt lat="45.5169" lon="25.367133"><ele>771.6</ele><time>2026-07-31T16:32:21Z</time></trkpt><trkpt lat="45.516935" lon="25.366988"><ele>771.5</ele><time>2026-07-31T16:32:24Z</time></trkpt><trkpt lat="45.51699" lon="25.366867"><ele>771.3</ele><time>2026-07-31T16:32:26Z</time></trkpt><trkpt lat="45.517048" lon="25.366777"><ele>771.0</ele><time>2026-07-31T16:32:28Z</time></trkpt><trkpt lat="45.517143" lon="25.36675"><ele>770.6</ele><time>2026-07-31T16:32:30Z</time></trkpt><trkpt lat="45.51723" lon="25.366737"><ele>770.3</ele><time>2026-07-31T16:32:32Z</time></trkpt><trkpt lat="45.517318" lon="25.366725"><ele>770.1</ele><time>2026-07-31T16:32:34Z</time></trkpt><trkpt lat="45.51741" lon="25.366728"><ele>769.9</ele><time>2026-07-31T16:32:36Z</time></trkpt><trkpt lat="45.517508" lon="25.366733"><ele>769.6</ele><time>2026-07-31T16:32:38Z</time></trkpt><trkpt lat="45.517615" lon="25.366733"><ele>769.5</ele><time>2026-07-31T16:32:40Z</time></trkpt><trkpt lat="45.517728" lon="25.366722"><ele>769.2</ele><time>2026-07-31T16:32:42Z</time></trkpt><trkpt lat="45.51785" lon="25.366708"><ele>776.9</ele><time>2026-07-31T16:32:44Z</time></trkpt><trkpt lat="45.517982" lon="25.366687"><ele>776.5</ele><time>2026-07-31T16:32:46Z</time></trkpt><trkpt lat="45.518112" lon="25.36665"><ele>775.8</ele><time>2026-07-31T16:32:48Z</time></trkpt><trkpt lat="45.518247" lon="25.366607"><ele>775.2</ele><time>2026-07-31T16:32:50Z</time></trkpt><trkpt lat="45.51838" lon="25.366562"><ele>774.5</ele><time>2026-07-31T16:32:52Z</time></trkpt><trkpt lat="45.518518" lon="25.366518"><ele>774.1</ele><time>2026-07-31T16:32:54Z</time></trkpt><trkpt lat="45.518653" lon="25.366473"><ele>773.7</ele><time>2026-07-31T16:32:56Z</time></trkpt><trkpt lat="45.518787" lon="25.366427"><ele>773.5</ele><time>2026-07-31T16:32:58Z</time></trkpt><trkpt lat="45.51892" lon="25.366385"><ele>773.4</ele><time>2026-07-31T16:33:00Z</time></trkpt><trkpt lat="45.519047" lon="25.366342"><ele>773.1</ele><time>2026-07-31T16:33:02Z</time></trkpt><trkpt lat="45.519175" lon="25.366318"><ele>772.8</ele><time>2026-07-31T16:33:04Z</time></trkpt><trkpt lat="45.51931" lon="25.366287"><ele>772.5</ele><time>2026-07-31T16:33:06Z</time></trkpt><trkpt lat="45.519445" lon="25.366258"><ele>772.2</ele><time>2026-07-31T16:33:08Z</time></trkpt><trkpt lat="45.519587" lon="25.366223"><ele>771.7</ele><time>2026-07-31T16:33:10Z</time></trkpt><trkpt lat="45.519662" lon="25.36621"><ele>771.4</ele><time>2026-07-31T16:33:11Z</time></trkpt><trkpt lat="45.519735" lon="25.366195"><ele>771.2</ele><time>2026-07-31T16:33:12Z</time></trkpt><trkpt lat="45.519813" lon="25.366175"><ele>770.8</ele><time>2026-07-31T16:33:13Z</time></trkpt><trkpt lat="45.519893" lon="25.366165"><ele>770.4</ele><time>2026-07-31T16:33:14Z</time></trkpt><trkpt lat="45.519973" lon="25.366165"><ele>770.4</ele><time>2026-07-31T16:33:15Z</time></trkpt><trkpt lat="45.520057" lon="25.366168"><ele>770.0</ele><time>2026-07-31T16:33:16Z</time></trkpt><trkpt lat="45.520142" lon="25.366175"><ele>769.6</ele><time>2026-07-31T16:33:17Z</time></trkpt><trkpt lat="45.520228" lon="25.366187"><ele>769.0</ele><time>2026-07-31T16:33:18Z</time></trkpt><trkpt lat="45.520318" lon="25.366203"><ele>768.5</ele><time>2026-07-31T16:33:19Z</time></trkpt><trkpt lat="45.520407" lon="25.366225"><ele>768.0</ele><time>2026-07-31T16:33:20Z</time></trkpt><trkpt lat="45.520497" lon="25.366233"><ele>767.4</ele><time>2026-07-31T16:33:21Z</time></trkpt><trkpt lat="45.520585" lon="25.366233"><ele>767.0</ele><time>2026-07-31T16:33:22Z</time></trkpt><trkpt lat="45.520673" lon="25.36621"><ele>766.6</ele><time>2026-07-31T16:33:23Z</time></trkpt><trkpt lat="45.520757" lon="25.366163"><ele>766.4</ele><time>2026-07-31T16:33:24Z</time></trkpt><trkpt lat="45.520833" lon="25.366102"><ele>766.2</ele><time>2026-07-31T16:33:25Z</time></trkpt><trkpt lat="45.520905" lon="25.366037"><ele>766.0</ele><time>2026-07-31T16:33:26Z</time></trkpt><trkpt lat="45.520985" lon="25.36599"><ele>765.9</ele><time>2026-07-31T16:33:27Z</time></trkpt><trkpt lat="45.521072" lon="25.365978"><ele>765.7</ele><time>2026-07-31T16:33:28Z</time></trkpt><trkpt lat="45.521158" lon="25.365995"><ele>765.5</ele><time>2026-07-31T16:33:29Z</time></trkpt><trkpt lat="45.521242" lon="25.366025"><ele>765.2</ele><time>2026-07-31T16:33:30Z</time></trkpt><trkpt lat="45.521323" lon="25.366065"><ele>764.9</ele><time>2026-07-31T16:33:31Z</time></trkpt><trkpt lat="45.521402" lon="25.36611"><ele>764.9</ele><time>2026-07-31T16:33:32Z</time></trkpt><trkpt lat="45.521482" lon="25.366152"><ele>764.6</ele><time>2026-07-31T16:33:33Z</time></trkpt><trkpt lat="45.521562" lon="25.366193"><ele>764.2</ele><time>2026-07-31T16:33:34Z</time></trkpt><trkpt lat="45.521642" lon="25.366235"><ele>763.8</ele><time>2026-07-31T16:33:35Z</time></trkpt><trkpt lat="45.521718" lon="25.366275"><ele>763.4</ele><time>2026-07-31T16:33:36Z</time></trkpt><trkpt lat="45.521797" lon="25.366313"><ele>763.0</ele><time>2026-07-31T16:33:37Z</time></trkpt><trkpt lat="45.521873" lon="25.366347"><ele>762.7</ele><time>2026-07-31T16:33:38Z</time></trkpt><trkpt lat="45.52195" lon="25.366372"><ele>762.5</ele><time>2026-07-31T16:33:39Z</time></trkpt><trkpt lat="45.522027" lon="25.366383"><ele>762.3</ele><time>2026-07-31T16:33:40Z</time></trkpt><trkpt lat="45.522102" lon="25.366377"><ele>762.1</ele><time>2026-07-31T16:33:41Z</time></trkpt><trkpt lat="45.522175" lon="25.366353"><ele>761.9</ele><time>2026-07-31T16:33:42Z</time></trkpt><trkpt lat="45.522245" lon="25.366317"><ele>761.8</ele><time>2026-07-31T16:33:43Z</time></trkpt><trkpt lat="45.522328" lon="25.366272"><ele>761.5</ele><time>2026-07-31T16:33:44Z</time></trkpt><trkpt lat="45.522443" lon="25.366185"><ele>761.3</ele><time>2026-07-31T16:33:46Z</time></trkpt><trkpt lat="45.522567" lon="25.366107"><ele>761.0</ele><time>2026-07-31T16:33:48Z</time></trkpt><trkpt lat="45.522698" lon="25.366047"><ele>761.0</ele><time>2026-07-31T16:33:50Z</time></trkpt><trkpt lat="45.522828" lon="25.365998"><ele>760.6</ele><time>2026-07-31T16:33:52Z</time></trkpt><trkpt lat="45.522952" lon="25.365942"><ele>760.2</ele><time>2026-07-31T16:33:54Z</time></trkpt><trkpt lat="45.523075" lon="25.365885"><ele>759.9</ele><time>2026-07-31T16:33:56Z</time></trkpt><trkpt lat="45.523193" lon="25.365823"><ele>759.7</ele><time>2026-07-31T16:33:58Z</time></trkpt><trkpt lat="45.523317" lon="25.365763"><ele>759.5</ele><time>2026-07-31T16:34:00Z</time></trkpt><trkpt lat="45.523437" lon="25.365698"><ele>759.2</ele><time>2026-07-31T16:34:02Z</time></trkpt><trkpt lat="45.523555" lon="25.36564"><ele>758.8</ele><time>2026-07-31T16:34:04Z</time></trkpt><trkpt lat="45.52367" lon="25.365577"><ele>758.6</ele><time>2026-07-31T16:34:06Z</time></trkpt><trkpt lat="45.523782" lon="25.365525"><ele>758.5</ele><time>2026-07-31T16:34:08Z</time></trkpt><trkpt lat="45.523895" lon="25.365463"><ele>758.3</ele><time>2026-07-31T16:34:10Z</time></trkpt><trkpt lat="45.524005" lon="25.365407"><ele>758.1</ele><time>2026-07-31T16:34:12Z</time></trkpt><trkpt lat="45.524102" lon="25.365338"><ele>758.0</ele><time>2026-07-31T16:34:14Z</time></trkpt><trkpt lat="45.524193" lon="25.365262"><ele>758.0</ele><time>2026-07-31T16:34:16Z</time></trkpt><trkpt lat="45.524273" lon="25.365167"><ele>758.2</ele><time>2026-07-31T16:34:18Z</time></trkpt><trkpt lat="45.524347" lon="25.36508"><ele>758.6</ele><time>2026-07-31T16:34:20Z</time></trkpt><trkpt lat="45.524427" lon="25.365"><ele>758.9</ele><time>2026-07-31T16:34:22Z</time></trkpt><trkpt lat="45.524505" lon="25.364915"><ele>758.9</ele><time>2026-07-31T16:34:24Z</time></trkpt><trkpt lat="45.524583" lon="25.364827"><ele>759.1</ele><time>2026-07-31T16:34:26Z</time></trkpt><trkpt lat="45.524663" lon="25.364743"><ele>759.3</ele><time>2026-07-31T16:34:28Z</time></trkpt><trkpt lat="45.52474" lon="25.364653"><ele>759.6</ele><time>2026-07-31T16:34:30Z</time></trkpt><trkpt lat="45.524838" lon="25.364552"><ele>759.7</ele><time>2026-07-31T16:34:32Z</time></trkpt><trkpt lat="45.524902" lon="25.364488"><ele>759.8</ele><time>2026-07-31T16:34:33Z</time></trkpt><trkpt lat="45.524992" lon="25.364382"><ele>759.9</ele><time>2026-07-31T16:34:36Z</time></trkpt><trkpt lat="45.525068" lon="25.3643"><ele>760.0</ele><time>2026-07-31T16:34:38Z</time></trkpt><trkpt lat="45.52515" lon="25.36421"><ele>760.1</ele><time>2026-07-31T16:34:40Z</time></trkpt><trkpt lat="45.525242" lon="25.364115"><ele>760.0</ele><time>2026-07-31T16:34:42Z</time></trkpt><trkpt lat="45.525337" lon="25.364008"><ele>760.0</ele><time>2026-07-31T16:34:44Z</time></trkpt><trkpt lat="45.525422" lon="25.363907"><ele>760.0</ele><time>2026-07-31T16:34:46Z</time></trkpt><trkpt lat="45.525502" lon="25.363817"><ele>760.2</ele><time>2026-07-31T16:34:48Z</time></trkpt><trkpt lat="45.525573" lon="25.363733"><ele>760.3</ele><time>2026-07-31T16:34:50Z</time></trkpt><trkpt lat="45.52563" lon="25.363668"><ele>760.3</ele><time>2026-07-31T16:34:52Z</time></trkpt><trkpt lat="45.525718" lon="25.363588"><ele>760.3</ele><time>2026-07-31T16:34:55Z</time></trkpt><trkpt lat="45.52579" lon="25.36353"><ele>760.5</ele><time>2026-07-31T16:34:57Z</time></trkpt><trkpt lat="45.52586" lon="25.363472"><ele>760.7</ele><time>2026-07-31T16:34:59Z</time></trkpt><trkpt lat="45.525928" lon="25.363428"><ele>761.1</ele><time>2026-07-31T16:35:01Z</time></trkpt><trkpt lat="45.525993" lon="25.363382"><ele>761.7</ele><time>2026-07-31T16:35:03Z</time></trkpt><trkpt lat="45.526058" lon="25.363332"><ele>762.2</ele><time>2026-07-31T16:35:05Z</time></trkpt><trkpt lat="45.526158" lon="25.363287"><ele>762.9</ele><time>2026-07-31T16:35:08Z</time></trkpt><trkpt lat="45.52625" lon="25.36323"><ele>763.9</ele><time>2026-07-31T16:35:11Z</time></trkpt><trkpt lat="45.526317" lon="25.363183"><ele>764.6</ele><time>2026-07-31T16:35:13Z</time></trkpt><trkpt lat="45.526408" lon="25.363133"><ele>765.6</ele><time>2026-07-31T16:35:16Z</time></trkpt><trkpt lat="45.526497" lon="25.363093"><ele>767.3</ele><time>2026-07-31T16:35:23Z</time></trkpt><trkpt lat="45.526608" lon="25.363083"><ele>768.0</ele><time>2026-07-31T16:35:26Z</time></trkpt><trkpt lat="45.526657" lon="25.362957"><ele>768.5</ele><time>2026-07-31T16:35:29Z</time></trkpt><trkpt lat="45.526693" lon="25.362828"><ele>769.1</ele><time>2026-07-31T16:35:33Z</time></trkpt><trkpt lat="45.526772" lon="25.362782"><ele>769.4</ele><time>2026-07-31T16:35:36Z</time></trkpt><trkpt lat="45.526842" lon="25.362675"><ele>769.7</ele><time>2026-07-31T16:35:39Z</time></trkpt><trkpt lat="45.5269" lon="25.362568"><ele>770.0</ele><time>2026-07-31T16:35:42Z</time></trkpt><trkpt lat="45.526968" lon="25.36245"><ele>770.2</ele><time>2026-07-31T16:35:44Z</time></trkpt><trkpt lat="45.527025" lon="25.36236"><ele>770.3</ele><time>2026-07-31T16:35:46Z</time></trkpt><trkpt lat="45.52709" lon="25.362243"><ele>770.5</ele><time>2026-07-31T16:35:49Z</time></trkpt><trkpt lat="45.527153" lon="25.362155"><ele>770.7</ele><time>2026-07-31T16:35:51Z</time></trkpt><trkpt lat="45.527218" lon="25.36206"><ele>770.8</ele><time>2026-07-31T16:35:53Z</time></trkpt><trkpt lat="45.527285" lon="25.36196"><ele>770.8</ele><time>2026-07-31T16:35:56Z</time></trkpt><trkpt lat="45.527352" lon="25.361853"><ele>770.9</ele><time>2026-07-31T16:35:58Z</time></trkpt><trkpt lat="45.527413" lon="25.361765"><ele>770.9</ele><time>2026-07-31T16:36:01Z</time></trkpt><trkpt lat="45.527515" lon="25.361602"><ele>770.9</ele><time>2026-07-31T16:36:03Z</time></trkpt><trkpt lat="45.527568" lon="25.361512"><ele>771.0</ele><time>2026-07-31T16:36:05Z</time></trkpt><trkpt lat="45.527633" lon="25.361418"><ele>771.0</ele><time>2026-07-31T16:36:07Z</time></trkpt><trkpt lat="45.527692" lon="25.361332"><ele>771.0</ele><time>2026-07-31T16:36:09Z</time></trkpt><trkpt lat="45.527748" lon="25.361253"><ele>770.9</ele><time>2026-07-31T16:36:11Z</time></trkpt><trkpt lat="45.527808" lon="25.361163"><ele>770.9</ele><time>2026-07-31T16:36:13Z</time></trkpt><trkpt lat="45.527863" lon="25.36106"><ele>770.8</ele><time>2026-07-31T16:36:15Z</time></trkpt><trkpt lat="45.52791" lon="25.360945"><ele>770.9</ele><time>2026-07-31T16:36:17Z</time></trkpt><trkpt lat="45.527955" lon="25.36082"><ele>770.9</ele><time>2026-07-31T16:36:19Z</time></trkpt><trkpt lat="45.527992" lon="25.360695"><ele>770.9</ele><time>2026-07-31T16:36:21Z</time></trkpt><trkpt lat="45.528027" lon="25.36058"><ele>770.8</ele><time>2026-07-31T16:36:23Z</time></trkpt><trkpt lat="45.528062" lon="25.360467"><ele>770.7</ele><time>2026-07-31T16:36:25Z</time></trkpt><trkpt lat="45.528107" lon="25.360357"><ele>770.7</ele><time>2026-07-31T16:36:27Z</time></trkpt><trkpt lat="45.528168" lon="25.360258"><ele>770.8</ele><time>2026-07-31T16:36:29Z</time></trkpt><trkpt lat="45.528242" lon="25.360173"><ele>770.9</ele><time>2026-07-31T16:36:31Z</time></trkpt><trkpt lat="45.528323" lon="25.360108"><ele>771.0</ele><time>2026-07-31T16:36:33Z</time></trkpt><trkpt lat="45.528445" lon="25.360023"><ele>771.2</ele><time>2026-07-31T16:36:36Z</time></trkpt><trkpt lat="45.528523" lon="25.359965"><ele>771.4</ele><time>2026-07-31T16:36:38Z</time></trkpt><trkpt lat="45.52861" lon="25.35991"><ele>771.5</ele><time>2026-07-31T16:36:40Z</time></trkpt><trkpt lat="45.528687" lon="25.359833"><ele>771.5</ele><time>2026-07-31T16:36:42Z</time></trkpt><trkpt lat="45.528767" lon="25.359777"><ele>771.5</ele><time>2026-07-31T16:36:44Z</time></trkpt><trkpt lat="45.52885" lon="25.359707"><ele>771.4</ele><time>2026-07-31T16:36:46Z</time></trkpt><trkpt lat="45.528913" lon="25.359608"><ele>771.4</ele><time>2026-07-31T16:36:48Z</time></trkpt><trkpt lat="45.528945" lon="25.359487"><ele>771.4</ele><time>2026-07-31T16:36:50Z</time></trkpt><trkpt lat="45.528955" lon="25.359362"><ele>771.5</ele><time>2026-07-31T16:36:52Z</time></trkpt><trkpt lat="45.528948" lon="25.359238"><ele>771.5</ele><time>2026-07-31T16:36:54Z</time></trkpt><trkpt lat="45.528945" lon="25.35911"><ele>771.5</ele><time>2026-07-31T16:36:56Z</time></trkpt><trkpt lat="45.528943" lon="25.358988"><ele>771.6</ele><time>2026-07-31T16:36:58Z</time></trkpt><trkpt lat="45.528942" lon="25.358853"><ele>771.7</ele><time>2026-07-31T16:37:00Z</time></trkpt><trkpt lat="45.528938" lon="25.358732"><ele>771.8</ele><time>2026-07-31T16:37:02Z</time></trkpt><trkpt lat="45.528963" lon="25.358607"><ele>772.0</ele><time>2026-07-31T16:37:04Z</time></trkpt><trkpt lat="45.528988" lon="25.358487"><ele>772.1</ele><time>2026-07-31T16:37:06Z</time></trkpt><trkpt lat="45.529005" lon="25.35836"><ele>772.2</ele><time>2026-07-31T16:37:08Z</time></trkpt><trkpt lat="45.52903" lon="25.358228"><ele>772.2</ele><time>2026-07-31T16:37:10Z</time></trkpt><trkpt lat="45.52905" lon="25.358095"><ele>772.2</ele><time>2026-07-31T16:37:12Z</time></trkpt><trkpt lat="45.529073" lon="25.357958"><ele>772.2</ele><time>2026-07-31T16:37:14Z</time></trkpt><trkpt lat="45.529098" lon="25.357818"><ele>772.1</ele><time>2026-07-31T16:37:16Z</time></trkpt><trkpt lat="45.529122" lon="25.357673"><ele>772.1</ele><time>2026-07-31T16:37:18Z</time></trkpt><trkpt lat="45.529143" lon="25.357543"><ele>772.1</ele><time>2026-07-31T16:37:20Z</time></trkpt><trkpt lat="45.529165" lon="25.357417"><ele>772.2</ele><time>2026-07-31T16:37:22Z</time></trkpt><trkpt lat="45.529187" lon="25.357285"><ele>772.2</ele><time>2026-07-31T16:37:24Z</time></trkpt><trkpt lat="45.529208" lon="25.357152"><ele>772.2</ele><time>2026-07-31T16:37:26Z</time></trkpt><trkpt lat="45.529233" lon="25.357022"><ele>772.3</ele><time>2026-07-31T16:37:28Z</time></trkpt><trkpt lat="45.529262" lon="25.356892"><ele>772.3</ele><time>2026-07-31T16:37:30Z</time></trkpt><trkpt lat="45.529302" lon="25.356773"><ele>772.4</ele><time>2026-07-31T16:37:32Z</time></trkpt><trkpt lat="45.529355" lon="25.35666"><ele>772.4</ele><time>2026-07-31T16:37:34Z</time></trkpt><trkpt lat="45.529407" lon="25.35655"><ele>772.5</ele><time>2026-07-31T16:37:36Z</time></trkpt><trkpt lat="45.529457" lon="25.356433"><ele>772.5</ele><time>2026-07-31T16:37:38Z</time></trkpt><trkpt lat="45.529508" lon="25.356318"><ele>772.5</ele><time>2026-07-31T16:37:40Z</time></trkpt><trkpt lat="45.529552" lon="25.356198"><ele>772.5</ele><time>2026-07-31T16:37:42Z</time></trkpt><trkpt lat="45.529602" lon="25.356082"><ele>772.7</ele><time>2026-07-31T16:37:45Z</time></trkpt><trkpt lat="45.529637" lon="25.355988"><ele>772.8</ele><time>2026-07-31T16:37:47Z</time></trkpt><trkpt lat="45.529687" lon="25.35585"><ele>772.9</ele><time>2026-07-31T16:37:48Z</time></trkpt><trkpt lat="45.529712" lon="25.35574"><ele>773.0</ele><time>2026-07-31T16:37:50Z</time></trkpt><trkpt lat="45.529737" lon="25.355623"><ele>773.1</ele><time>2026-07-31T16:37:52Z</time></trkpt><trkpt lat="45.529768" lon="25.355495"><ele>773.2</ele><time>2026-07-31T16:37:54Z</time></trkpt><trkpt lat="45.529797" lon="25.355368"><ele>773.3</ele><time>2026-07-31T16:37:56Z</time></trkpt><trkpt lat="45.529818" lon="25.355248"><ele>773.4</ele><time>2026-07-31T16:37:58Z</time></trkpt><trkpt lat="45.529842" lon="25.355132"><ele>773.6</ele><time>2026-07-31T16:38:00Z</time></trkpt><trkpt lat="45.529867" lon="25.355022"><ele>773.9</ele><time>2026-07-31T16:38:02Z</time></trkpt><trkpt lat="45.529887" lon="25.35491"><ele>774.0</ele><time>2026-07-31T16:38:04Z</time></trkpt><trkpt lat="45.529905" lon="25.354797"><ele>774.2</ele><time>2026-07-31T16:38:06Z</time></trkpt><trkpt lat="45.529935" lon="25.354627"><ele>774.5</ele><time>2026-07-31T16:38:09Z</time></trkpt><trkpt lat="45.529957" lon="25.354517"><ele>774.7</ele><time>2026-07-31T16:38:11Z</time></trkpt><trkpt lat="45.529977" lon="25.354407"><ele>774.7</ele><time>2026-07-31T16:38:13Z</time></trkpt><trkpt lat="45.529995" lon="25.354298"><ele>774.9</ele><time>2026-07-31T16:38:15Z</time></trkpt><trkpt lat="45.530015" lon="25.354193"><ele>775.1</ele><time>2026-07-31T16:38:17Z</time></trkpt><trkpt lat="45.530037" lon="25.354085"><ele>775.4</ele><time>2026-07-31T16:38:19Z</time></trkpt><trkpt lat="45.530057" lon="25.353977"><ele>775.5</ele><time>2026-07-31T16:38:21Z</time></trkpt><trkpt lat="45.530082" lon="25.353865"><ele>775.7</ele><time>2026-07-31T16:38:23Z</time></trkpt><trkpt lat="45.530105" lon="25.353752"><ele>775.9</ele><time>2026-07-31T16:38:25Z</time></trkpt><trkpt lat="45.530127" lon="25.353638"><ele>776.1</ele><time>2026-07-31T16:38:27Z</time></trkpt><trkpt lat="45.530145" lon="25.353535"><ele>776.2</ele><time>2026-07-31T16:38:29Z</time></trkpt><trkpt lat="45.530172" lon="25.353437"><ele>776.4</ele><time>2026-07-31T16:38:31Z</time></trkpt><trkpt lat="45.530197" lon="25.353337"><ele>776.6</ele><time>2026-07-31T16:38:33Z</time></trkpt><trkpt lat="45.530222" lon="25.35318"><ele>777.0</ele><time>2026-07-31T16:38:36Z</time></trkpt><trkpt lat="45.53024" lon="25.353067"><ele>777.3</ele><time>2026-07-31T16:38:38Z</time></trkpt><trkpt lat="45.530273" lon="25.352938"><ele>777.7</ele><time>2026-07-31T16:38:41Z</time></trkpt><trkpt lat="45.530293" lon="25.352798"><ele>778.1</ele><time>2026-07-31T16:38:44Z</time></trkpt><trkpt lat="45.530318" lon="25.352655"><ele>778.4</ele><time>2026-07-31T16:38:47Z</time></trkpt><trkpt lat="45.530353" lon="25.352508"><ele>778.8</ele><time>2026-07-31T16:38:50Z</time></trkpt><trkpt lat="45.530382" lon="25.352368"><ele>779.2</ele><time>2026-07-31T16:38:53Z</time></trkpt><trkpt lat="45.530415" lon="25.352217"><ele>779.7</ele><time>2026-07-31T16:38:56Z</time></trkpt><trkpt lat="45.530432" lon="25.352082"><ele>780.3</ele><time>2026-07-31T16:38:59Z</time></trkpt><trkpt lat="45.53047" lon="25.351953"><ele>780.8</ele><time>2026-07-31T16:39:02Z</time></trkpt><trkpt lat="45.530498" lon="25.3518"><ele>781.4</ele><time>2026-07-31T16:39:06Z</time></trkpt><trkpt lat="45.530525" lon="25.35168"><ele>781.8</ele><time>2026-07-31T16:39:10Z</time></trkpt><trkpt lat="45.530552" lon="25.351577"><ele>782.0</ele><time>2026-07-31T16:39:12Z</time></trkpt><trkpt lat="45.530572" lon="25.351418"><ele>782.6</ele><time>2026-07-31T16:39:16Z</time></trkpt><trkpt lat="45.530602" lon="25.351223"><ele>782.9</ele><time>2026-07-31T16:39:18Z</time></trkpt><trkpt lat="45.530605" lon="25.351092"><ele>783.3</ele><time>2026-07-31T16:39:21Z</time></trkpt><trkpt lat="45.530607" lon="25.350958"><ele>783.8</ele><time>2026-07-31T16:39:24Z</time></trkpt><trkpt lat="45.5306" lon="25.350827"><ele>784.3</ele><time>2026-07-31T16:39:27Z</time></trkpt><trkpt lat="45.530593" lon="25.350698"><ele>784.7</ele><time>2026-07-31T16:39:30Z</time></trkpt><trkpt lat="45.530592" lon="25.35056"><ele>785.0</ele><time>2026-07-31T16:39:33Z</time></trkpt><trkpt lat="45.53058" lon="25.350427"><ele>785.3</ele><time>2026-07-31T16:39:36Z</time></trkpt><trkpt lat="45.530575" lon="25.350293"><ele>785.9</ele><time>2026-07-31T16:39:41Z</time></trkpt><trkpt lat="45.530608" lon="25.350187"><ele>786.4</ele><time>2026-07-31T16:39:44Z</time></trkpt><trkpt lat="45.530655" lon="25.350108"><ele>786.8</ele><time>2026-07-31T16:39:47Z</time></trkpt><trkpt lat="45.530718" lon="25.350052"><ele>786.9</ele><time>2026-07-31T16:39:49Z</time></trkpt><trkpt lat="45.530822" lon="25.349982"><ele>787.0</ele><time>2026-07-31T16:39:51Z</time></trkpt><trkpt lat="45.530905" lon="25.350028"><ele>787.2</ele><time>2026-07-31T16:39:54Z</time></trkpt><trkpt lat="45.530967" lon="25.350128"><ele>787.4</ele><time>2026-07-31T16:39:57Z</time></trkpt><trkpt lat="45.53099" lon="25.350255"><ele>787.6</ele><time>2026-07-31T16:40:00Z</time></trkpt><trkpt lat="45.530997" lon="25.350372"><ele>787.9</ele><time>2026-07-31T16:40:03Z</time></trkpt><trkpt lat="45.53101" lon="25.350495"><ele>788.4</ele><time>2026-07-31T16:40:06Z</time></trkpt><trkpt lat="45.531022" lon="25.350597"><ele>789.0</ele><time>2026-07-31T16:40:09Z</time></trkpt><trkpt lat="45.531032" lon="25.350703"><ele>789.7</ele><time>2026-07-31T16:40:12Z</time></trkpt><trkpt lat="45.531053" lon="25.350803"><ele>790.1</ele><time>2026-07-31T16:40:15Z</time></trkpt><trkpt lat="45.53108" lon="25.350928"><ele>790.7</ele><time>2026-07-31T16:40:19Z</time></trkpt><trkpt lat="45.531097" lon="25.351028"><ele>791.3</ele><time>2026-07-31T16:40:22Z</time></trkpt><trkpt lat="45.531138" lon="25.351133"><ele>791.9</ele><time>2026-07-31T16:40:25Z</time></trkpt><trkpt lat="45.531168" lon="25.351228"><ele>792.5</ele><time>2026-07-31T16:40:28Z</time></trkpt><trkpt lat="45.53123" lon="25.351315"><ele>793.0</ele><time>2026-07-31T16:40:32Z</time></trkpt><trkpt lat="45.531312" lon="25.351373"><ele>793.8</ele><time>2026-07-31T16:40:36Z</time></trkpt><trkpt lat="45.531382" lon="25.351393"><ele>794.3</ele><time>2026-07-31T16:40:39Z</time></trkpt><trkpt lat="45.531455" lon="25.351378"><ele>794.9</ele><time>2026-07-31T16:40:42Z</time></trkpt><trkpt lat="45.531535" lon="25.35131"><ele>795.5</ele><time>2026-07-31T16:40:46Z</time></trkpt><trkpt lat="45.531592" lon="25.351203"><ele>796.0</ele><time>2026-07-31T16:40:50Z</time></trkpt><trkpt lat="45.531617" lon="25.35109"><ele>796.4</ele><time>2026-07-31T16:40:53Z</time></trkpt><trkpt lat="45.531637" lon="25.350992"><ele>797.0</ele><time>2026-07-31T16:40:56Z</time></trkpt><trkpt lat="45.531647" lon="25.350887"><ele>797.7</ele><time>2026-07-31T16:40:59Z</time></trkpt><trkpt lat="45.53165" lon="25.350753"><ele>798.7</ele><time>2026-07-31T16:41:03Z</time></trkpt><trkpt lat="45.531652" lon="25.350645"><ele>799.4</ele><time>2026-07-31T16:41:07Z</time></trkpt><trkpt lat="45.531652" lon="25.350523"><ele>800.4</ele><time>2026-07-31T16:41:11Z</time></trkpt><trkpt lat="45.531638" lon="25.3504"><ele>801.3</ele><time>2026-07-31T16:41:15Z</time></trkpt><trkpt lat="45.53162" lon="25.3503"><ele>801.7</ele><time>2026-07-31T16:41:18Z</time></trkpt><trkpt lat="45.531595" lon="25.350195"><ele>802.1</ele><time>2026-07-31T16:41:21Z</time></trkpt><trkpt lat="45.531555" lon="25.350078"><ele>802.5</ele><time>2026-07-31T16:41:25Z</time></trkpt><trkpt lat="45.531518" lon="25.34999"><ele>802.9</ele><time>2026-07-31T16:41:28Z</time></trkpt><trkpt lat="45.531475" lon="25.349885"><ele>803.6</ele><time>2026-07-31T16:41:32Z</time></trkpt><trkpt lat="45.531448" lon="25.349768"><ele>804.4</ele><time>2026-07-31T16:41:36Z</time></trkpt><trkpt lat="45.531428" lon="25.349668"><ele>805.0</ele><time>2026-07-31T16:41:39Z</time></trkpt><trkpt lat="45.531415" lon="25.349567"><ele>805.5</ele><time>2026-07-31T16:41:42Z</time></trkpt><trkpt lat="45.531408" lon="25.349463"><ele>805.9</ele><time>2026-07-31T16:41:45Z</time></trkpt><trkpt lat="45.531417" lon="25.349357"><ele>806.2</ele><time>2026-07-31T16:41:48Z</time></trkpt><trkpt lat="45.531418" lon="25.34925"><ele>806.5</ele><time>2026-07-31T16:41:51Z</time></trkpt><trkpt lat="45.531427" lon="25.349142"><ele>806.8</ele><time>2026-07-31T16:41:54Z</time></trkpt><trkpt lat="45.531438" lon="25.349028"><ele>807.1</ele><time>2026-07-31T16:41:57Z</time></trkpt><trkpt lat="45.53146" lon="25.348915"><ele>807.6</ele><time>2026-07-31T16:42:03Z</time></trkpt><trkpt lat="45.531443" lon="25.3488"><ele>807.9</ele><time>2026-07-31T16:42:07Z</time></trkpt><trkpt lat="45.531458" lon="25.348697"><ele>808.3</ele><time>2026-07-31T16:42:10Z</time></trkpt><trkpt lat="45.531458" lon="25.348567"><ele>808.9</ele><time>2026-07-31T16:42:14Z</time></trkpt><trkpt lat="45.531472" lon="25.348462"><ele>809.2</ele><time>2026-07-31T16:42:17Z</time></trkpt><trkpt lat="45.531482" lon="25.348357"><ele>809.8</ele><time>2026-07-31T16:42:21Z</time></trkpt><trkpt lat="45.531507" lon="25.348228"><ele>810.5</ele><time>2026-07-31T16:42:25Z</time></trkpt><trkpt lat="45.531535" lon="25.348135"><ele>811.0</ele><time>2026-07-31T16:42:28Z</time></trkpt><trkpt lat="45.531577" lon="25.348047"><ele>811.6</ele><time>2026-07-31T16:42:31Z</time></trkpt><trkpt lat="45.531633" lon="25.347973"><ele>811.9</ele><time>2026-07-31T16:42:34Z</time></trkpt><trkpt lat="45.531692" lon="25.347895"><ele>812.4</ele><time>2026-07-31T16:42:37Z</time></trkpt><trkpt lat="45.53175" lon="25.34782"><ele>812.8</ele><time>2026-07-31T16:42:40Z</time></trkpt><trkpt lat="45.531812" lon="25.347738"><ele>813.2</ele><time>2026-07-31T16:42:43Z</time></trkpt><trkpt lat="45.531878" lon="25.347655"><ele>813.6</ele><time>2026-07-31T16:42:46Z</time></trkpt><trkpt lat="45.531948" lon="25.347553"><ele>814.0</ele><time>2026-07-31T16:42:49Z</time></trkpt><trkpt lat="45.532005" lon="25.347477"><ele>814.3</ele><time>2026-07-31T16:42:52Z</time></trkpt><trkpt lat="45.532058" lon="25.34738"><ele>814.7</ele><time>2026-07-31T16:42:55Z</time></trkpt><trkpt lat="45.532107" lon="25.347295"><ele>814.9</ele><time>2026-07-31T16:42:57Z</time></trkpt><trkpt lat="45.532158" lon="25.347205"><ele>815.2</ele><time>2026-07-31T16:43:00Z</time></trkpt><trkpt lat="45.532207" lon="25.347127"><ele>815.5</ele><time>2026-07-31T16:43:02Z</time></trkpt><trkpt lat="45.53228" lon="25.34701"><ele>816.2</ele><time>2026-07-31T16:43:06Z</time></trkpt><trkpt lat="45.532335" lon="25.346925"><ele>816.4</ele><time>2026-07-31T16:43:09Z</time></trkpt><trkpt lat="45.532392" lon="25.34683"><ele>816.9</ele><time>2026-07-31T16:43:12Z</time></trkpt><trkpt lat="45.532442" lon="25.346737"><ele>817.4</ele><time>2026-07-31T16:43:15Z</time></trkpt><trkpt lat="45.532493" lon="25.346642"><ele>817.9</ele><time>2026-07-31T16:43:18Z</time></trkpt><trkpt lat="45.532542" lon="25.346565"><ele>818.4</ele><time>2026-07-31T16:43:21Z</time></trkpt><trkpt lat="45.532595" lon="25.346465"><ele>818.9</ele><time>2026-07-31T16:44:29Z</time></trkpt><trkpt lat="45.532652" lon="25.34635"><ele>819.4</ele><time>2026-07-31T16:44:33Z</time></trkpt><trkpt lat="45.53269" lon="25.346245"><ele>819.7</ele><time>2026-07-31T16:44:36Z</time></trkpt><trkpt lat="45.532718" lon="25.346138"><ele>820.2</ele><time>2026-07-31T16:44:39Z</time></trkpt><trkpt lat="45.53274" lon="25.346027"><ele>820.8</ele><time>2026-07-31T16:44:42Z</time></trkpt><trkpt lat="45.532758" lon="25.345915"><ele>821.4</ele><time>2026-07-31T16:44:45Z</time></trkpt><trkpt lat="45.53278" lon="25.345803"><ele>822.0</ele><time>2026-07-31T16:44:48Z</time></trkpt><trkpt lat="45.532807" lon="25.345677"><ele>822.8</ele><time>2026-07-31T16:44:52Z</time></trkpt><trkpt lat="45.532828" lon="25.345572"><ele>823.2</ele><time>2026-07-31T16:44:55Z</time></trkpt><trkpt lat="45.53285" lon="25.345467"><ele>823.7</ele><time>2026-07-31T16:44:58Z</time></trkpt><trkpt lat="45.532873" lon="25.345362"><ele>824.2</ele><time>2026-07-31T16:45:01Z</time></trkpt><trkpt lat="45.532898" lon="25.345255"><ele>824.8</ele><time>2026-07-31T16:45:04Z</time></trkpt><trkpt lat="45.53292" lon="25.345138"><ele>825.3</ele><time>2026-07-31T16:45:07Z</time></trkpt><trkpt lat="45.53294" lon="25.344988"><ele>825.9</ele><time>2026-07-31T16:45:10Z</time></trkpt><trkpt lat="45.532937" lon="25.344883"><ele>826.3</ele><time>2026-07-31T16:45:13Z</time></trkpt><trkpt lat="45.532923" lon="25.34477"><ele>826.8</ele><time>2026-07-31T16:45:16Z</time></trkpt><trkpt lat="45.53289" lon="25.344658"><ele>827.2</ele><time>2026-07-31T16:45:19Z</time></trkpt><trkpt lat="45.532848" lon="25.344553"><ele>827.5</ele><time>2026-07-31T16:45:22Z</time></trkpt><trkpt lat="45.532813" lon="25.344458"><ele>828.2</ele><time>2026-07-31T16:45:26Z</time></trkpt><trkpt lat="45.532773" lon="25.34437"><ele>828.7</ele><time>2026-07-31T16:45:29Z</time></trkpt><trkpt lat="45.532728" lon="25.34428"><ele>829.4</ele><time>2026-07-31T16:45:32Z</time></trkpt><trkpt lat="45.532688" lon="25.344178"><ele>830.0</ele><time>2026-07-31T16:45:35Z</time></trkpt><trkpt lat="45.532648" lon="25.344072"><ele>830.7</ele><time>2026-07-31T16:45:38Z</time></trkpt><trkpt lat="45.532612" lon="25.343968"><ele>831.3</ele><time>2026-07-31T16:45:41Z</time></trkpt><trkpt lat="45.532573" lon="25.343875"><ele>831.7</ele><time>2026-07-31T16:45:43Z</time></trkpt><trkpt lat="45.532533" lon="25.343765"><ele>832.1</ele><time>2026-07-31T16:45:46Z</time></trkpt><trkpt lat="45.532493" lon="25.343658"><ele>832.7</ele><time>2026-07-31T16:45:49Z</time></trkpt><trkpt lat="45.532453" lon="25.343558"><ele>833.4</ele><time>2026-07-31T16:45:52Z</time></trkpt><trkpt lat="45.532428" lon="25.343448"><ele>834.2</ele><time>2026-07-31T16:45:55Z</time></trkpt><trkpt lat="45.5324" lon="25.343335"><ele>835.0</ele><time>2026-07-31T16:45:58Z</time></trkpt><trkpt lat="45.53239" lon="25.343213"><ele>835.7</ele><time>2026-07-31T16:46:01Z</time></trkpt><trkpt lat="45.532397" lon="25.3431"><ele>836.1</ele><time>2026-07-31T16:46:04Z</time></trkpt><trkpt lat="45.532428" lon="25.34298"><ele>836.8</ele><time>2026-07-31T16:46:08Z</time></trkpt><trkpt lat="45.532468" lon="25.342875"><ele>837.1</ele><time>2026-07-31T16:46:11Z</time></trkpt><trkpt lat="45.532522" lon="25.342763"><ele>837.2</ele><time>2026-07-31T16:46:14Z</time></trkpt><trkpt lat="45.532558" lon="25.34265"><ele>837.3</ele><time>2026-07-31T16:46:16Z</time></trkpt><trkpt lat="45.532605" lon="25.342558"><ele>837.5</ele><time>2026-07-31T16:46:18Z</time></trkpt><trkpt lat="45.532645" lon="25.342467"><ele>837.8</ele><time>2026-07-31T16:46:20Z</time></trkpt><trkpt lat="45.532665" lon="25.34232"><ele>838.1</ele><time>2026-07-31T16:46:23Z</time></trkpt><trkpt lat="45.53267" lon="25.342168"><ele>838.2</ele><time>2026-07-31T16:46:26Z</time></trkpt><trkpt lat="45.532673" lon="25.342043"><ele>838.0</ele><time>2026-07-31T16:46:28Z</time></trkpt><trkpt lat="45.53267" lon="25.341877"><ele>837.5</ele><time>2026-07-31T16:46:30Z</time></trkpt><trkpt lat="45.53269" lon="25.341697"><ele>836.7</ele><time>2026-07-31T16:46:32Z</time></trkpt><trkpt lat="45.532753" lon="25.341522"><ele>836.0</ele><time>2026-07-31T16:46:34Z</time></trkpt><trkpt lat="45.532862" lon="25.341367"><ele>835.2</ele><time>2026-07-31T16:46:36Z</time></trkpt><trkpt lat="45.532933" lon="25.341303"><ele>834.8</ele><time>2026-07-31T16:46:37Z</time></trkpt><trkpt lat="45.533017" lon="25.341262"><ele>834.8</ele><time>2026-07-31T16:46:38Z</time></trkpt><trkpt lat="45.533102" lon="25.341228"><ele>834.3</ele><time>2026-07-31T16:46:39Z</time></trkpt><trkpt lat="45.533197" lon="25.341205"><ele>833.8</ele><time>2026-07-31T16:46:40Z</time></trkpt><trkpt lat="45.533288" lon="25.341203"><ele>833.2</ele><time>2026-07-31T16:46:41Z</time></trkpt><trkpt lat="45.533385" lon="25.34121"><ele>832.7</ele><time>2026-07-31T16:46:42Z</time></trkpt><trkpt lat="45.533482" lon="25.341218"><ele>832.2</ele><time>2026-07-31T16:46:43Z</time></trkpt><trkpt lat="45.533583" lon="25.341225"><ele>831.7</ele><time>2026-07-31T16:46:44Z</time></trkpt><trkpt lat="45.53368" lon="25.341235"><ele>831.2</ele><time>2026-07-31T16:46:45Z</time></trkpt><trkpt lat="45.533777" lon="25.341238"><ele>830.7</ele><time>2026-07-31T16:46:46Z</time></trkpt><trkpt lat="45.533868" lon="25.341232"><ele>830.3</ele><time>2026-07-31T16:46:47Z</time></trkpt><trkpt lat="45.533953" lon="25.341203"><ele>830.0</ele><time>2026-07-31T16:46:48Z</time></trkpt><trkpt lat="45.534022" lon="25.341128"><ele>829.6</ele><time>2026-07-31T16:46:49Z</time></trkpt><trkpt lat="45.534068" lon="25.341022"><ele>829.3</ele><time>2026-07-31T16:46:50Z</time></trkpt><trkpt lat="45.534088" lon="25.340902"><ele>829.1</ele><time>2026-07-31T16:46:51Z</time></trkpt><trkpt lat="45.534065" lon="25.34078"><ele>828.9</ele><time>2026-07-31T16:46:52Z</time></trkpt><trkpt lat="45.534012" lon="25.34068"><ele>828.6</ele><time>2026-07-31T16:46:53Z</time></trkpt><trkpt lat="45.533962" lon="25.34059"><ele>828.2</ele><time>2026-07-31T16:46:54Z</time></trkpt><trkpt lat="45.533927" lon="25.340493"><ele>827.8</ele><time>2026-07-31T16:46:55Z</time></trkpt><trkpt lat="45.533925" lon="25.340382"><ele>827.8</ele><time>2026-07-31T16:46:56Z</time></trkpt><trkpt lat="45.533963" lon="25.340275"><ele>827.6</ele><time>2026-07-31T16:46:57Z</time></trkpt><trkpt lat="45.53405" lon="25.340223"><ele>827.1</ele><time>2026-07-31T16:46:58Z</time></trkpt><trkpt lat="45.534142" lon="25.340265"><ele>826.6</ele><time>2026-07-31T16:46:59Z</time></trkpt><trkpt lat="45.534212" lon="25.340352"><ele>826.2</ele><time>2026-07-31T16:47:00Z</time></trkpt><trkpt lat="45.534267" lon="25.340442"><ele>825.8</ele><time>2026-07-31T16:47:01Z</time></trkpt><trkpt lat="45.534322" lon="25.34052"><ele>825.3</ele><time>2026-07-31T16:47:02Z</time></trkpt><trkpt lat="45.534383" lon="25.340582"><ele>824.8</ele><time>2026-07-31T16:47:03Z</time></trkpt><trkpt lat="45.534452" lon="25.34064"><ele>824.4</ele><time>2026-07-31T16:47:04Z</time></trkpt><trkpt lat="45.53452" lon="25.340687"><ele>824.1</ele><time>2026-07-31T16:47:05Z</time></trkpt><trkpt lat="45.534595" lon="25.34071"><ele>823.8</ele><time>2026-07-31T16:47:06Z</time></trkpt><trkpt lat="45.534672" lon="25.34071"><ele>823.6</ele><time>2026-07-31T16:47:07Z</time></trkpt><trkpt lat="45.534743" lon="25.340677"><ele>823.4</ele><time>2026-07-31T16:47:08Z</time></trkpt><trkpt lat="45.534805" lon="25.340613"><ele>823.4</ele><time>2026-07-31T16:47:09Z</time></trkpt><trkpt lat="45.534855" lon="25.340537"><ele>823.3</ele><time>2026-07-31T16:47:10Z</time></trkpt><trkpt lat="45.534942" lon="25.340378"><ele>823.0</ele><time>2026-07-31T16:47:12Z</time></trkpt><trkpt lat="45.53499" lon="25.3403"><ele>823.0</ele><time>2026-07-31T16:47:13Z</time></trkpt><trkpt lat="45.535045" lon="25.34023"><ele>822.9</ele><time>2026-07-31T16:47:14Z</time></trkpt><trkpt lat="45.53516" lon="25.340123"><ele>822.5</ele><time>2026-07-31T16:47:16Z</time></trkpt><trkpt lat="45.535293" lon="25.34007"><ele>822.1</ele><time>2026-07-31T16:47:18Z</time></trkpt><trkpt lat="45.535422" lon="25.340057"><ele>821.8</ele><time>2026-07-31T16:47:20Z</time></trkpt><trkpt lat="45.535548" lon="25.340095"><ele>821.5</ele><time>2026-07-31T16:47:22Z</time></trkpt><trkpt lat="45.535662" lon="25.340163"><ele>821.0</ele><time>2026-07-31T16:47:24Z</time></trkpt><trkpt lat="45.535762" lon="25.340218"><ele>820.8</ele><time>2026-07-31T16:47:26Z</time></trkpt><trkpt lat="45.53586" lon="25.34026"><ele>820.6</ele><time>2026-07-31T16:47:28Z</time></trkpt><trkpt lat="45.535958" lon="25.340288"><ele>820.6</ele><time>2026-07-31T16:47:30Z</time></trkpt><trkpt lat="45.536035" lon="25.340323"><ele>820.5</ele><time>2026-07-31T16:47:32Z</time></trkpt><trkpt lat="45.536133" lon="25.34029"><ele>820.5</ele><time>2026-07-31T16:47:34Z</time></trkpt><trkpt lat="45.536215" lon="25.340243"><ele>820.5</ele><time>2026-07-31T16:47:36Z</time></trkpt><trkpt lat="45.536285" lon="25.34018"><ele>820.6</ele><time>2026-07-31T16:47:38Z</time></trkpt><trkpt lat="45.536352" lon="25.3401"><ele>820.6</ele><time>2026-07-31T16:47:40Z</time></trkpt><trkpt lat="45.536422" lon="25.340015"><ele>820.6</ele><time>2026-07-31T16:47:43Z</time></trkpt><trkpt lat="45.5365" lon="25.339913"><ele>815.8</ele><time>2026-07-31T16:47:46Z</time></trkpt><trkpt lat="45.53657" lon="25.339817"><ele>815.9</ele><time>2026-07-31T16:47:49Z</time></trkpt><trkpt lat="45.536627" lon="25.339743"><ele>816.0</ele><time>2026-07-31T16:47:51Z</time></trkpt><trkpt lat="45.536685" lon="25.339662"><ele>816.1</ele><time>2026-07-31T16:47:53Z</time></trkpt><trkpt lat="45.536742" lon="25.339578"><ele>816.0</ele><time>2026-07-31T16:47:55Z</time></trkpt><trkpt lat="45.536807" lon="25.339487"><ele>815.9</ele><time>2026-07-31T16:47:57Z</time></trkpt><trkpt lat="45.536872" lon="25.339397"><ele>815.7</ele><time>2026-07-31T16:47:59Z</time></trkpt><trkpt lat="45.536935" lon="25.339305"><ele>815.4</ele><time>2026-07-31T16:48:01Z</time></trkpt><trkpt lat="45.536995" lon="25.339212"><ele>815.4</ele><time>2026-07-31T16:48:03Z</time></trkpt><trkpt lat="45.537047" lon="25.33911"><ele>815.4</ele><time>2026-07-31T16:48:05Z</time></trkpt><trkpt lat="45.537088" lon="25.339002"><ele>815.5</ele><time>2026-07-31T16:48:07Z</time></trkpt><trkpt lat="45.537123" lon="25.338877"><ele>815.7</ele><time>2026-07-31T16:48:09Z</time></trkpt><trkpt lat="45.537157" lon="25.338753"><ele>815.8</ele><time>2026-07-31T16:48:11Z</time></trkpt><trkpt lat="45.537185" lon="25.338632"><ele>815.8</ele><time>2026-07-31T16:48:13Z</time></trkpt><trkpt lat="45.537207" lon="25.338515"><ele>815.9</ele><time>2026-07-31T16:48:15Z</time></trkpt><trkpt lat="45.53723" lon="25.338395"><ele>816.0</ele><time>2026-07-31T16:48:17Z</time></trkpt><trkpt lat="45.537258" lon="25.338272"><ele>816.1</ele><time>2026-07-31T16:48:19Z</time></trkpt><trkpt lat="45.537285" lon="25.338143"><ele>816.2</ele><time>2026-07-31T16:48:21Z</time></trkpt><trkpt lat="45.537307" lon="25.338032"><ele>816.2</ele><time>2026-07-31T16:48:23Z</time></trkpt><trkpt lat="45.537322" lon="25.337923"><ele>816.2</ele><time>2026-07-31T16:48:25Z</time></trkpt><trkpt lat="45.537343" lon="25.33781"><ele>816.2</ele><time>2026-07-31T16:48:27Z</time></trkpt><trkpt lat="45.537388" lon="25.337698"><ele>815.8</ele><time>2026-07-31T16:48:30Z</time></trkpt><trkpt lat="45.537415" lon="25.337557"><ele>815.6</ele><time>2026-07-31T16:48:33Z</time></trkpt><trkpt lat="45.537452" lon="25.337435"><ele>815.7</ele><time>2026-07-31T16:48:36Z</time></trkpt><trkpt lat="45.53746" lon="25.337332"><ele>815.8</ele><time>2026-07-31T16:48:38Z</time></trkpt><trkpt lat="45.537482" lon="25.337198"><ele>815.9</ele><time>2026-07-31T16:48:41Z</time></trkpt><trkpt lat="45.537512" lon="25.337087"><ele>815.8</ele><time>2026-07-31T16:48:43Z</time></trkpt><trkpt lat="45.53752" lon="25.336965"><ele>815.6</ele><time>2026-07-31T16:48:45Z</time></trkpt><trkpt lat="45.537538" lon="25.336838"><ele>815.6</ele><time>2026-07-31T16:48:47Z</time></trkpt><trkpt lat="45.537563" lon="25.336715"><ele>815.5</ele><time>2026-07-31T16:48:49Z</time></trkpt><trkpt lat="45.53759" lon="25.336595"><ele>815.4</ele><time>2026-07-31T16:48:51Z</time></trkpt><trkpt lat="45.537618" lon="25.336478"><ele>815.2</ele><time>2026-07-31T16:48:53Z</time></trkpt><trkpt lat="45.537643" lon="25.33636"><ele>815.0</ele><time>2026-07-31T16:48:55Z</time></trkpt><trkpt lat="45.537668" lon="25.336237"><ele>815.0</ele><time>2026-07-31T16:48:57Z</time></trkpt><trkpt lat="45.537695" lon="25.336108"><ele>815.0</ele><time>2026-07-31T16:48:59Z</time></trkpt><trkpt lat="45.537718" lon="25.33598"><ele>815.0</ele><time>2026-07-31T16:49:01Z</time></trkpt><trkpt lat="45.537732" lon="25.33585"><ele>814.8</ele><time>2026-07-31T16:49:03Z</time></trkpt><trkpt lat="45.537725" lon="25.335717"><ele>814.6</ele><time>2026-07-31T16:49:05Z</time></trkpt><trkpt lat="45.5377" lon="25.33559"><ele>814.5</ele><time>2026-07-31T16:49:07Z</time></trkpt><trkpt lat="45.537658" lon="25.335477"><ele>814.3</ele><time>2026-07-31T16:49:09Z</time></trkpt><trkpt lat="45.537612" lon="25.335375"><ele>814.0</ele><time>2026-07-31T16:49:11Z</time></trkpt><trkpt lat="45.537575" lon="25.335272"><ele>813.8</ele><time>2026-07-31T16:49:13Z</time></trkpt><trkpt lat="45.537542" lon="25.335167"><ele>813.6</ele><time>2026-07-31T16:49:15Z</time></trkpt><trkpt lat="45.537507" lon="25.335072"><ele>813.6</ele><time>2026-07-31T16:49:17Z</time></trkpt><trkpt lat="45.53747" lon="25.334972"><ele>813.4</ele><time>2026-07-31T16:49:19Z</time></trkpt><trkpt lat="45.53743" lon="25.334863"><ele>813.3</ele><time>2026-07-31T16:49:21Z</time></trkpt><trkpt lat="45.53739" lon="25.334747"><ele>813.4</ele><time>2026-07-31T16:49:23Z</time></trkpt><trkpt lat="45.53735" lon="25.33463"><ele>813.5</ele><time>2026-07-31T16:49:25Z</time></trkpt><trkpt lat="45.537305" lon="25.334512"><ele>813.7</ele><time>2026-07-31T16:49:27Z</time></trkpt><trkpt lat="45.537263" lon="25.334383"><ele>813.8</ele><time>2026-07-31T16:49:29Z</time></trkpt><trkpt lat="45.537257" lon="25.33424"><ele>813.8</ele><time>2026-07-31T16:49:31Z</time></trkpt><trkpt lat="45.537292" lon="25.334093"><ele>813.7</ele><time>2026-07-31T16:49:33Z</time></trkpt><trkpt lat="45.537345" lon="25.333965"><ele>813.7</ele><time>2026-07-31T16:49:35Z</time></trkpt><trkpt lat="45.537408" lon="25.333858"><ele>814.0</ele><time>2026-07-31T16:49:37Z</time></trkpt><trkpt lat="45.537497" lon="25.333788"><ele>814.0</ele><time>2026-07-31T16:49:39Z</time></trkpt><trkpt lat="45.537597" lon="25.333728"><ele>814.0</ele><time>2026-07-31T16:49:41Z</time></trkpt><trkpt lat="45.5377" lon="25.333667"><ele>813.9</ele><time>2026-07-31T16:49:43Z</time></trkpt><trkpt lat="45.537805" lon="25.333603"><ele>813.9</ele><time>2026-07-31T16:49:45Z</time></trkpt><trkpt lat="45.537915" lon="25.333543"><ele>813.8</ele><time>2026-07-31T16:49:47Z</time></trkpt><trkpt lat="45.538017" lon="25.333487"><ele>813.8</ele><time>2026-07-31T16:49:49Z</time></trkpt><trkpt lat="45.53811" lon="25.333427"><ele>813.7</ele><time>2026-07-31T16:49:51Z</time></trkpt><trkpt lat="45.538203" lon="25.333367"><ele>813.7</ele><time>2026-07-31T16:49:53Z</time></trkpt><trkpt lat="45.538302" lon="25.333307"><ele>813.7</ele><time>2026-07-31T16:49:55Z</time></trkpt><trkpt lat="45.538403" lon="25.333248"><ele>813.8</ele><time>2026-07-31T16:49:57Z</time></trkpt><trkpt lat="45.538508" lon="25.333193"><ele>813.8</ele><time>2026-07-31T16:49:59Z</time></trkpt><trkpt lat="45.53862" lon="25.333132"><ele>813.8</ele><time>2026-07-31T16:50:01Z</time></trkpt><trkpt lat="45.538728" lon="25.333075"><ele>813.7</ele><time>2026-07-31T16:50:03Z</time></trkpt><trkpt lat="45.538825" lon="25.333018"><ele>813.6</ele><time>2026-07-31T16:50:05Z</time></trkpt><trkpt lat="45.538997" lon="25.332965"><ele>813.6</ele><time>2026-07-31T16:50:07Z</time></trkpt><trkpt lat="45.539087" lon="25.332875"><ele>813.6</ele><time>2026-07-31T16:50:10Z</time></trkpt><trkpt lat="45.539175" lon="25.332807"><ele>813.7</ele><time>2026-07-31T16:50:12Z</time></trkpt><trkpt lat="45.539258" lon="25.332728"><ele>813.9</ele><time>2026-07-31T16:50:14Z</time></trkpt><trkpt lat="45.539335" lon="25.33263"><ele>814.0</ele><time>2026-07-31T16:50:16Z</time></trkpt><trkpt lat="45.539408" lon="25.332528"><ele>814.2</ele><time>2026-07-31T16:50:18Z</time></trkpt><trkpt lat="45.539468" lon="25.332408"><ele>814.3</ele><time>2026-07-31T16:50:20Z</time></trkpt><trkpt lat="45.539528" lon="25.332283"><ele>814.4</ele><time>2026-07-31T16:50:22Z</time></trkpt><trkpt lat="45.539587" lon="25.332157"><ele>814.5</ele><time>2026-07-31T16:50:24Z</time></trkpt><trkpt lat="45.53965" lon="25.332033"><ele>814.5</ele><time>2026-07-31T16:50:26Z</time></trkpt><trkpt lat="45.539713" lon="25.331913"><ele>814.5</ele><time>2026-07-31T16:50:28Z</time></trkpt><trkpt lat="45.539785" lon="25.331798"><ele>814.2</ele><time>2026-07-31T16:50:30Z</time></trkpt><trkpt lat="45.539855" lon="25.33167"><ele>814.0</ele><time>2026-07-31T16:50:32Z</time></trkpt><trkpt lat="45.539923" lon="25.331537"><ele>814.0</ele><time>2026-07-31T16:50:34Z</time></trkpt><trkpt lat="45.539992" lon="25.331408"><ele>813.9</ele><time>2026-07-31T16:50:36Z</time></trkpt><trkpt lat="45.540053" lon="25.33128"><ele>813.9</ele><time>2026-07-31T16:50:38Z</time></trkpt><trkpt lat="45.540117" lon="25.331157"><ele>813.9</ele><time>2026-07-31T16:50:40Z</time></trkpt><trkpt lat="45.54018" lon="25.331038"><ele>813.7</ele><time>2026-07-31T16:50:42Z</time></trkpt><trkpt lat="45.540248" lon="25.330905"><ele>813.6</ele><time>2026-07-31T16:50:44Z</time></trkpt><trkpt lat="45.540315" lon="25.330767"><ele>813.4</ele><time>2026-07-31T16:50:46Z</time></trkpt><trkpt lat="45.540378" lon="25.330638"><ele>813.4</ele><time>2026-07-31T16:50:48Z</time></trkpt><trkpt lat="45.540435" lon="25.330512"><ele>813.3</ele><time>2026-07-31T16:50:50Z</time></trkpt><trkpt lat="45.540492" lon="25.330392"><ele>813.2</ele><time>2026-07-31T16:50:52Z</time></trkpt><trkpt lat="45.540548" lon="25.330265"><ele>813.2</ele><time>2026-07-31T16:50:54Z</time></trkpt><trkpt lat="45.540607" lon="25.33014"><ele>813.3</ele><time>2026-07-31T16:50:56Z</time></trkpt><trkpt lat="45.540667" lon="25.330013"><ele>813.3</ele><time>2026-07-31T16:50:58Z</time></trkpt><trkpt lat="45.540733" lon="25.329895"><ele>813.3</ele><time>2026-07-31T16:51:00Z</time></trkpt><trkpt lat="45.540798" lon="25.32978"><ele>813.3</ele><time>2026-07-31T16:51:02Z</time></trkpt><trkpt lat="45.540865" lon="25.329667"><ele>813.5</ele><time>2026-07-31T16:51:04Z</time></trkpt><trkpt lat="45.540927" lon="25.329548"><ele>813.7</ele><time>2026-07-31T16:51:06Z</time></trkpt><trkpt lat="45.54099" lon="25.329428"><ele>813.8</ele><time>2026-07-31T16:51:08Z</time></trkpt><trkpt lat="45.541047" lon="25.329302"><ele>813.9</ele><time>2026-07-31T16:51:10Z</time></trkpt><trkpt lat="45.541092" lon="25.329168"><ele>814.0</ele><time>2026-07-31T16:51:12Z</time></trkpt><trkpt lat="45.54112" lon="25.329025"><ele>814.2</ele><time>2026-07-31T16:51:14Z</time></trkpt><trkpt lat="45.541133" lon="25.328872"><ele>814.3</ele><time>2026-07-31T16:51:16Z</time></trkpt><trkpt lat="45.541142" lon="25.328725"><ele>814.4</ele><time>2026-07-31T16:51:18Z</time></trkpt><trkpt lat="45.541155" lon="25.32858"><ele>814.4</ele><time>2026-07-31T16:51:20Z</time></trkpt><trkpt lat="45.541167" lon="25.328435"><ele>814.3</ele><time>2026-07-31T16:51:22Z</time></trkpt><trkpt lat="45.541193" lon="25.328283"><ele>814.3</ele><time>2026-07-31T16:51:24Z</time></trkpt><trkpt lat="45.541248" lon="25.328147"><ele>814.2</ele><time>2026-07-31T16:51:26Z</time></trkpt><trkpt lat="45.541332" lon="25.328038"><ele>813.9</ele><time>2026-07-31T16:51:28Z</time></trkpt><trkpt lat="45.54144" lon="25.327968"><ele>813.8</ele><time>2026-07-31T16:51:30Z</time></trkpt><trkpt lat="45.541548" lon="25.32792"><ele>813.8</ele><time>2026-07-31T16:51:32Z</time></trkpt><trkpt lat="45.54166" lon="25.327873"><ele>813.8</ele><time>2026-07-31T16:51:34Z</time></trkpt><trkpt lat="45.541782" lon="25.327857"><ele>813.9</ele><time>2026-07-31T16:51:36Z</time></trkpt><trkpt lat="45.541873" lon="25.327778"><ele>814.0</ele><time>2026-07-31T16:51:38Z</time></trkpt><trkpt lat="45.541967" lon="25.327703"><ele>814.0</ele><time>2026-07-31T16:51:40Z</time></trkpt><trkpt lat="45.542053" lon="25.327607"><ele>814.0</ele><time>2026-07-31T16:51:42Z</time></trkpt><trkpt lat="45.542125" lon="25.32749"><ele>814.1</ele><time>2026-07-31T16:51:44Z</time></trkpt><trkpt lat="45.542185" lon="25.327367"><ele>814.3</ele><time>2026-07-31T16:51:46Z</time></trkpt><trkpt lat="45.542223" lon="25.327243"><ele>814.3</ele><time>2026-07-31T16:51:48Z</time></trkpt><trkpt lat="45.542258" lon="25.327113"><ele>814.3</ele><time>2026-07-31T16:51:50Z</time></trkpt><trkpt lat="45.54229" lon="25.326983"><ele>814.2</ele><time>2026-07-31T16:51:52Z</time></trkpt><trkpt lat="45.542313" lon="25.326855"><ele>814.1</ele><time>2026-07-31T16:51:54Z</time></trkpt><trkpt lat="45.542348" lon="25.326743"><ele>814.1</ele><time>2026-07-31T16:51:56Z</time></trkpt><trkpt lat="45.542378" lon="25.32662"><ele>814.0</ele><time>2026-07-31T16:51:58Z</time></trkpt><trkpt lat="45.542413" lon="25.326483"><ele>814.0</ele><time>2026-07-31T16:52:00Z</time></trkpt><trkpt lat="45.542447" lon="25.326338"><ele>813.9</ele><time>2026-07-31T16:52:02Z</time></trkpt><trkpt lat="45.542483" lon="25.326185"><ele>813.8</ele><time>2026-07-31T16:52:04Z</time></trkpt><trkpt lat="45.542522" lon="25.326025"><ele>813.8</ele><time>2026-07-31T16:52:06Z</time></trkpt><trkpt lat="45.542558" lon="25.325862"><ele>813.7</ele><time>2026-07-31T16:52:08Z</time></trkpt><trkpt lat="45.5426" lon="25.325713"><ele>813.5</ele><time>2026-07-31T16:52:10Z</time></trkpt><trkpt lat="45.542632" lon="25.325565"><ele>813.4</ele><time>2026-07-31T16:52:12Z</time></trkpt><trkpt lat="45.54267" lon="25.325427"><ele>813.3</ele><time>2026-07-31T16:52:14Z</time></trkpt><trkpt lat="45.542705" lon="25.32529"><ele>813.2</ele><time>2026-07-31T16:52:16Z</time></trkpt><trkpt lat="45.54275" lon="25.325152"><ele>813.0</ele><time>2026-07-31T16:52:18Z</time></trkpt><trkpt lat="45.542822" lon="25.325035"><ele>813.0</ele><time>2026-07-31T16:52:20Z</time></trkpt><trkpt lat="45.542905" lon="25.324963"><ele>812.9</ele><time>2026-07-31T16:52:22Z</time></trkpt><trkpt lat="45.542997" lon="25.324905"><ele>812.9</ele><time>2026-07-31T16:52:24Z</time></trkpt><trkpt lat="45.543088" lon="25.324842"><ele>812.8</ele><time>2026-07-31T16:52:26Z</time></trkpt><trkpt lat="45.543183" lon="25.324777"><ele>812.8</ele><time>2026-07-31T16:52:28Z</time></trkpt><trkpt lat="45.543275" lon="25.32471"><ele>812.9</ele><time>2026-07-31T16:52:30Z</time></trkpt><trkpt lat="45.543365" lon="25.324635"><ele>812.9</ele><time>2026-07-31T16:52:32Z</time></trkpt><trkpt lat="45.543448" lon="25.32455"><ele>813.0</ele><time>2026-07-31T16:52:34Z</time></trkpt><trkpt lat="45.543518" lon="25.324455"><ele>813.1</ele><time>2026-07-31T16:52:36Z</time></trkpt><trkpt lat="45.54358" lon="25.324345"><ele>813.2</ele><time>2026-07-31T16:52:38Z</time></trkpt><trkpt lat="45.543638" lon="25.324235"><ele>813.1</ele><time>2026-07-31T16:52:40Z</time></trkpt><trkpt lat="45.543695" lon="25.324122"><ele>812.8</ele><time>2026-07-31T16:52:42Z</time></trkpt><trkpt lat="45.543752" lon="25.324013"><ele>812.6</ele><time>2026-07-31T16:52:44Z</time></trkpt><trkpt lat="45.543808" lon="25.323912"><ele>812.6</ele><time>2026-07-31T16:52:46Z</time></trkpt><trkpt lat="45.543863" lon="25.3238"><ele>812.4</ele><time>2026-07-31T16:52:48Z</time></trkpt><trkpt lat="45.543922" lon="25.32368"><ele>812.4</ele><time>2026-07-31T16:52:50Z</time></trkpt><trkpt lat="45.543983" lon="25.323557"><ele>812.3</ele><time>2026-07-31T16:52:52Z</time></trkpt><trkpt lat="45.544045" lon="25.323442"><ele>812.1</ele><time>2026-07-31T16:52:54Z</time></trkpt><trkpt lat="45.544103" lon="25.323322"><ele>812.0</ele><time>2026-07-31T16:52:56Z</time></trkpt><trkpt lat="45.544158" lon="25.323193"><ele>811.8</ele><time>2026-07-31T16:52:58Z</time></trkpt><trkpt lat="45.544215" lon="25.323067"><ele>811.4</ele><time>2026-07-31T16:53:00Z</time></trkpt><trkpt lat="45.54428" lon="25.322947"><ele>811.1</ele><time>2026-07-31T16:53:02Z</time></trkpt><trkpt lat="45.544338" lon="25.322818"><ele>810.9</ele><time>2026-07-31T16:53:04Z</time></trkpt><trkpt lat="45.544398" lon="25.32268"><ele>810.7</ele><time>2026-07-31T16:53:07Z</time></trkpt><trkpt lat="45.544462" lon="25.322557"><ele>810.2</ele><time>2026-07-31T16:53:09Z</time></trkpt><trkpt lat="45.544528" lon="25.322425"><ele>809.9</ele><time>2026-07-31T16:53:11Z</time></trkpt><trkpt lat="45.544603" lon="25.322292"><ele>809.7</ele><time>2026-07-31T16:53:13Z</time></trkpt><trkpt lat="45.544703" lon="25.32218"><ele>809.6</ele><time>2026-07-31T16:53:15Z</time></trkpt><trkpt lat="45.544827" lon="25.322108"><ele>809.5</ele><time>2026-07-31T16:53:17Z</time></trkpt><trkpt lat="45.544957" lon="25.322095"><ele>809.2</ele><time>2026-07-31T16:53:19Z</time></trkpt><trkpt lat="45.545087" lon="25.32214"><ele>808.8</ele><time>2026-07-31T16:53:21Z</time></trkpt><trkpt lat="45.545207" lon="25.322222"><ele>808.6</ele><time>2026-07-31T16:53:23Z</time></trkpt><trkpt lat="45.545325" lon="25.322288"><ele>808.3</ele><time>2026-07-31T16:53:25Z</time></trkpt><trkpt lat="45.545448" lon="25.322358"><ele>808.2</ele><time>2026-07-31T16:53:26Z</time></trkpt><trkpt lat="45.545575" lon="25.32239"><ele>808.1</ele><time>2026-07-31T16:53:28Z</time></trkpt><trkpt lat="45.545702" lon="25.32241"><ele>807.8</ele><time>2026-07-31T16:53:30Z</time></trkpt><trkpt lat="45.545823" lon="25.322413"><ele>807.5</ele><time>2026-07-31T16:53:32Z</time></trkpt><trkpt lat="45.545953" lon="25.322417"><ele>807.1</ele><time>2026-07-31T16:53:34Z</time></trkpt><trkpt lat="45.546085" lon="25.322412"><ele>806.6</ele><time>2026-07-31T16:53:36Z</time></trkpt><trkpt lat="45.546158" lon="25.322408"><ele>806.4</ele><time>2026-07-31T16:53:37Z</time></trkpt><trkpt lat="45.546233" lon="25.32241"><ele>806.4</ele><time>2026-07-31T16:53:38Z</time></trkpt><trkpt lat="45.546307" lon="25.322415"><ele>806.1</ele><time>2026-07-31T16:53:39Z</time></trkpt><trkpt lat="45.54638" lon="25.32241"><ele>805.8</ele><time>2026-07-31T16:53:40Z</time></trkpt><trkpt lat="45.54646" lon="25.322398"><ele>805.5</ele><time>2026-07-31T16:53:41Z</time></trkpt><trkpt lat="45.546543" lon="25.32239"><ele>805.1</ele><time>2026-07-31T16:53:42Z</time></trkpt><trkpt lat="45.546627" lon="25.32238"><ele>804.8</ele><time>2026-07-31T16:53:43Z</time></trkpt><trkpt lat="45.546708" lon="25.32236"><ele>804.4</ele><time>2026-07-31T16:53:44Z</time></trkpt><trkpt lat="45.546795" lon="25.32234"><ele>804.1</ele><time>2026-07-31T16:53:45Z</time></trkpt><trkpt lat="45.546887" lon="25.322333"><ele>803.7</ele><time>2026-07-31T16:53:46Z</time></trkpt><trkpt lat="45.546972" lon="25.322315"><ele>803.0</ele><time>2026-07-31T16:53:47Z</time></trkpt><trkpt lat="45.547058" lon="25.322298"><ele>802.4</ele><time>2026-07-31T16:53:48Z</time></trkpt><trkpt lat="45.54714" lon="25.322277"><ele>801.7</ele><time>2026-07-31T16:53:49Z</time></trkpt><trkpt lat="45.547222" lon="25.32225"><ele>801.1</ele><time>2026-07-31T16:53:50Z</time></trkpt><trkpt lat="45.547305" lon="25.32223"><ele>800.5</ele><time>2026-07-31T16:53:51Z</time></trkpt><trkpt lat="45.547388" lon="25.322212"><ele>800.1</ele><time>2026-07-31T16:53:52Z</time></trkpt><trkpt lat="45.54747" lon="25.322195"><ele>799.7</ele><time>2026-07-31T16:53:53Z</time></trkpt><trkpt lat="45.54755" lon="25.322172"><ele>799.4</ele><time>2026-07-31T16:53:54Z</time></trkpt><trkpt lat="45.547632" lon="25.322152"><ele>799.2</ele><time>2026-07-31T16:53:55Z</time></trkpt><trkpt lat="45.54771" lon="25.322133"><ele>799.2</ele><time>2026-07-31T16:53:56Z</time></trkpt><trkpt lat="45.547795" lon="25.322113"><ele>798.9</ele><time>2026-07-31T16:53:57Z</time></trkpt><trkpt lat="45.547885" lon="25.322083"><ele>798.6</ele><time>2026-07-31T16:53:58Z</time></trkpt><trkpt lat="45.548033" lon="25.32205"><ele>798.0</ele><time>2026-07-31T16:54:00Z</time></trkpt><trkpt lat="45.548115" lon="25.322033"><ele>797.8</ele><time>2026-07-31T16:54:01Z</time></trkpt><trkpt lat="45.548203" lon="25.32202"><ele>797.4</ele><time>2026-07-31T16:54:02Z</time></trkpt><trkpt lat="45.5483" lon="25.322"><ele>797.2</ele><time>2026-07-31T16:54:03Z</time></trkpt><trkpt lat="45.54839" lon="25.32199"><ele>796.9</ele><time>2026-07-31T16:54:04Z</time></trkpt><trkpt lat="45.54848" lon="25.321973"><ele>796.6</ele><time>2026-07-31T16:54:05Z</time></trkpt><trkpt lat="45.548573" lon="25.321972"><ele>795.9</ele><time>2026-07-31T16:54:06Z</time></trkpt><trkpt lat="45.54868" lon="25.321962"><ele>795.1</ele><time>2026-07-31T16:54:07Z</time></trkpt><trkpt lat="45.548772" lon="25.321978"><ele>794.3</ele><time>2026-07-31T16:54:08Z</time></trkpt><trkpt lat="45.548873" lon="25.321992"><ele>793.7</ele><time>2026-07-31T16:54:09Z</time></trkpt><trkpt lat="45.548977" lon="25.322008"><ele>793.2</ele><time>2026-07-31T16:54:10Z</time></trkpt><trkpt lat="45.549073" lon="25.322032"><ele>792.5</ele><time>2026-07-31T16:54:11Z</time></trkpt><trkpt lat="45.549172" lon="25.322053"><ele>792.5</ele><time>2026-07-31T16:54:12Z</time></trkpt><trkpt lat="45.549268" lon="25.322072"><ele>792.0</ele><time>2026-07-31T16:54:13Z</time></trkpt><trkpt lat="45.549368" lon="25.32209"><ele>791.3</ele><time>2026-07-31T16:54:14Z</time></trkpt><trkpt lat="45.549475" lon="25.322115"><ele>790.3</ele><time>2026-07-31T16:54:15Z</time></trkpt><trkpt lat="45.549582" lon="25.32214"><ele>790.3</ele><time>2026-07-31T16:54:16Z</time></trkpt><trkpt lat="45.549682" lon="25.322157"><ele>789.3</ele><time>2026-07-31T16:54:17Z</time></trkpt><trkpt lat="45.549777" lon="25.322178"><ele>788.3</ele><time>2026-07-31T16:54:18Z</time></trkpt><trkpt lat="45.549882" lon="25.322193"><ele>787.4</ele><time>2026-07-31T16:54:19Z</time></trkpt><trkpt lat="45.549982" lon="25.32221"><ele>787.4</ele><time>2026-07-31T16:54:20Z</time></trkpt><trkpt lat="45.550082" lon="25.322237"><ele>786.6</ele><time>2026-07-31T16:54:21Z</time></trkpt><trkpt lat="45.550185" lon="25.322258"><ele>785.9</ele><time>2026-07-31T16:54:22Z</time></trkpt><trkpt lat="45.55028" lon="25.322237"><ele>785.3</ele><time>2026-07-31T16:54:23Z</time></trkpt><trkpt lat="45.550388" lon="25.322222"><ele>784.6</ele><time>2026-07-31T16:54:24Z</time></trkpt><trkpt lat="45.550485" lon="25.322173"><ele>784.6</ele><time>2026-07-31T16:54:25Z</time></trkpt><trkpt lat="45.55057" lon="25.322107"><ele>783.9</ele><time>2026-07-31T16:54:26Z</time></trkpt><trkpt lat="45.550648" lon="25.322008"><ele>783.1</ele><time>2026-07-31T16:54:27Z</time></trkpt><trkpt lat="45.550715" lon="25.3219"><ele>782.3</ele><time>2026-07-31T16:54:28Z</time></trkpt><trkpt lat="45.550777" lon="25.321785"><ele>782.3</ele><time>2026-07-31T16:54:29Z</time></trkpt><trkpt lat="45.550833" lon="25.321667"><ele>781.4</ele><time>2026-07-31T16:54:30Z</time></trkpt><trkpt lat="45.550892" lon="25.321557"><ele>780.5</ele><time>2026-07-31T16:54:31Z</time></trkpt><trkpt lat="45.550953" lon="25.321445"><ele>779.6</ele><time>2026-07-31T16:54:32Z</time></trkpt><trkpt lat="45.551015" lon="25.321335"><ele>779.6</ele><time>2026-07-31T16:54:33Z</time></trkpt><trkpt lat="45.551073" lon="25.321222"><ele>779.0</ele><time>2026-07-31T16:54:34Z</time></trkpt><trkpt lat="45.55113" lon="25.321107"><ele>778.3</ele><time>2026-07-31T16:54:35Z</time></trkpt><trkpt lat="45.551185" lon="25.32099"><ele>777.4</ele><time>2026-07-31T16:54:36Z</time></trkpt><trkpt lat="45.551235" lon="25.320868"><ele>777.4</ele><time>2026-07-31T16:54:37Z</time></trkpt><trkpt lat="45.551278" lon="25.320737"><ele>776.5</ele><time>2026-07-31T16:54:38Z</time></trkpt><trkpt lat="45.551313" lon="25.320605"><ele>775.7</ele><time>2026-07-31T16:54:39Z</time></trkpt><trkpt lat="45.551352" lon="25.320473"><ele>774.9</ele><time>2026-07-31T16:54:40Z</time></trkpt><trkpt lat="45.551382" lon="25.320333"><ele>774.9</ele><time>2026-07-31T16:54:41Z</time></trkpt><trkpt lat="45.551418" lon="25.320195"><ele>773.8</ele><time>2026-07-31T16:54:42Z</time></trkpt><trkpt lat="45.551458" lon="25.320058"><ele>772.8</ele><time>2026-07-31T16:54:43Z</time></trkpt><trkpt lat="45.551505" lon="25.319922"><ele>771.9</ele><time>2026-07-31T16:54:44Z</time></trkpt><trkpt lat="45.551567" lon="25.319797"><ele>771.9</ele><time>2026-07-31T16:54:45Z</time></trkpt><trkpt lat="45.551648" lon="25.319693"><ele>771.0</ele><time>2026-07-31T16:54:46Z</time></trkpt><trkpt lat="45.551747" lon="25.31962"><ele>769.9</ele><time>2026-07-31T16:54:47Z</time></trkpt><trkpt lat="45.551855" lon="25.319577"><ele>768.9</ele><time>2026-07-31T16:54:48Z</time></trkpt><trkpt lat="45.551968" lon="25.319552"><ele>768.9</ele><time>2026-07-31T16:54:49Z</time></trkpt><trkpt lat="45.552082" lon="25.319547"><ele>767.9</ele><time>2026-07-31T16:54:50Z</time></trkpt><trkpt lat="45.552193" lon="25.319563"><ele>766.8</ele><time>2026-07-31T16:54:51Z</time></trkpt><trkpt lat="45.552307" lon="25.319602"><ele>765.6</ele><time>2026-07-31T16:54:52Z</time></trkpt><trkpt lat="45.552417" lon="25.319657"><ele>765.6</ele><time>2026-07-31T16:54:53Z</time></trkpt><trkpt lat="45.552527" lon="25.319715"><ele>764.4</ele><time>2026-07-31T16:54:54Z</time></trkpt><trkpt lat="45.55264" lon="25.319758"><ele>763.2</ele><time>2026-07-31T16:54:55Z</time></trkpt><trkpt lat="45.552757" lon="25.319777"><ele>762.1</ele><time>2026-07-31T16:54:56Z</time></trkpt><trkpt lat="45.552872" lon="25.319772"><ele>762.1</ele><time>2026-07-31T16:54:57Z</time></trkpt><trkpt lat="45.552988" lon="25.31975"><ele>761.1</ele><time>2026-07-31T16:54:58Z</time></trkpt><trkpt lat="45.553105" lon="25.319732"><ele>760.3</ele><time>2026-07-31T16:54:59Z</time></trkpt><trkpt lat="45.553222" lon="25.319723"><ele>759.4</ele><time>2026-07-31T16:55:00Z</time></trkpt><trkpt lat="45.55334" lon="25.319735"><ele>758.5</ele><time>2026-07-31T16:55:01Z</time></trkpt><trkpt lat="45.553455" lon="25.319778"><ele>758.5</ele><time>2026-07-31T16:55:02Z</time></trkpt><trkpt lat="45.55356" lon="25.319857"><ele>757.6</ele><time>2026-07-31T16:55:03Z</time></trkpt><trkpt lat="45.553655" lon="25.319962"><ele>756.6</ele><time>2026-07-31T16:55:04Z</time></trkpt><trkpt lat="45.553742" lon="25.320077"><ele>755.5</ele><time>2026-07-31T16:55:05Z</time></trkpt><trkpt lat="45.553823" lon="25.320202"><ele>755.5</ele><time>2026-07-31T16:55:06Z</time></trkpt><trkpt lat="45.553902" lon="25.32033"><ele>754.3</ele><time>2026-07-31T16:55:07Z</time></trkpt><trkpt lat="45.553972" lon="25.320467"><ele>753.2</ele><time>2026-07-31T16:55:08Z</time></trkpt><trkpt lat="45.554035" lon="25.32061"><ele>751.9</ele><time>2026-07-31T16:55:09Z</time></trkpt><trkpt lat="45.554093" lon="25.320758"><ele>751.9</ele><time>2026-07-31T16:55:10Z</time></trkpt><trkpt lat="45.554148" lon="25.320908"><ele>750.8</ele><time>2026-07-31T16:55:12Z</time></trkpt><trkpt lat="45.554198" lon="25.321062"><ele>749.7</ele><time>2026-07-31T16:55:13Z</time></trkpt><trkpt lat="45.554248" lon="25.321217"><ele>748.7</ele><time>2026-07-31T16:55:14Z</time></trkpt><trkpt lat="45.5543" lon="25.32137"><ele>748.7</ele><time>2026-07-31T16:55:15Z</time></trkpt><trkpt lat="45.554353" lon="25.321525"><ele>747.8</ele><time>2026-07-31T16:55:16Z</time></trkpt><trkpt lat="45.554407" lon="25.32168"><ele>747.0</ele><time>2026-07-31T16:55:17Z</time></trkpt><trkpt lat="45.554462" lon="25.321835"><ele>746.1</ele><time>2026-07-31T16:55:18Z</time></trkpt><trkpt lat="45.554517" lon="25.321992"><ele>746.1</ele><time>2026-07-31T16:55:19Z</time></trkpt><trkpt lat="45.55457" lon="25.322152"><ele>745.1</ele><time>2026-07-31T16:55:20Z</time></trkpt><trkpt lat="45.554625" lon="25.32231"><ele>744.2</ele><time>2026-07-31T16:55:21Z</time></trkpt><trkpt lat="45.55468" lon="25.32247"><ele>743.2</ele><time>2026-07-31T16:55:22Z</time></trkpt><trkpt lat="45.554735" lon="25.322627"><ele>743.2</ele><time>2026-07-31T16:55:23Z</time></trkpt><trkpt lat="45.554787" lon="25.322778"><ele>742.0</ele><time>2026-07-31T16:55:24Z</time></trkpt><trkpt lat="45.554845" lon="25.322933"><ele>741.1</ele><time>2026-07-31T16:55:25Z</time></trkpt><trkpt lat="45.554907" lon="25.323087"><ele>740.1</ele><time>2026-07-31T16:55:26Z</time></trkpt><trkpt lat="45.55495" lon="25.323248"><ele>740.1</ele><time>2026-07-31T16:55:27Z</time></trkpt><trkpt lat="45.554978" lon="25.323412"><ele>739.1</ele><time>2026-07-31T16:55:28Z</time></trkpt><trkpt lat="45.555003" lon="25.323588"><ele>738.0</ele><time>2026-07-31T16:55:29Z</time></trkpt><trkpt lat="45.555027" lon="25.323753"><ele>737.0</ele><time>2026-07-31T16:55:30Z</time></trkpt><trkpt lat="45.555057" lon="25.323918"><ele>737.0</ele><time>2026-07-31T16:55:31Z</time></trkpt><trkpt lat="45.555093" lon="25.324078"><ele>736.0</ele><time>2026-07-31T16:55:32Z</time></trkpt><trkpt lat="45.555132" lon="25.324232"><ele>734.9</ele><time>2026-07-31T16:55:33Z</time></trkpt><trkpt lat="45.555185" lon="25.324373"><ele>734.0</ele><time>2026-07-31T16:55:34Z</time></trkpt><trkpt lat="45.555248" lon="25.324503"><ele>734.0</ele><time>2026-07-31T16:55:35Z</time></trkpt><trkpt lat="45.555317" lon="25.32462"><ele>733.2</ele><time>2026-07-31T16:55:36Z</time></trkpt><trkpt lat="45.55539" lon="25.324727"><ele>732.6</ele><time>2026-07-31T16:55:37Z</time></trkpt><trkpt lat="45.555462" lon="25.32483"><ele>732.0</ele><time>2026-07-31T16:55:38Z</time></trkpt><trkpt lat="45.555528" lon="25.324925"><ele>731.5</ele><time>2026-07-31T16:55:39Z</time></trkpt><trkpt lat="45.555593" lon="25.325027"><ele>731.1</ele><time>2026-07-31T16:55:40Z</time></trkpt><trkpt lat="45.555658" lon="25.325122"><ele>730.7</ele><time>2026-07-31T16:55:41Z</time></trkpt><trkpt lat="45.555722" lon="25.32521"><ele>730.4</ele><time>2026-07-31T16:55:42Z</time></trkpt><trkpt lat="45.555787" lon="25.325305"><ele>730.4</ele><time>2026-07-31T16:55:43Z</time></trkpt><trkpt lat="45.555852" lon="25.32539"><ele>730.1</ele><time>2026-07-31T16:55:44Z</time></trkpt><trkpt lat="45.55593" lon="25.325425"><ele>730.0</ele><time>2026-07-31T16:55:45Z</time></trkpt><trkpt lat="45.556007" lon="25.325458"><ele>730.0</ele><time>2026-07-31T16:55:46Z</time></trkpt><trkpt lat="45.556083" lon="25.325487"><ele>729.9</ele><time>2026-07-31T16:55:47Z</time></trkpt><trkpt lat="45.556157" lon="25.325508"><ele>729.9</ele><time>2026-07-31T16:55:48Z</time></trkpt><trkpt lat="45.556232" lon="25.325528"><ele>729.9</ele><time>2026-07-31T16:55:49Z</time></trkpt><trkpt lat="45.556307" lon="25.325542"><ele>729.9</ele><time>2026-07-31T16:55:50Z</time></trkpt><trkpt lat="45.556382" lon="25.325545"><ele>729.8</ele><time>2026-07-31T16:55:51Z</time></trkpt><trkpt lat="45.556455" lon="25.325537"><ele>729.6</ele><time>2026-07-31T16:55:51Z</time></trkpt><trkpt lat="45.556592" lon="25.325482"><ele>729.3</ele><time>2026-07-31T16:55:53Z</time></trkpt><trkpt lat="45.55672" lon="25.325408"><ele>728.9</ele><time>2026-07-31T16:55:55Z</time></trkpt><trkpt lat="45.556827" lon="25.325285"><ele>728.8</ele><time>2026-07-31T16:55:57Z</time></trkpt><trkpt lat="45.55691" lon="25.32514"><ele>728.5</ele><time>2026-07-31T16:55:59Z</time></trkpt><trkpt lat="45.556987" lon="25.324998"><ele>728.4</ele><time>2026-07-31T16:56:01Z</time></trkpt><trkpt lat="45.557063" lon="25.324858"><ele>728.1</ele><time>2026-07-31T16:56:03Z</time></trkpt><trkpt lat="45.557138" lon="25.324723"><ele>727.9</ele><time>2026-07-31T16:56:05Z</time></trkpt><trkpt lat="45.55721" lon="25.32459"><ele>727.7</ele><time>2026-07-31T16:56:07Z</time></trkpt><trkpt lat="45.557292" lon="25.32448"><ele>727.5</ele><time>2026-07-31T16:56:09Z</time></trkpt><trkpt lat="45.557383" lon="25.324398"><ele>727.3</ele><time>2026-07-31T16:56:11Z</time></trkpt><trkpt lat="45.557482" lon="25.324355"><ele>727.2</ele><time>2026-07-31T16:56:13Z</time></trkpt><trkpt lat="45.557582" lon="25.324338"><ele>727.1</ele><time>2026-07-31T16:56:15Z</time></trkpt><trkpt lat="45.557683" lon="25.324323"><ele>727.0</ele><time>2026-07-31T16:56:17Z</time></trkpt><trkpt lat="45.557777" lon="25.324323"><ele>726.8</ele><time>2026-07-31T16:56:19Z</time></trkpt><trkpt lat="45.557868" lon="25.324312"><ele>726.7</ele><time>2026-07-31T16:56:21Z</time></trkpt><trkpt lat="45.557958" lon="25.324302"><ele>726.5</ele><time>2026-07-31T16:56:23Z</time></trkpt><trkpt lat="45.558043" lon="25.32429"><ele>726.4</ele><time>2026-07-31T16:56:25Z</time></trkpt><trkpt lat="45.558127" lon="25.32428"><ele>726.3</ele><time>2026-07-31T16:56:27Z</time></trkpt><trkpt lat="45.558212" lon="25.32428"><ele>726.3</ele><time>2026-07-31T16:56:29Z</time></trkpt><trkpt lat="45.558293" lon="25.324278"><ele>726.2</ele><time>2026-07-31T16:56:31Z</time></trkpt><trkpt lat="45.558372" lon="25.324272"><ele>726.1</ele><time>2026-07-31T16:56:33Z</time></trkpt><trkpt lat="45.558448" lon="25.32426"><ele>725.9</ele><time>2026-07-31T16:56:35Z</time></trkpt><trkpt lat="45.558525" lon="25.32426"><ele>725.9</ele><time>2026-07-31T16:56:37Z</time></trkpt><trkpt lat="45.558597" lon="25.32426"><ele>725.9</ele><time>2026-07-31T16:56:39Z</time></trkpt><trkpt lat="45.558697" lon="25.324263"><ele>725.9</ele><time>2026-07-31T16:56:42Z</time></trkpt><trkpt lat="45.55879" lon="25.324258"><ele>725.9</ele><time>2026-07-31T16:56:45Z</time></trkpt><trkpt lat="45.558873" lon="25.32425"><ele>725.9</ele><time>2026-07-31T16:56:48Z</time></trkpt><trkpt lat="45.558957" lon="25.32425"><ele>725.9</ele><time>2026-07-31T16:56:51Z</time></trkpt><trkpt lat="45.55904" lon="25.324242"><ele>725.8</ele><time>2026-07-31T16:56:54Z</time></trkpt><trkpt lat="45.559123" lon="25.324235"><ele>725.8</ele><time>2026-07-31T16:56:57Z</time></trkpt><trkpt lat="45.559202" lon="25.32424"><ele>725.7</ele><time>2026-07-31T16:57:00Z</time></trkpt><trkpt lat="45.559288" lon="25.32417"><ele>725.6</ele><time>2026-07-31T16:57:10Z</time></trkpt><trkpt lat="45.559318" lon="25.324042"><ele>725.8</ele><time>2026-07-31T16:57:13Z</time></trkpt><trkpt lat="45.55934" lon="25.323888"><ele>726.0</ele><time>2026-07-31T16:57:16Z</time></trkpt><trkpt lat="45.559355" lon="25.323778"><ele>726.1</ele><time>2026-07-31T16:57:19Z</time></trkpt><trkpt lat="45.559373" lon="25.323665"><ele>726.3</ele><time>2026-07-31T16:57:21Z</time></trkpt><trkpt lat="45.55939" lon="25.323545"><ele>726.3</ele><time>2026-07-31T16:57:23Z</time></trkpt><trkpt lat="45.5594" lon="25.323422"><ele>726.4</ele><time>2026-07-31T16:57:25Z</time></trkpt><trkpt lat="45.559412" lon="25.323302"><ele>726.6</ele><time>2026-07-31T16:57:27Z</time></trkpt><trkpt lat="45.559423" lon="25.323185"><ele>726.8</ele><time>2026-07-31T16:57:29Z</time></trkpt><trkpt lat="45.559433" lon="25.323065"><ele>726.9</ele><time>2026-07-31T16:57:31Z</time></trkpt><trkpt lat="45.559447" lon="25.32294"><ele>727.0</ele><time>2026-07-31T16:57:33Z</time></trkpt><trkpt lat="45.559452" lon="25.322817"><ele>727.1</ele><time>2026-07-31T16:57:35Z</time></trkpt><trkpt lat="45.55945" lon="25.32269"><ele>727.2</ele><time>2026-07-31T16:57:37Z</time></trkpt><trkpt lat="45.559448" lon="25.322565"><ele>727.2</ele><time>2026-07-31T16:57:39Z</time></trkpt><trkpt lat="45.559443" lon="25.322442"><ele>727.4</ele><time>2026-07-31T16:57:41Z</time></trkpt><trkpt lat="45.559435" lon="25.322315"><ele>727.7</ele><time>2026-07-31T16:57:43Z</time></trkpt><trkpt lat="45.55943" lon="25.322188"><ele>727.8</ele><time>2026-07-31T16:57:45Z</time></trkpt><trkpt lat="45.559425" lon="25.322062"><ele>727.8</ele><time>2026-07-31T16:57:47Z</time></trkpt><trkpt lat="45.559418" lon="25.321935"><ele>728.0</ele><time>2026-07-31T16:57:49Z</time></trkpt><trkpt lat="45.559412" lon="25.32181"><ele>728.1</ele><time>2026-07-31T16:57:51Z</time></trkpt><trkpt lat="45.559407" lon="25.321687"><ele>728.3</ele><time>2026-07-31T16:57:53Z</time></trkpt><trkpt lat="45.559403" lon="25.321565"><ele>728.6</ele><time>2026-07-31T16:57:55Z</time></trkpt><trkpt lat="45.5594" lon="25.321443"><ele>728.8</ele><time>2026-07-31T16:57:57Z</time></trkpt><trkpt lat="45.559392" lon="25.321325"><ele>728.9</ele><time>2026-07-31T16:57:59Z</time></trkpt><trkpt lat="45.559387" lon="25.321213"><ele>729.1</ele><time>2026-07-31T16:58:00Z</time></trkpt><trkpt lat="45.559385" lon="25.321087"><ele>729.4</ele><time>2026-07-31T16:58:02Z</time></trkpt><trkpt lat="45.559383" lon="25.320965"><ele>729.7</ele><time>2026-07-31T16:58:04Z</time></trkpt><trkpt lat="45.559382" lon="25.320845"><ele>729.9</ele><time>2026-07-31T16:58:06Z</time></trkpt><trkpt lat="45.55938" lon="25.320727"><ele>730.0</ele><time>2026-07-31T16:58:08Z</time></trkpt><trkpt lat="45.559377" lon="25.320608"><ele>730.3</ele><time>2026-07-31T16:58:11Z</time></trkpt><trkpt lat="45.559377" lon="25.320502"><ele>730.1</ele><time>2026-07-31T16:58:26Z</time></trkpt><trkpt lat="45.559387" lon="25.320373"><ele>730.3</ele><time>2026-07-31T16:58:32Z</time></trkpt><trkpt lat="45.559393" lon="25.320232"><ele>730.6</ele><time>2026-07-31T16:58:35Z</time></trkpt><trkpt lat="45.559395" lon="25.320123"><ele>731.0</ele><time>2026-07-31T16:58:37Z</time></trkpt><trkpt lat="45.559403" lon="25.320012"><ele>731.2</ele><time>2026-07-31T16:58:39Z</time></trkpt><trkpt lat="45.559405" lon="25.319895"><ele>731.4</ele><time>2026-07-31T16:58:41Z</time></trkpt><trkpt lat="45.559403" lon="25.319777"><ele>731.5</ele><time>2026-07-31T16:58:43Z</time></trkpt><trkpt lat="45.559415" lon="25.319658"><ele>731.6</ele><time>2026-07-31T16:58:45Z</time></trkpt><trkpt lat="45.559425" lon="25.319537"><ele>731.7</ele><time>2026-07-31T16:58:47Z</time></trkpt><trkpt lat="45.559425" lon="25.319413"><ele>731.9</ele><time>2026-07-31T16:58:49Z</time></trkpt><trkpt lat="45.559433" lon="25.31929"><ele>732.1</ele><time>2026-07-31T16:58:51Z</time></trkpt><trkpt lat="45.559432" lon="25.319168"><ele>732.3</ele><time>2026-07-31T16:58:53Z</time></trkpt><trkpt lat="45.559433" lon="25.319047"><ele>732.4</ele><time>2026-07-31T16:58:55Z</time></trkpt><trkpt lat="45.559432" lon="25.318927"><ele>732.6</ele><time>2026-07-31T16:58:57Z</time></trkpt><trkpt lat="45.559425" lon="25.318807"><ele>732.7</ele><time>2026-07-31T16:58:59Z</time></trkpt><trkpt lat="45.559425" lon="25.318688"><ele>732.8</ele><time>2026-07-31T16:59:01Z</time></trkpt><trkpt lat="45.559415" lon="25.31857"><ele>733.0</ele><time>2026-07-31T16:59:03Z</time></trkpt><trkpt lat="45.559398" lon="25.318453"><ele>733.2</ele><time>2026-07-31T16:59:05Z</time></trkpt><trkpt lat="45.559387" lon="25.318338"><ele>733.5</ele><time>2026-07-31T16:59:07Z</time></trkpt><trkpt lat="45.559383" lon="25.31822"><ele>733.9</ele><time>2026-07-31T16:59:09Z</time></trkpt><trkpt lat="45.55937" lon="25.318103"><ele>734.1</ele><time>2026-07-31T16:59:11Z</time></trkpt><trkpt lat="45.559355" lon="25.31799"><ele>734.3</ele><time>2026-07-31T16:59:13Z</time></trkpt><trkpt lat="45.559348" lon="25.317872"><ele>734.5</ele><time>2026-07-31T16:59:15Z</time></trkpt><trkpt lat="45.559337" lon="25.317753"><ele>734.7</ele><time>2026-07-31T16:59:17Z</time></trkpt><trkpt lat="45.559322" lon="25.317635"><ele>734.9</ele><time>2026-07-31T16:59:19Z</time></trkpt><trkpt lat="45.559303" lon="25.317518"><ele>735.1</ele><time>2026-07-31T16:59:21Z</time></trkpt><trkpt lat="45.559285" lon="25.317403"><ele>735.3</ele><time>2026-07-31T16:59:24Z</time></trkpt><trkpt lat="45.55927" lon="25.317288"><ele>735.4</ele><time>2026-07-31T16:59:26Z</time></trkpt><trkpt lat="45.55925" lon="25.317172"><ele>735.5</ele><time>2026-07-31T16:59:28Z</time></trkpt><trkpt lat="45.559228" lon="25.317055"><ele>735.7</ele><time>2026-07-31T16:59:30Z</time></trkpt><trkpt lat="45.559207" lon="25.316938"><ele>735.9</ele><time>2026-07-31T16:59:32Z</time></trkpt><trkpt lat="45.559182" lon="25.316823"><ele>736.1</ele><time>2026-07-31T16:59:34Z</time></trkpt><trkpt lat="45.55915" lon="25.316708"><ele>736.2</ele><time>2026-07-31T16:59:36Z</time></trkpt><trkpt lat="45.559122" lon="25.31659"><ele>736.4</ele><time>2026-07-31T16:59:38Z</time></trkpt><trkpt lat="45.559093" lon="25.316475"><ele>736.6</ele><time>2026-07-31T16:59:40Z</time></trkpt><trkpt lat="45.559063" lon="25.316358"><ele>736.9</ele><time>2026-07-31T16:59:42Z</time></trkpt><trkpt lat="45.559028" lon="25.31625"><ele>737.1</ele><time>2026-07-31T16:59:44Z</time></trkpt><trkpt lat="45.559002" lon="25.316135"><ele>737.3</ele><time>2026-07-31T16:59:46Z</time></trkpt><trkpt lat="45.558972" lon="25.31602"><ele>737.6</ele><time>2026-07-31T16:59:48Z</time></trkpt><trkpt lat="45.558935" lon="25.315912"><ele>737.9</ele><time>2026-07-31T16:59:50Z</time></trkpt><trkpt lat="45.5589" lon="25.315797"><ele>738.2</ele><time>2026-07-31T16:59:52Z</time></trkpt><trkpt lat="45.558863" lon="25.315687"><ele>738.4</ele><time>2026-07-31T16:59:54Z</time></trkpt><trkpt lat="45.558828" lon="25.315575"><ele>738.5</ele><time>2026-07-31T16:59:56Z</time></trkpt><trkpt lat="45.558793" lon="25.315462"><ele>738.6</ele><time>2026-07-31T16:59:58Z</time></trkpt><trkpt lat="45.558762" lon="25.315347"><ele>738.8</ele><time>2026-07-31T17:00:00Z</time></trkpt><trkpt lat="45.558737" lon="25.31523"><ele>738.9</ele><time>2026-07-31T17:00:02Z</time></trkpt><trkpt lat="45.558713" lon="25.315117"><ele>739.1</ele><time>2026-07-31T17:00:04Z</time></trkpt><trkpt lat="45.558698" lon="25.314998"><ele>739.4</ele><time>2026-07-31T17:00:06Z</time></trkpt><trkpt lat="45.558687" lon="25.31488"><ele>739.6</ele><time>2026-07-31T17:00:07Z</time></trkpt><trkpt lat="45.558682" lon="25.314762"><ele>739.7</ele><time>2026-07-31T17:00:09Z</time></trkpt><trkpt lat="45.558677" lon="25.314648"><ele>739.8</ele><time>2026-07-31T17:00:11Z</time></trkpt><trkpt lat="45.558683" lon="25.314543"><ele>739.9</ele><time>2026-07-31T17:00:13Z</time></trkpt><trkpt lat="45.558723" lon="25.314453"><ele>739.9</ele><time>2026-07-31T17:00:15Z</time></trkpt><trkpt lat="45.558792" lon="25.314392"><ele>739.8</ele><time>2026-07-31T17:00:17Z</time></trkpt><trkpt lat="45.558868" lon="25.314333"><ele>739.6</ele><time>2026-07-31T17:00:19Z</time></trkpt><trkpt lat="45.558942" lon="25.31427"><ele>739.4</ele><time>2026-07-31T17:00:21Z</time></trkpt><trkpt lat="45.55902" lon="25.314215"><ele>739.2</ele><time>2026-07-31T17:00:23Z</time></trkpt><trkpt lat="45.55909" lon="25.314148"><ele>739.1</ele><time>2026-07-31T17:00:25Z</time></trkpt><trkpt lat="45.559158" lon="25.314102"><ele>739.0</ele><time>2026-07-31T17:00:27Z</time></trkpt><trkpt lat="45.559252" lon="25.314072"><ele>738.7</ele><time>2026-07-31T17:00:30Z</time></trkpt><trkpt lat="45.559325" lon="25.314062"><ele>738.4</ele><time>2026-07-31T17:00:32Z</time></trkpt><trkpt lat="45.559402" lon="25.314062"><ele>738.3</ele><time>2026-07-31T17:00:34Z</time></trkpt><trkpt lat="45.559473" lon="25.314018"><ele>738.2</ele><time>2026-07-31T17:00:36Z</time></trkpt><trkpt lat="45.559492" lon="25.313895"><ele>738.2</ele><time>2026-07-31T17:00:38Z</time></trkpt><trkpt lat="45.559428" lon="25.313805"><ele>738.2</ele><time>2026-07-31T17:00:40Z</time></trkpt><trkpt lat="45.559343" lon="25.313783"><ele>738.2</ele><time>2026-07-31T17:00:42Z</time></trkpt><trkpt lat="45.559265" lon="25.313755"><ele>738.2</ele><time>2026-07-31T17:00:44Z</time></trkpt><trkpt lat="45.559203" lon="25.313683"><ele>738.3</ele><time>2026-07-31T17:00:46Z</time></trkpt><trkpt lat="45.559152" lon="25.313598"><ele>738.6</ele><time>2026-07-31T17:00:48Z</time></trkpt><trkpt lat="45.559105" lon="25.313512"><ele>738.8</ele><time>2026-07-31T17:00:50Z</time></trkpt><trkpt lat="45.559067" lon="25.313413"><ele>739.0</ele><time>2026-07-31T17:00:52Z</time></trkpt><trkpt lat="45.55903" lon="25.313312"><ele>739.1</ele><time>2026-07-31T17:00:54Z</time></trkpt><trkpt lat="45.558985" lon="25.313215"><ele>739.4</ele><time>2026-07-31T17:00:56Z</time></trkpt><trkpt lat="45.55894" lon="25.31312"><ele>739.6</ele><time>2026-07-31T17:00:58Z</time></trkpt><trkpt lat="45.558895" lon="25.313025"><ele>739.8</ele><time>2026-07-31T17:01:00Z</time></trkpt><trkpt lat="45.558843" lon="25.312937"><ele>739.9</ele><time>2026-07-31T17:01:02Z</time></trkpt><trkpt lat="45.558793" lon="25.312843"><ele>740.2</ele><time>2026-07-31T17:01:04Z</time></trkpt><trkpt lat="45.558738" lon="25.31275"><ele>740.5</ele><time>2026-07-31T17:01:06Z</time></trkpt><trkpt lat="45.558685" lon="25.312662"><ele>740.6</ele><time>2026-07-31T17:01:08Z</time></trkpt><trkpt lat="45.558632" lon="25.312563"><ele>740.7</ele><time>2026-07-31T17:01:10Z</time></trkpt><trkpt lat="45.558578" lon="25.31247"><ele>740.8</ele><time>2026-07-31T17:01:12Z</time></trkpt><trkpt lat="45.558525" lon="25.312377"><ele>741.1</ele><time>2026-07-31T17:01:14Z</time></trkpt><trkpt lat="45.55849" lon="25.31228"><ele>741.3</ele><time>2026-07-31T17:01:16Z</time></trkpt><trkpt lat="45.558452" lon="25.312192"><ele>741.5</ele><time>2026-07-31T17:01:18Z</time></trkpt><trkpt lat="45.558398" lon="25.312115"><ele>741.6</ele><time>2026-07-31T17:01:21Z</time></trkpt></trkseg></trk></gpx>