<?xml version="1.0" encoding="UTF-8" standalone="no"?><gpx xmlns="http://www.topografix.com/GPX/1/1" xmlns:gpxtpx="http://www.garmin.com/xmlschemas/TrackPointExtension/v1" xmlns:xsi="http://www.w3.org/2001/XMLSchema-instance" creator="Sports Tracker" version="1.1" xsi:schemaLocation="http://www.topografix.com/GPX/1/1 http://www.topografix.com/GPX/1/1/gpx.xsd http://www.garmin.com/xmlschemas/TrackPointExtension/v1 http://www.garmin.com/xmlschemas/TrackPointExtensionv1.xsd"><metadata><name/><desc/><author><name>Olivian Daniel Tofan</name></author></metadata><trk><name/><trkseg><trkpt lat="45.67741" lon="25.517023"><ele>548.1</ele><time>2026-07-29T08:33:38Z</time></trkpt><trkpt lat="45.677392" lon="25.517138"><ele>560.7</ele><time>2026-07-29T08:34:25Z</time></trkpt><trkpt lat="45.677338" lon="25.517215"><ele>561.0</ele><time>2026-07-29T08:34:28Z</time></trkpt><trkpt lat="45.677285" lon="25.517285"><ele>560.9</ele><time>2026-07-29T08:34:31Z</time></trkpt><trkpt lat="45.67721" lon="25.517372"><ele>560.9</ele><time>2026-07-29T08:34:35Z</time></trkpt><trkpt lat="45.67715" lon="25.517448"><ele>561.1</ele><time>2026-07-29T08:34:38Z</time></trkpt><trkpt lat="45.67708" lon="25.517552"><ele>561.1</ele><time>2026-07-29T08:34:41Z</time></trkpt><trkpt lat="45.677005" lon="25.517637"><ele>561.1</ele><time>2026-07-29T08:34:44Z</time></trkpt><trkpt lat="45.676932" lon="25.517745"><ele>561.1</ele><time>2026-07-29T08:34:47Z</time></trkpt><trkpt lat="45.676853" lon="25.517842"><ele>561.2</ele><time>2026-07-29T08:34:50Z</time></trkpt><trkpt lat="45.676795" lon="25.517912"><ele>561.3</ele><time>2026-07-29T08:34:52Z</time></trkpt><trkpt lat="45.67674" lon="25.517982"><ele>561.4</ele><time>2026-07-29T08:34:54Z</time></trkpt><trkpt lat="45.676652" lon="25.518065"><ele>561.4</ele><time>2026-07-29T08:34:57Z</time></trkpt><trkpt lat="45.676592" lon="25.518152"><ele>561.5</ele><time>2026-07-29T08:34:59Z</time></trkpt><trkpt lat="45.676533" lon="25.518233"><ele>561.7</ele><time>2026-07-29T08:35:01Z</time></trkpt><trkpt lat="45.676475" lon="25.518315"><ele>561.8</ele><time>2026-07-29T08:35:03Z</time></trkpt><trkpt lat="45.676415" lon="25.518392"><ele>561.8</ele><time>2026-07-29T08:35:05Z</time></trkpt><trkpt lat="45.676358" lon="25.518468"><ele>561.8</ele><time>2026-07-29T08:35:07Z</time></trkpt><trkpt lat="45.676298" lon="25.51855"><ele>561.8</ele><time>2026-07-29T08:35:09Z</time></trkpt><trkpt lat="45.676243" lon="25.518633"><ele>561.8</ele><time>2026-07-29T08:35:11Z</time></trkpt><trkpt lat="45.676183" lon="25.518723"><ele>561.8</ele><time>2026-07-29T08:35:13Z</time></trkpt><trkpt lat="45.676127" lon="25.518797"><ele>561.8</ele><time>2026-07-29T08:35:15Z</time></trkpt><trkpt lat="45.676067" lon="25.518862"><ele>561.7</ele><time>2026-07-29T08:35:17Z</time></trkpt><trkpt lat="45.675992" lon="25.51897"><ele>561.6</ele><time>2026-07-29T08:35:20Z</time></trkpt><trkpt lat="45.675923" lon="25.519055"><ele>561.5</ele><time>2026-07-29T08:35:23Z</time></trkpt><trkpt lat="45.675852" lon="25.519142"><ele>561.5</ele><time>2026-07-29T08:35:26Z</time></trkpt><trkpt lat="45.675772" lon="25.519247"><ele>561.5</ele><time>2026-07-29T08:35:29Z</time></trkpt><trkpt lat="45.675717" lon="25.519317"><ele>561.5</ele><time>2026-07-29T08:35:31Z</time></trkpt><trkpt lat="45.675665" lon="25.519395"><ele>561.7</ele><time>2026-07-29T08:35:33Z</time></trkpt><trkpt lat="45.675605" lon="25.519462"><ele>561.8</ele><time>2026-07-29T08:35:35Z</time></trkpt><trkpt lat="45.675545" lon="25.519545"><ele>561.9</ele><time>2026-07-29T08:35:37Z</time></trkpt><trkpt lat="45.675485" lon="25.519617"><ele>561.9</ele><time>2026-07-29T08:35:39Z</time></trkpt><trkpt lat="45.675423" lon="25.519688"><ele>561.9</ele><time>2026-07-29T08:35:41Z</time></trkpt><trkpt lat="45.675365" lon="25.519768"><ele>561.9</ele><time>2026-07-29T08:35:43Z</time></trkpt><trkpt lat="45.675308" lon="25.51985"><ele>561.9</ele><time>2026-07-29T08:35:44Z</time></trkpt><trkpt lat="45.675245" lon="25.519923"><ele>561.9</ele><time>2026-07-29T08:35:46Z</time></trkpt><trkpt lat="45.675183" lon="25.520002"><ele>561.9</ele><time>2026-07-29T08:35:49Z</time></trkpt><trkpt lat="45.675122" lon="25.52008"><ele>561.9</ele><time>2026-07-29T08:35:51Z</time></trkpt><trkpt lat="45.675022" lon="25.520263"><ele>562.0</ele><time>2026-07-29T08:35:53Z</time></trkpt><trkpt lat="45.674962" lon="25.520337"><ele>562.0</ele><time>2026-07-29T08:35:55Z</time></trkpt><trkpt lat="45.674877" lon="25.520403"><ele>561.9</ele><time>2026-07-29T08:35:58Z</time></trkpt><trkpt lat="45.674792" lon="25.520347"><ele>561.9</ele><time>2026-07-29T08:36:01Z</time></trkpt><trkpt lat="45.67472" lon="25.520225"><ele>562.0</ele><time>2026-07-29T08:36:05Z</time></trkpt><trkpt lat="45.674678" lon="25.52013"><ele>562.1</ele><time>2026-07-29T08:36:07Z</time></trkpt><trkpt lat="45.674623" lon="25.520043"><ele>562.2</ele><time>2026-07-29T08:36:09Z</time></trkpt><trkpt lat="45.674573" lon="25.519953"><ele>562.3</ele><time>2026-07-29T08:36:11Z</time></trkpt><trkpt lat="45.674548" lon="25.519852"><ele>562.4</ele><time>2026-07-29T08:36:13Z</time></trkpt><trkpt lat="45.6745" lon="25.51976"><ele>562.4</ele><time>2026-07-29T08:36:15Z</time></trkpt><trkpt lat="45.674438" lon="25.51968"><ele>562.4</ele><time>2026-07-29T08:36:17Z</time></trkpt><trkpt lat="45.674392" lon="25.519592"><ele>562.4</ele><time>2026-07-29T08:36:19Z</time></trkpt><trkpt lat="45.674337" lon="25.519507"><ele>562.4</ele><time>2026-07-29T08:36:21Z</time></trkpt><trkpt lat="45.674272" lon="25.519417"><ele>562.5</ele><time>2026-07-29T08:36:23Z</time></trkpt><trkpt lat="45.67421" lon="25.519307"><ele>562.5</ele><time>2026-07-29T08:36:27Z</time></trkpt><trkpt lat="45.67416" lon="25.519212"><ele>562.7</ele><time>2026-07-29T08:36:30Z</time></trkpt><trkpt lat="45.674103" lon="25.519125"><ele>562.7</ele><time>2026-07-29T08:36:31Z</time></trkpt><trkpt lat="45.674047" lon="25.519053"><ele>562.6</ele><time>2026-07-29T08:36:33Z</time></trkpt><trkpt lat="45.673882" lon="25.51893"><ele>562.5</ele><time>2026-07-29T08:36:35Z</time></trkpt><trkpt lat="45.673813" lon="25.518832"><ele>562.5</ele><time>2026-07-29T08:36:37Z</time></trkpt><trkpt lat="45.673758" lon="25.51874"><ele>562.5</ele><time>2026-07-29T08:36:39Z</time></trkpt><trkpt lat="45.673702" lon="25.51865"><ele>562.6</ele><time>2026-07-29T08:36:41Z</time></trkpt><trkpt lat="45.67364" lon="25.51856"><ele>562.7</ele><time>2026-07-29T08:36:43Z</time></trkpt><trkpt lat="45.67358" lon="25.518465"><ele>562.8</ele><time>2026-07-29T08:36:45Z</time></trkpt><trkpt lat="45.673522" lon="25.518377"><ele>562.8</ele><time>2026-07-29T08:36:47Z</time></trkpt><trkpt lat="45.673462" lon="25.518285"><ele>562.8</ele><time>2026-07-29T08:36:49Z</time></trkpt><trkpt lat="45.673407" lon="25.518198"><ele>562.9</ele><time>2026-07-29T08:36:51Z</time></trkpt><trkpt lat="45.673382" lon="25.5181"><ele>562.9</ele><time>2026-07-29T08:36:53Z</time></trkpt><trkpt lat="45.67324" lon="25.517948"><ele>562.9</ele><time>2026-07-29T08:36:57Z</time></trkpt><trkpt lat="45.673185" lon="25.517865"><ele>562.9</ele><time>2026-07-29T08:36:59Z</time></trkpt><trkpt lat="45.673132" lon="25.517782"><ele>563.0</ele><time>2026-07-29T08:37:01Z</time></trkpt><trkpt lat="45.673085" lon="25.517695"><ele>563.2</ele><time>2026-07-29T08:37:03Z</time></trkpt><trkpt lat="45.673038" lon="25.51761"><ele>563.4</ele><time>2026-07-29T08:37:05Z</time></trkpt><trkpt lat="45.67298" lon="25.517515"><ele>563.4</ele><time>2026-07-29T08:37:07Z</time></trkpt><trkpt lat="45.672922" lon="25.517432"><ele>563.4</ele><time>2026-07-29T08:37:09Z</time></trkpt><trkpt lat="45.67287" lon="25.517348"><ele>563.4</ele><time>2026-07-29T08:37:11Z</time></trkpt><trkpt lat="45.672812" lon="25.517263"><ele>563.5</ele><time>2026-07-29T08:37:13Z</time></trkpt><trkpt lat="45.672757" lon="25.51718"><ele>563.6</ele><time>2026-07-29T08:37:15Z</time></trkpt><trkpt lat="45.672735" lon="25.517073"><ele>563.7</ele><time>2026-07-29T08:37:17Z</time></trkpt><trkpt lat="45.672683" lon="25.51698"><ele>563.8</ele><time>2026-07-29T08:37:19Z</time></trkpt><trkpt lat="45.672622" lon="25.516892"><ele>563.9</ele><time>2026-07-29T08:37:21Z</time></trkpt><trkpt lat="45.672565" lon="25.516802"><ele>564.1</ele><time>2026-07-29T08:37:23Z</time></trkpt><trkpt lat="45.67251" lon="25.516712"><ele>564.2</ele><time>2026-07-29T08:37:25Z</time></trkpt><trkpt lat="45.672455" lon="25.516627"><ele>564.2</ele><time>2026-07-29T08:37:27Z</time></trkpt><trkpt lat="45.672397" lon="25.516535"><ele>564.4</ele><time>2026-07-29T08:37:30Z</time></trkpt><trkpt lat="45.672277" lon="25.516438"><ele>564.5</ele><time>2026-07-29T08:37:32Z</time></trkpt><trkpt lat="45.672217" lon="25.516347"><ele>564.5</ele><time>2026-07-29T08:37:34Z</time></trkpt><trkpt lat="45.672153" lon="25.516257"><ele>564.5</ele><time>2026-07-29T08:37:36Z</time></trkpt><trkpt lat="45.672088" lon="25.516173"><ele>564.4</ele><time>2026-07-29T08:37:38Z</time></trkpt><trkpt lat="45.672035" lon="25.51609"><ele>564.4</ele><time>2026-07-29T08:37:40Z</time></trkpt><trkpt lat="45.671978" lon="25.516002"><ele>564.4</ele><time>2026-07-29T08:37:42Z</time></trkpt><trkpt lat="45.671923" lon="25.51591"><ele>564.5</ele><time>2026-07-29T08:37:44Z</time></trkpt><trkpt lat="45.671867" lon="25.515825"><ele>564.6</ele><time>2026-07-29T08:37:46Z</time></trkpt><trkpt lat="45.67181" lon="25.515738"><ele>564.6</ele><time>2026-07-29T08:37:48Z</time></trkpt><trkpt lat="45.67178" lon="25.515617"><ele>564.6</ele><time>2026-07-29T08:37:50Z</time></trkpt><trkpt lat="45.671737" lon="25.515502"><ele>564.5</ele><time>2026-07-29T08:37:53Z</time></trkpt><trkpt lat="45.671645" lon="25.515468"><ele>564.6</ele><time>2026-07-29T08:37:54Z</time></trkpt><trkpt lat="45.67158" lon="25.515387"><ele>564.7</ele><time>2026-07-29T08:37:56Z</time></trkpt><trkpt lat="45.671523" lon="25.515293"><ele>564.7</ele><time>2026-07-29T08:37:58Z</time></trkpt><trkpt lat="45.671465" lon="25.515202"><ele>564.7</ele><time>2026-07-29T08:38:00Z</time></trkpt><trkpt lat="45.67141" lon="25.515107"><ele>564.6</ele><time>2026-07-29T08:38:02Z</time></trkpt><trkpt lat="45.671348" lon="25.515018"><ele>564.7</ele><time>2026-07-29T08:38:04Z</time></trkpt><trkpt lat="45.671297" lon="25.514928"><ele>564.7</ele><time>2026-07-29T08:38:06Z</time></trkpt><trkpt lat="45.67123" lon="25.51484"><ele>564.7</ele><time>2026-07-29T08:38:08Z</time></trkpt><trkpt lat="45.671173" lon="25.514747"><ele>564.8</ele><time>2026-07-29T08:38:10Z</time></trkpt><trkpt lat="45.671115" lon="25.514658"><ele>564.9</ele><time>2026-07-29T08:38:12Z</time></trkpt><trkpt lat="45.671087" lon="25.514548"><ele>564.9</ele><time>2026-07-29T08:38:14Z</time></trkpt><trkpt lat="45.671002" lon="25.514482"><ele>565.0</ele><time>2026-07-29T08:38:16Z</time></trkpt><trkpt lat="45.670938" lon="25.51439"><ele>565.0</ele><time>2026-07-29T08:38:18Z</time></trkpt><trkpt lat="45.670878" lon="25.514293"><ele>565.2</ele><time>2026-07-29T08:38:20Z</time></trkpt><trkpt lat="45.670823" lon="25.514197"><ele>565.3</ele><time>2026-07-29T08:38:22Z</time></trkpt><trkpt lat="45.670765" lon="25.514107"><ele>565.5</ele><time>2026-07-29T08:38:24Z</time></trkpt><trkpt lat="45.670707" lon="25.514013"><ele>565.6</ele><time>2026-07-29T08:38:26Z</time></trkpt><trkpt lat="45.670643" lon="25.513932"><ele>565.7</ele><time>2026-07-29T08:38:28Z</time></trkpt><trkpt lat="45.670587" lon="25.513843"><ele>565.9</ele><time>2026-07-29T08:38:30Z</time></trkpt><trkpt lat="45.670535" lon="25.513753"><ele>566.1</ele><time>2026-07-29T08:38:32Z</time></trkpt><trkpt lat="45.670485" lon="25.513667"><ele>566.2</ele><time>2026-07-29T08:38:34Z</time></trkpt><trkpt lat="45.670465" lon="25.513553"><ele>566.2</ele><time>2026-07-29T08:38:37Z</time></trkpt><trkpt lat="45.670405" lon="25.513467"><ele>566.2</ele><time>2026-07-29T08:38:39Z</time></trkpt><trkpt lat="45.670285" lon="25.513358"><ele>566.3</ele><time>2026-07-29T08:38:41Z</time></trkpt><trkpt lat="45.670233" lon="25.513278"><ele>566.4</ele><time>2026-07-29T08:38:43Z</time></trkpt><trkpt lat="45.670183" lon="25.5132"><ele>566.6</ele><time>2026-07-29T08:38:45Z</time></trkpt><trkpt lat="45.670133" lon="25.513123"><ele>566.7</ele><time>2026-07-29T08:38:47Z</time></trkpt><trkpt lat="45.670083" lon="25.513038"><ele>566.9</ele><time>2026-07-29T08:38:49Z</time></trkpt><trkpt lat="45.670027" lon="25.512952"><ele>566.9</ele><time>2026-07-29T08:38:51Z</time></trkpt><trkpt lat="45.669968" lon="25.512875"><ele>566.9</ele><time>2026-07-29T08:38:53Z</time></trkpt><trkpt lat="45.669917" lon="25.512792"><ele>567.0</ele><time>2026-07-29T08:38:55Z</time></trkpt><trkpt lat="45.669863" lon="25.512703"><ele>567.0</ele><time>2026-07-29T08:38:57Z</time></trkpt><trkpt lat="45.669802" lon="25.512617"><ele>567.1</ele><time>2026-07-29T08:38:59Z</time></trkpt><trkpt lat="45.66977" lon="25.512478"><ele>567.3</ele><time>2026-07-29T08:39:03Z</time></trkpt><trkpt lat="45.669652" lon="25.51238"><ele>567.3</ele><time>2026-07-29T08:39:05Z</time></trkpt><trkpt lat="45.669575" lon="25.512267"><ele>567.4</ele><time>2026-07-29T08:39:08Z</time></trkpt><trkpt lat="45.66952" lon="25.512188"><ele>567.5</ele><time>2026-07-29T08:39:10Z</time></trkpt><trkpt lat="45.669475" lon="25.512108"><ele>567.6</ele><time>2026-07-29T08:39:12Z</time></trkpt><trkpt lat="45.669423" lon="25.512035"><ele>567.7</ele><time>2026-07-29T08:39:14Z</time></trkpt><trkpt lat="45.669377" lon="25.511952"><ele>567.7</ele><time>2026-07-29T08:39:16Z</time></trkpt><trkpt lat="45.669323" lon="25.511873"><ele>567.8</ele><time>2026-07-29T08:39:18Z</time></trkpt><trkpt lat="45.669273" lon="25.511795"><ele>567.8</ele><time>2026-07-29T08:39:20Z</time></trkpt><trkpt lat="45.669227" lon="25.511673"><ele>568.0</ele><time>2026-07-29T08:39:23Z</time></trkpt><trkpt lat="45.669167" lon="25.51158"><ele>568.0</ele><time>2026-07-29T08:39:27Z</time></trkpt><trkpt lat="45.669108" lon="25.511488"><ele>567.9</ele><time>2026-07-29T08:39:30Z</time></trkpt><trkpt lat="45.669023" lon="25.511432"><ele>567.8</ele><time>2026-07-29T08:39:38Z</time></trkpt><trkpt lat="45.668947" lon="25.511492"><ele>568.0</ele><time>2026-07-29T08:39:41Z</time></trkpt><trkpt lat="45.668878" lon="25.511582"><ele>568.2</ele><time>2026-07-29T08:39:44Z</time></trkpt><trkpt lat="45.668807" lon="25.511693"><ele>568.4</ele><time>2026-07-29T08:39:47Z</time></trkpt><trkpt lat="45.668762" lon="25.51178"><ele>568.5</ele><time>2026-07-29T08:39:49Z</time></trkpt><trkpt lat="45.668715" lon="25.511863"><ele>568.5</ele><time>2026-07-29T08:39:51Z</time></trkpt><trkpt lat="45.668678" lon="25.51196"><ele>568.5</ele><time>2026-07-29T08:39:53Z</time></trkpt><trkpt lat="45.668647" lon="25.512068"><ele>568.5</ele><time>2026-07-29T08:39:55Z</time></trkpt><trkpt lat="45.668617" lon="25.512173"><ele>568.5</ele><time>2026-07-29T08:39:57Z</time></trkpt><trkpt lat="45.66857" lon="25.512437"><ele>568.5</ele><time>2026-07-29T08:40:01Z</time></trkpt><trkpt lat="45.668567" lon="25.512555"><ele>568.5</ele><time>2026-07-29T08:40:03Z</time></trkpt><trkpt lat="45.668563" lon="25.512665"><ele>568.3</ele><time>2026-07-29T08:40:06Z</time></trkpt><trkpt lat="45.668552" lon="25.512775"><ele>568.2</ele><time>2026-07-29T08:40:09Z</time></trkpt><trkpt lat="45.6685" lon="25.512903"><ele>568.1</ele><time>2026-07-29T08:40:12Z</time></trkpt><trkpt lat="45.668418" lon="25.512997"><ele>568.3</ele><time>2026-07-29T08:40:15Z</time></trkpt><trkpt lat="45.66835" lon="25.513042"><ele>568.4</ele><time>2026-07-29T08:40:17Z</time></trkpt><trkpt lat="45.668273" lon="25.513055"><ele>568.5</ele><time>2026-07-29T08:40:19Z</time></trkpt><trkpt lat="45.668173" lon="25.513035"><ele>568.7</ele><time>2026-07-29T08:40:22Z</time></trkpt><trkpt lat="45.668085" lon="25.51303"><ele>568.8</ele><time>2026-07-29T08:40:24Z</time></trkpt><trkpt lat="45.668007" lon="25.513015"><ele>569.0</ele><time>2026-07-29T08:40:26Z</time></trkpt><trkpt lat="45.667933" lon="25.512982"><ele>569.3</ele><time>2026-07-29T08:40:29Z</time></trkpt><trkpt lat="45.667873" lon="25.512903"><ele>569.6</ele><time>2026-07-29T08:40:32Z</time></trkpt><trkpt lat="45.66783" lon="25.512807"><ele>569.8</ele><time>2026-07-29T08:40:35Z</time></trkpt><trkpt lat="45.66778" lon="25.512723"><ele>570.0</ele><time>2026-07-29T08:40:38Z</time></trkpt><trkpt lat="45.667742" lon="25.512628"><ele>570.1</ele><time>2026-07-29T08:40:40Z</time></trkpt><trkpt lat="45.66767" lon="25.512575"><ele>570.1</ele><time>2026-07-29T08:40:42Z</time></trkpt><trkpt lat="45.667587" lon="25.51253"><ele>570.2</ele><time>2026-07-29T08:40:45Z</time></trkpt><trkpt lat="45.667482" lon="25.512537"><ele>570.3</ele><time>2026-07-29T08:40:48Z</time></trkpt><trkpt lat="45.667378" lon="25.51255"><ele>570.1</ele><time>2026-07-29T08:40:51Z</time></trkpt><trkpt lat="45.667303" lon="25.51257"><ele>570.0</ele><time>2026-07-29T08:40:53Z</time></trkpt><trkpt lat="45.667228" lon="25.512565"><ele>569.9</ele><time>2026-07-29T08:40:55Z</time></trkpt><trkpt lat="45.667138" lon="25.512577"><ele>569.9</ele><time>2026-07-29T08:40:58Z</time></trkpt><trkpt lat="45.667055" lon="25.512573"><ele>570.0</ele><time>2026-07-29T08:41:00Z</time></trkpt><trkpt lat="45.666958" lon="25.512558"><ele>570.2</ele><time>2026-07-29T08:41:03Z</time></trkpt><trkpt lat="45.666897" lon="25.5125"><ele>570.3</ele><time>2026-07-29T08:41:05Z</time></trkpt><trkpt lat="45.666835" lon="25.512428"><ele>570.5</ele><time>2026-07-29T08:41:08Z</time></trkpt><trkpt lat="45.666738" lon="25.512363"><ele>570.5</ele><time>2026-07-29T08:41:11Z</time></trkpt><trkpt lat="45.666603" lon="25.512302"><ele>570.6</ele><time>2026-07-29T08:41:13Z</time></trkpt><trkpt lat="45.666518" lon="25.512242"><ele>570.8</ele><time>2026-07-29T08:41:16Z</time></trkpt><trkpt lat="45.666418" lon="25.512172"><ele>570.8</ele><time>2026-07-29T08:41:19Z</time></trkpt><trkpt lat="45.666303" lon="25.512108"><ele>570.8</ele><time>2026-07-29T08:41:22Z</time></trkpt><trkpt lat="45.666212" lon="25.512062"><ele>570.7</ele><time>2026-07-29T08:41:25Z</time></trkpt><trkpt lat="45.6661" lon="25.512003"><ele>570.7</ele><time>2026-07-29T08:41:28Z</time></trkpt><trkpt lat="45.666" lon="25.511988"><ele>571.1</ele><time>2026-07-29T08:41:32Z</time></trkpt><trkpt lat="45.665905" lon="25.512047"><ele>571.5</ele><time>2026-07-29T08:41:35Z</time></trkpt><trkpt lat="45.665828" lon="25.512087"><ele>571.5</ele><time>2026-07-29T08:41:39Z</time></trkpt><trkpt lat="45.66574" lon="25.512137"><ele>571.8</ele><time>2026-07-29T08:41:42Z</time></trkpt><trkpt lat="45.665657" lon="25.512205"><ele>571.9</ele><time>2026-07-29T08:41:45Z</time></trkpt><trkpt lat="45.665577" lon="25.512273"><ele>571.8</ele><time>2026-07-29T08:41:48Z</time></trkpt><trkpt lat="45.665503" lon="25.512332"><ele>571.8</ele><time>2026-07-29T08:41:51Z</time></trkpt><trkpt lat="45.665425" lon="25.512393"><ele>571.8</ele><time>2026-07-29T08:41:54Z</time></trkpt><trkpt lat="45.66534" lon="25.512462"><ele>572.0</ele><time>2026-07-29T08:41:57Z</time></trkpt><trkpt lat="45.665263" lon="25.512523"><ele>571.9</ele><time>2026-07-29T08:42:00Z</time></trkpt><trkpt lat="45.665187" lon="25.512583"><ele>571.8</ele><time>2026-07-29T08:42:03Z</time></trkpt><trkpt lat="45.66512" lon="25.512633"><ele>571.8</ele><time>2026-07-29T08:42:06Z</time></trkpt><trkpt lat="45.665052" lon="25.512702"><ele>571.9</ele><time>2026-07-29T08:42:10Z</time></trkpt><trkpt lat="45.664968" lon="25.51276"><ele>571.9</ele><time>2026-07-29T08:42:14Z</time></trkpt><trkpt lat="45.664897" lon="25.512802"><ele>571.9</ele><time>2026-07-29T08:42:18Z</time></trkpt><trkpt lat="45.664823" lon="25.512842"><ele>572.1</ele><time>2026-07-29T08:42:22Z</time></trkpt><trkpt lat="45.664737" lon="25.512907"><ele>571.9</ele><time>2026-07-29T08:42:25Z</time></trkpt><trkpt lat="45.664652" lon="25.512957"><ele>571.7</ele><time>2026-07-29T08:42:28Z</time></trkpt><trkpt lat="45.664583" lon="25.513003"><ele>571.8</ele><time>2026-07-29T08:42:31Z</time></trkpt><trkpt lat="45.664508" lon="25.51307"><ele>571.8</ele><time>2026-07-29T08:42:35Z</time></trkpt><trkpt lat="45.664413" lon="25.513197"><ele>571.5</ele><time>2026-07-29T08:42:41Z</time></trkpt><trkpt lat="45.664327" lon="25.513162"><ele>571.2</ele><time>2026-07-29T08:42:45Z</time></trkpt><trkpt lat="45.664245" lon="25.513203"><ele>571.7</ele><time>2026-07-29T08:42:49Z</time></trkpt><trkpt lat="45.66416" lon="25.51325"><ele>571.7</ele><time>2026-07-29T08:42:53Z</time></trkpt><trkpt lat="45.66407" lon="25.513295"><ele>571.7</ele><time>2026-07-29T08:42:57Z</time></trkpt><trkpt lat="45.663995" lon="25.513322"><ele>571.8</ele><time>2026-07-29T08:43:01Z</time></trkpt><trkpt lat="45.663908" lon="25.513365"><ele>571.8</ele><time>2026-07-29T08:43:05Z</time></trkpt><trkpt lat="45.663818" lon="25.513392"><ele>571.9</ele><time>2026-07-29T08:43:09Z</time></trkpt><trkpt lat="45.66376" lon="25.51347"><ele>572.2</ele><time>2026-07-29T08:43:12Z</time></trkpt><trkpt lat="45.663722" lon="25.51359"><ele>572.5</ele><time>2026-07-29T08:43:16Z</time></trkpt><trkpt lat="45.663705" lon="25.513693"><ele>572.3</ele><time>2026-07-29T08:43:20Z</time></trkpt><trkpt lat="45.663727" lon="25.513593"><ele>572.0</ele><time>2026-07-29T08:43:46Z</time></trkpt><trkpt lat="45.66374" lon="25.513453"><ele>572.2</ele><time>2026-07-29T08:43:50Z</time></trkpt><trkpt lat="45.663735" lon="25.51334"><ele>572.2</ele><time>2026-07-29T08:43:53Z</time></trkpt><trkpt lat="45.663692" lon="25.513207"><ele>572.2</ele><time>2026-07-29T08:43:56Z</time></trkpt><trkpt lat="45.663638" lon="25.513135"><ele>572.3</ele><time>2026-07-29T08:43:58Z</time></trkpt><trkpt lat="45.66357" lon="25.513087"><ele>572.3</ele><time>2026-07-29T08:44:00Z</time></trkpt><trkpt lat="45.663463" lon="25.513067"><ele>572.4</ele><time>2026-07-29T08:44:03Z</time></trkpt><trkpt lat="45.66339" lon="25.513097"><ele>572.4</ele><time>2026-07-29T08:44:05Z</time></trkpt><trkpt lat="45.663302" lon="25.51318"><ele>572.3</ele><time>2026-07-29T08:44:08Z</time></trkpt><trkpt lat="45.663237" lon="25.513302"><ele>572.3</ele><time>2026-07-29T08:44:11Z</time></trkpt><trkpt lat="45.663242" lon="25.513423"><ele>572.4</ele><time>2026-07-29T08:44:13Z</time></trkpt><trkpt lat="45.66326" lon="25.513535"><ele>572.4</ele><time>2026-07-29T08:44:15Z</time></trkpt><trkpt lat="45.663277" lon="25.513652"><ele>572.4</ele><time>2026-07-29T08:44:17Z</time></trkpt><trkpt lat="45.663273" lon="25.513775"><ele>572.4</ele><time>2026-07-29T08:44:19Z</time></trkpt><trkpt lat="45.66323" lon="25.513887"><ele>572.3</ele><time>2026-07-29T08:44:21Z</time></trkpt><trkpt lat="45.663178" lon="25.513993"><ele>572.2</ele><time>2026-07-29T08:44:23Z</time></trkpt><trkpt lat="45.663122" lon="25.5141"><ele>572.1</ele><time>2026-07-29T08:44:25Z</time></trkpt><trkpt lat="45.663072" lon="25.514217"><ele>571.9</ele><time>2026-07-29T08:44:27Z</time></trkpt><trkpt lat="45.663022" lon="25.514328"><ele>571.7</ele><time>2026-07-29T08:44:29Z</time></trkpt><trkpt lat="45.662972" lon="25.514437"><ele>571.5</ele><time>2026-07-29T08:44:31Z</time></trkpt><trkpt lat="45.662928" lon="25.51456"><ele>571.5</ele><time>2026-07-29T08:44:33Z</time></trkpt><trkpt lat="45.662882" lon="25.514675"><ele>571.4</ele><time>2026-07-29T08:44:35Z</time></trkpt><trkpt lat="45.662842" lon="25.514795"><ele>571.4</ele><time>2026-07-29T08:44:37Z</time></trkpt><trkpt lat="45.662802" lon="25.514907"><ele>571.4</ele><time>2026-07-29T08:44:39Z</time></trkpt><trkpt lat="45.662767" lon="25.515017"><ele>571.5</ele><time>2026-07-29T08:44:41Z</time></trkpt><trkpt lat="45.662728" lon="25.515127"><ele>571.6</ele><time>2026-07-29T08:44:43Z</time></trkpt><trkpt lat="45.662697" lon="25.51526"><ele>571.6</ele><time>2026-07-29T08:44:45Z</time></trkpt><trkpt lat="45.662668" lon="25.515383"><ele>571.6</ele><time>2026-07-29T08:44:47Z</time></trkpt><trkpt lat="45.66264" lon="25.515507"><ele>571.7</ele><time>2026-07-29T08:44:49Z</time></trkpt><trkpt lat="45.662617" lon="25.515643"><ele>571.7</ele><time>2026-07-29T08:44:51Z</time></trkpt><trkpt lat="45.662602" lon="25.515757"><ele>571.5</ele><time>2026-07-29T08:44:54Z</time></trkpt><trkpt lat="45.66258" lon="25.515943"><ele>571.5</ele><time>2026-07-29T08:44:55Z</time></trkpt><trkpt lat="45.662562" lon="25.51608"><ele>571.6</ele><time>2026-07-29T08:44:57Z</time></trkpt><trkpt lat="45.662553" lon="25.516213"><ele>571.7</ele><time>2026-07-29T08:44:59Z</time></trkpt><trkpt lat="45.662545" lon="25.516352"><ele>571.4</ele><time>2026-07-29T08:45:01Z</time></trkpt><trkpt lat="45.662535" lon="25.516495"><ele>571.2</ele><time>2026-07-29T08:45:03Z</time></trkpt><trkpt lat="45.662528" lon="25.516633"><ele>570.9</ele><time>2026-07-29T08:45:05Z</time></trkpt><trkpt lat="45.662525" lon="25.516777"><ele>570.8</ele><time>2026-07-29T08:45:07Z</time></trkpt><trkpt lat="45.66251" lon="25.516917"><ele>570.8</ele><time>2026-07-29T08:45:09Z</time></trkpt><trkpt lat="45.662508" lon="25.51705"><ele>570.7</ele><time>2026-07-29T08:45:11Z</time></trkpt><trkpt lat="45.662497" lon="25.51718"><ele>570.6</ele><time>2026-07-29T08:45:13Z</time></trkpt><trkpt lat="45.662492" lon="25.517295"><ele>570.1</ele><time>2026-07-29T08:45:15Z</time></trkpt><trkpt lat="45.662483" lon="25.51743"><ele>569.6</ele><time>2026-07-29T08:45:17Z</time></trkpt><trkpt lat="45.662473" lon="25.517558"><ele>569.5</ele><time>2026-07-29T08:45:19Z</time></trkpt><trkpt lat="45.662472" lon="25.517685"><ele>569.3</ele><time>2026-07-29T08:45:21Z</time></trkpt><trkpt lat="45.662462" lon="25.517818"><ele>569.4</ele><time>2026-07-29T08:45:23Z</time></trkpt><trkpt lat="45.662448" lon="25.517958"><ele>569.4</ele><time>2026-07-29T08:45:25Z</time></trkpt><trkpt lat="45.662443" lon="25.5181"><ele>569.2</ele><time>2026-07-29T08:45:27Z</time></trkpt><trkpt lat="45.662435" lon="25.518238"><ele>568.8</ele><time>2026-07-29T08:45:29Z</time></trkpt><trkpt lat="45.662425" lon="25.518365"><ele>568.8</ele><time>2026-07-29T08:45:31Z</time></trkpt><trkpt lat="45.662418" lon="25.518518"><ele>568.8</ele><time>2026-07-29T08:45:33Z</time></trkpt><trkpt lat="45.662412" lon="25.518662"><ele>568.9</ele><time>2026-07-29T08:45:35Z</time></trkpt><trkpt lat="45.662407" lon="25.518812"><ele>569.0</ele><time>2026-07-29T08:45:37Z</time></trkpt><trkpt lat="45.662398" lon="25.518963"><ele>568.8</ele><time>2026-07-29T08:45:39Z</time></trkpt><trkpt lat="45.662392" lon="25.51912"><ele>568.8</ele><time>2026-07-29T08:45:41Z</time></trkpt><trkpt lat="45.662387" lon="25.519272"><ele>568.8</ele><time>2026-07-29T08:45:43Z</time></trkpt><trkpt lat="45.66238" lon="25.519418"><ele>568.6</ele><time>2026-07-29T08:45:45Z</time></trkpt><trkpt lat="45.662373" lon="25.519562"><ele>568.6</ele><time>2026-07-29T08:45:47Z</time></trkpt><trkpt lat="45.662363" lon="25.519663"><ele>568.6</ele><time>2026-07-29T08:45:48Z</time></trkpt><trkpt lat="45.662355" lon="25.519812"><ele>568.7</ele><time>2026-07-29T08:45:50Z</time></trkpt><trkpt lat="45.662347" lon="25.519965"><ele>568.8</ele><time>2026-07-29T08:45:52Z</time></trkpt><trkpt lat="45.662342" lon="25.520108"><ele>568.9</ele><time>2026-07-29T08:45:54Z</time></trkpt><trkpt lat="45.662335" lon="25.520255"><ele>569.0</ele><time>2026-07-29T08:45:56Z</time></trkpt><trkpt lat="45.662332" lon="25.520395"><ele>569.2</ele><time>2026-07-29T08:45:58Z</time></trkpt><trkpt lat="45.662332" lon="25.520522"><ele>569.3</ele><time>2026-07-29T08:46:00Z</time></trkpt><trkpt lat="45.662325" lon="25.520643"><ele>569.3</ele><time>2026-07-29T08:46:02Z</time></trkpt><trkpt lat="45.66232" lon="25.52077"><ele>569.2</ele><time>2026-07-29T08:46:04Z</time></trkpt><trkpt lat="45.662318" lon="25.520903"><ele>569.1</ele><time>2026-07-29T08:46:06Z</time></trkpt><trkpt lat="45.662333" lon="25.521025"><ele>569.1</ele><time>2026-07-29T08:46:08Z</time></trkpt><trkpt lat="45.662332" lon="25.521192"><ele>569.0</ele><time>2026-07-29T08:46:10Z</time></trkpt><trkpt lat="45.66235" lon="25.521365"><ele>568.6</ele><time>2026-07-29T08:46:13Z</time></trkpt><trkpt lat="45.662358" lon="25.521497"><ele>568.1</ele><time>2026-07-29T08:46:16Z</time></trkpt><trkpt lat="45.66237" lon="25.521697"><ele>568.0</ele><time>2026-07-29T08:46:17Z</time></trkpt><trkpt lat="45.662387" lon="25.521852"><ele>568.0</ele><time>2026-07-29T08:46:19Z</time></trkpt><trkpt lat="45.662402" lon="25.521998"><ele>568.2</ele><time>2026-07-29T08:46:21Z</time></trkpt><trkpt lat="45.662418" lon="25.522163"><ele>568.2</ele><time>2026-07-29T08:46:23Z</time></trkpt><trkpt lat="45.662435" lon="25.522328"><ele>568.1</ele><time>2026-07-29T08:46:25Z</time></trkpt><trkpt lat="45.66245" lon="25.522492"><ele>568.0</ele><time>2026-07-29T08:46:27Z</time></trkpt><trkpt lat="45.66247" lon="25.522655"><ele>568.0</ele><time>2026-07-29T08:46:29Z</time></trkpt><trkpt lat="45.662493" lon="25.52281"><ele>567.9</ele><time>2026-07-29T08:46:31Z</time></trkpt><trkpt lat="45.662502" lon="25.522942"><ele>567.7</ele><time>2026-07-29T08:46:33Z</time></trkpt><trkpt lat="45.662517" lon="25.523093"><ele>567.5</ele><time>2026-07-29T08:46:35Z</time></trkpt><trkpt lat="45.662543" lon="25.523205"><ele>567.4</ele><time>2026-07-29T08:46:37Z</time></trkpt><trkpt lat="45.662558" lon="25.523367"><ele>567.3</ele><time>2026-07-29T08:46:39Z</time></trkpt><trkpt lat="45.662577" lon="25.523515"><ele>567.3</ele><time>2026-07-29T08:46:41Z</time></trkpt><trkpt lat="45.662595" lon="25.523668"><ele>567.3</ele><time>2026-07-29T08:46:43Z</time></trkpt><trkpt lat="45.662612" lon="25.523832"><ele>567.2</ele><time>2026-07-29T08:46:45Z</time></trkpt><trkpt lat="45.66263" lon="25.523992"><ele>567.0</ele><time>2026-07-29T08:46:47Z</time></trkpt><trkpt lat="45.662645" lon="25.524143"><ele>566.7</ele><time>2026-07-29T08:46:49Z</time></trkpt><trkpt lat="45.662662" lon="25.524292"><ele>566.6</ele><time>2026-07-29T08:46:51Z</time></trkpt><trkpt lat="45.66268" lon="25.524432"><ele>566.6</ele><time>2026-07-29T08:46:53Z</time></trkpt><trkpt lat="45.662697" lon="25.52458"><ele>566.8</ele><time>2026-07-29T08:46:55Z</time></trkpt><trkpt lat="45.662708" lon="25.52473"><ele>566.8</ele><time>2026-07-29T08:46:57Z</time></trkpt><trkpt lat="45.662725" lon="25.524878"><ele>566.9</ele><time>2026-07-29T08:46:59Z</time></trkpt><trkpt lat="45.662735" lon="25.525025"><ele>566.8</ele><time>2026-07-29T08:47:01Z</time></trkpt><trkpt lat="45.662745" lon="25.525168"><ele>566.7</ele><time>2026-07-29T08:47:03Z</time></trkpt><trkpt lat="45.662758" lon="25.525293"><ele>566.4</ele><time>2026-07-29T08:47:05Z</time></trkpt><trkpt lat="45.662773" lon="25.525422"><ele>566.4</ele><time>2026-07-29T08:47:07Z</time></trkpt><trkpt lat="45.662788" lon="25.525557"><ele>566.4</ele><time>2026-07-29T08:47:09Z</time></trkpt><trkpt lat="45.662797" lon="25.52567"><ele>566.7</ele><time>2026-07-29T08:47:12Z</time></trkpt><trkpt lat="45.66279" lon="25.5258"><ele>566.7</ele><time>2026-07-29T08:47:13Z</time></trkpt><trkpt lat="45.662803" lon="25.52603"><ele>566.7</ele><time>2026-07-29T08:47:15Z</time></trkpt><trkpt lat="45.662805" lon="25.526182"><ele>566.7</ele><time>2026-07-29T08:47:17Z</time></trkpt><trkpt lat="45.662803" lon="25.526342"><ele>566.5</ele><time>2026-07-29T08:47:19Z</time></trkpt><trkpt lat="45.662797" lon="25.526495"><ele>566.5</ele><time>2026-07-29T08:47:21Z</time></trkpt><trkpt lat="45.662785" lon="25.526642"><ele>566.4</ele><time>2026-07-29T08:47:23Z</time></trkpt><trkpt lat="45.662772" lon="25.526778"><ele>566.2</ele><time>2026-07-29T08:47:25Z</time></trkpt><trkpt lat="45.662752" lon="25.526912"><ele>566.2</ele><time>2026-07-29T08:47:27Z</time></trkpt><trkpt lat="45.662732" lon="25.52707"><ele>566.3</ele><time>2026-07-29T08:47:29Z</time></trkpt><trkpt lat="45.662715" lon="25.527218"><ele>566.5</ele><time>2026-07-29T08:47:31Z</time></trkpt><trkpt lat="45.662697" lon="25.527372"><ele>566.5</ele><time>2026-07-29T08:47:33Z</time></trkpt><trkpt lat="45.662685" lon="25.52748"><ele>566.2</ele><time>2026-07-29T08:47:35Z</time></trkpt><trkpt lat="45.662668" lon="25.527617"><ele>566.0</ele><time>2026-07-29T08:47:37Z</time></trkpt><trkpt lat="45.662648" lon="25.527753"><ele>566.0</ele><time>2026-07-29T08:47:39Z</time></trkpt><trkpt lat="45.662628" lon="25.5279"><ele>566.3</ele><time>2026-07-29T08:47:41Z</time></trkpt><trkpt lat="45.662615" lon="25.528062"><ele>566.5</ele><time>2026-07-29T08:47:43Z</time></trkpt><trkpt lat="45.662593" lon="25.528205"><ele>566.5</ele><time>2026-07-29T08:47:45Z</time></trkpt><trkpt lat="45.662573" lon="25.528368"><ele>566.3</ele><time>2026-07-29T08:47:47Z</time></trkpt><trkpt lat="45.662555" lon="25.528527"><ele>566.3</ele><time>2026-07-29T08:47:49Z</time></trkpt><trkpt lat="45.662538" lon="25.528675"><ele>566.3</ele><time>2026-07-29T08:47:51Z</time></trkpt><trkpt lat="45.662522" lon="25.528825"><ele>566.3</ele><time>2026-07-29T08:47:53Z</time></trkpt><trkpt lat="45.662507" lon="25.528965"><ele>566.2</ele><time>2026-07-29T08:47:55Z</time></trkpt><trkpt lat="45.662492" lon="25.529107"><ele>566.0</ele><time>2026-07-29T08:47:57Z</time></trkpt><trkpt lat="45.662475" lon="25.529247"><ele>565.8</ele><time>2026-07-29T08:47:59Z</time></trkpt><trkpt lat="45.66246" lon="25.529387"><ele>565.7</ele><time>2026-07-29T08:48:01Z</time></trkpt><trkpt lat="45.662445" lon="25.529537"><ele>565.5</ele><time>2026-07-29T08:48:03Z</time></trkpt><trkpt lat="45.662428" lon="25.529682"><ele>565.4</ele><time>2026-07-29T08:48:05Z</time></trkpt><trkpt lat="45.662415" lon="25.529823"><ele>565.4</ele><time>2026-07-29T08:48:07Z</time></trkpt><trkpt lat="45.6624" lon="25.52996"><ele>565.5</ele><time>2026-07-29T08:48:09Z</time></trkpt><trkpt lat="45.662387" lon="25.530093"><ele>565.4</ele><time>2026-07-29T08:48:11Z</time></trkpt><trkpt lat="45.662373" lon="25.530225"><ele>565.4</ele><time>2026-07-29T08:48:13Z</time></trkpt><trkpt lat="45.662362" lon="25.530348"><ele>565.3</ele><time>2026-07-29T08:48:15Z</time></trkpt><trkpt lat="45.662345" lon="25.530488"><ele>565.2</ele><time>2026-07-29T08:48:17Z</time></trkpt><trkpt lat="45.662332" lon="25.53063"><ele>565.1</ele><time>2026-07-29T08:48:19Z</time></trkpt><trkpt lat="45.662322" lon="25.530775"><ele>565.1</ele><time>2026-07-29T08:48:21Z</time></trkpt><trkpt lat="45.662305" lon="25.530925"><ele>565.1</ele><time>2026-07-29T08:48:23Z</time></trkpt><trkpt lat="45.662293" lon="25.531068"><ele>565.0</ele><time>2026-07-29T08:48:25Z</time></trkpt><trkpt lat="45.66228" lon="25.531205"><ele>564.6</ele><time>2026-07-29T08:48:27Z</time></trkpt><trkpt lat="45.662268" lon="25.53134"><ele>564.5</ele><time>2026-07-29T08:48:29Z</time></trkpt><trkpt lat="45.662257" lon="25.531483"><ele>564.5</ele><time>2026-07-29T08:48:31Z</time></trkpt><trkpt lat="45.662242" lon="25.531638"><ele>564.6</ele><time>2026-07-29T08:48:33Z</time></trkpt><trkpt lat="45.662232" lon="25.531793"><ele>564.3</ele><time>2026-07-29T08:48:35Z</time></trkpt><trkpt lat="45.662217" lon="25.531928"><ele>563.9</ele><time>2026-07-29T08:48:37Z</time></trkpt><trkpt lat="45.662197" lon="25.532055"><ele>558.1</ele><time>2026-07-29T08:48:39Z</time></trkpt><trkpt lat="45.662168" lon="25.532188"><ele>558.2</ele><time>2026-07-29T08:48:41Z</time></trkpt><trkpt lat="45.662135" lon="25.532327"><ele>558.3</ele><time>2026-07-29T08:48:43Z</time></trkpt><trkpt lat="45.662102" lon="25.532465"><ele>558.6</ele><time>2026-07-29T08:48:45Z</time></trkpt><trkpt lat="45.662067" lon="25.532603"><ele>558.4</ele><time>2026-07-29T08:48:47Z</time></trkpt><trkpt lat="45.662033" lon="25.532742"><ele>558.3</ele><time>2026-07-29T08:48:49Z</time></trkpt><trkpt lat="45.661998" lon="25.532872"><ele>558.1</ele><time>2026-07-29T08:48:51Z</time></trkpt><trkpt lat="45.661963" lon="25.532998"><ele>558.1</ele><time>2026-07-29T08:48:53Z</time></trkpt><trkpt lat="45.66193" lon="25.533117"><ele>557.9</ele><time>2026-07-29T08:48:55Z</time></trkpt><trkpt lat="45.661895" lon="25.533223"><ele>557.9</ele><time>2026-07-29T08:48:57Z</time></trkpt><trkpt lat="45.661847" lon="25.533312"><ele>557.9</ele><time>2026-07-29T08:48:59Z</time></trkpt><trkpt lat="45.661772" lon="25.533363"><ele>558.0</ele><time>2026-07-29T08:49:01Z</time></trkpt><trkpt lat="45.661708" lon="25.533437"><ele>558.2</ele><time>2026-07-29T08:49:03Z</time></trkpt><trkpt lat="45.661663" lon="25.533537"><ele>558.4</ele><time>2026-07-29T08:49:05Z</time></trkpt><trkpt lat="45.66164" lon="25.533652"><ele>558.5</ele><time>2026-07-29T08:49:07Z</time></trkpt><trkpt lat="45.661648" lon="25.53377"><ele>558.5</ele><time>2026-07-29T08:49:09Z</time></trkpt><trkpt lat="45.661687" lon="25.533893"><ele>558.4</ele><time>2026-07-29T08:49:11Z</time></trkpt><trkpt lat="45.661758" lon="25.53398"><ele>558.4</ele><time>2026-07-29T08:49:13Z</time></trkpt><trkpt lat="45.661837" lon="25.534055"><ele>558.3</ele><time>2026-07-29T08:49:15Z</time></trkpt><trkpt lat="45.66189" lon="25.534163"><ele>558.3</ele><time>2026-07-29T08:49:17Z</time></trkpt><trkpt lat="45.661907" lon="25.534308"><ele>558.2</ele><time>2026-07-29T08:49:19Z</time></trkpt><trkpt lat="45.661928" lon="25.534562"><ele>557.9</ele><time>2026-07-29T08:49:22Z</time></trkpt><trkpt lat="45.661947" lon="25.5347"><ele>557.7</ele><time>2026-07-29T08:49:24Z</time></trkpt><trkpt lat="45.66196" lon="25.534842"><ele>557.7</ele><time>2026-07-29T08:49:26Z</time></trkpt><trkpt lat="45.661967" lon="25.534988"><ele>557.7</ele><time>2026-07-29T08:49:28Z</time></trkpt><trkpt lat="45.661977" lon="25.535132"><ele>557.6</ele><time>2026-07-29T08:49:30Z</time></trkpt><trkpt lat="45.661983" lon="25.535292"><ele>557.5</ele><time>2026-07-29T08:49:32Z</time></trkpt><trkpt lat="45.661988" lon="25.535433"><ele>557.5</ele><time>2026-07-29T08:49:34Z</time></trkpt><trkpt lat="45.661997" lon="25.535565"><ele>557.4</ele><time>2026-07-29T08:49:36Z</time></trkpt><trkpt lat="45.662002" lon="25.535705"><ele>557.3</ele><time>2026-07-29T08:49:38Z</time></trkpt><trkpt lat="45.662" lon="25.535838"><ele>557.3</ele><time>2026-07-29T08:49:40Z</time></trkpt><trkpt lat="45.662013" lon="25.536005"><ele>557.2</ele><time>2026-07-29T08:49:43Z</time></trkpt><trkpt lat="45.66201" lon="25.536125"><ele>557.1</ele><time>2026-07-29T08:49:45Z</time></trkpt><trkpt lat="45.662007" lon="25.53625"><ele>557.2</ele><time>2026-07-29T08:49:47Z</time></trkpt><trkpt lat="45.66201" lon="25.536368"><ele>557.2</ele><time>2026-07-29T08:49:49Z</time></trkpt><trkpt lat="45.662012" lon="25.53649"><ele>557.2</ele><time>2026-07-29T08:49:51Z</time></trkpt><trkpt lat="45.662013" lon="25.53662"><ele>557.1</ele><time>2026-07-29T08:49:53Z</time></trkpt><trkpt lat="45.662012" lon="25.536752"><ele>556.9</ele><time>2026-07-29T08:49:55Z</time></trkpt><trkpt lat="45.662018" lon="25.536883"><ele>556.7</ele><time>2026-07-29T08:49:57Z</time></trkpt><trkpt lat="45.662018" lon="25.537005"><ele>556.6</ele><time>2026-07-29T08:49:59Z</time></trkpt><trkpt lat="45.66203" lon="25.53714"><ele>556.6</ele><time>2026-07-29T08:50:01Z</time></trkpt><trkpt lat="45.662025" lon="25.537243"><ele>556.5</ele><time>2026-07-29T08:50:03Z</time></trkpt><trkpt lat="45.66204" lon="25.537358"><ele>556.4</ele><time>2026-07-29T08:50:05Z</time></trkpt><trkpt lat="45.662053" lon="25.53748"><ele>556.4</ele><time>2026-07-29T08:50:07Z</time></trkpt><trkpt lat="45.662055" lon="25.537603"><ele>556.3</ele><time>2026-07-29T08:50:09Z</time></trkpt><trkpt lat="45.662068" lon="25.537782"><ele>556.3</ele><time>2026-07-29T08:50:12Z</time></trkpt><trkpt lat="45.662065" lon="25.537892"><ele>556.3</ele><time>2026-07-29T08:50:14Z</time></trkpt><trkpt lat="45.662065" lon="25.538002"><ele>556.2</ele><time>2026-07-29T08:50:16Z</time></trkpt><trkpt lat="45.662063" lon="25.538122"><ele>556.2</ele><time>2026-07-29T08:50:18Z</time></trkpt><trkpt lat="45.662068" lon="25.538242"><ele>556.1</ele><time>2026-07-29T08:50:20Z</time></trkpt><trkpt lat="45.662052" lon="25.53837"><ele>556.2</ele><time>2026-07-29T08:50:22Z</time></trkpt><trkpt lat="45.662053" lon="25.538493"><ele>556.2</ele><time>2026-07-29T08:50:24Z</time></trkpt><trkpt lat="45.662043" lon="25.538617"><ele>556.2</ele><time>2026-07-29T08:50:26Z</time></trkpt><trkpt lat="45.66204" lon="25.538747"><ele>556.0</ele><time>2026-07-29T08:50:28Z</time></trkpt><trkpt lat="45.662038" lon="25.538873"><ele>556.1</ele><time>2026-07-29T08:50:30Z</time></trkpt><trkpt lat="45.662035" lon="25.53902"><ele>556.2</ele><time>2026-07-29T08:50:32Z</time></trkpt><trkpt lat="45.662037" lon="25.539155"><ele>556.1</ele><time>2026-07-29T08:50:34Z</time></trkpt><trkpt lat="45.662032" lon="25.539295"><ele>556.0</ele><time>2026-07-29T08:50:36Z</time></trkpt><trkpt lat="45.662023" lon="25.539442"><ele>555.8</ele><time>2026-07-29T08:50:38Z</time></trkpt><trkpt lat="45.662013" lon="25.5396"><ele>555.6</ele><time>2026-07-29T08:50:40Z</time></trkpt><trkpt lat="45.662003" lon="25.539752"><ele>555.5</ele><time>2026-07-29T08:50:42Z</time></trkpt><trkpt lat="45.661997" lon="25.5399"><ele>555.5</ele><time>2026-07-29T08:50:44Z</time></trkpt><trkpt lat="45.66199" lon="25.540043"><ele>555.5</ele><time>2026-07-29T08:50:46Z</time></trkpt><trkpt lat="45.66198" lon="25.540185"><ele>555.5</ele><time>2026-07-29T08:50:48Z</time></trkpt><trkpt lat="45.661972" lon="25.540322"><ele>555.4</ele><time>2026-07-29T08:50:50Z</time></trkpt><trkpt lat="45.661962" lon="25.540468"><ele>555.3</ele><time>2026-07-29T08:50:52Z</time></trkpt><trkpt lat="45.661952" lon="25.540625"><ele>555.2</ele><time>2026-07-29T08:50:54Z</time></trkpt><trkpt lat="45.661943" lon="25.540778"><ele>555.2</ele><time>2026-07-29T08:50:56Z</time></trkpt><trkpt lat="45.661933" lon="25.54092"><ele>555.1</ele><time>2026-07-29T08:50:58Z</time></trkpt><trkpt lat="45.661928" lon="25.541072"><ele>554.9</ele><time>2026-07-29T08:51:00Z</time></trkpt><trkpt lat="45.661917" lon="25.541208"><ele>554.9</ele><time>2026-07-29T08:51:02Z</time></trkpt><trkpt lat="45.661908" lon="25.541343"><ele>554.7</ele><time>2026-07-29T08:51:04Z</time></trkpt><trkpt lat="45.661902" lon="25.54147"><ele>554.7</ele><time>2026-07-29T08:51:06Z</time></trkpt><trkpt lat="45.661892" lon="25.541595"><ele>554.6</ele><time>2026-07-29T08:51:08Z</time></trkpt><trkpt lat="45.661885" lon="25.54173"><ele>554.5</ele><time>2026-07-29T08:51:10Z</time></trkpt><trkpt lat="45.661873" lon="25.541868"><ele>554.5</ele><time>2026-07-29T08:51:12Z</time></trkpt><trkpt lat="45.661868" lon="25.542013"><ele>554.5</ele><time>2026-07-29T08:51:14Z</time></trkpt><trkpt lat="45.661862" lon="25.542163"><ele>554.5</ele><time>2026-07-29T08:51:16Z</time></trkpt><trkpt lat="45.66185" lon="25.5423"><ele>554.4</ele><time>2026-07-29T08:51:18Z</time></trkpt><trkpt lat="45.661838" lon="25.542437"><ele>554.3</ele><time>2026-07-29T08:51:20Z</time></trkpt><trkpt lat="45.66183" lon="25.542583"><ele>554.2</ele><time>2026-07-29T08:51:22Z</time></trkpt><trkpt lat="45.661825" lon="25.542735"><ele>554.2</ele><time>2026-07-29T08:51:24Z</time></trkpt><trkpt lat="45.661822" lon="25.542885"><ele>554.2</ele><time>2026-07-29T08:51:26Z</time></trkpt><trkpt lat="45.661815" lon="25.543035"><ele>554.2</ele><time>2026-07-29T08:51:28Z</time></trkpt><trkpt lat="45.661808" lon="25.54318"><ele>554.1</ele><time>2026-07-29T08:51:30Z</time></trkpt><trkpt lat="45.661802" lon="25.543318"><ele>553.9</ele><time>2026-07-29T08:51:32Z</time></trkpt><trkpt lat="45.661798" lon="25.543452"><ele>553.7</ele><time>2026-07-29T08:51:34Z</time></trkpt><trkpt lat="45.661792" lon="25.54358"><ele>553.7</ele><time>2026-07-29T08:51:36Z</time></trkpt><trkpt lat="45.661787" lon="25.543715"><ele>553.8</ele><time>2026-07-29T08:51:38Z</time></trkpt><trkpt lat="45.661785" lon="25.543852"><ele>553.9</ele><time>2026-07-29T08:51:40Z</time></trkpt><trkpt lat="45.66178" lon="25.543987"><ele>554.0</ele><time>2026-07-29T08:51:42Z</time></trkpt><trkpt lat="45.661777" lon="25.544122"><ele>554.0</ele><time>2026-07-29T08:51:44Z</time></trkpt><trkpt lat="45.661772" lon="25.544262"><ele>554.1</ele><time>2026-07-29T08:51:46Z</time></trkpt><trkpt lat="45.661767" lon="25.5444"><ele>554.1</ele><time>2026-07-29T08:51:48Z</time></trkpt><trkpt lat="45.661762" lon="25.544537"><ele>554.1</ele><time>2026-07-29T08:51:50Z</time></trkpt><trkpt lat="45.661755" lon="25.544672"><ele>554.0</ele><time>2026-07-29T08:51:52Z</time></trkpt><trkpt lat="45.661748" lon="25.544798"><ele>553.9</ele><time>2026-07-29T08:51:54Z</time></trkpt><trkpt lat="45.66174" lon="25.544917"><ele>553.7</ele><time>2026-07-29T08:51:56Z</time></trkpt><trkpt lat="45.661732" lon="25.545045"><ele>553.7</ele><time>2026-07-29T08:51:58Z</time></trkpt><trkpt lat="45.66172" lon="25.54518"><ele>553.6</ele><time>2026-07-29T08:52:00Z</time></trkpt><trkpt lat="45.661712" lon="25.54532"><ele>553.3</ele><time>2026-07-29T08:52:02Z</time></trkpt><trkpt lat="45.66171" lon="25.545457"><ele>553.4</ele><time>2026-07-29T08:52:04Z</time></trkpt><trkpt lat="45.661702" lon="25.545593"><ele>553.4</ele><time>2026-07-29T08:52:06Z</time></trkpt><trkpt lat="45.661693" lon="25.545728"><ele>553.4</ele><time>2026-07-29T08:52:08Z</time></trkpt><trkpt lat="45.661685" lon="25.545863"><ele>553.4</ele><time>2026-07-29T08:52:10Z</time></trkpt><trkpt lat="45.661675" lon="25.546008"><ele>553.4</ele><time>2026-07-29T08:52:12Z</time></trkpt><trkpt lat="45.661665" lon="25.546162"><ele>553.4</ele><time>2026-07-29T08:52:14Z</time></trkpt><trkpt lat="45.66166" lon="25.5463"><ele>553.4</ele><time>2026-07-29T08:52:16Z</time></trkpt><trkpt lat="45.661652" lon="25.54643"><ele>553.4</ele><time>2026-07-29T08:52:18Z</time></trkpt><trkpt lat="45.661647" lon="25.546567"><ele>553.4</ele><time>2026-07-29T08:52:20Z</time></trkpt><trkpt lat="45.661638" lon="25.546708"><ele>553.4</ele><time>2026-07-29T08:52:22Z</time></trkpt><trkpt lat="45.66163" lon="25.546843"><ele>553.5</ele><time>2026-07-29T08:52:24Z</time></trkpt><trkpt lat="45.661615" lon="25.54699"><ele>553.4</ele><time>2026-07-29T08:52:26Z</time></trkpt><trkpt lat="45.661602" lon="25.547132"><ele>553.4</ele><time>2026-07-29T08:52:28Z</time></trkpt><trkpt lat="45.66159" lon="25.547262"><ele>553.4</ele><time>2026-07-29T08:52:30Z</time></trkpt><trkpt lat="45.661577" lon="25.547403"><ele>553.6</ele><time>2026-07-29T08:52:32Z</time></trkpt><trkpt lat="45.661563" lon="25.547542"><ele>553.7</ele><time>2026-07-29T08:52:34Z</time></trkpt><trkpt lat="45.66155" lon="25.547678"><ele>553.7</ele><time>2026-07-29T08:52:36Z</time></trkpt><trkpt lat="45.661543" lon="25.547817"><ele>553.7</ele><time>2026-07-29T08:52:38Z</time></trkpt><trkpt lat="45.661532" lon="25.547952"><ele>553.6</ele><time>2026-07-29T08:52:40Z</time></trkpt><trkpt lat="45.661515" lon="25.5481"><ele>553.6</ele><time>2026-07-29T08:52:42Z</time></trkpt><trkpt lat="45.661508" lon="25.548232"><ele>553.4</ele><time>2026-07-29T08:52:44Z</time></trkpt><trkpt lat="45.661472" lon="25.548468"><ele>553.2</ele><time>2026-07-29T08:52:47Z</time></trkpt><trkpt lat="45.66146" lon="25.548592"><ele>553.0</ele><time>2026-07-29T08:52:49Z</time></trkpt><trkpt lat="45.66145" lon="25.548725"><ele>552.9</ele><time>2026-07-29T08:52:51Z</time></trkpt><trkpt lat="45.661438" lon="25.548857"><ele>552.9</ele><time>2026-07-29T08:52:53Z</time></trkpt><trkpt lat="45.661413" lon="25.549003"><ele>552.9</ele><time>2026-07-29T08:52:55Z</time></trkpt><trkpt lat="45.6614" lon="25.54915"><ele>552.8</ele><time>2026-07-29T08:52:57Z</time></trkpt><trkpt lat="45.661382" lon="25.54929"><ele>552.8</ele><time>2026-07-29T08:52:59Z</time></trkpt><trkpt lat="45.661353" lon="25.549438"><ele>552.8</ele><time>2026-07-29T08:53:01Z</time></trkpt><trkpt lat="45.661338" lon="25.549575"><ele>552.8</ele><time>2026-07-29T08:53:03Z</time></trkpt><trkpt lat="45.661322" lon="25.549697"><ele>552.8</ele><time>2026-07-29T08:53:05Z</time></trkpt><trkpt lat="45.661307" lon="25.549848"><ele>552.7</ele><time>2026-07-29T08:53:08Z</time></trkpt><trkpt lat="45.661297" lon="25.549957"><ele>552.8</ele><time>2026-07-29T08:53:10Z</time></trkpt><trkpt lat="45.661278" lon="25.550078"><ele>552.8</ele><time>2026-07-29T08:53:12Z</time></trkpt><trkpt lat="45.661258" lon="25.550198"><ele>552.7</ele><time>2026-07-29T08:53:14Z</time></trkpt><trkpt lat="45.661218" lon="25.550302"><ele>552.7</ele><time>2026-07-29T08:53:16Z</time></trkpt><trkpt lat="45.661175" lon="25.550408"><ele>552.6</ele><time>2026-07-29T08:53:18Z</time></trkpt><trkpt lat="45.661125" lon="25.550503"><ele>552.6</ele><time>2026-07-29T08:53:20Z</time></trkpt><trkpt lat="45.661065" lon="25.550573"><ele>552.7</ele><time>2026-07-29T08:53:22Z</time></trkpt><trkpt lat="45.661008" lon="25.550642"><ele>552.7</ele><time>2026-07-29T08:53:24Z</time></trkpt><trkpt lat="45.66094" lon="25.550703"><ele>552.6</ele><time>2026-07-29T08:53:26Z</time></trkpt><trkpt lat="45.66088" lon="25.550768"><ele>552.4</ele><time>2026-07-29T08:53:28Z</time></trkpt><trkpt lat="45.660823" lon="25.550862"><ele>552.4</ele><time>2026-07-29T08:53:30Z</time></trkpt><trkpt lat="45.6608" lon="25.550985"><ele>552.5</ele><time>2026-07-29T08:53:32Z</time></trkpt><trkpt lat="45.660803" lon="25.551115"><ele>552.6</ele><time>2026-07-29T08:53:34Z</time></trkpt><trkpt lat="45.660832" lon="25.551242"><ele>552.7</ele><time>2026-07-29T08:53:36Z</time></trkpt><trkpt lat="45.660872" lon="25.551365"><ele>552.7</ele><time>2026-07-29T08:53:38Z</time></trkpt><trkpt lat="45.660917" lon="25.551485"><ele>552.8</ele><time>2026-07-29T08:53:40Z</time></trkpt><trkpt lat="45.660987" lon="25.551768"><ele>552.7</ele><time>2026-07-29T08:53:44Z</time></trkpt><trkpt lat="45.661012" lon="25.551888"><ele>552.6</ele><time>2026-07-29T08:53:46Z</time></trkpt><trkpt lat="45.661022" lon="25.552017"><ele>552.7</ele><time>2026-07-29T08:53:48Z</time></trkpt><trkpt lat="45.661025" lon="25.552155"><ele>552.7</ele><time>2026-07-29T08:53:50Z</time></trkpt><trkpt lat="45.66101" lon="25.552283"><ele>552.7</ele><time>2026-07-29T08:53:52Z</time></trkpt><trkpt lat="45.660987" lon="25.552408"><ele>552.7</ele><time>2026-07-29T08:53:54Z</time></trkpt><trkpt lat="45.660963" lon="25.55253"><ele>552.9</ele><time>2026-07-29T08:53:56Z</time></trkpt><trkpt lat="45.660933" lon="25.552657"><ele>552.9</ele><time>2026-07-29T08:53:58Z</time></trkpt><trkpt lat="45.660898" lon="25.552777"><ele>552.9</ele><time>2026-07-29T08:54:00Z</time></trkpt><trkpt lat="45.660863" lon="25.552893"><ele>553.0</ele><time>2026-07-29T08:54:03Z</time></trkpt><trkpt lat="45.660837" lon="25.552995"><ele>553.0</ele><time>2026-07-29T08:54:05Z</time></trkpt><trkpt lat="45.660795" lon="25.553107"><ele>553.0</ele><time>2026-07-29T08:54:07Z</time></trkpt><trkpt lat="45.660752" lon="25.553218"><ele>553.1</ele><time>2026-07-29T08:54:09Z</time></trkpt><trkpt lat="45.660703" lon="25.553332"><ele>553.2</ele><time>2026-07-29T08:54:11Z</time></trkpt><trkpt lat="45.66066" lon="25.553443"><ele>553.3</ele><time>2026-07-29T08:54:13Z</time></trkpt><trkpt lat="45.660615" lon="25.55356"><ele>553.4</ele><time>2026-07-29T08:54:15Z</time></trkpt><trkpt lat="45.66058" lon="25.553652"><ele>553.6</ele><time>2026-07-29T08:54:17Z</time></trkpt><trkpt lat="45.66052" lon="25.553823"><ele>554.0</ele><time>2026-07-29T08:54:18Z</time></trkpt><trkpt lat="45.660472" lon="25.553923"><ele>554.2</ele><time>2026-07-29T08:54:20Z</time></trkpt><trkpt lat="45.660425" lon="25.554033"><ele>554.3</ele><time>2026-07-29T08:54:22Z</time></trkpt><trkpt lat="45.660377" lon="25.554142"><ele>554.3</ele><time>2026-07-29T08:54:24Z</time></trkpt><trkpt lat="45.660332" lon="25.554255"><ele>554.6</ele><time>2026-07-29T08:54:26Z</time></trkpt><trkpt lat="45.660288" lon="25.554365"><ele>554.9</ele><time>2026-07-29T08:54:28Z</time></trkpt><trkpt lat="45.660243" lon="25.554467"><ele>555.0</ele><time>2026-07-29T08:54:30Z</time></trkpt><trkpt lat="45.660197" lon="25.554573"><ele>555.3</ele><time>2026-07-29T08:54:32Z</time></trkpt><trkpt lat="45.660155" lon="25.554675"><ele>555.6</ele><time>2026-07-29T08:54:34Z</time></trkpt><trkpt lat="45.660117" lon="25.554773"><ele>556.1</ele><time>2026-07-29T08:54:36Z</time></trkpt><trkpt lat="45.66008" lon="25.5549"><ele>556.9</ele><time>2026-07-29T08:54:40Z</time></trkpt><trkpt lat="45.660032" lon="25.554987"><ele>557.3</ele><time>2026-07-29T08:54:42Z</time></trkpt><trkpt lat="45.659972" lon="25.555118"><ele>557.9</ele><time>2026-07-29T08:54:45Z</time></trkpt><trkpt lat="45.659932" lon="25.555207"><ele>558.1</ele><time>2026-07-29T08:54:47Z</time></trkpt><trkpt lat="45.659893" lon="25.5553"><ele>558.4</ele><time>2026-07-29T08:54:49Z</time></trkpt><trkpt lat="45.659858" lon="25.555393"><ele>558.5</ele><time>2026-07-29T08:54:51Z</time></trkpt><trkpt lat="45.659817" lon="25.555485"><ele>558.8</ele><time>2026-07-29T08:54:53Z</time></trkpt><trkpt lat="45.659787" lon="25.55558"><ele>559.2</ele><time>2026-07-29T08:54:55Z</time></trkpt><trkpt lat="45.659738" lon="25.555718"><ele>559.5</ele><time>2026-07-29T08:54:58Z</time></trkpt><trkpt lat="45.659708" lon="25.555813"><ele>559.8</ele><time>2026-07-29T08:54:59Z</time></trkpt><trkpt lat="45.65968" lon="25.555915"><ele>560.1</ele><time>2026-07-29T08:55:01Z</time></trkpt><trkpt lat="45.659645" lon="25.556028"><ele>560.2</ele><time>2026-07-29T08:55:03Z</time></trkpt><trkpt lat="45.659617" lon="25.556138"><ele>560.4</ele><time>2026-07-29T08:55:05Z</time></trkpt><trkpt lat="45.659588" lon="25.556253"><ele>560.5</ele><time>2026-07-29T08:55:07Z</time></trkpt><trkpt lat="45.65956" lon="25.556375"><ele>560.6</ele><time>2026-07-29T08:55:09Z</time></trkpt><trkpt lat="45.659535" lon="25.556493"><ele>560.8</ele><time>2026-07-29T08:55:11Z</time></trkpt><trkpt lat="45.659512" lon="25.55661"><ele>560.9</ele><time>2026-07-29T08:55:13Z</time></trkpt><trkpt lat="45.659495" lon="25.556727"><ele>561.1</ele><time>2026-07-29T08:55:15Z</time></trkpt><trkpt lat="45.659473" lon="25.55685"><ele>561.4</ele><time>2026-07-29T08:55:17Z</time></trkpt><trkpt lat="45.659452" lon="25.557008"><ele>561.7</ele><time>2026-07-29T08:55:19Z</time></trkpt><trkpt lat="45.659435" lon="25.557147"><ele>561.8</ele><time>2026-07-29T08:55:21Z</time></trkpt><trkpt lat="45.659422" lon="25.557283"><ele>561.8</ele><time>2026-07-29T08:55:23Z</time></trkpt><trkpt lat="45.65941" lon="25.557423"><ele>561.7</ele><time>2026-07-29T08:55:25Z</time></trkpt><trkpt lat="45.6594" lon="25.557572"><ele>561.7</ele><time>2026-07-29T08:55:27Z</time></trkpt><trkpt lat="45.659397" lon="25.557717"><ele>561.7</ele><time>2026-07-29T08:55:29Z</time></trkpt><trkpt lat="45.659393" lon="25.55786"><ele>561.6</ele><time>2026-07-29T08:55:31Z</time></trkpt><trkpt lat="45.659392" lon="25.558022"><ele>561.3</ele><time>2026-07-29T08:55:33Z</time></trkpt><trkpt lat="45.659398" lon="25.558175"><ele>561.0</ele><time>2026-07-29T08:55:35Z</time></trkpt><trkpt lat="45.659407" lon="25.55833"><ele>560.7</ele><time>2026-07-29T08:55:37Z</time></trkpt><trkpt lat="45.659422" lon="25.558488"><ele>560.5</ele><time>2026-07-29T08:55:39Z</time></trkpt><trkpt lat="45.659432" lon="25.558653"><ele>560.2</ele><time>2026-07-29T08:55:41Z</time></trkpt><trkpt lat="45.65945" lon="25.558825"><ele>559.9</ele><time>2026-07-29T08:55:43Z</time></trkpt><trkpt lat="45.659472" lon="25.559003"><ele>559.6</ele><time>2026-07-29T08:55:45Z</time></trkpt><trkpt lat="45.659502" lon="25.559187"><ele>559.2</ele><time>2026-07-29T08:55:47Z</time></trkpt><trkpt lat="45.659533" lon="25.559355"><ele>558.8</ele><time>2026-07-29T08:55:49Z</time></trkpt><trkpt lat="45.659562" lon="25.559512"><ele>558.2</ele><time>2026-07-29T08:55:51Z</time></trkpt><trkpt lat="45.659595" lon="25.559645"><ele>557.6</ele><time>2026-07-29T08:55:53Z</time></trkpt><trkpt lat="45.659627" lon="25.55977"><ele>557.3</ele><time>2026-07-29T08:55:55Z</time></trkpt><trkpt lat="45.65966" lon="25.559898"><ele>556.7</ele><time>2026-07-29T08:55:57Z</time></trkpt><trkpt lat="45.659692" lon="25.560028"><ele>556.3</ele><time>2026-07-29T08:55:59Z</time></trkpt><trkpt lat="45.659725" lon="25.560165"><ele>555.8</ele><time>2026-07-29T08:56:01Z</time></trkpt><trkpt lat="45.65976" lon="25.5603"><ele>555.3</ele><time>2026-07-29T08:56:03Z</time></trkpt><trkpt lat="45.659793" lon="25.560428"><ele>554.8</ele><time>2026-07-29T08:56:06Z</time></trkpt><trkpt lat="45.65982" lon="25.560553"><ele>554.2</ele><time>2026-07-29T08:56:08Z</time></trkpt><trkpt lat="45.659852" lon="25.56072"><ele>553.8</ele><time>2026-07-29T08:56:10Z</time></trkpt><trkpt lat="45.659887" lon="25.560892"><ele>553.5</ele><time>2026-07-29T08:56:12Z</time></trkpt><trkpt lat="45.659927" lon="25.56107"><ele>553.5</ele><time>2026-07-29T08:56:14Z</time></trkpt><trkpt lat="45.659972" lon="25.56125"><ele>553.1</ele><time>2026-07-29T08:56:16Z</time></trkpt><trkpt lat="45.660012" lon="25.561417"><ele>552.7</ele><time>2026-07-29T08:56:18Z</time></trkpt><trkpt lat="45.660027" lon="25.561567"><ele>552.0</ele><time>2026-07-29T08:56:20Z</time></trkpt><trkpt lat="45.660053" lon="25.561717"><ele>551.3</ele><time>2026-07-29T08:56:22Z</time></trkpt><trkpt lat="45.660122" lon="25.561832"><ele>550.9</ele><time>2026-07-29T08:56:24Z</time></trkpt><trkpt lat="45.66019" lon="25.561943"><ele>550.7</ele><time>2026-07-29T08:56:26Z</time></trkpt><trkpt lat="45.660228" lon="25.562072"><ele>550.5</ele><time>2026-07-29T08:56:28Z</time></trkpt><trkpt lat="45.660248" lon="25.562213"><ele>550.5</ele><time>2026-07-29T08:56:30Z</time></trkpt><trkpt lat="45.660282" lon="25.56235"><ele>550.4</ele><time>2026-07-29T08:56:32Z</time></trkpt><trkpt lat="45.660307" lon="25.562485"><ele>550.3</ele><time>2026-07-29T08:56:34Z</time></trkpt><trkpt lat="45.660327" lon="25.562612"><ele>550.1</ele><time>2026-07-29T08:56:36Z</time></trkpt><trkpt lat="45.660353" lon="25.562748"><ele>549.9</ele><time>2026-07-29T08:56:38Z</time></trkpt><trkpt lat="45.660368" lon="25.562898"><ele>549.8</ele><time>2026-07-29T08:56:40Z</time></trkpt><trkpt lat="45.660382" lon="25.563035"><ele>549.8</ele><time>2026-07-29T08:56:41Z</time></trkpt><trkpt lat="45.660395" lon="25.56319"><ele>549.8</ele><time>2026-07-29T08:56:43Z</time></trkpt><trkpt lat="45.660398" lon="25.563348"><ele>549.9</ele><time>2026-07-29T08:56:45Z</time></trkpt><trkpt lat="45.660405" lon="25.563503"><ele>549.9</ele><time>2026-07-29T08:56:47Z</time></trkpt><trkpt lat="45.660403" lon="25.563643"><ele>549.9</ele><time>2026-07-29T08:56:49Z</time></trkpt><trkpt lat="45.66039" lon="25.5638"><ele>549.9</ele><time>2026-07-29T08:56:51Z</time></trkpt><trkpt lat="45.660373" lon="25.563957"><ele>549.9</ele><time>2026-07-29T08:56:53Z</time></trkpt><trkpt lat="45.66036" lon="25.564105"><ele>550.1</ele><time>2026-07-29T08:56:55Z</time></trkpt><trkpt lat="45.660352" lon="25.564245"><ele>550.2</ele><time>2026-07-29T08:56:57Z</time></trkpt><trkpt lat="45.66034" lon="25.56435"><ele>550.2</ele><time>2026-07-29T08:56:59Z</time></trkpt><trkpt lat="45.660323" lon="25.564518"><ele>550.1</ele><time>2026-07-29T08:57:01Z</time></trkpt><trkpt lat="45.660313" lon="25.56467"><ele>550.0</ele><time>2026-07-29T08:57:03Z</time></trkpt><trkpt lat="45.660302" lon="25.564817"><ele>550.0</ele><time>2026-07-29T08:57:05Z</time></trkpt><trkpt lat="45.660292" lon="25.564965"><ele>549.9</ele><time>2026-07-29T08:57:07Z</time></trkpt><trkpt lat="45.660277" lon="25.565117"><ele>549.9</ele><time>2026-07-29T08:57:09Z</time></trkpt><trkpt lat="45.660265" lon="25.565277"><ele>549.9</ele><time>2026-07-29T08:57:11Z</time></trkpt><trkpt lat="45.660248" lon="25.565428"><ele>550.0</ele><time>2026-07-29T08:57:13Z</time></trkpt><trkpt lat="45.660232" lon="25.565572"><ele>550.0</ele><time>2026-07-29T08:57:15Z</time></trkpt><trkpt lat="45.660212" lon="25.565823"><ele>549.9</ele><time>2026-07-29T08:57:18Z</time></trkpt><trkpt lat="45.660195" lon="25.565967"><ele>550.0</ele><time>2026-07-29T08:57:20Z</time></trkpt><trkpt lat="45.660187" lon="25.566117"><ele>550.0</ele><time>2026-07-29T08:57:22Z</time></trkpt><trkpt lat="45.660177" lon="25.566265"><ele>550.0</ele><time>2026-07-29T08:57:24Z</time></trkpt><trkpt lat="45.660168" lon="25.566413"><ele>550.0</ele><time>2026-07-29T08:57:26Z</time></trkpt><trkpt lat="45.66016" lon="25.566547"><ele>550.0</ele><time>2026-07-29T08:57:28Z</time></trkpt><trkpt lat="45.66014" lon="25.566668"><ele>549.9</ele><time>2026-07-29T08:57:30Z</time></trkpt><trkpt lat="45.660123" lon="25.566792"><ele>549.8</ele><time>2026-07-29T08:57:32Z</time></trkpt><trkpt lat="45.660112" lon="25.566932"><ele>549.7</ele><time>2026-07-29T08:57:34Z</time></trkpt><trkpt lat="45.660105" lon="25.567075"><ele>549.7</ele><time>2026-07-29T08:57:36Z</time></trkpt><trkpt lat="45.66009" lon="25.56723"><ele>549.6</ele><time>2026-07-29T08:57:39Z</time></trkpt><trkpt lat="45.660077" lon="25.56734"><ele>549.7</ele><time>2026-07-29T08:57:41Z</time></trkpt><trkpt lat="45.660073" lon="25.567465"><ele>549.6</ele><time>2026-07-29T08:57:43Z</time></trkpt><trkpt lat="45.660063" lon="25.567593"><ele>549.6</ele><time>2026-07-29T08:57:45Z</time></trkpt><trkpt lat="45.660065" lon="25.567713"><ele>549.7</ele><time>2026-07-29T08:57:47Z</time></trkpt><trkpt lat="45.660068" lon="25.567822"><ele>549.9</ele><time>2026-07-29T08:57:49Z</time></trkpt><trkpt lat="45.660058" lon="25.567935"><ele>550.1</ele><time>2026-07-29T08:57:51Z</time></trkpt><trkpt lat="45.660047" lon="25.568045"><ele>550.1</ele><time>2026-07-29T08:57:53Z</time></trkpt><trkpt lat="45.660032" lon="25.568172"><ele>550.1</ele><time>2026-07-29T08:57:55Z</time></trkpt><trkpt lat="45.660008" lon="25.568302"><ele>550.0</ele><time>2026-07-29T08:57:57Z</time></trkpt><trkpt lat="45.659978" lon="25.568435"><ele>549.9</ele><time>2026-07-29T08:57:59Z</time></trkpt><trkpt lat="45.659947" lon="25.568575"><ele>549.6</ele><time>2026-07-29T08:58:01Z</time></trkpt><trkpt lat="45.659913" lon="25.56872"><ele>549.3</ele><time>2026-07-29T08:58:03Z</time></trkpt><trkpt lat="45.65988" lon="25.56886"><ele>549.2</ele><time>2026-07-29T08:58:05Z</time></trkpt><trkpt lat="45.659852" lon="25.569005"><ele>549.1</ele><time>2026-07-29T08:58:07Z</time></trkpt><trkpt lat="45.65983" lon="25.569158"><ele>549.0</ele><time>2026-07-29T08:58:09Z</time></trkpt><trkpt lat="45.659858" lon="25.569262"><ele>548.9</ele><time>2026-07-29T08:58:11Z</time></trkpt><trkpt lat="45.659893" lon="25.569355"><ele>548.8</ele><time>2026-07-29T08:58:12Z</time></trkpt><trkpt lat="45.659958" lon="25.56947"><ele>548.8</ele><time>2026-07-29T08:58:14Z</time></trkpt><trkpt lat="45.660012" lon="25.56957"><ele>548.8</ele><time>2026-07-29T08:58:16Z</time></trkpt><trkpt lat="45.66006" lon="25.569682"><ele>548.7</ele><time>2026-07-29T08:58:18Z</time></trkpt><trkpt lat="45.660117" lon="25.569798"><ele>548.7</ele><time>2026-07-29T08:58:20Z</time></trkpt><trkpt lat="45.660178" lon="25.569907"><ele>548.9</ele><time>2026-07-29T08:58:22Z</time></trkpt><trkpt lat="45.660247" lon="25.570013"><ele>549.1</ele><time>2026-07-29T08:58:25Z</time></trkpt><trkpt lat="45.660315" lon="25.57012"><ele>549.2</ele><time>2026-07-29T08:58:27Z</time></trkpt><trkpt lat="45.660382" lon="25.570233"><ele>549.4</ele><time>2026-07-29T08:58:29Z</time></trkpt><trkpt lat="45.660438" lon="25.570345"><ele>549.4</ele><time>2026-07-29T08:58:31Z</time></trkpt><trkpt lat="45.660477" lon="25.570467"><ele>549.4</ele><time>2026-07-29T08:58:33Z</time></trkpt><trkpt lat="45.660515" lon="25.570608"><ele>549.5</ele><time>2026-07-29T08:58:35Z</time></trkpt><trkpt lat="45.66057" lon="25.570857"><ele>549.5</ele><time>2026-07-29T08:58:38Z</time></trkpt><trkpt lat="45.660608" lon="25.570992"><ele>549.4</ele><time>2026-07-29T08:58:40Z</time></trkpt><trkpt lat="45.660647" lon="25.57113"><ele>549.4</ele><time>2026-07-29T08:58:42Z</time></trkpt><trkpt lat="45.660683" lon="25.571272"><ele>549.4</ele><time>2026-07-29T08:58:44Z</time></trkpt><trkpt lat="45.660727" lon="25.5714"><ele>549.4</ele><time>2026-07-29T08:58:46Z</time></trkpt><trkpt lat="45.660772" lon="25.571538"><ele>549.3</ele><time>2026-07-29T08:58:47Z</time></trkpt><trkpt lat="45.66082" lon="25.571667"><ele>549.3</ele><time>2026-07-29T08:58:49Z</time></trkpt><trkpt lat="45.66087" lon="25.571793"><ele>549.2</ele><time>2026-07-29T08:58:51Z</time></trkpt><trkpt lat="45.660922" lon="25.571923"><ele>549.2</ele><time>2026-07-29T08:58:53Z</time></trkpt><trkpt lat="45.660975" lon="25.572025"><ele>549.3</ele><time>2026-07-29T08:58:55Z</time></trkpt><trkpt lat="45.66102" lon="25.572133"><ele>549.5</ele><time>2026-07-29T08:58:57Z</time></trkpt><trkpt lat="45.661063" lon="25.57225"><ele>549.6</ele><time>2026-07-29T08:58:59Z</time></trkpt><trkpt lat="45.661117" lon="25.572363"><ele>549.8</ele><time>2026-07-29T08:59:02Z</time></trkpt><trkpt lat="45.661185" lon="25.57258"><ele>549.9</ele><time>2026-07-29T08:59:04Z</time></trkpt><trkpt lat="45.661243" lon="25.572707"><ele>550.0</ele><time>2026-07-29T08:59:06Z</time></trkpt><trkpt lat="45.661295" lon="25.572828"><ele>550.1</ele><time>2026-07-29T08:59:08Z</time></trkpt><trkpt lat="45.661338" lon="25.572945"><ele>550.2</ele><time>2026-07-29T08:59:10Z</time></trkpt><trkpt lat="45.661383" lon="25.573067"><ele>550.3</ele><time>2026-07-29T08:59:12Z</time></trkpt><trkpt lat="45.661437" lon="25.57318"><ele>550.4</ele><time>2026-07-29T08:59:14Z</time></trkpt><trkpt lat="45.661488" lon="25.573302"><ele>550.5</ele><time>2026-07-29T08:59:16Z</time></trkpt><trkpt lat="45.661532" lon="25.573418"><ele>550.7</ele><time>2026-07-29T08:59:18Z</time></trkpt><trkpt lat="45.661588" lon="25.573545"><ele>550.8</ele><time>2026-07-29T08:59:20Z</time></trkpt><trkpt lat="45.66164" lon="25.573672"><ele>551.2</ele><time>2026-07-29T08:59:22Z</time></trkpt><trkpt lat="45.661685" lon="25.573788"><ele>551.3</ele><time>2026-07-29T08:59:24Z</time></trkpt><trkpt lat="45.661738" lon="25.573878"><ele>551.5</ele><time>2026-07-29T08:59:27Z</time></trkpt><trkpt lat="45.66182" lon="25.574057"><ele>551.4</ele><time>2026-07-29T08:59:29Z</time></trkpt><trkpt lat="45.661882" lon="25.574152"><ele>551.5</ele><time>2026-07-29T08:59:31Z</time></trkpt><trkpt lat="45.66191" lon="25.574278"><ele>551.7</ele><time>2026-07-29T08:59:33Z</time></trkpt><trkpt lat="45.66196" lon="25.574387"><ele>551.8</ele><time>2026-07-29T08:59:35Z</time></trkpt><trkpt lat="45.662015" lon="25.574502"><ele>551.9</ele><time>2026-07-29T08:59:37Z</time></trkpt><trkpt lat="45.662058" lon="25.57461"><ele>552.0</ele><time>2026-07-29T08:59:39Z</time></trkpt><trkpt lat="45.6621" lon="25.574725"><ele>552.1</ele><time>2026-07-29T08:59:41Z</time></trkpt><trkpt lat="45.662145" lon="25.574838"><ele>552.3</ele><time>2026-07-29T08:59:43Z</time></trkpt><trkpt lat="45.662187" lon="25.574957"><ele>552.5</ele><time>2026-07-29T08:59:45Z</time></trkpt><trkpt lat="45.662232" lon="25.575068"><ele>552.7</ele><time>2026-07-29T08:59:47Z</time></trkpt><trkpt lat="45.662282" lon="25.575165"><ele>552.9</ele><time>2026-07-29T08:59:49Z</time></trkpt><trkpt lat="45.662347" lon="25.575227"><ele>553.2</ele><time>2026-07-29T08:59:51Z</time></trkpt><trkpt lat="45.662373" lon="25.575323"><ele>553.4</ele><time>2026-07-29T08:59:54Z</time></trkpt><trkpt lat="45.662473" lon="25.575602"><ele>553.7</ele><time>2026-07-29T08:59:57Z</time></trkpt><trkpt lat="45.66252" lon="25.57571"><ele>553.8</ele><time>2026-07-29T08:59:59Z</time></trkpt><trkpt lat="45.662557" lon="25.575815"><ele>553.9</ele><time>2026-07-29T09:00:01Z</time></trkpt><trkpt lat="45.662598" lon="25.575918"><ele>554.0</ele><time>2026-07-29T09:00:03Z</time></trkpt><trkpt lat="45.662655" lon="25.576023"><ele>554.2</ele><time>2026-07-29T09:00:05Z</time></trkpt><trkpt lat="45.662697" lon="25.576132"><ele>554.3</ele><time>2026-07-29T09:00:07Z</time></trkpt><trkpt lat="45.662733" lon="25.576237"><ele>554.5</ele><time>2026-07-29T09:00:09Z</time></trkpt><trkpt lat="45.662777" lon="25.576338"><ele>554.7</ele><time>2026-07-29T09:00:11Z</time></trkpt><trkpt lat="45.662812" lon="25.576445"><ele>554.8</ele><time>2026-07-29T09:00:13Z</time></trkpt><trkpt lat="45.662882" lon="25.576558"><ele>555.0</ele><time>2026-07-29T09:00:16Z</time></trkpt><trkpt lat="45.662925" lon="25.576645"><ele>555.2</ele><time>2026-07-29T09:00:18Z</time></trkpt><trkpt lat="45.662978" lon="25.576782"><ele>555.4</ele><time>2026-07-29T09:00:21Z</time></trkpt><trkpt lat="45.663017" lon="25.576882"><ele>555.6</ele><time>2026-07-29T09:00:23Z</time></trkpt><trkpt lat="45.663058" lon="25.576988"><ele>555.9</ele><time>2026-07-29T09:00:26Z</time></trkpt><trkpt lat="45.66311" lon="25.57713"><ele>556.1</ele><time>2026-07-29T09:00:29Z</time></trkpt><trkpt lat="45.663147" lon="25.57727"><ele>556.2</ele><time>2026-07-29T09:00:32Z</time></trkpt><trkpt lat="45.66316" lon="25.577372"><ele>556.2</ele><time>2026-07-29T09:00:34Z</time></trkpt><trkpt lat="45.663183" lon="25.577495"><ele>556.3</ele><time>2026-07-29T09:00:37Z</time></trkpt><trkpt lat="45.663225" lon="25.577807"><ele>556.4</ele><time>2026-07-29T09:00:41Z</time></trkpt><trkpt lat="45.663228" lon="25.57791"><ele>556.4</ele><time>2026-07-29T09:00:43Z</time></trkpt><trkpt lat="45.663185" lon="25.577995"><ele>556.4</ele><time>2026-07-29T09:00:45Z</time></trkpt><trkpt lat="45.663107" lon="25.578018"><ele>556.5</ele><time>2026-07-29T09:00:47Z</time></trkpt><trkpt lat="45.66302" lon="25.578027"><ele>556.5</ele><time>2026-07-29T09:00:49Z</time></trkpt><trkpt lat="45.662943" lon="25.57806"><ele>556.6</ele><time>2026-07-29T09:00:51Z</time></trkpt><trkpt lat="45.662873" lon="25.578103"><ele>556.6</ele><time>2026-07-29T09:00:53Z</time></trkpt><trkpt lat="45.662792" lon="25.578157"><ele>556.7</ele><time>2026-07-29T09:00:54Z</time></trkpt><trkpt lat="45.662695" lon="25.578173"><ele>556.6</ele><time>2026-07-29T09:00:57Z</time></trkpt><trkpt lat="45.662573" lon="25.578298"><ele>556.7</ele><time>2026-07-29T09:01:00Z</time></trkpt><trkpt lat="45.662493" lon="25.578353"><ele>556.9</ele><time>2026-07-29T09:01:02Z</time></trkpt><trkpt lat="45.66245" lon="25.578513"><ele>557.2</ele><time>2026-07-29T09:01:04Z</time></trkpt><trkpt lat="45.662378" lon="25.578368"><ele>557.3</ele><time>2026-07-29T09:01:05Z</time></trkpt><trkpt lat="45.662282" lon="25.578398"><ele>557.3</ele><time>2026-07-29T09:01:07Z</time></trkpt><trkpt lat="45.662195" lon="25.578452"><ele>557.3</ele><time>2026-07-29T09:01:09Z</time></trkpt><trkpt lat="45.66208" lon="25.578517"><ele>557.3</ele><time>2026-07-29T09:01:12Z</time></trkpt><trkpt lat="45.662" lon="25.578538"><ele>557.4</ele><time>2026-07-29T09:01:14Z</time></trkpt><trkpt lat="45.661902" lon="25.578593"><ele>557.5</ele><time>2026-07-29T09:01:16Z</time></trkpt><trkpt lat="45.661798" lon="25.578633"><ele>557.5</ele><time>2026-07-29T09:01:18Z</time></trkpt><trkpt lat="45.661708" lon="25.578675"><ele>557.6</ele><time>2026-07-29T09:01:20Z</time></trkpt><trkpt lat="45.661633" lon="25.57872"><ele>557.7</ele><time>2026-07-29T09:01:22Z</time></trkpt><trkpt lat="45.661552" lon="25.578755"><ele>557.8</ele><time>2026-07-29T09:01:24Z</time></trkpt><trkpt lat="45.66146" lon="25.578797"><ele>557.9</ele><time>2026-07-29T09:01:26Z</time></trkpt><trkpt lat="45.661368" lon="25.578832"><ele>558.0</ele><time>2026-07-29T09:01:28Z</time></trkpt><trkpt lat="45.661287" lon="25.578872"><ele>558.2</ele><time>2026-07-29T09:01:30Z</time></trkpt><trkpt lat="45.661212" lon="25.578912"><ele>558.3</ele><time>2026-07-29T09:01:32Z</time></trkpt><trkpt lat="45.661122" lon="25.578935"><ele>558.4</ele><time>2026-07-29T09:01:34Z</time></trkpt><trkpt lat="45.661032" lon="25.578983"><ele>558.5</ele><time>2026-07-29T09:01:36Z</time></trkpt><trkpt lat="45.660953" lon="25.579037"><ele>558.6</ele><time>2026-07-29T09:01:38Z</time></trkpt><trkpt lat="45.660853" lon="25.57906"><ele>558.7</ele><time>2026-07-29T09:01:40Z</time></trkpt><trkpt lat="45.660763" lon="25.579102"><ele>558.8</ele><time>2026-07-29T09:01:42Z</time></trkpt><trkpt lat="45.660673" lon="25.579148"><ele>559.0</ele><time>2026-07-29T09:01:44Z</time></trkpt><trkpt lat="45.660592" lon="25.579185"><ele>559.1</ele><time>2026-07-29T09:01:46Z</time></trkpt><trkpt lat="45.66051" lon="25.579228"><ele>559.2</ele><time>2026-07-29T09:01:48Z</time></trkpt><trkpt lat="45.660433" lon="25.579267"><ele>559.2</ele><time>2026-07-29T09:01:50Z</time></trkpt><trkpt lat="45.660352" lon="25.579308"><ele>559.3</ele><time>2026-07-29T09:01:52Z</time></trkpt><trkpt lat="45.660283" lon="25.57937"><ele>559.4</ele><time>2026-07-29T09:01:54Z</time></trkpt><trkpt lat="45.660205" lon="25.579405"><ele>559.6</ele><time>2026-07-29T09:01:56Z</time></trkpt><trkpt lat="45.66012" lon="25.57944"><ele>559.7</ele><time>2026-07-29T09:01:58Z</time></trkpt><trkpt lat="45.660037" lon="25.579498"><ele>559.8</ele><time>2026-07-29T09:02:00Z</time></trkpt><trkpt lat="45.659947" lon="25.579533"><ele>559.9</ele><time>2026-07-29T09:02:02Z</time></trkpt><trkpt lat="45.659862" lon="25.579582"><ele>560.1</ele><time>2026-07-29T09:02:04Z</time></trkpt><trkpt lat="45.659783" lon="25.579627"><ele>560.2</ele><time>2026-07-29T09:02:06Z</time></trkpt><trkpt lat="45.659702" lon="25.579668"><ele>560.3</ele><time>2026-07-29T09:02:08Z</time></trkpt><trkpt lat="45.659627" lon="25.579715"><ele>560.4</ele><time>2026-07-29T09:02:10Z</time></trkpt><trkpt lat="45.659548" lon="25.579783"><ele>560.7</ele><time>2026-07-29T09:02:12Z</time></trkpt><trkpt lat="45.659468" lon="25.579833"><ele>560.7</ele><time>2026-07-29T09:02:14Z</time></trkpt><trkpt lat="45.659395" lon="25.579868"><ele>560.8</ele><time>2026-07-29T09:02:16Z</time></trkpt><trkpt lat="45.659307" lon="25.579922"><ele>560.8</ele><time>2026-07-29T09:02:18Z</time></trkpt><trkpt lat="45.659222" lon="25.579965"><ele>561.0</ele><time>2026-07-29T09:02:20Z</time></trkpt><trkpt lat="45.659145" lon="25.580002"><ele>561.1</ele><time>2026-07-29T09:02:22Z</time></trkpt><trkpt lat="45.659048" lon="25.580048"><ele>561.3</ele><time>2026-07-29T09:02:25Z</time></trkpt><trkpt lat="45.658965" lon="25.580087"><ele>561.4</ele><time>2026-07-29T09:02:27Z</time></trkpt><trkpt lat="45.658892" lon="25.580155"><ele>561.5</ele><time>2026-07-29T09:02:29Z</time></trkpt><trkpt lat="45.658817" lon="25.580193"><ele>561.6</ele><time>2026-07-29T09:02:31Z</time></trkpt><trkpt lat="45.658727" lon="25.580235"><ele>561.8</ele><time>2026-07-29T09:02:33Z</time></trkpt><trkpt lat="45.658643" lon="25.580277"><ele>561.9</ele><time>2026-07-29T09:02:35Z</time></trkpt><trkpt lat="45.658558" lon="25.58032"><ele>562.0</ele><time>2026-07-29T09:02:37Z</time></trkpt><trkpt lat="45.65845" lon="25.580423"><ele>562.1</ele><time>2026-07-29T09:02:39Z</time></trkpt><trkpt lat="45.65835" lon="25.580435"><ele>562.3</ele><time>2026-07-29T09:02:42Z</time></trkpt><trkpt lat="45.658268" lon="25.580495"><ele>562.4</ele><time>2026-07-29T09:02:44Z</time></trkpt><trkpt lat="45.658188" lon="25.580547"><ele>562.4</ele><time>2026-07-29T09:02:46Z</time></trkpt><trkpt lat="45.658107" lon="25.580597"><ele>562.5</ele><time>2026-07-29T09:02:48Z</time></trkpt><trkpt lat="45.658013" lon="25.580652"><ele>562.6</ele><time>2026-07-29T09:02:50Z</time></trkpt><trkpt lat="45.657935" lon="25.580737"><ele>562.7</ele><time>2026-07-29T09:02:52Z</time></trkpt><trkpt lat="45.657813" lon="25.58076"><ele>562.8</ele><time>2026-07-29T09:02:53Z</time></trkpt><trkpt lat="45.657745" lon="25.580812"><ele>563.0</ele><time>2026-07-29T09:02:56Z</time></trkpt><trkpt lat="45.657675" lon="25.580875"><ele>563.1</ele><time>2026-07-29T09:02:58Z</time></trkpt><trkpt lat="45.657602" lon="25.58093"><ele>563.2</ele><time>2026-07-29T09:03:00Z</time></trkpt><trkpt lat="45.657525" lon="25.580977"><ele>563.3</ele><time>2026-07-29T09:03:02Z</time></trkpt><trkpt lat="45.657447" lon="25.581022"><ele>563.4</ele><time>2026-07-29T09:03:04Z</time></trkpt><trkpt lat="45.657367" lon="25.581077"><ele>563.5</ele><time>2026-07-29T09:03:06Z</time></trkpt><trkpt lat="45.65729" lon="25.581123"><ele>563.7</ele><time>2026-07-29T09:03:08Z</time></trkpt><trkpt lat="45.65721" lon="25.581182"><ele>563.7</ele><time>2026-07-29T09:03:10Z</time></trkpt><trkpt lat="45.657125" lon="25.581222"><ele>563.9</ele><time>2026-07-29T09:03:12Z</time></trkpt><trkpt lat="45.657043" lon="25.581275"><ele>564.1</ele><time>2026-07-29T09:03:14Z</time></trkpt><trkpt lat="45.656963" lon="25.581333"><ele>564.2</ele><time>2026-07-29T09:03:16Z</time></trkpt><trkpt lat="45.656882" lon="25.58138"><ele>564.3</ele><time>2026-07-29T09:03:18Z</time></trkpt><trkpt lat="45.656805" lon="25.581422"><ele>564.5</ele><time>2026-07-29T09:03:20Z</time></trkpt><trkpt lat="45.656723" lon="25.581465"><ele>564.7</ele><time>2026-07-29T09:03:22Z</time></trkpt><trkpt lat="45.656645" lon="25.581513"><ele>564.9</ele><time>2026-07-29T09:03:24Z</time></trkpt><trkpt lat="45.656572" lon="25.58156"><ele>565.0</ele><time>2026-07-29T09:03:26Z</time></trkpt><trkpt lat="45.656492" lon="25.581607"><ele>565.0</ele><time>2026-07-29T09:03:28Z</time></trkpt><trkpt lat="45.656415" lon="25.58167"><ele>565.2</ele><time>2026-07-29T09:03:30Z</time></trkpt><trkpt lat="45.656338" lon="25.581732"><ele>565.4</ele><time>2026-07-29T09:03:32Z</time></trkpt><trkpt lat="45.65626" lon="25.581787"><ele>565.7</ele><time>2026-07-29T09:03:34Z</time></trkpt><trkpt lat="45.656187" lon="25.581843"><ele>565.8</ele><time>2026-07-29T09:03:36Z</time></trkpt><trkpt lat="45.656103" lon="25.581905"><ele>566.7</ele><time>2026-07-29T09:03:38Z</time></trkpt><trkpt lat="45.656033" lon="25.581942"><ele>566.8</ele><time>2026-07-29T09:03:40Z</time></trkpt><trkpt lat="45.655952" lon="25.582028"><ele>566.9</ele><time>2026-07-29T09:03:42Z</time></trkpt><trkpt lat="45.655872" lon="25.582075"><ele>567.0</ele><time>2026-07-29T09:03:44Z</time></trkpt><trkpt lat="45.655793" lon="25.582137"><ele>567.2</ele><time>2026-07-29T09:03:46Z</time></trkpt><trkpt lat="45.655718" lon="25.582198"><ele>567.4</ele><time>2026-07-29T09:03:48Z</time></trkpt><trkpt lat="45.655637" lon="25.582262"><ele>567.6</ele><time>2026-07-29T09:03:50Z</time></trkpt><trkpt lat="45.655558" lon="25.582327"><ele>567.7</ele><time>2026-07-29T09:03:52Z</time></trkpt><trkpt lat="45.65548" lon="25.582387"><ele>567.8</ele><time>2026-07-29T09:03:54Z</time></trkpt><trkpt lat="45.655412" lon="25.582437"><ele>568.0</ele><time>2026-07-29T09:03:56Z</time></trkpt><trkpt lat="45.655343" lon="25.582515"><ele>568.2</ele><time>2026-07-29T09:03:58Z</time></trkpt><trkpt lat="45.65527" lon="25.58257"><ele>568.4</ele><time>2026-07-29T09:04:00Z</time></trkpt><trkpt lat="45.65519" lon="25.58262"><ele>568.5</ele><time>2026-07-29T09:04:02Z</time></trkpt><trkpt lat="45.655112" lon="25.582677"><ele>568.6</ele><time>2026-07-29T09:04:04Z</time></trkpt><trkpt lat="45.655038" lon="25.582742"><ele>568.8</ele><time>2026-07-29T09:04:06Z</time></trkpt><trkpt lat="45.654977" lon="25.582807"><ele>568.9</ele><time>2026-07-29T09:04:08Z</time></trkpt><trkpt lat="45.654917" lon="25.582875"><ele>568.9</ele><time>2026-07-29T09:04:10Z</time></trkpt><trkpt lat="45.654842" lon="25.582935"><ele>569.0</ele><time>2026-07-29T09:04:12Z</time></trkpt><trkpt lat="45.654763" lon="25.582997"><ele>569.1</ele><time>2026-07-29T09:04:14Z</time></trkpt><trkpt lat="45.654675" lon="25.583047"><ele>569.4</ele><time>2026-07-29T09:04:16Z</time></trkpt><trkpt lat="45.6546" lon="25.58312"><ele>569.6</ele><time>2026-07-29T09:04:18Z</time></trkpt><trkpt lat="45.65452" lon="25.583172"><ele>569.7</ele><time>2026-07-29T09:04:20Z</time></trkpt><trkpt lat="45.654445" lon="25.583243"><ele>569.8</ele><time>2026-07-29T09:04:22Z</time></trkpt><trkpt lat="45.654368" lon="25.58329"><ele>570.0</ele><time>2026-07-29T09:04:24Z</time></trkpt><trkpt lat="45.6543" lon="25.583358"><ele>570.3</ele><time>2026-07-29T09:04:27Z</time></trkpt><trkpt lat="45.654223" lon="25.583427"><ele>570.6</ele><time>2026-07-29T09:04:30Z</time></trkpt><trkpt lat="45.654158" lon="25.583512"><ele>570.8</ele><time>2026-07-29T09:04:32Z</time></trkpt><trkpt lat="45.654082" lon="25.583533"><ele>570.9</ele><time>2026-07-29T09:04:33Z</time></trkpt><trkpt lat="45.654007" lon="25.583588"><ele>571.2</ele><time>2026-07-29T09:04:35Z</time></trkpt><trkpt lat="45.653925" lon="25.583655"><ele>571.3</ele><time>2026-07-29T09:04:37Z</time></trkpt><trkpt lat="45.653843" lon="25.583675"><ele>571.6</ele><time>2026-07-29T09:04:39Z</time></trkpt><trkpt lat="45.653748" lon="25.583622"><ele>571.8</ele><time>2026-07-29T09:04:41Z</time></trkpt><trkpt lat="45.653688" lon="25.583765"><ele>572.1</ele><time>2026-07-29T09:04:43Z</time></trkpt><trkpt lat="45.65361" lon="25.583828"><ele>572.2</ele><time>2026-07-29T09:04:45Z</time></trkpt><trkpt lat="45.653507" lon="25.5839"><ele>572.4</ele><time>2026-07-29T09:04:47Z</time></trkpt><trkpt lat="45.653433" lon="25.583963"><ele>572.5</ele><time>2026-07-29T09:04:49Z</time></trkpt><trkpt lat="45.653377" lon="25.584055"><ele>572.7</ele><time>2026-07-29T09:04:52Z</time></trkpt><trkpt lat="45.653315" lon="25.584107"><ele>572.8</ele><time>2026-07-29T09:04:54Z</time></trkpt><trkpt lat="45.65323" lon="25.584198"><ele>573.1</ele><time>2026-07-29T09:04:57Z</time></trkpt><trkpt lat="45.653182" lon="25.584277"><ele>573.3</ele><time>2026-07-29T09:04:59Z</time></trkpt><trkpt lat="45.652943" lon="25.584538"><ele>573.6</ele><time>2026-07-29T09:05:01Z</time></trkpt><trkpt lat="45.652883" lon="25.58461"><ele>573.8</ele><time>2026-07-29T09:05:03Z</time></trkpt><trkpt lat="45.652825" lon="25.58471"><ele>574.0</ele><time>2026-07-29T09:05:05Z</time></trkpt><trkpt lat="45.652753" lon="25.584793"><ele>574.2</ele><time>2026-07-29T09:05:07Z</time></trkpt><trkpt lat="45.652693" lon="25.584877"><ele>574.4</ele><time>2026-07-29T09:05:09Z</time></trkpt><trkpt lat="45.652615" lon="25.584947"><ele>574.5</ele><time>2026-07-29T09:05:11Z</time></trkpt><trkpt lat="45.652548" lon="25.585027"><ele>574.7</ele><time>2026-07-29T09:05:13Z</time></trkpt><trkpt lat="45.652487" lon="25.585108"><ele>574.9</ele><time>2026-07-29T09:05:15Z</time></trkpt><trkpt lat="45.652427" lon="25.585182"><ele>575.0</ele><time>2026-07-29T09:05:17Z</time></trkpt><trkpt lat="45.652367" lon="25.585247"><ele>575.1</ele><time>2026-07-29T09:05:19Z</time></trkpt><trkpt lat="45.6523" lon="25.585308"><ele>575.3</ele><time>2026-07-29T09:05:23Z</time></trkpt><trkpt lat="45.652243" lon="25.585372"><ele>575.5</ele><time>2026-07-29T09:05:27Z</time></trkpt><trkpt lat="45.652193" lon="25.585458"><ele>575.4</ele><time>2026-07-29T09:05:48Z</time></trkpt><trkpt lat="45.652123" lon="25.585538"><ele>575.8</ele><time>2026-07-29T09:05:53Z</time></trkpt><trkpt lat="45.652048" lon="25.585617"><ele>575.9</ele><time>2026-07-29T09:05:56Z</time></trkpt><trkpt lat="45.651963" lon="25.585703"><ele>576.2</ele><time>2026-07-29T09:05:59Z</time></trkpt><trkpt lat="45.651897" lon="25.585797"><ele>576.4</ele><time>2026-07-29T09:06:01Z</time></trkpt><trkpt lat="45.65181" lon="25.585873"><ele>576.7</ele><time>2026-07-29T09:06:04Z</time></trkpt><trkpt lat="45.651725" lon="25.585947"><ele>576.8</ele><time>2026-07-29T09:06:07Z</time></trkpt><trkpt lat="45.651673" lon="25.586043"><ele>576.9</ele><time>2026-07-29T09:06:09Z</time></trkpt><trkpt lat="45.6516" lon="25.586105"><ele>577.0</ele><time>2026-07-29T09:06:11Z</time></trkpt><trkpt lat="45.651527" lon="25.586173"><ele>577.1</ele><time>2026-07-29T09:06:13Z</time></trkpt><trkpt lat="45.651467" lon="25.586248"><ele>577.2</ele><time>2026-07-29T09:06:15Z</time></trkpt><trkpt lat="45.651403" lon="25.586328"><ele>577.4</ele><time>2026-07-29T09:06:17Z</time></trkpt><trkpt lat="45.651338" lon="25.586375"><ele>577.8</ele><time>2026-07-29T09:06:20Z</time></trkpt><trkpt lat="45.651275" lon="25.586453"><ele>578.0</ele><time>2026-07-29T09:06:23Z</time></trkpt><trkpt lat="45.651203" lon="25.586517"><ele>578.2</ele><time>2026-07-29T09:06:26Z</time></trkpt><trkpt lat="45.65114" lon="25.586588"><ele>578.4</ele><time>2026-07-29T09:06:29Z</time></trkpt><trkpt lat="45.651077" lon="25.58667"><ele>578.7</ele><time>2026-07-29T09:06:32Z</time></trkpt><trkpt lat="45.65072" lon="25.586907"><ele>579.0</ele><time>2026-07-29T09:06:35Z</time></trkpt><trkpt lat="45.650658" lon="25.58697"><ele>579.3</ele><time>2026-07-29T09:06:37Z</time></trkpt><trkpt lat="45.650585" lon="25.587032"><ele>579.4</ele><time>2026-07-29T09:06:39Z</time></trkpt><trkpt lat="45.6505" lon="25.587088"><ele>579.7</ele><time>2026-07-29T09:06:41Z</time></trkpt><trkpt lat="45.650428" lon="25.587142"><ele>579.8</ele><time>2026-07-29T09:06:43Z</time></trkpt><trkpt lat="45.650365" lon="25.587203"><ele>579.9</ele><time>2026-07-29T09:06:45Z</time></trkpt><trkpt lat="45.650293" lon="25.587267"><ele>580.1</ele><time>2026-07-29T09:06:47Z</time></trkpt><trkpt lat="45.650225" lon="25.587328"><ele>580.3</ele><time>2026-07-29T09:06:49Z</time></trkpt><trkpt lat="45.650122" lon="25.587407"><ele>580.5</ele><time>2026-07-29T09:06:52Z</time></trkpt><trkpt lat="45.650045" lon="25.587432"><ele>580.6</ele><time>2026-07-29T09:06:54Z</time></trkpt><trkpt lat="45.649975" lon="25.587528"><ele>580.8</ele><time>2026-07-29T09:06:56Z</time></trkpt><trkpt lat="45.649827" lon="25.587647"><ele>581.2</ele><time>2026-07-29T09:07:00Z</time></trkpt><trkpt lat="45.649742" lon="25.587693"><ele>581.4</ele><time>2026-07-29T09:07:02Z</time></trkpt><trkpt lat="45.649662" lon="25.587735"><ele>581.5</ele><time>2026-07-29T09:07:04Z</time></trkpt><trkpt lat="45.64959" lon="25.587795"><ele>581.7</ele><time>2026-07-29T09:07:06Z</time></trkpt><trkpt lat="45.649518" lon="25.58785"><ele>581.9</ele><time>2026-07-29T09:07:08Z</time></trkpt><trkpt lat="45.649448" lon="25.58791"><ele>582.0</ele><time>2026-07-29T09:07:10Z</time></trkpt><trkpt lat="45.649378" lon="25.587972"><ele>582.1</ele><time>2026-07-29T09:07:12Z</time></trkpt><trkpt lat="45.6493" lon="25.588025"><ele>582.2</ele><time>2026-07-29T09:07:14Z</time></trkpt><trkpt lat="45.649225" lon="25.588087"><ele>582.4</ele><time>2026-07-29T09:07:17Z</time></trkpt><trkpt lat="45.64916" lon="25.588158"><ele>582.5</ele><time>2026-07-29T09:07:18Z</time></trkpt><trkpt lat="45.649097" lon="25.588212"><ele>582.7</ele><time>2026-07-29T09:07:20Z</time></trkpt><trkpt lat="45.649027" lon="25.588283"><ele>582.7</ele><time>2026-07-29T09:07:22Z</time></trkpt><trkpt lat="45.648948" lon="25.588355"><ele>582.9</ele><time>2026-07-29T09:07:24Z</time></trkpt><trkpt lat="45.648872" lon="25.588415"><ele>583.1</ele><time>2026-07-29T09:07:26Z</time></trkpt><trkpt lat="45.648803" lon="25.588467"><ele>583.2</ele><time>2026-07-29T09:07:28Z</time></trkpt><trkpt lat="45.648705" lon="25.588522"><ele>583.2</ele><time>2026-07-29T09:07:30Z</time></trkpt><trkpt lat="45.64861" lon="25.588568"><ele>583.4</ele><time>2026-07-29T09:07:32Z</time></trkpt><trkpt lat="45.648527" lon="25.588598"><ele>583.7</ele><time>2026-07-29T09:07:34Z</time></trkpt><trkpt lat="45.64845" lon="25.588618"><ele>583.9</ele><time>2026-07-29T09:07:36Z</time></trkpt><trkpt lat="45.648367" lon="25.588653"><ele>584.1</ele><time>2026-07-29T09:07:38Z</time></trkpt><trkpt lat="45.648285" lon="25.588678"><ele>584.2</ele><time>2026-07-29T09:07:40Z</time></trkpt><trkpt lat="45.648163" lon="25.588692"><ele>584.6</ele><time>2026-07-29T09:07:43Z</time></trkpt><trkpt lat="45.64808" lon="25.588713"><ele>584.9</ele><time>2026-07-29T09:07:45Z</time></trkpt><trkpt lat="45.647988" lon="25.588748"><ele>585.0</ele><time>2026-07-29T09:07:47Z</time></trkpt><trkpt lat="45.647888" lon="25.588788"><ele>585.1</ele><time>2026-07-29T09:07:49Z</time></trkpt><trkpt lat="45.647815" lon="25.588778"><ele>585.2</ele><time>2026-07-29T09:07:50Z</time></trkpt><trkpt lat="45.647723" lon="25.588843"><ele>585.4</ele><time>2026-07-29T09:07:53Z</time></trkpt><trkpt lat="45.647648" lon="25.58888"><ele>585.5</ele><time>2026-07-29T09:07:55Z</time></trkpt><trkpt lat="45.64757" lon="25.588913"><ele>585.7</ele><time>2026-07-29T09:07:57Z</time></trkpt><trkpt lat="45.647488" lon="25.588945"><ele>585.9</ele><time>2026-07-29T09:07:59Z</time></trkpt><trkpt lat="45.647407" lon="25.58899"><ele>586.1</ele><time>2026-07-29T09:08:01Z</time></trkpt><trkpt lat="45.647333" lon="25.589028"><ele>586.2</ele><time>2026-07-29T09:08:03Z</time></trkpt><trkpt lat="45.647258" lon="25.589067"><ele>586.3</ele><time>2026-07-29T09:08:06Z</time></trkpt><trkpt lat="45.647185" lon="25.589088"><ele>586.4</ele><time>2026-07-29T09:08:09Z</time></trkpt><trkpt lat="45.647107" lon="25.5891"><ele>586.7</ele><time>2026-07-29T09:08:28Z</time></trkpt><trkpt lat="45.647028" lon="25.58906"><ele>587.0</ele><time>2026-07-29T09:08:33Z</time></trkpt><trkpt lat="45.64695" lon="25.589005"><ele>587.3</ele><time>2026-07-29T09:08:36Z</time></trkpt><trkpt lat="45.64691" lon="25.588912"><ele>587.8</ele><time>2026-07-29T09:08:39Z</time></trkpt><trkpt lat="45.646848" lon="25.58883"><ele>588.1</ele><time>2026-07-29T09:08:42Z</time></trkpt><trkpt lat="45.646808" lon="25.588742"><ele>588.6</ele><time>2026-07-29T09:08:45Z</time></trkpt><trkpt lat="45.646732" lon="25.588675"><ele>589.1</ele><time>2026-07-29T09:08:48Z</time></trkpt><trkpt lat="45.646677" lon="25.58859"><ele>589.6</ele><time>2026-07-29T09:08:51Z</time></trkpt><trkpt lat="45.646612" lon="25.588522"><ele>590.0</ele><time>2026-07-29T09:08:53Z</time></trkpt><trkpt lat="45.646545" lon="25.588435"><ele>590.4</ele><time>2026-07-29T09:08:56Z</time></trkpt><trkpt lat="45.646477" lon="25.588372"><ele>590.9</ele><time>2026-07-29T09:09:00Z</time></trkpt><trkpt lat="45.646413" lon="25.588297"><ele>591.4</ele><time>2026-07-29T09:09:03Z</time></trkpt><trkpt lat="45.646342" lon="25.58822"><ele>591.8</ele><time>2026-07-29T09:09:06Z</time></trkpt><trkpt lat="45.646282" lon="25.588115"><ele>592.2</ele><time>2026-07-29T09:09:10Z</time></trkpt><trkpt lat="45.646223" lon="25.588002"><ele>592.5</ele><time>2026-07-29T09:09:14Z</time></trkpt><trkpt lat="45.646158" lon="25.587922"><ele>592.6</ele><time>2026-07-29T09:09:16Z</time></trkpt><trkpt lat="45.646115" lon="25.587825"><ele>592.7</ele><time>2026-07-29T09:09:20Z</time></trkpt><trkpt lat="45.646073" lon="25.587672"><ele>593.0</ele><time>2026-07-29T09:09:25Z</time></trkpt><trkpt lat="45.646105" lon="25.587555"><ele>593.6</ele><time>2026-07-29T09:09:29Z</time></trkpt><trkpt lat="45.646155" lon="25.58746"><ele>593.9</ele><time>2026-07-29T09:09:39Z</time></trkpt><trkpt lat="45.646155" lon="25.587353"><ele>575.7</ele><time>2026-07-29T09:25:26Z</time></trkpt><trkpt lat="45.6462" lon="25.587273"><ele>576.2</ele><time>2026-07-29T09:25:32Z</time></trkpt><trkpt lat="45.646258" lon="25.587205"><ele>576.6</ele><time>2026-07-29T09:25:36Z</time></trkpt><trkpt lat="45.646317" lon="25.587108"><ele>577.3</ele><time>2026-07-29T09:25:42Z</time></trkpt><trkpt lat="45.646367" lon="25.58703"><ele>578.0</ele><time>2026-07-29T09:25:50Z</time></trkpt><trkpt lat="45.646418" lon="25.586943"><ele>578.3</ele><time>2026-07-29T09:26:24Z</time></trkpt><trkpt lat="45.646465" lon="25.586848"><ele>579.0</ele><time>2026-07-29T09:26:29Z</time></trkpt><trkpt lat="45.646527" lon="25.58677"><ele>579.8</ele><time>2026-07-29T09:26:34Z</time></trkpt><trkpt lat="45.646578" lon="25.58668"><ele>580.4</ele><time>2026-07-29T09:26:39Z</time></trkpt><trkpt lat="45.646627" lon="25.586603"><ele>581.0</ele><time>2026-07-29T09:26:43Z</time></trkpt><trkpt lat="45.646675" lon="25.586512"><ele>581.6</ele><time>2026-07-29T09:26:47Z</time></trkpt><trkpt lat="45.646713" lon="25.586418"><ele>582.3</ele><time>2026-07-29T09:26:51Z</time></trkpt><trkpt lat="45.646763" lon="25.586308"><ele>583.0</ele><time>2026-07-29T09:26:55Z</time></trkpt><trkpt lat="45.646808" lon="25.586192"><ele>583.8</ele><time>2026-07-29T09:27:00Z</time></trkpt><trkpt lat="45.646857" lon="25.586077"><ele>584.6</ele><time>2026-07-29T09:27:04Z</time></trkpt><trkpt lat="45.646893" lon="25.585988"><ele>585.1</ele><time>2026-07-29T09:27:07Z</time></trkpt><trkpt lat="45.64695" lon="25.585907"><ele>585.6</ele><time>2026-07-29T09:27:10Z</time></trkpt><trkpt lat="45.646985" lon="25.585805"><ele>586.2</ele><time>2026-07-29T09:27:14Z</time></trkpt><trkpt lat="45.647025" lon="25.585715"><ele>587.2</ele><time>2026-07-29T09:27:18Z</time></trkpt><trkpt lat="45.647077" lon="25.585637"><ele>587.8</ele><time>2026-07-29T09:27:22Z</time></trkpt><trkpt lat="45.647122" lon="25.585545"><ele>588.3</ele><time>2026-07-29T09:27:25Z</time></trkpt><trkpt lat="45.647173" lon="25.585458"><ele>589.1</ele><time>2026-07-29T09:27:29Z</time></trkpt><trkpt lat="45.647227" lon="25.585358"><ele>589.6</ele><time>2026-07-29T09:27:33Z</time></trkpt><trkpt lat="45.647277" lon="25.58526"><ele>590.2</ele><time>2026-07-29T09:27:38Z</time></trkpt><trkpt lat="45.647325" lon="25.585175"><ele>590.7</ele><time>2026-07-29T09:27:42Z</time></trkpt><trkpt lat="45.647365" lon="25.585072"><ele>591.2</ele><time>2026-07-29T09:27:46Z</time></trkpt><trkpt lat="45.647408" lon="25.584973"><ele>591.6</ele><time>2026-07-29T09:27:50Z</time></trkpt><trkpt lat="45.647458" lon="25.584895"><ele>592.0</ele><time>2026-07-29T09:27:53Z</time></trkpt><trkpt lat="45.647515" lon="25.584803"><ele>592.6</ele><time>2026-07-29T09:27:57Z</time></trkpt><trkpt lat="45.647563" lon="25.584715"><ele>592.8</ele><time>2026-07-29T09:28:00Z</time></trkpt><trkpt lat="45.647618" lon="25.584605"><ele>593.3</ele><time>2026-07-29T09:28:04Z</time></trkpt><trkpt lat="45.647682" lon="25.584503"><ele>593.7</ele><time>2026-07-29T09:28:08Z</time></trkpt><trkpt lat="45.647723" lon="25.584413"><ele>593.8</ele><time>2026-07-29T09:28:11Z</time></trkpt><trkpt lat="45.647773" lon="25.584322"><ele>594.1</ele><time>2026-07-29T09:28:14Z</time></trkpt><trkpt lat="45.647825" lon="25.584237"><ele>594.2</ele><time>2026-07-29T09:28:17Z</time></trkpt><trkpt lat="45.647883" lon="25.584128"><ele>594.6</ele><time>2026-07-29T09:28:21Z</time></trkpt><trkpt lat="45.647932" lon="25.584037"><ele>594.9</ele><time>2026-07-29T09:28:24Z</time></trkpt><trkpt lat="45.64798" lon="25.583923"><ele>595.2</ele><time>2026-07-29T09:28:28Z</time></trkpt><trkpt lat="45.64803" lon="25.583807"><ele>595.6</ele><time>2026-07-29T09:28:32Z</time></trkpt><trkpt lat="45.648062" lon="25.583713"><ele>595.9</ele><time>2026-07-29T09:28:35Z</time></trkpt><trkpt lat="45.648103" lon="25.583592"><ele>596.3</ele><time>2026-07-29T09:28:39Z</time></trkpt><trkpt lat="45.648128" lon="25.583492"><ele>596.4</ele><time>2026-07-29T09:28:42Z</time></trkpt><trkpt lat="45.648147" lon="25.583365"><ele>596.7</ele><time>2026-07-29T09:28:46Z</time></trkpt><trkpt lat="45.648137" lon="25.583257"><ele>596.9</ele><time>2026-07-29T09:28:49Z</time></trkpt><trkpt lat="45.648117" lon="25.58314"><ele>597.2</ele><time>2026-07-29T09:28:53Z</time></trkpt><trkpt lat="45.648098" lon="25.583038"><ele>597.4</ele><time>2026-07-29T09:28:56Z</time></trkpt><trkpt lat="45.648058" lon="25.582927"><ele>597.5</ele><time>2026-07-29T09:29:00Z</time></trkpt><trkpt lat="45.647987" lon="25.582838"><ele>598.1</ele><time>2026-07-29T09:29:04Z</time></trkpt><trkpt lat="45.647933" lon="25.582768"><ele>598.6</ele><time>2026-07-29T09:29:08Z</time></trkpt><trkpt lat="45.647858" lon="25.582723"><ele>599.2</ele><time>2026-07-29T09:29:13Z</time></trkpt><trkpt lat="45.64778" lon="25.582705"><ele>599.6</ele><time>2026-07-29T09:29:17Z</time></trkpt><trkpt lat="45.647692" lon="25.582718"><ele>600.0</ele><time>2026-07-29T09:29:21Z</time></trkpt><trkpt lat="45.647605" lon="25.582748"><ele>600.5</ele><time>2026-07-29T09:29:25Z</time></trkpt><trkpt lat="45.647525" lon="25.582763"><ele>600.9</ele><time>2026-07-29T09:29:28Z</time></trkpt><trkpt lat="45.647452" lon="25.582802"><ele>601.3</ele><time>2026-07-29T09:29:31Z</time></trkpt><trkpt lat="45.647377" lon="25.582828"><ele>601.7</ele><time>2026-07-29T09:29:35Z</time></trkpt><trkpt lat="45.64734" lon="25.58293"><ele>602.2</ele><time>2026-07-29T09:29:39Z</time></trkpt><trkpt lat="45.647318" lon="25.583048"><ele>602.8</ele><time>2026-07-29T09:29:43Z</time></trkpt><trkpt lat="45.647282" lon="25.583165"><ele>603.3</ele><time>2026-07-29T09:29:47Z</time></trkpt><trkpt lat="45.647232" lon="25.583285"><ele>603.7</ele><time>2026-07-29T09:29:51Z</time></trkpt><trkpt lat="45.647155" lon="25.583382"><ele>604.2</ele><time>2026-07-29T09:29:54Z</time></trkpt><trkpt lat="45.647093" lon="25.583457"><ele>604.6</ele><time>2026-07-29T09:29:57Z</time></trkpt><trkpt lat="45.647025" lon="25.583545"><ele>605.1</ele><time>2026-07-29T09:30:01Z</time></trkpt><trkpt lat="45.646952" lon="25.583592"><ele>605.8</ele><time>2026-07-29T09:30:06Z</time></trkpt><trkpt lat="45.646872" lon="25.583665"><ele>606.4</ele><time>2026-07-29T09:30:11Z</time></trkpt><trkpt lat="45.646822" lon="25.583742"><ele>607.2</ele><time>2026-07-29T09:30:16Z</time></trkpt><trkpt lat="45.646777" lon="25.58384"><ele>607.7</ele><time>2026-07-29T09:30:22Z</time></trkpt><trkpt lat="45.64672" lon="25.583932"><ele>608.0</ele><time>2026-07-29T09:30:27Z</time></trkpt><trkpt lat="45.646668" lon="25.584018"><ele>608.6</ele><time>2026-07-29T09:30:32Z</time></trkpt><trkpt lat="45.646615" lon="25.58411"><ele>609.0</ele><time>2026-07-29T09:30:37Z</time></trkpt><trkpt lat="45.646553" lon="25.584182"><ele>609.5</ele><time>2026-07-29T09:30:42Z</time></trkpt><trkpt lat="45.646482" lon="25.584258"><ele>610.0</ele><time>2026-07-29T09:30:46Z</time></trkpt><trkpt lat="45.646433" lon="25.584335"><ele>610.5</ele><time>2026-07-29T09:30:51Z</time></trkpt><trkpt lat="45.646372" lon="25.5844"><ele>610.9</ele><time>2026-07-29T09:30:55Z</time></trkpt><trkpt lat="45.646292" lon="25.584478"><ele>611.2</ele><time>2026-07-29T09:30:59Z</time></trkpt><trkpt lat="45.646223" lon="25.58456"><ele>611.5</ele><time>2026-07-29T09:31:04Z</time></trkpt><trkpt lat="45.646157" lon="25.584668"><ele>611.9</ele><time>2026-07-29T09:31:10Z</time></trkpt><trkpt lat="45.646103" lon="25.584755"><ele>612.0</ele><time>2026-07-29T09:31:14Z</time></trkpt><trkpt lat="45.646025" lon="25.584818"><ele>612.1</ele><time>2026-07-29T09:31:19Z</time></trkpt><trkpt lat="45.645953" lon="25.584867"><ele>612.2</ele><time>2026-07-29T09:31:23Z</time></trkpt><trkpt lat="45.645877" lon="25.584932"><ele>612.5</ele><time>2026-07-29T09:31:28Z</time></trkpt><trkpt lat="45.64581" lon="25.58498"><ele>612.5</ele><time>2026-07-29T09:31:31Z</time></trkpt><trkpt lat="45.645748" lon="25.58504"><ele>612.4</ele><time>2026-07-29T09:31:35Z</time></trkpt><trkpt lat="45.64566" lon="25.58507"><ele>612.5</ele><time>2026-07-29T09:31:39Z</time></trkpt><trkpt lat="45.645592" lon="25.585108"><ele>613.0</ele><time>2026-07-29T09:31:45Z</time></trkpt><trkpt lat="45.645512" lon="25.585135"><ele>613.4</ele><time>2026-07-29T09:31:48Z</time></trkpt><trkpt lat="45.645442" lon="25.585168"><ele>613.9</ele><time>2026-07-29T09:31:53Z</time></trkpt><trkpt lat="45.645365" lon="25.585223"><ele>614.3</ele><time>2026-07-29T09:32:02Z</time></trkpt><trkpt lat="45.645287" lon="25.585258"><ele>614.9</ele><time>2026-07-29T09:32:07Z</time></trkpt><trkpt lat="45.645208" lon="25.585285"><ele>615.4</ele><time>2026-07-29T09:32:11Z</time></trkpt><trkpt lat="45.645133" lon="25.585328"><ele>615.9</ele><time>2026-07-29T09:32:15Z</time></trkpt><trkpt lat="45.645068" lon="25.585377"><ele>616.7</ele><time>2026-07-29T09:32:20Z</time></trkpt><trkpt lat="45.644998" lon="25.58545"><ele>617.6</ele><time>2026-07-29T09:32:25Z</time></trkpt><trkpt lat="45.644922" lon="25.585488"><ele>618.0</ele><time>2026-07-29T09:32:29Z</time></trkpt><trkpt lat="45.644842" lon="25.585503"><ele>618.7</ele><time>2026-07-29T09:32:34Z</time></trkpt><trkpt lat="45.644768" lon="25.585548"><ele>619.4</ele><time>2026-07-29T09:32:39Z</time></trkpt><trkpt lat="45.644683" lon="25.585593"><ele>620.1</ele><time>2026-07-29T09:32:45Z</time></trkpt><trkpt lat="45.644608" lon="25.585635"><ele>620.8</ele><time>2026-07-29T09:32:49Z</time></trkpt><trkpt lat="45.644533" lon="25.585652"><ele>641.3</ele><time>2026-07-29T09:33:42Z</time></trkpt><trkpt lat="45.644472" lon="25.585715"><ele>642.0</ele><time>2026-07-29T09:37:53Z</time></trkpt><trkpt lat="45.644388" lon="25.585747"><ele>642.6</ele><time>2026-07-29T09:38:50Z</time></trkpt><trkpt lat="45.644317" lon="25.58578"><ele>643.3</ele><time>2026-07-29T09:38:56Z</time></trkpt><trkpt lat="45.644248" lon="25.585832"><ele>644.0</ele><time>2026-07-29T09:39:03Z</time></trkpt><trkpt lat="45.644175" lon="25.58588"><ele>644.6</ele><time>2026-07-29T09:39:09Z</time></trkpt><trkpt lat="45.64409" lon="25.585923"><ele>645.0</ele><time>2026-07-29T09:39:16Z</time></trkpt><trkpt lat="45.644017" lon="25.58596"><ele>645.4</ele><time>2026-07-29T09:39:21Z</time></trkpt><trkpt lat="45.643945" lon="25.586013"><ele>646.1</ele><time>2026-07-29T09:39:29Z</time></trkpt><trkpt lat="45.643873" lon="25.586072"><ele>646.7</ele><time>2026-07-29T09:39:37Z</time></trkpt><trkpt lat="45.643788" lon="25.58611"><ele>647.2</ele><time>2026-07-29T09:39:43Z</time></trkpt><trkpt lat="45.643708" lon="25.586142"><ele>647.6</ele><time>2026-07-29T09:39:48Z</time></trkpt><trkpt lat="45.643627" lon="25.586173"><ele>648.3</ele><time>2026-07-29T09:39:55Z</time></trkpt><trkpt lat="45.643543" lon="25.58619"><ele>648.7</ele><time>2026-07-29T09:40:01Z</time></trkpt><trkpt lat="45.643468" lon="25.586203"><ele>649.3</ele><time>2026-07-29T09:40:07Z</time></trkpt><trkpt lat="45.643388" lon="25.586213"><ele>650.2</ele><time>2026-07-29T09:40:17Z</time></trkpt><trkpt lat="45.643317" lon="25.586208"><ele>650.8</ele><time>2026-07-29T09:40:23Z</time></trkpt><trkpt lat="45.643242" lon="25.586198"><ele>651.2</ele><time>2026-07-29T09:40:27Z</time></trkpt><trkpt lat="45.643172" lon="25.586158"><ele>651.7</ele><time>2026-07-29T09:40:33Z</time></trkpt><trkpt lat="45.643115" lon="25.586092"><ele>652.1</ele><time>2026-07-29T09:40:38Z</time></trkpt><trkpt lat="45.643072" lon="25.585997"><ele>652.7</ele><time>2026-07-29T09:40:44Z</time></trkpt><trkpt lat="45.64303" lon="25.585897"><ele>653.3</ele><time>2026-07-29T09:40:50Z</time></trkpt><trkpt lat="45.643007" lon="25.585795"><ele>653.8</ele><time>2026-07-29T09:40:56Z</time></trkpt><trkpt lat="45.642983" lon="25.585672"><ele>654.4</ele><time>2026-07-29T09:41:02Z</time></trkpt><trkpt lat="45.642988" lon="25.585567"><ele>655.1</ele><time>2026-07-29T09:41:07Z</time></trkpt><trkpt lat="45.642995" lon="25.58546"><ele>655.8</ele><time>2026-07-29T09:41:14Z</time></trkpt><trkpt lat="45.643005" lon="25.58535"><ele>656.2</ele><time>2026-07-29T09:41:21Z</time></trkpt><trkpt lat="45.643023" lon="25.585242"><ele>656.6</ele><time>2026-07-29T09:41:27Z</time></trkpt><trkpt lat="45.643045" lon="25.585132"><ele>657.2</ele><time>2026-07-29T09:41:33Z</time></trkpt><trkpt lat="45.64305" lon="25.585017"><ele>657.8</ele><time>2026-07-29T09:41:39Z</time></trkpt><trkpt lat="45.64306" lon="25.584903"><ele>658.3</ele><time>2026-07-29T09:41:45Z</time></trkpt><trkpt lat="45.64306" lon="25.584797"><ele>659.0</ele><time>2026-07-29T09:41:53Z</time></trkpt><trkpt lat="45.643052" lon="25.584687"><ele>659.4</ele><time>2026-07-29T09:42:01Z</time></trkpt><trkpt lat="45.643008" lon="25.5846"><ele>660.0</ele><time>2026-07-29T09:42:07Z</time></trkpt><trkpt lat="45.642998" lon="25.584493"><ele>660.4</ele><time>2026-07-29T09:42:12Z</time></trkpt><trkpt lat="45.642968" lon="25.584398"><ele>660.8</ele><time>2026-07-29T09:42:19Z</time></trkpt><trkpt lat="45.64291" lon="25.584318"><ele>661.3</ele><time>2026-07-29T09:42:26Z</time></trkpt><trkpt lat="45.642843" lon="25.58426"><ele>661.8</ele><time>2026-07-29T09:42:32Z</time></trkpt><trkpt lat="45.642757" lon="25.584245"><ele>662.1</ele><time>2026-07-29T09:42:37Z</time></trkpt><trkpt lat="45.642675" lon="25.584255"><ele>662.5</ele><time>2026-07-29T09:42:41Z</time></trkpt><trkpt lat="45.642587" lon="25.584265"><ele>662.9</ele><time>2026-07-29T09:42:46Z</time></trkpt><trkpt lat="45.642512" lon="25.584273"><ele>663.2</ele><time>2026-07-29T09:42:50Z</time></trkpt><trkpt lat="45.642433" lon="25.584295"><ele>663.6</ele><time>2026-07-29T09:42:55Z</time></trkpt><trkpt lat="45.64236" lon="25.584312"><ele>663.9</ele><time>2026-07-29T09:42:59Z</time></trkpt><trkpt lat="45.642282" lon="25.584348"><ele>664.3</ele><time>2026-07-29T09:43:04Z</time></trkpt><trkpt lat="45.642205" lon="25.584407"><ele>664.6</ele><time>2026-07-29T09:43:10Z</time></trkpt><trkpt lat="45.642133" lon="25.584442"><ele>664.9</ele><time>2026-07-29T09:43:15Z</time></trkpt><trkpt lat="45.642055" lon="25.584412"><ele>665.6</ele><time>2026-07-29T09:43:22Z</time></trkpt><trkpt lat="45.642042" lon="25.584312"><ele>666.2</ele><time>2026-07-29T09:43:29Z</time></trkpt><trkpt lat="45.642102" lon="25.584223"><ele>666.8</ele><time>2026-07-29T09:43:36Z</time></trkpt><trkpt lat="45.64216" lon="25.584157"><ele>667.5</ele><time>2026-07-29T09:43:46Z</time></trkpt><trkpt lat="45.642223" lon="25.584072"><ele>667.7</ele><time>2026-07-29T09:44:14Z</time></trkpt><trkpt lat="45.64229" lon="25.583997"><ele>668.2</ele><time>2026-07-29T09:44:19Z</time></trkpt><trkpt lat="45.642363" lon="25.58396"><ele>668.9</ele><time>2026-07-29T09:44:24Z</time></trkpt><trkpt lat="45.642415" lon="25.583885"><ele>669.7</ele><time>2026-07-29T09:44:31Z</time></trkpt><trkpt lat="45.642417" lon="25.583782"><ele>670.6</ele><time>2026-07-29T09:45:37Z</time></trkpt><trkpt lat="45.642487" lon="25.583817"><ele>670.3</ele><time>2026-07-29T09:46:11Z</time></trkpt><trkpt lat="45.642538" lon="25.583737"><ele>669.1</ele><time>2026-07-29T09:55:41Z</time></trkpt><trkpt lat="45.642592" lon="25.583667"><ele>669.6</ele><time>2026-07-29T09:55:44Z</time></trkpt><trkpt lat="45.642652" lon="25.583588"><ele>670.1</ele><time>2026-07-29T09:55:47Z</time></trkpt><trkpt lat="45.642697" lon="25.583507"><ele>670.8</ele><time>2026-07-29T09:55:50Z</time></trkpt><trkpt lat="45.64275" lon="25.583428"><ele>671.5</ele><time>2026-07-29T09:55:53Z</time></trkpt><trkpt lat="45.642815" lon="25.583358"><ele>671.9</ele><time>2026-07-29T09:55:56Z</time></trkpt><trkpt lat="45.642862" lon="25.583277"><ele>672.4</ele><time>2026-07-29T09:55:59Z</time></trkpt><trkpt lat="45.642922" lon="25.58319"><ele>673.0</ele><time>2026-07-29T09:56:02Z</time></trkpt><trkpt lat="45.64297" lon="25.583102"><ele>673.8</ele><time>2026-07-29T09:56:05Z</time></trkpt><trkpt lat="45.643015" lon="25.583013"><ele>674.4</ele><time>2026-07-29T09:56:08Z</time></trkpt><trkpt lat="45.643078" lon="25.582922"><ele>675.1</ele><time>2026-07-29T09:56:12Z</time></trkpt><trkpt lat="45.643138" lon="25.58283"><ele>676.0</ele><time>2026-07-29T09:56:16Z</time></trkpt><trkpt lat="45.643192" lon="25.582723"><ele>676.9</ele><time>2026-07-29T09:56:20Z</time></trkpt><trkpt lat="45.643247" lon="25.582642"><ele>677.6</ele><time>2026-07-29T09:56:23Z</time></trkpt><trkpt lat="45.643303" lon="25.582567"><ele>678.3</ele><time>2026-07-29T09:56:26Z</time></trkpt><trkpt lat="45.643355" lon="25.582495"><ele>678.9</ele><time>2026-07-29T09:56:29Z</time></trkpt><trkpt lat="45.643422" lon="25.582402"><ele>679.8</ele><time>2026-07-29T09:56:33Z</time></trkpt><trkpt lat="45.643483" lon="25.58233"><ele>680.5</ele><time>2026-07-29T09:56:36Z</time></trkpt><trkpt lat="45.64353" lon="25.582238"><ele>681.2</ele><time>2026-07-29T09:56:39Z</time></trkpt><trkpt lat="45.643592" lon="25.58214"><ele>682.0</ele><time>2026-07-29T09:56:43Z</time></trkpt><trkpt lat="45.643632" lon="25.582052"><ele>682.6</ele><time>2026-07-29T09:56:46Z</time></trkpt><trkpt lat="45.643688" lon="25.581972"><ele>683.1</ele><time>2026-07-29T09:56:49Z</time></trkpt><trkpt lat="45.643758" lon="25.581858"><ele>683.7</ele><time>2026-07-29T09:56:52Z</time></trkpt><trkpt lat="45.643833" lon="25.581758"><ele>684.3</ele><time>2026-07-29T09:56:55Z</time></trkpt><trkpt lat="45.64389" lon="25.581678"><ele>684.7</ele><time>2026-07-29T09:56:57Z</time></trkpt><trkpt lat="45.643952" lon="25.58157"><ele>685.5</ele><time>2026-07-29T09:57:00Z</time></trkpt><trkpt lat="45.644012" lon="25.581477"><ele>686.2</ele><time>2026-07-29T09:57:03Z</time></trkpt><trkpt lat="45.644068" lon="25.581397"><ele>686.7</ele><time>2026-07-29T09:57:06Z</time></trkpt><trkpt lat="45.644122" lon="25.581315"><ele>687.4</ele><time>2026-07-29T09:57:09Z</time></trkpt><trkpt lat="45.644177" lon="25.581227"><ele>688.2</ele><time>2026-07-29T09:57:12Z</time></trkpt><trkpt lat="45.644223" lon="25.581142"><ele>688.9</ele><time>2026-07-29T09:57:15Z</time></trkpt><trkpt lat="45.64428" lon="25.581057"><ele>689.6</ele><time>2026-07-29T09:57:18Z</time></trkpt><trkpt lat="45.644335" lon="25.58097"><ele>690.3</ele><time>2026-07-29T09:57:21Z</time></trkpt><trkpt lat="45.644392" lon="25.580893"><ele>690.8</ele><time>2026-07-29T09:57:24Z</time></trkpt><trkpt lat="45.64445" lon="25.580817"><ele>691.6</ele><time>2026-07-29T09:57:27Z</time></trkpt><trkpt lat="45.644502" lon="25.58073"><ele>692.2</ele><time>2026-07-29T09:57:30Z</time></trkpt><trkpt lat="45.644558" lon="25.580652"><ele>692.9</ele><time>2026-07-29T09:57:33Z</time></trkpt><trkpt lat="45.64463" lon="25.58057"><ele>693.8</ele><time>2026-07-29T09:57:37Z</time></trkpt><trkpt lat="45.644697" lon="25.580495"><ele>694.5</ele><time>2026-07-29T09:57:41Z</time></trkpt><trkpt lat="45.64478" lon="25.580433"><ele>695.5</ele><time>2026-07-29T09:57:45Z</time></trkpt><trkpt lat="45.644863" lon="25.58038"><ele>696.5</ele><time>2026-07-29T09:57:49Z</time></trkpt><trkpt lat="45.644937" lon="25.580353"><ele>697.3</ele><time>2026-07-29T09:57:52Z</time></trkpt><trkpt lat="45.645025" lon="25.580315"><ele>698.3</ele><time>2026-07-29T09:57:56Z</time></trkpt><trkpt lat="45.645097" lon="25.580303"><ele>698.9</ele><time>2026-07-29T09:57:59Z</time></trkpt><trkpt lat="45.645185" lon="25.580332"><ele>699.6</ele><time>2026-07-29T09:58:02Z</time></trkpt><trkpt lat="45.645265" lon="25.580342"><ele>700.3</ele><time>2026-07-29T09:58:05Z</time></trkpt><trkpt lat="45.645343" lon="25.580332"><ele>701.0</ele><time>2026-07-29T09:58:08Z</time></trkpt><trkpt lat="45.64542" lon="25.58032"><ele>701.6</ele><time>2026-07-29T09:58:11Z</time></trkpt><trkpt lat="45.645498" lon="25.580295"><ele>702.0</ele><time>2026-07-29T09:58:14Z</time></trkpt><trkpt lat="45.645575" lon="25.580272"><ele>702.6</ele><time>2026-07-29T09:58:17Z</time></trkpt><trkpt lat="45.645652" lon="25.580233"><ele>703.2</ele><time>2026-07-29T09:58:20Z</time></trkpt><trkpt lat="45.645715" lon="25.580182"><ele>703.7</ele><time>2026-07-29T09:58:23Z</time></trkpt><trkpt lat="45.64578" lon="25.580118"><ele>704.3</ele><time>2026-07-29T09:58:26Z</time></trkpt><trkpt lat="45.645837" lon="25.580037"><ele>704.8</ele><time>2026-07-29T09:58:29Z</time></trkpt><trkpt lat="45.645883" lon="25.579945"><ele>705.1</ele><time>2026-07-29T09:58:32Z</time></trkpt><trkpt lat="45.645923" lon="25.57984"><ele>705.6</ele><time>2026-07-29T09:58:35Z</time></trkpt><trkpt lat="45.645947" lon="25.579722"><ele>706.1</ele><time>2026-07-29T09:58:38Z</time></trkpt><trkpt lat="45.645957" lon="25.5796"><ele>706.7</ele><time>2026-07-29T09:58:41Z</time></trkpt><trkpt lat="45.645963" lon="25.579477"><ele>707.5</ele><time>2026-07-29T09:58:44Z</time></trkpt><trkpt lat="45.645958" lon="25.579352"><ele>708.1</ele><time>2026-07-29T09:58:47Z</time></trkpt><trkpt lat="45.645945" lon="25.579233"><ele>708.4</ele><time>2026-07-29T09:58:50Z</time></trkpt><trkpt lat="45.645942" lon="25.579118"><ele>708.8</ele><time>2026-07-29T09:58:53Z</time></trkpt><trkpt lat="45.645912" lon="25.579007"><ele>709.3</ele><time>2026-07-29T09:58:56Z</time></trkpt><trkpt lat="45.645887" lon="25.578903"><ele>710.0</ele><time>2026-07-29T09:58:59Z</time></trkpt><trkpt lat="45.645872" lon="25.578792"><ele>710.5</ele><time>2026-07-29T09:59:02Z</time></trkpt><trkpt lat="45.645855" lon="25.578688"><ele>711.2</ele><time>2026-07-29T09:59:05Z</time></trkpt><trkpt lat="45.645848" lon="25.578585"><ele>711.6</ele><time>2026-07-29T09:59:08Z</time></trkpt><trkpt lat="45.645852" lon="25.578448"><ele>712.3</ele><time>2026-07-29T09:59:12Z</time></trkpt><trkpt lat="45.645863" lon="25.578335"><ele>712.8</ele><time>2026-07-29T09:59:15Z</time></trkpt><trkpt lat="45.64588" lon="25.578223"><ele>713.4</ele><time>2026-07-29T09:59:18Z</time></trkpt><trkpt lat="45.645902" lon="25.578115"><ele>714.0</ele><time>2026-07-29T09:59:21Z</time></trkpt><trkpt lat="45.645922" lon="25.578012"><ele>714.4</ele><time>2026-07-29T09:59:24Z</time></trkpt><trkpt lat="45.645937" lon="25.577907"><ele>715.1</ele><time>2026-07-29T09:59:27Z</time></trkpt><trkpt lat="45.645973" lon="25.577812"><ele>715.8</ele><time>2026-07-29T09:59:30Z</time></trkpt><trkpt lat="45.646005" lon="25.577712"><ele>716.5</ele><time>2026-07-29T09:59:33Z</time></trkpt><trkpt lat="45.646035" lon="25.577608"><ele>717.1</ele><time>2026-07-29T09:59:36Z</time></trkpt><trkpt lat="45.646067" lon="25.5775"><ele>717.6</ele><time>2026-07-29T09:59:39Z</time></trkpt><trkpt lat="45.646113" lon="25.577405"><ele>718.1</ele><time>2026-07-29T09:59:42Z</time></trkpt><trkpt lat="45.646152" lon="25.577292"><ele>718.8</ele><time>2026-07-29T09:59:45Z</time></trkpt><trkpt lat="45.646183" lon="25.57717"><ele>719.3</ele><time>2026-07-29T09:59:48Z</time></trkpt><trkpt lat="45.646212" lon="25.577052"><ele>719.6</ele><time>2026-07-29T09:59:51Z</time></trkpt><trkpt lat="45.646248" lon="25.576928"><ele>719.9</ele><time>2026-07-29T09:59:54Z</time></trkpt><trkpt lat="45.646265" lon="25.576785"><ele>720.1</ele><time>2026-07-29T09:59:56Z</time></trkpt><trkpt lat="45.646272" lon="25.576647"><ele>720.1</ele><time>2026-07-29T09:59:59Z</time></trkpt><trkpt lat="45.646273" lon="25.576502"><ele>720.1</ele><time>2026-07-29T10:00:02Z</time></trkpt><trkpt lat="45.646238" lon="25.576343"><ele>720.1</ele><time>2026-07-29T10:00:05Z</time></trkpt><trkpt lat="45.64629" lon="25.576025"><ele>720.2</ele><time>2026-07-29T10:00:07Z</time></trkpt><trkpt lat="45.64626" lon="25.57591"><ele>720.4</ele><time>2026-07-29T10:00:09Z</time></trkpt><trkpt lat="45.646228" lon="25.575793"><ele>720.5</ele><time>2026-07-29T10:00:11Z</time></trkpt><trkpt lat="45.646193" lon="25.575673"><ele>720.6</ele><time>2026-07-29T10:00:13Z</time></trkpt><trkpt lat="45.646148" lon="25.575562"><ele>720.6</ele><time>2026-07-29T10:00:15Z</time></trkpt><trkpt lat="45.646093" lon="25.575467"><ele>720.7</ele><time>2026-07-29T10:00:17Z</time></trkpt><trkpt lat="45.646035" lon="25.575362"><ele>720.8</ele><time>2026-07-29T10:00:19Z</time></trkpt><trkpt lat="45.645965" lon="25.57527"><ele>720.9</ele><time>2026-07-29T10:00:21Z</time></trkpt><trkpt lat="45.645902" lon="25.575195"><ele>721.0</ele><time>2026-07-29T10:00:23Z</time></trkpt><trkpt lat="45.645843" lon="25.57512"><ele>721.1</ele><time>2026-07-29T10:00:25Z</time></trkpt><trkpt lat="45.645783" lon="25.574998"><ele>721.1</ele><time>2026-07-29T10:00:28Z</time></trkpt><trkpt lat="45.645683" lon="25.57492"><ele>720.9</ele><time>2026-07-29T10:00:31Z</time></trkpt><trkpt lat="45.645607" lon="25.574857"><ele>720.7</ele><time>2026-07-29T10:00:33Z</time></trkpt><trkpt lat="45.645542" lon="25.574793"><ele>720.5</ele><time>2026-07-29T10:00:35Z</time></trkpt><trkpt lat="45.645403" lon="25.57469"><ele>720.5</ele><time>2026-07-29T10:00:37Z</time></trkpt><trkpt lat="45.645332" lon="25.574607"><ele>720.5</ele><time>2026-07-29T10:00:39Z</time></trkpt><trkpt lat="45.645253" lon="25.574525"><ele>720.6</ele><time>2026-07-29T10:00:41Z</time></trkpt><trkpt lat="45.645177" lon="25.574437"><ele>720.9</ele><time>2026-07-29T10:00:43Z</time></trkpt><trkpt lat="45.64512" lon="25.574345"><ele>721.2</ele><time>2026-07-29T10:00:45Z</time></trkpt><trkpt lat="45.64507" lon="25.574258"><ele>721.2</ele><time>2026-07-29T10:00:47Z</time></trkpt><trkpt lat="45.645027" lon="25.574155"><ele>721.2</ele><time>2026-07-29T10:00:49Z</time></trkpt><trkpt lat="45.644998" lon="25.574038"><ele>721.2</ele><time>2026-07-29T10:00:51Z</time></trkpt><trkpt lat="45.644985" lon="25.573905"><ele>721.2</ele><time>2026-07-29T10:00:53Z</time></trkpt><trkpt lat="45.644987" lon="25.573767"><ele>721.2</ele><time>2026-07-29T10:00:55Z</time></trkpt><trkpt lat="45.645008" lon="25.573608"><ele>721.1</ele><time>2026-07-29T10:00:57Z</time></trkpt><trkpt lat="45.64502" lon="25.573462"><ele>721.4</ele><time>2026-07-29T10:01:00Z</time></trkpt><trkpt lat="45.64502" lon="25.57335"><ele>721.5</ele><time>2026-07-29T10:01:02Z</time></trkpt><trkpt lat="45.645028" lon="25.573248"><ele>721.7</ele><time>2026-07-29T10:01:04Z</time></trkpt><trkpt lat="45.645025" lon="25.573135"><ele>721.9</ele><time>2026-07-29T10:01:06Z</time></trkpt><trkpt lat="45.645018" lon="25.573025"><ele>722.0</ele><time>2026-07-29T10:01:08Z</time></trkpt><trkpt lat="45.645008" lon="25.57291"><ele>722.0</ele><time>2026-07-29T10:01:10Z</time></trkpt><trkpt lat="45.644983" lon="25.572748"><ele>722.0</ele><time>2026-07-29T10:01:11Z</time></trkpt><trkpt lat="45.644947" lon="25.572615"><ele>722.0</ele><time>2026-07-29T10:01:13Z</time></trkpt><trkpt lat="45.644903" lon="25.572502"><ele>722.2</ele><time>2026-07-29T10:01:15Z</time></trkpt><trkpt lat="45.64487" lon="25.572395"><ele>722.4</ele><time>2026-07-29T10:01:17Z</time></trkpt><trkpt lat="45.644833" lon="25.572298"><ele>722.4</ele><time>2026-07-29T10:01:19Z</time></trkpt><trkpt lat="45.644807" lon="25.572188"><ele>722.3</ele><time>2026-07-29T10:01:21Z</time></trkpt><trkpt lat="45.644758" lon="25.572088"><ele>722.3</ele><time>2026-07-29T10:01:23Z</time></trkpt><trkpt lat="45.64473" lon="25.571973"><ele>722.3</ele><time>2026-07-29T10:01:25Z</time></trkpt><trkpt lat="45.644697" lon="25.571842"><ele>722.3</ele><time>2026-07-29T10:01:27Z</time></trkpt><trkpt lat="45.644647" lon="25.571718"><ele>722.3</ele><time>2026-07-29T10:01:29Z</time></trkpt><trkpt lat="45.644598" lon="25.571605"><ele>722.4</ele><time>2026-07-29T10:01:31Z</time></trkpt><trkpt lat="45.644565" lon="25.571487"><ele>722.7</ele><time>2026-07-29T10:01:33Z</time></trkpt><trkpt lat="45.64453" lon="25.571378"><ele>722.7</ele><time>2026-07-29T10:01:36Z</time></trkpt><trkpt lat="45.644477" lon="25.57118"><ele>722.4</ele><time>2026-07-29T10:01:39Z</time></trkpt><trkpt lat="45.644435" lon="25.571073"><ele>722.1</ele><time>2026-07-29T10:01:41Z</time></trkpt><trkpt lat="45.644395" lon="25.570968"><ele>722.0</ele><time>2026-07-29T10:01:43Z</time></trkpt><trkpt lat="45.64436" lon="25.570867"><ele>721.7</ele><time>2026-07-29T10:01:45Z</time></trkpt><trkpt lat="45.644327" lon="25.570763"><ele>721.5</ele><time>2026-07-29T10:01:47Z</time></trkpt><trkpt lat="45.64428" lon="25.570668"><ele>721.2</ele><time>2026-07-29T10:01:49Z</time></trkpt><trkpt lat="45.644238" lon="25.570563"><ele>721.1</ele><time>2026-07-29T10:01:51Z</time></trkpt><trkpt lat="45.644197" lon="25.57046"><ele>720.9</ele><time>2026-07-29T10:01:53Z</time></trkpt><trkpt lat="45.644147" lon="25.570352"><ele>720.9</ele><time>2026-07-29T10:01:55Z</time></trkpt><trkpt lat="45.644112" lon="25.570233"><ele>720.9</ele><time>2026-07-29T10:01:57Z</time></trkpt><trkpt lat="45.644082" lon="25.570118"><ele>720.9</ele><time>2026-07-29T10:01:59Z</time></trkpt><trkpt lat="45.644047" lon="25.570002"><ele>721.1</ele><time>2026-07-29T10:02:01Z</time></trkpt><trkpt lat="45.644013" lon="25.56989"><ele>721.2</ele><time>2026-07-29T10:02:03Z</time></trkpt><trkpt lat="45.643973" lon="25.569787"><ele>721.4</ele><time>2026-07-29T10:02:05Z</time></trkpt><trkpt lat="45.643957" lon="25.569648"><ele>721.8</ele><time>2026-07-29T10:02:07Z</time></trkpt><trkpt lat="45.64394" lon="25.569545"><ele>722.1</ele><time>2026-07-29T10:02:09Z</time></trkpt><trkpt lat="45.643918" lon="25.569437"><ele>722.5</ele><time>2026-07-29T10:02:11Z</time></trkpt><trkpt lat="45.643907" lon="25.569323"><ele>723.0</ele><time>2026-07-29T10:02:13Z</time></trkpt><trkpt lat="45.643883" lon="25.569208"><ele>723.6</ele><time>2026-07-29T10:02:15Z</time></trkpt><trkpt lat="45.64387" lon="25.569062"><ele>724.1</ele><time>2026-07-29T10:02:18Z</time></trkpt><trkpt lat="45.643853" lon="25.568962"><ele>724.5</ele><time>2026-07-29T10:02:20Z</time></trkpt><trkpt lat="45.643825" lon="25.568835"><ele>725.3</ele><time>2026-07-29T10:02:23Z</time></trkpt><trkpt lat="45.643808" lon="25.568718"><ele>726.4</ele><time>2026-07-29T10:02:27Z</time></trkpt><trkpt lat="45.643793" lon="25.568603"><ele>727.1</ele><time>2026-07-29T10:02:30Z</time></trkpt><trkpt lat="45.64378" lon="25.568488"><ele>728.0</ele><time>2026-07-29T10:02:33Z</time></trkpt><trkpt lat="45.643775" lon="25.568373"><ele>728.6</ele><time>2026-07-29T10:02:36Z</time></trkpt><trkpt lat="45.643762" lon="25.56827"><ele>729.3</ele><time>2026-07-29T10:02:38Z</time></trkpt><trkpt lat="45.643747" lon="25.568162"><ele>729.9</ele><time>2026-07-29T10:02:40Z</time></trkpt><trkpt lat="45.643708" lon="25.568008"><ele>730.7</ele><time>2026-07-29T10:02:43Z</time></trkpt><trkpt lat="45.643638" lon="25.567875"><ele>731.4</ele><time>2026-07-29T10:02:46Z</time></trkpt><trkpt lat="45.643572" lon="25.567753"><ele>732.2</ele><time>2026-07-29T10:02:49Z</time></trkpt><trkpt lat="45.643497" lon="25.567612"><ele>732.8</ele><time>2026-07-29T10:02:52Z</time></trkpt><trkpt lat="45.64345" lon="25.567512"><ele>733.3</ele><time>2026-07-29T10:02:54Z</time></trkpt><trkpt lat="45.643382" lon="25.567423"><ele>734.0</ele><time>2026-07-29T10:02:57Z</time></trkpt><trkpt lat="45.64332" lon="25.56735"><ele>734.9</ele><time>2026-07-29T10:03:01Z</time></trkpt><trkpt lat="45.643272" lon="25.56727"><ele>735.3</ele><time>2026-07-29T10:03:03Z</time></trkpt><trkpt lat="45.643227" lon="25.567172"><ele>735.7</ele><time>2026-07-29T10:03:05Z</time></trkpt><trkpt lat="45.643182" lon="25.567043"><ele>736.3</ele><time>2026-07-29T10:03:08Z</time></trkpt><trkpt lat="45.643132" lon="25.566918"><ele>736.8</ele><time>2026-07-29T10:03:11Z</time></trkpt><trkpt lat="45.6431" lon="25.566787"><ele>737.3</ele><time>2026-07-29T10:03:14Z</time></trkpt><trkpt lat="45.643072" lon="25.566683"><ele>737.8</ele><time>2026-07-29T10:03:16Z</time></trkpt><trkpt lat="45.643042" lon="25.566535"><ele>738.5</ele><time>2026-07-29T10:03:19Z</time></trkpt><trkpt lat="45.643023" lon="25.566412"><ele>739.0</ele><time>2026-07-29T10:03:21Z</time></trkpt><trkpt lat="45.643013" lon="25.5663"><ele>739.4</ele><time>2026-07-29T10:03:23Z</time></trkpt><trkpt lat="45.64299" lon="25.566192"><ele>739.8</ele><time>2026-07-29T10:03:25Z</time></trkpt><trkpt lat="45.642973" lon="25.566093"><ele>740.0</ele><time>2026-07-29T10:03:27Z</time></trkpt><trkpt lat="45.642958" lon="25.565947"><ele>740.8</ele><time>2026-07-29T10:03:30Z</time></trkpt><trkpt lat="45.642938" lon="25.565797"><ele>741.5</ele><time>2026-07-29T10:03:33Z</time></trkpt><trkpt lat="45.64293" lon="25.565673"><ele>742.2</ele><time>2026-07-29T10:03:36Z</time></trkpt><trkpt lat="45.642903" lon="25.565548"><ele>727.1</ele><time>2026-07-29T10:03:39Z</time></trkpt><trkpt lat="45.642898" lon="25.565422"><ele>727.9</ele><time>2026-07-29T10:03:42Z</time></trkpt><trkpt lat="45.64288" lon="25.56531"><ele>728.4</ele><time>2026-07-29T10:03:45Z</time></trkpt><trkpt lat="45.64286" lon="25.565192"><ele>728.9</ele><time>2026-07-29T10:03:48Z</time></trkpt><trkpt lat="45.642822" lon="25.565078"><ele>729.6</ele><time>2026-07-29T10:03:51Z</time></trkpt><trkpt lat="45.642798" lon="25.564948"><ele>730.3</ele><time>2026-07-29T10:03:55Z</time></trkpt><trkpt lat="45.642758" lon="25.564825"><ele>731.1</ele><time>2026-07-29T10:03:57Z</time></trkpt><trkpt lat="45.642722" lon="25.564708"><ele>731.9</ele><time>2026-07-29T10:04:00Z</time></trkpt><trkpt lat="45.642668" lon="25.5646"><ele>732.4</ele><time>2026-07-29T10:04:03Z</time></trkpt><trkpt lat="45.642613" lon="25.564532"><ele>732.8</ele><time>2026-07-29T10:04:05Z</time></trkpt><trkpt lat="45.64255" lon="25.564438"><ele>733.6</ele><time>2026-07-29T10:04:08Z</time></trkpt><trkpt lat="45.642485" lon="25.564357"><ele>734.2</ele><time>2026-07-29T10:04:11Z</time></trkpt><trkpt lat="45.64243" lon="25.564268"><ele>734.9</ele><time>2026-07-29T10:04:14Z</time></trkpt><trkpt lat="45.642373" lon="25.564197"><ele>735.5</ele><time>2026-07-29T10:04:17Z</time></trkpt><trkpt lat="45.642313" lon="25.564118"><ele>736.0</ele><time>2026-07-29T10:04:20Z</time></trkpt><trkpt lat="45.642248" lon="25.564052"><ele>736.5</ele><time>2026-07-29T10:04:23Z</time></trkpt><trkpt lat="45.6422" lon="25.563973"><ele>737.0</ele><time>2026-07-29T10:04:26Z</time></trkpt><trkpt lat="45.64215" lon="25.563888"><ele>737.7</ele><time>2026-07-29T10:04:29Z</time></trkpt><trkpt lat="45.642097" lon="25.563805"><ele>738.4</ele><time>2026-07-29T10:04:32Z</time></trkpt><trkpt lat="45.642045" lon="25.563712"><ele>739.1</ele><time>2026-07-29T10:04:35Z</time></trkpt><trkpt lat="45.641997" lon="25.56362"><ele>739.4</ele><time>2026-07-29T10:04:38Z</time></trkpt><trkpt lat="45.641952" lon="25.563517"><ele>740.0</ele><time>2026-07-29T10:04:41Z</time></trkpt><trkpt lat="45.641918" lon="25.56342"><ele>740.6</ele><time>2026-07-29T10:04:44Z</time></trkpt><trkpt lat="45.641887" lon="25.563313"><ele>741.4</ele><time>2026-07-29T10:04:47Z</time></trkpt><trkpt lat="45.641875" lon="25.563208"><ele>742.0</ele><time>2026-07-29T10:04:50Z</time></trkpt><trkpt lat="45.641873" lon="25.563102"><ele>742.5</ele><time>2026-07-29T10:04:53Z</time></trkpt><trkpt lat="45.641888" lon="25.562998"><ele>742.8</ele><time>2026-07-29T10:04:56Z</time></trkpt><trkpt lat="45.641902" lon="25.562885"><ele>743.4</ele><time>2026-07-29T10:04:59Z</time></trkpt><trkpt lat="45.641935" lon="25.562775"><ele>743.9</ele><time>2026-07-29T10:05:02Z</time></trkpt><trkpt lat="45.641983" lon="25.562682"><ele>744.3</ele><time>2026-07-29T10:05:05Z</time></trkpt><trkpt lat="45.642028" lon="25.562587"><ele>744.8</ele><time>2026-07-29T10:05:08Z</time></trkpt><trkpt lat="45.64207" lon="25.562488"><ele>745.1</ele><time>2026-07-29T10:05:11Z</time></trkpt><trkpt lat="45.642117" lon="25.56239"><ele>745.6</ele><time>2026-07-29T10:05:14Z</time></trkpt><trkpt lat="45.642165" lon="25.562302"><ele>746.1</ele><time>2026-07-29T10:05:17Z</time></trkpt><trkpt lat="45.642222" lon="25.562218"><ele>746.7</ele><time>2026-07-29T10:05:20Z</time></trkpt><trkpt lat="45.642275" lon="25.562132"><ele>747.1</ele><time>2026-07-29T10:05:23Z</time></trkpt><trkpt lat="45.642312" lon="25.56203"><ele>747.6</ele><time>2026-07-29T10:05:26Z</time></trkpt><trkpt lat="45.642313" lon="25.561907"><ele>747.9</ele><time>2026-07-29T10:05:29Z</time></trkpt><trkpt lat="45.642295" lon="25.561792"><ele>748.3</ele><time>2026-07-29T10:05:32Z</time></trkpt><trkpt lat="45.642297" lon="25.56168"><ele>748.8</ele><time>2026-07-29T10:05:35Z</time></trkpt><trkpt lat="45.642305" lon="25.561568"><ele>749.4</ele><time>2026-07-29T10:05:39Z</time></trkpt><trkpt lat="45.642295" lon="25.56143"><ele>749.6</ele><time>2026-07-29T10:05:41Z</time></trkpt><trkpt lat="45.642238" lon="25.561333"><ele>749.8</ele><time>2026-07-29T10:05:43Z</time></trkpt><trkpt lat="45.64215" lon="25.561263"><ele>750.0</ele><time>2026-07-29T10:05:46Z</time></trkpt><trkpt lat="45.642082" lon="25.561227"><ele>750.4</ele><time>2026-07-29T10:05:48Z</time></trkpt><trkpt lat="45.641982" lon="25.56122"><ele>751.0</ele><time>2026-07-29T10:05:51Z</time></trkpt><trkpt lat="45.641897" lon="25.561207"><ele>751.6</ele><time>2026-07-29T10:05:54Z</time></trkpt><trkpt lat="45.641803" lon="25.561218"><ele>752.3</ele><time>2026-07-29T10:05:57Z</time></trkpt><trkpt lat="45.641727" lon="25.561208"><ele>752.7</ele><time>2026-07-29T10:05:59Z</time></trkpt><trkpt lat="45.641652" lon="25.561228"><ele>753.4</ele><time>2026-07-29T10:06:03Z</time></trkpt><trkpt lat="45.641562" lon="25.56123"><ele>753.9</ele><time>2026-07-29T10:06:06Z</time></trkpt><trkpt lat="45.641467" lon="25.561235"><ele>754.6</ele><time>2026-07-29T10:06:09Z</time></trkpt><trkpt lat="45.641375" lon="25.561243"><ele>755.4</ele><time>2026-07-29T10:06:12Z</time></trkpt><trkpt lat="45.64129" lon="25.56125"><ele>756.1</ele><time>2026-07-29T10:06:15Z</time></trkpt><trkpt lat="45.641193" lon="25.561253"><ele>756.9</ele><time>2026-07-29T10:06:18Z</time></trkpt><trkpt lat="45.641102" lon="25.561272"><ele>757.4</ele><time>2026-07-29T10:06:21Z</time></trkpt><trkpt lat="45.641013" lon="25.561293"><ele>758.2</ele><time>2026-07-29T10:06:24Z</time></trkpt><trkpt lat="45.640915" lon="25.561322"><ele>758.9</ele><time>2026-07-29T10:06:27Z</time></trkpt><trkpt lat="45.640818" lon="25.56135"><ele>759.6</ele><time>2026-07-29T10:06:30Z</time></trkpt><trkpt lat="45.640725" lon="25.561393"><ele>760.4</ele><time>2026-07-29T10:06:33Z</time></trkpt><trkpt lat="45.640632" lon="25.561435"><ele>761.2</ele><time>2026-07-29T10:06:36Z</time></trkpt><trkpt lat="45.640547" lon="25.561483"><ele>761.8</ele><time>2026-07-29T10:06:39Z</time></trkpt><trkpt lat="45.640455" lon="25.561527"><ele>762.4</ele><time>2026-07-29T10:06:42Z</time></trkpt><trkpt lat="45.640385" lon="25.561565"><ele>762.8</ele><time>2026-07-29T10:06:44Z</time></trkpt><trkpt lat="45.640305" lon="25.561623"><ele>763.5</ele><time>2026-07-29T10:06:47Z</time></trkpt><trkpt lat="45.640223" lon="25.561683"><ele>764.3</ele><time>2026-07-29T10:06:50Z</time></trkpt><trkpt lat="45.640142" lon="25.561755"><ele>764.9</ele><time>2026-07-29T10:06:53Z</time></trkpt><trkpt lat="45.640065" lon="25.561828"><ele>765.2</ele><time>2026-07-29T10:06:56Z</time></trkpt><trkpt lat="45.639987" lon="25.56191"><ele>765.8</ele><time>2026-07-29T10:06:59Z</time></trkpt><trkpt lat="45.639917" lon="25.562002"><ele>766.3</ele><time>2026-07-29T10:07:02Z</time></trkpt><trkpt lat="45.639855" lon="25.562105"><ele>766.8</ele><time>2026-07-29T10:07:05Z</time></trkpt><trkpt lat="45.639795" lon="25.562193"><ele>767.3</ele><time>2026-07-29T10:07:08Z</time></trkpt><trkpt lat="45.639742" lon="25.562273"><ele>767.9</ele><time>2026-07-29T10:07:11Z</time></trkpt><trkpt lat="45.639683" lon="25.562358"><ele>768.3</ele><time>2026-07-29T10:07:14Z</time></trkpt><trkpt lat="45.639625" lon="25.56245"><ele>768.9</ele><time>2026-07-29T10:07:17Z</time></trkpt><trkpt lat="45.639568" lon="25.56254"><ele>769.5</ele><time>2026-07-29T10:07:20Z</time></trkpt><trkpt lat="45.639508" lon="25.562648"><ele>770.1</ele><time>2026-07-29T10:07:23Z</time></trkpt><trkpt lat="45.639458" lon="25.562728"><ele>770.7</ele><time>2026-07-29T10:07:26Z</time></trkpt><trkpt lat="45.6394" lon="25.562818"><ele>771.4</ele><time>2026-07-29T10:07:29Z</time></trkpt><trkpt lat="45.63934" lon="25.562892"><ele>771.8</ele><time>2026-07-29T10:07:32Z</time></trkpt><trkpt lat="45.639283" lon="25.56297"><ele>772.4</ele><time>2026-07-29T10:07:35Z</time></trkpt><trkpt lat="45.639223" lon="25.56303"><ele>773.0</ele><time>2026-07-29T10:07:38Z</time></trkpt><trkpt lat="45.639145" lon="25.563093"><ele>773.7</ele><time>2026-07-29T10:07:42Z</time></trkpt><trkpt lat="45.63907" lon="25.56312"><ele>774.4</ele><time>2026-07-29T10:07:45Z</time></trkpt><trkpt lat="45.638997" lon="25.56315"><ele>774.9</ele><time>2026-07-29T10:07:48Z</time></trkpt><trkpt lat="45.638935" lon="25.563203"><ele>775.6</ele><time>2026-07-29T10:07:51Z</time></trkpt><trkpt lat="45.63885" lon="25.563227"><ele>776.7</ele><time>2026-07-29T10:07:55Z</time></trkpt><trkpt lat="45.63875" lon="25.563267"><ele>777.6</ele><time>2026-07-29T10:07:59Z</time></trkpt><trkpt lat="45.638672" lon="25.56329"><ele>778.0</ele><time>2026-07-29T10:08:01Z</time></trkpt><trkpt lat="45.638575" lon="25.563368"><ele>778.7</ele><time>2026-07-29T10:08:04Z</time></trkpt><trkpt lat="45.638507" lon="25.563435"><ele>778.9</ele><time>2026-07-29T10:08:06Z</time></trkpt><trkpt lat="45.638433" lon="25.563488"><ele>779.3</ele><time>2026-07-29T10:08:08Z</time></trkpt><trkpt lat="45.63837" lon="25.563548"><ele>779.7</ele><time>2026-07-29T10:08:10Z</time></trkpt><trkpt lat="45.638312" lon="25.563653"><ele>780.5</ele><time>2026-07-29T10:08:14Z</time></trkpt><trkpt lat="45.638247" lon="25.563737"><ele>781.0</ele><time>2026-07-29T10:08:17Z</time></trkpt><trkpt lat="45.638172" lon="25.56382"><ele>781.6</ele><time>2026-07-29T10:08:20Z</time></trkpt><trkpt lat="45.638115" lon="25.563935"><ele>782.0</ele><time>2026-07-29T10:08:23Z</time></trkpt><trkpt lat="45.638052" lon="25.564053"><ele>782.6</ele><time>2026-07-29T10:08:26Z</time></trkpt><trkpt lat="45.637968" lon="25.564137"><ele>783.2</ele><time>2026-07-29T10:08:29Z</time></trkpt><trkpt lat="45.637877" lon="25.564217"><ele>783.8</ele><time>2026-07-29T10:08:32Z</time></trkpt><trkpt lat="45.637785" lon="25.564293"><ele>784.5</ele><time>2026-07-29T10:08:35Z</time></trkpt><trkpt lat="45.637705" lon="25.564332"><ele>785.2</ele><time>2026-07-29T10:08:38Z</time></trkpt><trkpt lat="45.63761" lon="25.564355"><ele>785.6</ele><time>2026-07-29T10:08:41Z</time></trkpt><trkpt lat="45.63752" lon="25.564387"><ele>786.2</ele><time>2026-07-29T10:08:44Z</time></trkpt><trkpt lat="45.637442" lon="25.564413"><ele>786.7</ele><time>2026-07-29T10:08:47Z</time></trkpt><trkpt lat="45.637365" lon="25.564437"><ele>787.5</ele><time>2026-07-29T10:08:50Z</time></trkpt><trkpt lat="45.63729" lon="25.564455"><ele>788.1</ele><time>2026-07-29T10:08:53Z</time></trkpt><trkpt lat="45.637212" lon="25.564458"><ele>788.7</ele><time>2026-07-29T10:08:56Z</time></trkpt><trkpt lat="45.637125" lon="25.564462"><ele>789.1</ele><time>2026-07-29T10:08:59Z</time></trkpt><trkpt lat="45.637042" lon="25.564467"><ele>789.7</ele><time>2026-07-29T10:09:02Z</time></trkpt><trkpt lat="45.636967" lon="25.564475"><ele>790.2</ele><time>2026-07-29T10:09:05Z</time></trkpt><trkpt lat="45.636877" lon="25.564475"><ele>790.9</ele><time>2026-07-29T10:09:08Z</time></trkpt><trkpt lat="45.636795" lon="25.564478"><ele>791.4</ele><time>2026-07-29T10:09:11Z</time></trkpt><trkpt lat="45.636718" lon="25.5645"><ele>792.0</ele><time>2026-07-29T10:09:14Z</time></trkpt><trkpt lat="45.636642" lon="25.564517"><ele>792.3</ele><time>2026-07-29T10:09:17Z</time></trkpt><trkpt lat="45.636557" lon="25.564545"><ele>793.1</ele><time>2026-07-29T10:09:21Z</time></trkpt><trkpt lat="45.636465" lon="25.564548"><ele>793.9</ele><time>2026-07-29T10:09:25Z</time></trkpt><trkpt lat="45.636378" lon="25.56456"><ele>794.8</ele><time>2026-07-29T10:09:29Z</time></trkpt><trkpt lat="45.6363" lon="25.564572"><ele>795.4</ele><time>2026-07-29T10:09:32Z</time></trkpt><trkpt lat="45.636227" lon="25.564582"><ele>795.6</ele><time>2026-07-29T10:09:34Z</time></trkpt><trkpt lat="45.636135" lon="25.564583"><ele>796.1</ele><time>2026-07-29T10:09:37Z</time></trkpt><trkpt lat="45.636048" lon="25.564597"><ele>796.7</ele><time>2026-07-29T10:09:40Z</time></trkpt><trkpt lat="45.635968" lon="25.56461"><ele>797.1</ele><time>2026-07-29T10:09:43Z</time></trkpt><trkpt lat="45.63589" lon="25.564638"><ele>797.4</ele><time>2026-07-29T10:09:46Z</time></trkpt><trkpt lat="45.635798" lon="25.564647"><ele>797.9</ele><time>2026-07-29T10:09:50Z</time></trkpt><trkpt lat="45.63572" lon="25.56467"><ele>798.6</ele><time>2026-07-29T10:09:53Z</time></trkpt><trkpt lat="45.635648" lon="25.564672"><ele>799.2</ele><time>2026-07-29T10:09:56Z</time></trkpt><trkpt lat="45.635563" lon="25.56469"><ele>799.8</ele><time>2026-07-29T10:09:59Z</time></trkpt><trkpt lat="45.635487" lon="25.564673"><ele>800.4</ele><time>2026-07-29T10:10:02Z</time></trkpt><trkpt lat="45.63541" lon="25.564658"><ele>801.1</ele><time>2026-07-29T10:10:05Z</time></trkpt><trkpt lat="45.63533" lon="25.564643"><ele>801.5</ele><time>2026-07-29T10:10:08Z</time></trkpt><trkpt lat="45.635252" lon="25.564602"><ele>802.2</ele><time>2026-07-29T10:10:11Z</time></trkpt><trkpt lat="45.635177" lon="25.564567"><ele>802.9</ele><time>2026-07-29T10:10:14Z</time></trkpt><trkpt lat="45.6351" lon="25.564523"><ele>803.5</ele><time>2026-07-29T10:10:17Z</time></trkpt><trkpt lat="45.635023" lon="25.564482"><ele>804.3</ele><time>2026-07-29T10:10:20Z</time></trkpt><trkpt lat="45.634952" lon="25.564442"><ele>804.9</ele><time>2026-07-29T10:10:23Z</time></trkpt><trkpt lat="45.634878" lon="25.564397"><ele>805.3</ele><time>2026-07-29T10:10:26Z</time></trkpt><trkpt lat="45.6348" lon="25.564377"><ele>806.0</ele><time>2026-07-29T10:10:29Z</time></trkpt><trkpt lat="45.634717" lon="25.564377"><ele>806.7</ele><time>2026-07-29T10:10:32Z</time></trkpt><trkpt lat="45.634632" lon="25.564378"><ele>807.3</ele><time>2026-07-29T10:10:35Z</time></trkpt><trkpt lat="45.634542" lon="25.564383"><ele>807.9</ele><time>2026-07-29T10:10:38Z</time></trkpt><trkpt lat="45.634455" lon="25.56441"><ele>808.5</ele><time>2026-07-29T10:10:41Z</time></trkpt><trkpt lat="45.634373" lon="25.564455"><ele>808.9</ele><time>2026-07-29T10:10:44Z</time></trkpt><trkpt lat="45.634307" lon="25.564495"><ele>809.6</ele><time>2026-07-29T10:10:47Z</time></trkpt><trkpt lat="45.634227" lon="25.564557"><ele>810.3</ele><time>2026-07-29T10:10:51Z</time></trkpt><trkpt lat="45.634158" lon="25.564595"><ele>810.7</ele><time>2026-07-29T10:10:54Z</time></trkpt><trkpt lat="45.634083" lon="25.564632"><ele>811.2</ele><time>2026-07-29T10:10:57Z</time></trkpt><trkpt lat="45.634" lon="25.564647"><ele>811.5</ele><time>2026-07-29T10:11:00Z</time></trkpt><trkpt lat="45.633918" lon="25.564653"><ele>812.0</ele><time>2026-07-29T10:11:03Z</time></trkpt><trkpt lat="45.633832" lon="25.564643"><ele>812.6</ele><time>2026-07-29T10:11:06Z</time></trkpt><trkpt lat="45.633755" lon="25.56462"><ele>813.1</ele><time>2026-07-29T10:11:09Z</time></trkpt><trkpt lat="45.633673" lon="25.564563"><ele>813.7</ele><time>2026-07-29T10:11:12Z</time></trkpt><trkpt lat="45.633595" lon="25.56449"><ele>814.3</ele><time>2026-07-29T10:11:15Z</time></trkpt><trkpt lat="45.633543" lon="25.564418"><ele>814.6</ele><time>2026-07-29T10:11:18Z</time></trkpt><trkpt lat="45.633493" lon="25.564322"><ele>814.9</ele><time>2026-07-29T10:11:21Z</time></trkpt><trkpt lat="45.63346" lon="25.564202"><ele>815.2</ele><time>2026-07-29T10:11:24Z</time></trkpt><trkpt lat="45.633432" lon="25.564073"><ele>815.2</ele><time>2026-07-29T10:11:27Z</time></trkpt><trkpt lat="45.63343" lon="25.563933"><ele>815.0</ele><time>2026-07-29T10:11:29Z</time></trkpt><trkpt lat="45.633435" lon="25.563828"><ele>814.7</ele><time>2026-07-29T10:11:31Z</time></trkpt><trkpt lat="45.633433" lon="25.563725"><ele>814.6</ele><time>2026-07-29T10:11:33Z</time></trkpt><trkpt lat="45.63343" lon="25.563615"><ele>814.5</ele><time>2026-07-29T10:11:35Z</time></trkpt><trkpt lat="45.633425" lon="25.563507"><ele>814.3</ele><time>2026-07-29T10:11:37Z</time></trkpt><trkpt lat="45.633425" lon="25.563395"><ele>814.2</ele><time>2026-07-29T10:11:39Z</time></trkpt><trkpt lat="45.633417" lon="25.563288"><ele>814.0</ele><time>2026-07-29T10:11:41Z</time></trkpt><trkpt lat="45.633417" lon="25.563172"><ele>813.9</ele><time>2026-07-29T10:11:43Z</time></trkpt><trkpt lat="45.633413" lon="25.563063"><ele>813.9</ele><time>2026-07-29T10:11:45Z</time></trkpt><trkpt lat="45.633408" lon="25.562943"><ele>814.0</ele><time>2026-07-29T10:11:48Z</time></trkpt><trkpt lat="45.633418" lon="25.562798"><ele>814.2</ele><time>2026-07-29T10:11:51Z</time></trkpt><trkpt lat="45.633408" lon="25.562655"><ele>814.5</ele><time>2026-07-29T10:11:54Z</time></trkpt><trkpt lat="45.633407" lon="25.562552"><ele>814.7</ele><time>2026-07-29T10:11:56Z</time></trkpt><trkpt lat="45.633407" lon="25.562412"><ele>815.1</ele><time>2026-07-29T10:11:59Z</time></trkpt><trkpt lat="45.633417" lon="25.562308"><ele>815.6</ele><time>2026-07-29T10:12:02Z</time></trkpt><trkpt lat="45.633422" lon="25.5622"><ele>816.1</ele><time>2026-07-29T10:12:05Z</time></trkpt><trkpt lat="45.63342" lon="25.562083"><ele>816.8</ele><time>2026-07-29T10:12:08Z</time></trkpt><trkpt lat="45.63342" lon="25.56194"><ele>817.4</ele><time>2026-07-29T10:12:12Z</time></trkpt><trkpt lat="45.633415" lon="25.561802"><ele>818.1</ele><time>2026-07-29T10:12:15Z</time></trkpt><trkpt lat="45.633432" lon="25.561675"><ele>818.7</ele><time>2026-07-29T10:12:18Z</time></trkpt><trkpt lat="45.633433" lon="25.561552"><ele>819.3</ele><time>2026-07-29T10:12:21Z</time></trkpt><trkpt lat="45.633448" lon="25.561443"><ele>819.9</ele><time>2026-07-29T10:12:24Z</time></trkpt><trkpt lat="45.633462" lon="25.561318"><ele>820.5</ele><time>2026-07-29T10:12:28Z</time></trkpt><trkpt lat="45.633462" lon="25.56121"><ele>821.1</ele><time>2026-07-29T10:12:31Z</time></trkpt><trkpt lat="45.633447" lon="25.561095"><ele>821.6</ele><time>2026-07-29T10:12:34Z</time></trkpt><trkpt lat="45.633445" lon="25.560973"><ele>822.1</ele><time>2026-07-29T10:12:37Z</time></trkpt><trkpt lat="45.633433" lon="25.560857"><ele>822.8</ele><time>2026-07-29T10:12:40Z</time></trkpt><trkpt lat="45.633417" lon="25.560755"><ele>823.3</ele><time>2026-07-29T10:12:42Z</time></trkpt><trkpt lat="45.63338" lon="25.560643"><ele>823.7</ele><time>2026-07-29T10:12:45Z</time></trkpt><trkpt lat="45.633337" lon="25.56052"><ele>824.1</ele><time>2026-07-29T10:12:48Z</time></trkpt><trkpt lat="45.633258" lon="25.560458"><ele>824.5</ele><time>2026-07-29T10:12:51Z</time></trkpt><trkpt lat="45.633187" lon="25.560448"><ele>824.9</ele><time>2026-07-29T10:12:54Z</time></trkpt><trkpt lat="45.633098" lon="25.560475"><ele>825.2</ele><time>2026-07-29T10:12:57Z</time></trkpt><trkpt lat="45.633035" lon="25.560535"><ele>825.5</ele><time>2026-07-29T10:13:00Z</time></trkpt><trkpt lat="45.632983" lon="25.560618"><ele>825.9</ele><time>2026-07-29T10:13:04Z</time></trkpt><trkpt lat="45.632972" lon="25.560732"><ele>826.2</ele><time>2026-07-29T10:13:08Z</time></trkpt><trkpt lat="45.632962" lon="25.560867"><ele>826.5</ele><time>2026-07-29T10:13:12Z</time></trkpt><trkpt lat="45.63296" lon="25.560995"><ele>827.0</ele><time>2026-07-29T10:13:16Z</time></trkpt><trkpt lat="45.632967" lon="25.561123"><ele>827.4</ele><time>2026-07-29T10:13:20Z</time></trkpt><trkpt lat="45.632952" lon="25.561228"><ele>827.9</ele><time>2026-07-29T10:13:23Z</time></trkpt><trkpt lat="45.63292" lon="25.561355"><ele>828.6</ele><time>2026-07-29T10:13:27Z</time></trkpt><trkpt lat="45.632897" lon="25.56146"><ele>829.2</ele><time>2026-07-29T10:13:30Z</time></trkpt><trkpt lat="45.632873" lon="25.561578"><ele>829.8</ele><time>2026-07-29T10:13:33Z</time></trkpt><trkpt lat="45.632832" lon="25.561663"><ele>830.3</ele><time>2026-07-29T10:13:36Z</time></trkpt><trkpt lat="45.632772" lon="25.561755"><ele>830.9</ele><time>2026-07-29T10:13:40Z</time></trkpt><trkpt lat="45.63269" lon="25.561803"><ele>831.7</ele><time>2026-07-29T10:13:44Z</time></trkpt><trkpt lat="45.632622" lon="25.561745"><ele>832.2</ele><time>2026-07-29T10:13:48Z</time></trkpt><trkpt lat="45.632568" lon="25.561665"><ele>832.8</ele><time>2026-07-29T10:13:52Z</time></trkpt><trkpt lat="45.63253" lon="25.56156"><ele>833.5</ele><time>2026-07-29T10:13:57Z</time></trkpt><trkpt lat="45.632543" lon="25.56143"><ele>834.3</ele><time>2026-07-29T10:14:01Z</time></trkpt><trkpt lat="45.632548" lon="25.561277"><ele>835.1</ele><time>2026-07-29T10:14:05Z</time></trkpt><trkpt lat="45.632552" lon="25.561163"><ele>835.8</ele><time>2026-07-29T10:14:08Z</time></trkpt><trkpt lat="45.632572" lon="25.56103"><ele>836.5</ele><time>2026-07-29T10:14:12Z</time></trkpt><trkpt lat="45.632575" lon="25.56091"><ele>837.1</ele><time>2026-07-29T10:14:15Z</time></trkpt><trkpt lat="45.632582" lon="25.560793"><ele>837.5</ele><time>2026-07-29T10:14:18Z</time></trkpt><trkpt lat="45.632597" lon="25.560672"><ele>837.9</ele><time>2026-07-29T10:14:21Z</time></trkpt><trkpt lat="45.632598" lon="25.560568"><ele>838.3</ele><time>2026-07-29T10:14:25Z</time></trkpt><trkpt lat="45.632588" lon="25.560438"><ele>838.9</ele><time>2026-07-29T10:14:30Z</time></trkpt><trkpt lat="45.632573" lon="25.560317"><ele>839.4</ele><time>2026-07-29T10:14:34Z</time></trkpt><trkpt lat="45.632542" lon="25.560223"><ele>839.6</ele><time>2026-07-29T10:14:37Z</time></trkpt><trkpt lat="45.632518" lon="25.56009"><ele>840.1</ele><time>2026-07-29T10:14:41Z</time></trkpt><trkpt lat="45.632493" lon="25.55996"><ele>840.7</ele><time>2026-07-29T10:14:45Z</time></trkpt><trkpt lat="45.632462" lon="25.55986"><ele>841.1</ele><time>2026-07-29T10:14:48Z</time></trkpt><trkpt lat="45.632428" lon="25.559757"><ele>841.6</ele><time>2026-07-29T10:14:51Z</time></trkpt><trkpt lat="45.632417" lon="25.559648"><ele>842.2</ele><time>2026-07-29T10:14:54Z</time></trkpt><trkpt lat="45.632385" lon="25.559528"><ele>842.7</ele><time>2026-07-29T10:14:58Z</time></trkpt><trkpt lat="45.632348" lon="25.559435"><ele>843.2</ele><time>2026-07-29T10:15:01Z</time></trkpt><trkpt lat="45.632308" lon="25.55931"><ele>843.7</ele><time>2026-07-29T10:15:05Z</time></trkpt><trkpt lat="45.632273" lon="25.559193"><ele>844.5</ele><time>2026-07-29T10:15:09Z</time></trkpt><trkpt lat="45.632247" lon="25.559097"><ele>845.3</ele><time>2026-07-29T10:15:12Z</time></trkpt><trkpt lat="45.632215" lon="25.559002"><ele>846.0</ele><time>2026-07-29T10:15:15Z</time></trkpt><trkpt lat="45.63217" lon="25.558913"><ele>846.6</ele><time>2026-07-29T10:15:18Z</time></trkpt><trkpt lat="45.632108" lon="25.558818"><ele>847.2</ele><time>2026-07-29T10:15:22Z</time></trkpt><trkpt lat="45.632048" lon="25.558743"><ele>847.8</ele><time>2026-07-29T10:15:25Z</time></trkpt><trkpt lat="45.631987" lon="25.558648"><ele>848.5</ele><time>2026-07-29T10:15:28Z</time></trkpt><trkpt lat="45.631917" lon="25.55859"><ele>849.1</ele><time>2026-07-29T10:15:31Z</time></trkpt><trkpt lat="45.631845" lon="25.558548"><ele>849.7</ele><time>2026-07-29T10:15:34Z</time></trkpt><trkpt lat="45.631765" lon="25.558522"><ele>850.3</ele><time>2026-07-29T10:15:38Z</time></trkpt><trkpt lat="45.631678" lon="25.55853"><ele>850.9</ele><time>2026-07-29T10:15:42Z</time></trkpt><trkpt lat="45.6316" lon="25.558553"><ele>851.4</ele><time>2026-07-29T10:15:45Z</time></trkpt><trkpt lat="45.631533" lon="25.558605"><ele>852.0</ele><time>2026-07-29T10:15:48Z</time></trkpt><trkpt lat="45.63147" lon="25.558667"><ele>852.5</ele><time>2026-07-29T10:15:51Z</time></trkpt><trkpt lat="45.631407" lon="25.55875"><ele>852.9</ele><time>2026-07-29T10:15:54Z</time></trkpt><trkpt lat="45.631355" lon="25.558837"><ele>853.2</ele><time>2026-07-29T10:15:57Z</time></trkpt><trkpt lat="45.631302" lon="25.558925"><ele>853.7</ele><time>2026-07-29T10:16:00Z</time></trkpt><trkpt lat="45.631243" lon="25.559018"><ele>854.3</ele><time>2026-07-29T10:16:03Z</time></trkpt><trkpt lat="45.631177" lon="25.55911"><ele>854.6</ele><time>2026-07-29T10:16:06Z</time></trkpt><trkpt lat="45.631103" lon="25.559177"><ele>854.9</ele><time>2026-07-29T10:16:09Z</time></trkpt><trkpt lat="45.631017" lon="25.559155"><ele>855.4</ele><time>2026-07-29T10:16:13Z</time></trkpt><trkpt lat="45.630957" lon="25.55906"><ele>856.0</ele><time>2026-07-29T10:16:18Z</time></trkpt><trkpt lat="45.63096" lon="25.558945"><ele>857.0</ele><time>2026-07-29T10:16:22Z</time></trkpt><trkpt lat="45.630983" lon="25.558838"><ele>857.8</ele><time>2026-07-29T10:16:26Z</time></trkpt><trkpt lat="45.631027" lon="25.558722"><ele>858.8</ele><time>2026-07-29T10:16:30Z</time></trkpt><trkpt lat="45.631083" lon="25.558613"><ele>859.5</ele><time>2026-07-29T10:16:34Z</time></trkpt><trkpt lat="45.631152" lon="25.558522"><ele>860.4</ele><time>2026-07-29T10:16:38Z</time></trkpt><trkpt lat="45.63123" lon="25.558462"><ele>861.3</ele><time>2026-07-29T10:16:42Z</time></trkpt><trkpt lat="45.631292" lon="25.558388"><ele>862.1</ele><time>2026-07-29T10:16:45Z</time></trkpt><trkpt lat="45.631362" lon="25.558317"><ele>862.7</ele><time>2026-07-29T10:16:48Z</time></trkpt><trkpt lat="45.631437" lon="25.558263"><ele>863.1</ele><time>2026-07-29T10:16:51Z</time></trkpt><trkpt lat="45.631522" lon="25.558218"><ele>863.7</ele><time>2026-07-29T10:16:54Z</time></trkpt><trkpt lat="45.631608" lon="25.558175"><ele>864.5</ele><time>2026-07-29T10:16:57Z</time></trkpt><trkpt lat="45.631687" lon="25.55813"><ele>865.2</ele><time>2026-07-29T10:17:00Z</time></trkpt><trkpt lat="45.631763" lon="25.558098"><ele>866.0</ele><time>2026-07-29T10:17:03Z</time></trkpt><trkpt lat="45.631832" lon="25.55805"><ele>866.4</ele><time>2026-07-29T10:17:06Z</time></trkpt><trkpt lat="45.6319" lon="25.557978"><ele>867.1</ele><time>2026-07-29T10:17:09Z</time></trkpt><trkpt lat="45.631923" lon="25.557862"><ele>867.6</ele><time>2026-07-29T10:17:12Z</time></trkpt><trkpt lat="45.631977" lon="25.557783"><ele>867.7</ele><time>2026-07-29T10:17:15Z</time></trkpt><trkpt lat="45.631963" lon="25.557683"><ele>867.7</ele><time>2026-07-29T10:17:17Z</time></trkpt><trkpt lat="45.631913" lon="25.557582"><ele>868.0</ele><time>2026-07-29T10:17:21Z</time></trkpt><trkpt lat="45.631842" lon="25.557537"><ele>868.2</ele><time>2026-07-29T10:17:23Z</time></trkpt><trkpt lat="45.631755" lon="25.557498"><ele>868.5</ele><time>2026-07-29T10:17:27Z</time></trkpt><trkpt lat="45.63166" lon="25.557537"><ele>868.9</ele><time>2026-07-29T10:17:30Z</time></trkpt><trkpt lat="45.631603" lon="25.557602"><ele>869.3</ele><time>2026-07-29T10:17:33Z</time></trkpt><trkpt lat="45.631532" lon="25.557653"><ele>869.8</ele><time>2026-07-29T10:17:36Z</time></trkpt><trkpt lat="45.631472" lon="25.557732"><ele>870.3</ele><time>2026-07-29T10:17:39Z</time></trkpt><trkpt lat="45.63141" lon="25.557788"><ele>870.6</ele><time>2026-07-29T10:17:42Z</time></trkpt><trkpt lat="45.631345" lon="25.557855"><ele>871.1</ele><time>2026-07-29T10:17:45Z</time></trkpt><trkpt lat="45.631278" lon="25.557922"><ele>871.6</ele><time>2026-07-29T10:17:48Z</time></trkpt><trkpt lat="45.631212" lon="25.557985"><ele>872.2</ele><time>2026-07-29T10:17:51Z</time></trkpt><trkpt lat="45.631142" lon="25.558028"><ele>872.8</ele><time>2026-07-29T10:17:54Z</time></trkpt><trkpt lat="45.631057" lon="25.558068"><ele>873.6</ele><time>2026-07-29T10:17:58Z</time></trkpt><trkpt lat="45.630963" lon="25.55808"><ele>874.2</ele><time>2026-07-29T10:18:02Z</time></trkpt><trkpt lat="45.630888" lon="25.55805"><ele>874.8</ele><time>2026-07-29T10:18:05Z</time></trkpt><trkpt lat="45.630817" lon="25.557992"><ele>875.3</ele><time>2026-07-29T10:18:08Z</time></trkpt><trkpt lat="45.63075" lon="25.55794"><ele>875.8</ele><time>2026-07-29T10:18:11Z</time></trkpt><trkpt lat="45.630692" lon="25.557853"><ele>876.5</ele><time>2026-07-29T10:18:14Z</time></trkpt><trkpt lat="45.630643" lon="25.557763"><ele>876.9</ele><time>2026-07-29T10:18:17Z</time></trkpt><trkpt lat="45.630595" lon="25.557685"><ele>877.4</ele><time>2026-07-29T10:18:20Z</time></trkpt><trkpt lat="45.63054" lon="25.557613"><ele>878.0</ele><time>2026-07-29T10:18:23Z</time></trkpt><trkpt lat="45.630488" lon="25.557542"><ele>878.5</ele><time>2026-07-29T10:18:26Z</time></trkpt><trkpt lat="45.630443" lon="25.55746"><ele>879.1</ele><time>2026-07-29T10:18:29Z</time></trkpt><trkpt lat="45.630363" lon="25.557392"><ele>879.6</ele><time>2026-07-29T10:18:33Z</time></trkpt><trkpt lat="45.630287" lon="25.55733"><ele>880.4</ele><time>2026-07-29T10:18:37Z</time></trkpt><trkpt lat="45.630212" lon="25.557285"><ele>869.1</ele><time>2026-07-29T10:18:41Z</time></trkpt><trkpt lat="45.630125" lon="25.557243"><ele>869.9</ele><time>2026-07-29T10:18:45Z</time></trkpt><trkpt lat="45.630048" lon="25.557233"><ele>870.4</ele><time>2026-07-29T10:18:48Z</time></trkpt><trkpt lat="45.629973" lon="25.557237"><ele>871.0</ele><time>2026-07-29T10:18:52Z</time></trkpt><trkpt lat="45.629887" lon="25.557262"><ele>871.5</ele><time>2026-07-29T10:18:55Z</time></trkpt><trkpt lat="45.629815" lon="25.557287"><ele>872.0</ele><time>2026-07-29T10:18:58Z</time></trkpt><trkpt lat="45.629752" lon="25.557362"><ele>873.3</ele><time>2026-07-29T10:19:06Z</time></trkpt><trkpt lat="45.629702" lon="25.55745"><ele>873.4</ele><time>2026-07-29T10:19:08Z</time></trkpt><trkpt lat="45.629652" lon="25.557563"><ele>873.8</ele><time>2026-07-29T10:19:11Z</time></trkpt><trkpt lat="45.629617" lon="25.557675"><ele>874.5</ele><time>2026-07-29T10:19:15Z</time></trkpt><trkpt lat="45.629572" lon="25.557763"><ele>875.1</ele><time>2026-07-29T10:19:18Z</time></trkpt><trkpt lat="45.62954" lon="25.557885"><ele>875.9</ele><time>2026-07-29T10:19:22Z</time></trkpt><trkpt lat="45.629533" lon="25.557998"><ele>876.5</ele><time>2026-07-29T10:19:26Z</time></trkpt><trkpt lat="45.629478" lon="25.558085"><ele>877.4</ele><time>2026-07-29T10:19:30Z</time></trkpt><trkpt lat="45.629407" lon="25.55817"><ele>878.2</ele><time>2026-07-29T10:19:34Z</time></trkpt><trkpt lat="45.629338" lon="25.558215"><ele>878.9</ele><time>2026-07-29T10:19:37Z</time></trkpt><trkpt lat="45.62927" lon="25.558248"><ele>879.5</ele><time>2026-07-29T10:19:40Z</time></trkpt><trkpt lat="45.629187" lon="25.558278"><ele>880.0</ele><time>2026-07-29T10:19:43Z</time></trkpt><trkpt lat="45.629098" lon="25.558287"><ele>880.9</ele><time>2026-07-29T10:19:47Z</time></trkpt><trkpt lat="45.629025" lon="25.55831"><ele>881.6</ele><time>2026-07-29T10:19:50Z</time></trkpt><trkpt lat="45.62893" lon="25.558302"><ele>882.4</ele><time>2026-07-29T10:19:54Z</time></trkpt><trkpt lat="45.628847" lon="25.558317"><ele>882.9</ele><time>2026-07-29T10:19:57Z</time></trkpt><trkpt lat="45.628773" lon="25.558347"><ele>883.4</ele><time>2026-07-29T10:20:00Z</time></trkpt><trkpt lat="45.628685" lon="25.55835"><ele>884.0</ele><time>2026-07-29T10:20:04Z</time></trkpt><trkpt lat="45.628598" lon="25.558347"><ele>884.7</ele><time>2026-07-29T10:20:08Z</time></trkpt><trkpt lat="45.628525" lon="25.558368"><ele>885.2</ele><time>2026-07-29T10:20:11Z</time></trkpt><trkpt lat="45.628432" lon="25.55838"><ele>885.9</ele><time>2026-07-29T10:20:15Z</time></trkpt><trkpt lat="45.628352" lon="25.55839"><ele>886.2</ele><time>2026-07-29T10:20:18Z</time></trkpt><trkpt lat="45.628253" lon="25.558398"><ele>886.7</ele><time>2026-07-29T10:20:22Z</time></trkpt><trkpt lat="45.628177" lon="25.558417"><ele>887.2</ele><time>2026-07-29T10:20:25Z</time></trkpt><trkpt lat="45.6281" lon="25.558428"><ele>887.7</ele><time>2026-07-29T10:20:28Z</time></trkpt><trkpt lat="45.628015" lon="25.55841"><ele>888.3</ele><time>2026-07-29T10:20:31Z</time></trkpt><trkpt lat="45.627935" lon="25.558382"><ele>888.8</ele><time>2026-07-29T10:20:34Z</time></trkpt><trkpt lat="45.627833" lon="25.55839"><ele>889.1</ele><time>2026-07-29T10:20:37Z</time></trkpt><trkpt lat="45.627733" lon="25.5584"><ele>889.7</ele><time>2026-07-29T10:20:40Z</time></trkpt><trkpt lat="45.627632" lon="25.55841"><ele>890.3</ele><time>2026-07-29T10:20:43Z</time></trkpt><trkpt lat="45.627557" lon="25.558403"><ele>890.7</ele><time>2026-07-29T10:20:45Z</time></trkpt><trkpt lat="45.627468" lon="25.558398"><ele>891.2</ele><time>2026-07-29T10:20:47Z</time></trkpt><trkpt lat="45.627367" lon="25.558357"><ele>891.9</ele><time>2026-07-29T10:20:50Z</time></trkpt><trkpt lat="45.627303" lon="25.558298"><ele>892.3</ele><time>2026-07-29T10:20:52Z</time></trkpt><trkpt lat="45.627237" lon="25.55823"><ele>892.8</ele><time>2026-07-29T10:20:55Z</time></trkpt><trkpt lat="45.627195" lon="25.558142"><ele>893.5</ele><time>2026-07-29T10:20:58Z</time></trkpt><trkpt lat="45.627185" lon="25.558028"><ele>894.2</ele><time>2026-07-29T10:21:01Z</time></trkpt><trkpt lat="45.62717" lon="25.557927"><ele>894.9</ele><time>2026-07-29T10:21:04Z</time></trkpt><trkpt lat="45.627193" lon="25.55781"><ele>895.6</ele><time>2026-07-29T10:21:07Z</time></trkpt><trkpt lat="45.627228" lon="25.5577"><ele>895.9</ele><time>2026-07-29T10:21:10Z</time></trkpt><trkpt lat="45.627273" lon="25.557597"><ele>896.7</ele><time>2026-07-29T10:21:14Z</time></trkpt><trkpt lat="45.62733" lon="25.557528"><ele>897.2</ele><time>2026-07-29T10:21:17Z</time></trkpt><trkpt lat="45.627402" lon="25.557448"><ele>897.8</ele><time>2026-07-29T10:21:21Z</time></trkpt><trkpt lat="45.627457" lon="25.557383"><ele>898.1</ele><time>2026-07-29T10:21:24Z</time></trkpt><trkpt lat="45.627523" lon="25.557338"><ele>898.5</ele><time>2026-07-29T10:21:27Z</time></trkpt><trkpt lat="45.62759" lon="25.557295"><ele>898.7</ele><time>2026-07-29T10:21:30Z</time></trkpt><trkpt lat="45.62766" lon="25.557243"><ele>899.0</ele><time>2026-07-29T10:21:33Z</time></trkpt><trkpt lat="45.627727" lon="25.557198"><ele>899.5</ele><time>2026-07-29T10:21:36Z</time></trkpt><trkpt lat="45.6278" lon="25.557167"><ele>899.8</ele><time>2026-07-29T10:21:39Z</time></trkpt><trkpt lat="45.62787" lon="25.557142"><ele>900.3</ele><time>2026-07-29T10:21:42Z</time></trkpt><trkpt lat="45.627948" lon="25.557082"><ele>900.6</ele><time>2026-07-29T10:21:45Z</time></trkpt><trkpt lat="45.62802" lon="25.557017"><ele>901.0</ele><time>2026-07-29T10:21:48Z</time></trkpt><trkpt lat="45.628093" lon="25.556973"><ele>901.4</ele><time>2026-07-29T10:21:51Z</time></trkpt><trkpt lat="45.62816" lon="25.556915"><ele>901.8</ele><time>2026-07-29T10:21:54Z</time></trkpt><trkpt lat="45.628245" lon="25.556868"><ele>902.1</ele><time>2026-07-29T10:21:57Z</time></trkpt><trkpt lat="45.628312" lon="25.556795"><ele>902.5</ele><time>2026-07-29T10:22:00Z</time></trkpt><trkpt lat="45.62837" lon="25.556703"><ele>902.7</ele><time>2026-07-29T10:22:03Z</time></trkpt><trkpt lat="45.628418" lon="25.556602"><ele>903.0</ele><time>2026-07-29T10:22:06Z</time></trkpt><trkpt lat="45.628455" lon="25.556483"><ele>903.3</ele><time>2026-07-29T10:22:09Z</time></trkpt><trkpt lat="45.628485" lon="25.556358"><ele>903.6</ele><time>2026-07-29T10:22:12Z</time></trkpt><trkpt lat="45.62851" lon="25.55623"><ele>904.0</ele><time>2026-07-29T10:22:15Z</time></trkpt><trkpt lat="45.62851" lon="25.556093"><ele>904.3</ele><time>2026-07-29T10:22:18Z</time></trkpt><trkpt lat="45.62851" lon="25.555972"><ele>904.6</ele><time>2026-07-29T10:22:21Z</time></trkpt><trkpt lat="45.628482" lon="25.555858"><ele>905.1</ele><time>2026-07-29T10:22:24Z</time></trkpt><trkpt lat="45.628462" lon="25.555742"><ele>905.4</ele><time>2026-07-29T10:22:27Z</time></trkpt><trkpt lat="45.628428" lon="25.55564"><ele>905.8</ele><time>2026-07-29T10:22:30Z</time></trkpt><trkpt lat="45.62839" lon="25.555537"><ele>906.2</ele><time>2026-07-29T10:22:33Z</time></trkpt><trkpt lat="45.628368" lon="25.555427"><ele>906.7</ele><time>2026-07-29T10:22:36Z</time></trkpt><trkpt lat="45.628313" lon="25.555333"><ele>907.1</ele><time>2026-07-29T10:22:39Z</time></trkpt><trkpt lat="45.628257" lon="25.555243"><ele>907.8</ele><time>2026-07-29T10:22:42Z</time></trkpt><trkpt lat="45.628213" lon="25.555147"><ele>908.4</ele><time>2026-07-29T10:22:45Z</time></trkpt><trkpt lat="45.628183" lon="25.555037"><ele>908.8</ele><time>2026-07-29T10:22:48Z</time></trkpt><trkpt lat="45.62817" lon="25.554928"><ele>909.1</ele><time>2026-07-29T10:22:51Z</time></trkpt><trkpt lat="45.62816" lon="25.554777"><ele>909.4</ele><time>2026-07-29T10:22:54Z</time></trkpt><trkpt lat="45.628147" lon="25.554668"><ele>909.4</ele><time>2026-07-29T10:22:56Z</time></trkpt><trkpt lat="45.628157" lon="25.55455"><ele>909.5</ele><time>2026-07-29T10:22:58Z</time></trkpt><trkpt lat="45.628168" lon="25.554428"><ele>909.5</ele><time>2026-07-29T10:23:00Z</time></trkpt><trkpt lat="45.628188" lon="25.554295"><ele>909.5</ele><time>2026-07-29T10:23:02Z</time></trkpt><trkpt lat="45.628193" lon="25.55417"><ele>909.3</ele><time>2026-07-29T10:23:04Z</time></trkpt><trkpt lat="45.628232" lon="25.55405"><ele>909.3</ele><time>2026-07-29T10:23:06Z</time></trkpt><trkpt lat="45.628273" lon="25.553938"><ele>909.3</ele><time>2026-07-29T10:23:08Z</time></trkpt><trkpt lat="45.628318" lon="25.553832"><ele>909.4</ele><time>2026-07-29T10:23:10Z</time></trkpt><trkpt lat="45.628353" lon="25.553722"><ele>909.4</ele><time>2026-07-29T10:23:12Z</time></trkpt><trkpt lat="45.628388" lon="25.553593"><ele>909.3</ele><time>2026-07-29T10:23:14Z</time></trkpt><trkpt lat="45.628448" lon="25.553447"><ele>909.3</ele><time>2026-07-29T10:23:16Z</time></trkpt><trkpt lat="45.628502" lon="25.553312"><ele>909.2</ele><time>2026-07-29T10:23:18Z</time></trkpt><trkpt lat="45.628523" lon="25.553157"><ele>909.4</ele><time>2026-07-29T10:23:21Z</time></trkpt><trkpt lat="45.628553" lon="25.553062"><ele>909.6</ele><time>2026-07-29T10:23:23Z</time></trkpt><trkpt lat="45.628597" lon="25.552923"><ele>909.8</ele><time>2026-07-29T10:23:26Z</time></trkpt><trkpt lat="45.628618" lon="25.55282"><ele>909.9</ele><time>2026-07-29T10:23:28Z</time></trkpt><trkpt lat="45.628658" lon="25.552682"><ele>910.2</ele><time>2026-07-29T10:23:31Z</time></trkpt><trkpt lat="45.628698" lon="25.552557"><ele>910.6</ele><time>2026-07-29T10:23:34Z</time></trkpt><trkpt lat="45.628727" lon="25.55245"><ele>910.7</ele><time>2026-07-29T10:23:37Z</time></trkpt><trkpt lat="45.628743" lon="25.55234"><ele>911.0</ele><time>2026-07-29T10:23:40Z</time></trkpt><trkpt lat="45.628743" lon="25.552233"><ele>911.2</ele><time>2026-07-29T10:23:42Z</time></trkpt><trkpt lat="45.628762" lon="25.552112"><ele>911.4</ele><time>2026-07-29T10:23:44Z</time></trkpt><trkpt lat="45.628772" lon="25.552007"><ele>911.6</ele><time>2026-07-29T10:23:46Z</time></trkpt><trkpt lat="45.628778" lon="25.551883"><ele>911.7</ele><time>2026-07-29T10:23:48Z</time></trkpt><trkpt lat="45.628788" lon="25.551772"><ele>912.0</ele><time>2026-07-29T10:23:50Z</time></trkpt><trkpt lat="45.628793" lon="25.551652"><ele>912.3</ele><time>2026-07-29T10:23:52Z</time></trkpt><trkpt lat="45.628797" lon="25.551527"><ele>912.6</ele><time>2026-07-29T10:23:54Z</time></trkpt><trkpt lat="45.628792" lon="25.551402"><ele>913.0</ele><time>2026-07-29T10:23:56Z</time></trkpt><trkpt lat="45.628805" lon="25.551265"><ele>913.3</ele><time>2026-07-29T10:23:58Z</time></trkpt><trkpt lat="45.628815" lon="25.551135"><ele>913.7</ele><time>2026-07-29T10:24:00Z</time></trkpt><trkpt lat="45.628805" lon="25.551027"><ele>914.2</ele><time>2026-07-29T10:24:02Z</time></trkpt><trkpt lat="45.628818" lon="25.5509"><ele>914.7</ele><time>2026-07-29T10:24:04Z</time></trkpt><trkpt lat="45.628808" lon="25.550785"><ele>914.9</ele><time>2026-07-29T10:24:06Z</time></trkpt><trkpt lat="45.628783" lon="25.550687"><ele>915.3</ele><time>2026-07-29T10:24:08Z</time></trkpt><trkpt lat="45.628755" lon="25.55059"><ele>915.7</ele><time>2026-07-29T10:24:10Z</time></trkpt><trkpt lat="45.628717" lon="25.550488"><ele>916.1</ele><time>2026-07-29T10:24:12Z</time></trkpt><trkpt lat="45.628648" lon="25.550373"><ele>916.5</ele><time>2026-07-29T10:24:15Z</time></trkpt><trkpt lat="45.62857" lon="25.550297"><ele>916.9</ele><time>2026-07-29T10:24:18Z</time></trkpt><trkpt lat="45.628485" lon="25.550228"><ele>917.3</ele><time>2026-07-29T10:24:21Z</time></trkpt><trkpt lat="45.628417" lon="25.550178"><ele>917.7</ele><time>2026-07-29T10:24:24Z</time></trkpt><trkpt lat="45.628325" lon="25.550158"><ele>918.3</ele><time>2026-07-29T10:24:27Z</time></trkpt><trkpt lat="45.628232" lon="25.550162"><ele>918.8</ele><time>2026-07-29T10:24:30Z</time></trkpt><trkpt lat="45.628138" lon="25.550162"><ele>919.4</ele><time>2026-07-29T10:24:33Z</time></trkpt><trkpt lat="45.628058" lon="25.550148"><ele>919.8</ele><time>2026-07-29T10:24:36Z</time></trkpt><trkpt lat="45.627958" lon="25.550142"><ele>920.2</ele><time>2026-07-29T10:24:39Z</time></trkpt><trkpt lat="45.627867" lon="25.550138"><ele>920.5</ele><time>2026-07-29T10:24:42Z</time></trkpt><trkpt lat="45.627763" lon="25.550145"><ele>920.9</ele><time>2026-07-29T10:24:45Z</time></trkpt><trkpt lat="45.627673" lon="25.550145"><ele>921.5</ele><time>2026-07-29T10:24:48Z</time></trkpt><trkpt lat="45.6276" lon="25.550155"><ele>922.0</ele><time>2026-07-29T10:24:50Z</time></trkpt><trkpt lat="45.627515" lon="25.55015"><ele>922.5</ele><time>2026-07-29T10:24:54Z</time></trkpt><trkpt lat="45.627428" lon="25.550153"><ele>923.2</ele><time>2026-07-29T10:24:58Z</time></trkpt><trkpt lat="45.627335" lon="25.550132"><ele>924.0</ele><time>2026-07-29T10:25:02Z</time></trkpt><trkpt lat="45.62726" lon="25.550127"><ele>924.4</ele><time>2026-07-29T10:25:05Z</time></trkpt><trkpt lat="45.627177" lon="25.550117"><ele>924.9</ele><time>2026-07-29T10:25:08Z</time></trkpt><trkpt lat="45.627083" lon="25.550123"><ele>925.5</ele><time>2026-07-29T10:25:12Z</time></trkpt><trkpt lat="45.627007" lon="25.550147"><ele>926.1</ele><time>2026-07-29T10:25:15Z</time></trkpt><trkpt lat="45.626935" lon="25.550135"><ele>926.5</ele><time>2026-07-29T10:25:18Z</time></trkpt><trkpt lat="45.626862" lon="25.550163"><ele>926.8</ele><time>2026-07-29T10:25:20Z</time></trkpt><trkpt lat="45.626757" lon="25.550187"><ele>927.5</ele><time>2026-07-29T10:25:24Z</time></trkpt><trkpt lat="45.626675" lon="25.550198"><ele>928.1</ele><time>2026-07-29T10:25:27Z</time></trkpt><trkpt lat="45.626592" lon="25.550212"><ele>928.7</ele><time>2026-07-29T10:25:30Z</time></trkpt><trkpt lat="45.626505" lon="25.550218"><ele>929.2</ele><time>2026-07-29T10:25:34Z</time></trkpt><trkpt lat="45.626418" lon="25.550212"><ele>929.8</ele><time>2026-07-29T10:25:37Z</time></trkpt><trkpt lat="45.626337" lon="25.550217"><ele>930.7</ele><time>2026-07-29T10:25:41Z</time></trkpt><trkpt lat="45.626263" lon="25.550217"><ele>931.3</ele><time>2026-07-29T10:25:44Z</time></trkpt><trkpt lat="45.62617" lon="25.550208"><ele>932.0</ele><time>2026-07-29T10:25:47Z</time></trkpt><trkpt lat="45.626093" lon="25.5502"><ele>932.4</ele><time>2026-07-29T10:25:50Z</time></trkpt><trkpt lat="45.625993" lon="25.550207"><ele>932.9</ele><time>2026-07-29T10:25:53Z</time></trkpt><trkpt lat="45.625918" lon="25.550212"><ele>933.4</ele><time>2026-07-29T10:25:56Z</time></trkpt><trkpt lat="45.62583" lon="25.550207"><ele>933.9</ele><time>2026-07-29T10:25:59Z</time></trkpt><trkpt lat="45.625745" lon="25.550198"><ele>934.5</ele><time>2026-07-29T10:26:02Z</time></trkpt><trkpt lat="45.625662" lon="25.550173"><ele>935.1</ele><time>2026-07-29T10:26:05Z</time></trkpt><trkpt lat="45.625562" lon="25.550197"><ele>935.6</ele><time>2026-07-29T10:26:08Z</time></trkpt><trkpt lat="45.625477" lon="25.5502"><ele>936.2</ele><time>2026-07-29T10:26:11Z</time></trkpt><trkpt lat="45.625398" lon="25.550228"><ele>936.8</ele><time>2026-07-29T10:26:14Z</time></trkpt><trkpt lat="45.625315" lon="25.550242"><ele>937.4</ele><time>2026-07-29T10:26:18Z</time></trkpt><trkpt lat="45.625247" lon="25.550295"><ele>938.0</ele><time>2026-07-29T10:26:21Z</time></trkpt><trkpt lat="45.625167" lon="25.550348"><ele>938.6</ele><time>2026-07-29T10:26:24Z</time></trkpt><trkpt lat="45.625078" lon="25.550348"><ele>939.1</ele><time>2026-07-29T10:26:28Z</time></trkpt><trkpt lat="45.62499" lon="25.550393"><ele>939.6</ele><time>2026-07-29T10:26:31Z</time></trkpt><trkpt lat="45.6249" lon="25.550418"><ele>940.1</ele><time>2026-07-29T10:26:34Z</time></trkpt><trkpt lat="45.624837" lon="25.550475"><ele>940.6</ele><time>2026-07-29T10:26:37Z</time></trkpt><trkpt lat="45.624763" lon="25.550515"><ele>941.2</ele><time>2026-07-29T10:26:40Z</time></trkpt><trkpt lat="45.624695" lon="25.55056"><ele>941.6</ele><time>2026-07-29T10:26:43Z</time></trkpt><trkpt lat="45.624623" lon="25.550593"><ele>942.1</ele><time>2026-07-29T10:26:46Z</time></trkpt><trkpt lat="45.624548" lon="25.550622"><ele>942.7</ele><time>2026-07-29T10:26:49Z</time></trkpt><trkpt lat="45.62447" lon="25.550667"><ele>943.1</ele><time>2026-07-29T10:26:51Z</time></trkpt><trkpt lat="45.62439" lon="25.550678"><ele>944.0</ele><time>2026-07-29T10:26:55Z</time></trkpt><trkpt lat="45.624285" lon="25.550682"><ele>944.9</ele><time>2026-07-29T10:27:00Z</time></trkpt><trkpt lat="45.624208" lon="25.550667"><ele>945.1</ele><time>2026-07-29T10:27:02Z</time></trkpt><trkpt lat="45.624142" lon="25.550625"><ele>945.6</ele><time>2026-07-29T10:27:05Z</time></trkpt><trkpt lat="45.624065" lon="25.550585"><ele>945.9</ele><time>2026-07-29T10:27:08Z</time></trkpt><trkpt lat="45.623982" lon="25.55054"><ele>946.2</ele><time>2026-07-29T10:27:12Z</time></trkpt><trkpt lat="45.623935" lon="25.550447"><ele>946.4</ele><time>2026-07-29T10:27:15Z</time></trkpt><trkpt lat="45.623877" lon="25.55038"><ele>946.5</ele><time>2026-07-29T10:27:18Z</time></trkpt><trkpt lat="45.623807" lon="25.550347"><ele>946.8</ele><time>2026-07-29T10:27:21Z</time></trkpt><trkpt lat="45.623743" lon="25.550283"><ele>946.9</ele><time>2026-07-29T10:27:24Z</time></trkpt><trkpt lat="45.62371" lon="25.550162"><ele>946.9</ele><time>2026-07-29T10:27:28Z</time></trkpt><trkpt lat="45.623672" lon="25.550038"><ele>947.3</ele><time>2026-07-29T10:27:32Z</time></trkpt><trkpt lat="45.62366" lon="25.549923"><ele>947.5</ele><time>2026-07-29T10:27:35Z</time></trkpt><trkpt lat="45.623627" lon="25.549807"><ele>947.8</ele><time>2026-07-29T10:27:38Z</time></trkpt><trkpt lat="45.623613" lon="25.549687"><ele>947.9</ele><time>2026-07-29T10:27:41Z</time></trkpt><trkpt lat="45.623542" lon="25.549555"><ele>948.1</ele><time>2026-07-29T10:27:44Z</time></trkpt><trkpt lat="45.623485" lon="25.549432"><ele>948.3</ele><time>2026-07-29T10:27:46Z</time></trkpt><trkpt lat="45.623428" lon="25.549308"><ele>948.3</ele><time>2026-07-29T10:27:48Z</time></trkpt><trkpt lat="45.623403" lon="25.549143"><ele>948.3</ele><time>2026-07-29T10:27:50Z</time></trkpt><trkpt lat="45.623363" lon="25.549005"><ele>948.5</ele><time>2026-07-29T10:27:52Z</time></trkpt><trkpt lat="45.62333" lon="25.54886"><ele>948.6</ele><time>2026-07-29T10:27:54Z</time></trkpt><trkpt lat="45.623262" lon="25.548738"><ele>948.8</ele><time>2026-07-29T10:27:56Z</time></trkpt><trkpt lat="45.623182" lon="25.548608"><ele>949.0</ele><time>2026-07-29T10:27:58Z</time></trkpt><trkpt lat="45.623107" lon="25.548477"><ele>949.3</ele><time>2026-07-29T10:28:00Z</time></trkpt><trkpt lat="45.623045" lon="25.548317"><ele>949.6</ele><time>2026-07-29T10:28:02Z</time></trkpt><trkpt lat="45.622992" lon="25.548217"><ele>949.7</ele><time>2026-07-29T10:28:04Z</time></trkpt><trkpt lat="45.622938" lon="25.548123"><ele>949.9</ele><time>2026-07-29T10:28:06Z</time></trkpt><trkpt lat="45.622902" lon="25.548028"><ele>950.3</ele><time>2026-07-29T10:28:08Z</time></trkpt><trkpt lat="45.622858" lon="25.547943"><ele>950.6</ele><time>2026-07-29T10:28:10Z</time></trkpt><trkpt lat="45.622808" lon="25.547842"><ele>951.2</ele><time>2026-07-29T10:28:13Z</time></trkpt><trkpt lat="45.622795" lon="25.547723"><ele>951.5</ele><time>2026-07-29T10:28:16Z</time></trkpt><trkpt lat="45.622768" lon="25.547603"><ele>951.7</ele><time>2026-07-29T10:28:18Z</time></trkpt><trkpt lat="45.622772" lon="25.547445"><ele>952.0</ele><time>2026-07-29T10:28:20Z</time></trkpt><trkpt lat="45.622722" lon="25.547287"><ele>952.4</ele><time>2026-07-29T10:28:22Z</time></trkpt><trkpt lat="45.622705" lon="25.54713"><ele>952.8</ele><time>2026-07-29T10:28:24Z</time></trkpt><trkpt lat="45.622673" lon="25.546978"><ele>953.2</ele><time>2026-07-29T10:28:26Z</time></trkpt><trkpt lat="45.622672" lon="25.546833"><ele>953.4</ele><time>2026-07-29T10:28:28Z</time></trkpt><trkpt lat="45.62267" lon="25.546722"><ele>953.7</ele><time>2026-07-29T10:28:30Z</time></trkpt><trkpt lat="45.62268" lon="25.546595"><ele>954.2</ele><time>2026-07-29T10:28:33Z</time></trkpt><trkpt lat="45.62271" lon="25.54647"><ele>954.6</ele><time>2026-07-29T10:28:36Z</time></trkpt><trkpt lat="45.622735" lon="25.546342"><ele>955.1</ele><time>2026-07-29T10:28:40Z</time></trkpt><trkpt lat="45.622755" lon="25.546193"><ele>955.5</ele><time>2026-07-29T10:28:43Z</time></trkpt><trkpt lat="45.622732" lon="25.546085"><ele>955.6</ele><time>2026-07-29T10:28:45Z</time></trkpt><trkpt lat="45.622728" lon="25.545953"><ele>956.0</ele><time>2026-07-29T10:28:48Z</time></trkpt><trkpt lat="45.62272" lon="25.545823"><ele>956.2</ele><time>2026-07-29T10:28:50Z</time></trkpt><trkpt lat="45.622673" lon="25.545683"><ele>956.3</ele><time>2026-07-29T10:28:52Z</time></trkpt><trkpt lat="45.622665" lon="25.545538"><ele>956.4</ele><time>2026-07-29T10:28:54Z</time></trkpt><trkpt lat="45.622668" lon="25.545395"><ele>956.4</ele><time>2026-07-29T10:28:56Z</time></trkpt><trkpt lat="45.622658" lon="25.545265"><ele>956.6</ele><time>2026-07-29T10:28:59Z</time></trkpt><trkpt lat="45.622595" lon="25.545185"><ele>956.8</ele><time>2026-07-29T10:29:02Z</time></trkpt><trkpt lat="45.62255" lon="25.545092"><ele>956.8</ele><time>2026-07-29T10:29:04Z</time></trkpt><trkpt lat="45.622477" lon="25.545022"><ele>956.9</ele><time>2026-07-29T10:29:06Z</time></trkpt><trkpt lat="45.622398" lon="25.544922"><ele>957.1</ele><time>2026-07-29T10:29:09Z</time></trkpt><trkpt lat="45.62229" lon="25.544845"><ele>957.1</ele><time>2026-07-29T10:29:12Z</time></trkpt><trkpt lat="45.622177" lon="25.544722"><ele>957.1</ele><time>2026-07-29T10:29:14Z</time></trkpt><trkpt lat="45.62213" lon="25.544637"><ele>957.2</ele><time>2026-07-29T10:29:15Z</time></trkpt><trkpt lat="45.622058" lon="25.544463"><ele>957.3</ele><time>2026-07-29T10:29:17Z</time></trkpt><trkpt lat="45.621967" lon="25.544318"><ele>957.3</ele><time>2026-07-29T10:29:19Z</time></trkpt><trkpt lat="45.621907" lon="25.544152"><ele>957.3</ele><time>2026-07-29T10:29:21Z</time></trkpt><trkpt lat="45.621878" lon="25.544045"><ele>957.3</ele><time>2026-07-29T10:29:22Z</time></trkpt><trkpt lat="45.621837" lon="25.543895"><ele>957.3</ele><time>2026-07-29T10:29:24Z</time></trkpt><trkpt lat="45.621797" lon="25.543737"><ele>957.4</ele><time>2026-07-29T10:29:26Z</time></trkpt><trkpt lat="45.621782" lon="25.543587"><ele>957.5</ele><time>2026-07-29T10:29:28Z</time></trkpt><trkpt lat="45.621755" lon="25.54346"><ele>957.5</ele><time>2026-07-29T10:29:30Z</time></trkpt><trkpt lat="45.621715" lon="25.54333"><ele>957.2</ele><time>2026-07-29T10:29:32Z</time></trkpt><trkpt lat="45.621662" lon="25.543217"><ele>957.0</ele><time>2026-07-29T10:29:34Z</time></trkpt><trkpt lat="45.62163" lon="25.5431"><ele>956.6</ele><time>2026-07-29T10:29:36Z</time></trkpt><trkpt lat="45.621573" lon="25.543017"><ele>956.5</ele><time>2026-07-29T10:29:38Z</time></trkpt><trkpt lat="45.621505" lon="25.542948"><ele>956.4</ele><time>2026-07-29T10:29:40Z</time></trkpt><trkpt lat="45.621398" lon="25.542943"><ele>956.5</ele><time>2026-07-29T10:29:42Z</time></trkpt><trkpt lat="45.621313" lon="25.542922"><ele>956.7</ele><time>2026-07-29T10:29:44Z</time></trkpt><trkpt lat="45.62122" lon="25.542883"><ele>957.2</ele><time>2026-07-29T10:29:48Z</time></trkpt><trkpt lat="45.621148" lon="25.542917"><ele>957.5</ele><time>2026-07-29T10:29:50Z</time></trkpt><trkpt lat="45.621075" lon="25.542927"><ele>957.9</ele><time>2026-07-29T10:29:52Z</time></trkpt><trkpt lat="45.620983" lon="25.54292"><ele>958.3</ele><time>2026-07-29T10:29:55Z</time></trkpt><trkpt lat="45.620915" lon="25.54288"><ele>958.4</ele><time>2026-07-29T10:29:58Z</time></trkpt><trkpt lat="45.620837" lon="25.54285"><ele>958.5</ele><time>2026-07-29T10:30:01Z</time></trkpt><trkpt lat="45.620775" lon="25.542758"><ele>958.8</ele><time>2026-07-29T10:30:04Z</time></trkpt><trkpt lat="45.620683" lon="25.542707"><ele>959.0</ele><time>2026-07-29T10:30:07Z</time></trkpt><trkpt lat="45.62058" lon="25.542698"><ele>959.3</ele><time>2026-07-29T10:30:10Z</time></trkpt><trkpt lat="45.620483" lon="25.542712"><ele>959.4</ele><time>2026-07-29T10:30:13Z</time></trkpt><trkpt lat="45.620393" lon="25.542775"><ele>959.1</ele><time>2026-07-29T10:30:16Z</time></trkpt><trkpt lat="45.620315" lon="25.542815"><ele>958.6</ele><time>2026-07-29T10:30:19Z</time></trkpt><trkpt lat="45.620223" lon="25.542813"><ele>958.5</ele><time>2026-07-29T10:30:22Z</time></trkpt><trkpt lat="45.620118" lon="25.542838"><ele>958.2</ele><time>2026-07-29T10:30:25Z</time></trkpt><trkpt lat="45.620007" lon="25.542908"><ele>957.8</ele><time>2026-07-29T10:30:27Z</time></trkpt><trkpt lat="45.619892" lon="25.542928"><ele>957.6</ele><time>2026-07-29T10:30:29Z</time></trkpt><trkpt lat="45.619763" lon="25.542972"><ele>957.7</ele><time>2026-07-29T10:30:31Z</time></trkpt><trkpt lat="45.619627" lon="25.543057"><ele>958.0</ele><time>2026-07-29T10:30:33Z</time></trkpt><trkpt lat="45.61956" lon="25.543103"><ele>958.0</ele><time>2026-07-29T10:30:34Z</time></trkpt><trkpt lat="45.619482" lon="25.54315"><ele>958.0</ele><time>2026-07-29T10:30:35Z</time></trkpt><trkpt lat="45.619397" lon="25.543208"><ele>957.8</ele><time>2026-07-29T10:30:36Z</time></trkpt><trkpt lat="45.619302" lon="25.543265"><ele>957.5</ele><time>2026-07-29T10:30:37Z</time></trkpt><trkpt lat="45.619215" lon="25.54332"><ele>957.2</ele><time>2026-07-29T10:30:38Z</time></trkpt><trkpt lat="45.619147" lon="25.54337"><ele>956.9</ele><time>2026-07-29T10:30:39Z</time></trkpt><trkpt lat="45.619082" lon="25.543415"><ele>956.7</ele><time>2026-07-29T10:30:40Z</time></trkpt><trkpt lat="45.618992" lon="25.543473"><ele>956.5</ele><time>2026-07-29T10:30:41Z</time></trkpt><trkpt lat="45.618917" lon="25.543527"><ele>956.4</ele><time>2026-07-29T10:30:42Z</time></trkpt><trkpt lat="45.618825" lon="25.543595"><ele>956.1</ele><time>2026-07-29T10:30:43Z</time></trkpt><trkpt lat="45.618737" lon="25.543642"><ele>955.7</ele><time>2026-07-29T10:30:44Z</time></trkpt><trkpt lat="45.618662" lon="25.543682"><ele>955.5</ele><time>2026-07-29T10:30:45Z</time></trkpt><trkpt lat="45.618595" lon="25.543742"><ele>955.2</ele><time>2026-07-29T10:30:46Z</time></trkpt><trkpt lat="45.618512" lon="25.54378"><ele>955.0</ele><time>2026-07-29T10:30:47Z</time></trkpt><trkpt lat="45.618433" lon="25.54382"><ele>955.0</ele><time>2026-07-29T10:30:48Z</time></trkpt><trkpt lat="45.618353" lon="25.543895"><ele>955.0</ele><time>2026-07-29T10:30:49Z</time></trkpt><trkpt lat="45.61828" lon="25.543943"><ele>955.1</ele><time>2026-07-29T10:30:50Z</time></trkpt><trkpt lat="45.618205" lon="25.54399"><ele>955.3</ele><time>2026-07-29T10:30:51Z</time></trkpt><trkpt lat="45.618123" lon="25.544045"><ele>955.4</ele><time>2026-07-29T10:30:52Z</time></trkpt><trkpt lat="45.618027" lon="25.544122"><ele>955.5</ele><time>2026-07-29T10:30:53Z</time></trkpt><trkpt lat="45.617932" lon="25.54418"><ele>955.5</ele><time>2026-07-29T10:30:54Z</time></trkpt><trkpt lat="45.617835" lon="25.544247"><ele>955.3</ele><time>2026-07-29T10:30:55Z</time></trkpt><trkpt lat="45.617765" lon="25.544303"><ele>955.0</ele><time>2026-07-29T10:30:56Z</time></trkpt><trkpt lat="45.617683" lon="25.544342"><ele>954.6</ele><time>2026-07-29T10:30:57Z</time></trkpt><trkpt lat="45.617563" lon="25.544452"><ele>953.9</ele><time>2026-07-29T10:30:59Z</time></trkpt><trkpt lat="45.617498" lon="25.544498"><ele>953.5</ele><time>2026-07-29T10:31:00Z</time></trkpt><trkpt lat="45.617387" lon="25.544602"><ele>952.7</ele><time>2026-07-29T10:31:02Z</time></trkpt><trkpt lat="45.617293" lon="25.5447"><ele>952.0</ele><time>2026-07-29T10:31:04Z</time></trkpt><trkpt lat="45.617253" lon="25.544787"><ele>952.0</ele><time>2026-07-29T10:31:05Z</time></trkpt><trkpt lat="45.617182" lon="25.544907"><ele>951.3</ele><time>2026-07-29T10:31:07Z</time></trkpt><trkpt lat="45.61713" lon="25.544985"><ele>950.8</ele><time>2026-07-29T10:31:08Z</time></trkpt><trkpt lat="45.617082" lon="25.54525"><ele>949.9</ele><time>2026-07-29T10:31:10Z</time></trkpt><trkpt lat="45.617062" lon="25.545383"><ele>949.5</ele><time>2026-07-29T10:31:11Z</time></trkpt><trkpt lat="45.617022" lon="25.5455"><ele>949.0</ele><time>2026-07-29T10:31:12Z</time></trkpt><trkpt lat="45.616983" lon="25.545617"><ele>948.5</ele><time>2026-07-29T10:31:13Z</time></trkpt><trkpt lat="45.61694" lon="25.54574"><ele>948.0</ele><time>2026-07-29T10:31:14Z</time></trkpt><trkpt lat="45.616878" lon="25.545843"><ele>947.6</ele><time>2026-07-29T10:31:15Z</time></trkpt><trkpt lat="45.616827" lon="25.545985"><ele>947.2</ele><time>2026-07-29T10:31:16Z</time></trkpt><trkpt lat="45.61676" lon="25.546077"><ele>946.8</ele><time>2026-07-29T10:31:17Z</time></trkpt><trkpt lat="45.61669" lon="25.546168"><ele>946.6</ele><time>2026-07-29T10:31:18Z</time></trkpt><trkpt lat="45.616617" lon="25.546282"><ele>946.3</ele><time>2026-07-29T10:31:19Z</time></trkpt><trkpt lat="45.616557" lon="25.546373"><ele>945.8</ele><time>2026-07-29T10:31:20Z</time></trkpt><trkpt lat="45.616467" lon="25.546457"><ele>945.3</ele><time>2026-07-29T10:31:21Z</time></trkpt><trkpt lat="45.616375" lon="25.546497"><ele>944.9</ele><time>2026-07-29T10:31:22Z</time></trkpt><trkpt lat="45.616287" lon="25.546535"><ele>944.9</ele><time>2026-07-29T10:31:23Z</time></trkpt><trkpt lat="45.61619" lon="25.546567"><ele>944.5</ele><time>2026-07-29T10:31:24Z</time></trkpt><trkpt lat="45.616103" lon="25.546615"><ele>944.0</ele><time>2026-07-29T10:31:25Z</time></trkpt><trkpt lat="45.61601" lon="25.546642"><ele>943.6</ele><time>2026-07-29T10:31:26Z</time></trkpt><trkpt lat="45.615918" lon="25.54665"><ele>943.1</ele><time>2026-07-29T10:31:27Z</time></trkpt><trkpt lat="45.615827" lon="25.546663"><ele>942.5</ele><time>2026-07-29T10:31:28Z</time></trkpt><trkpt lat="45.615743" lon="25.546667"><ele>941.7</ele><time>2026-07-29T10:31:29Z</time></trkpt><trkpt lat="45.615668" lon="25.546675"><ele>941.0</ele><time>2026-07-29T10:31:30Z</time></trkpt><trkpt lat="45.615585" lon="25.546692"><ele>940.3</ele><time>2026-07-29T10:31:31Z</time></trkpt><trkpt lat="45.615502" lon="25.54672"><ele>940.3</ele><time>2026-07-29T10:31:32Z</time></trkpt><trkpt lat="45.615418" lon="25.546737"><ele>939.8</ele><time>2026-07-29T10:31:33Z</time></trkpt><trkpt lat="45.615335" lon="25.546728"><ele>939.2</ele><time>2026-07-29T10:31:34Z</time></trkpt><trkpt lat="45.61525" lon="25.546728"><ele>938.7</ele><time>2026-07-29T10:31:35Z</time></trkpt><trkpt lat="45.615167" lon="25.54674"><ele>938.7</ele><time>2026-07-29T10:31:36Z</time></trkpt><trkpt lat="45.615083" lon="25.546767"><ele>938.3</ele><time>2026-07-29T10:31:37Z</time></trkpt><trkpt lat="45.615005" lon="25.546758"><ele>937.8</ele><time>2026-07-29T10:31:38Z</time></trkpt><trkpt lat="45.614923" lon="25.546752"><ele>937.4</ele><time>2026-07-29T10:31:39Z</time></trkpt><trkpt lat="45.614845" lon="25.546753"><ele>937.4</ele><time>2026-07-29T10:31:40Z</time></trkpt><trkpt lat="45.614772" lon="25.54675"><ele>937.1</ele><time>2026-07-29T10:31:41Z</time></trkpt><trkpt lat="45.614697" lon="25.546737"><ele>937.0</ele><time>2026-07-29T10:31:42Z</time></trkpt><trkpt lat="45.614625" lon="25.54673"><ele>937.0</ele><time>2026-07-29T10:31:43Z</time></trkpt><trkpt lat="45.614485" lon="25.54671"><ele>936.9</ele><time>2026-07-29T10:31:45Z</time></trkpt><trkpt lat="45.614355" lon="25.546693"><ele>936.9</ele><time>2026-07-29T10:31:47Z</time></trkpt><trkpt lat="45.614235" lon="25.546675"><ele>936.9</ele><time>2026-07-29T10:31:49Z</time></trkpt><trkpt lat="45.61412" lon="25.546663"><ele>937.0</ele><time>2026-07-29T10:31:51Z</time></trkpt><trkpt lat="45.614" lon="25.546642"><ele>937.1</ele><time>2026-07-29T10:31:53Z</time></trkpt><trkpt lat="45.613885" lon="25.546625"><ele>937.6</ele><time>2026-07-29T10:31:55Z</time></trkpt><trkpt lat="45.613767" lon="25.546613"><ele>937.7</ele><time>2026-07-29T10:31:57Z</time></trkpt><trkpt lat="45.613655" lon="25.546578"><ele>938.1</ele><time>2026-07-29T10:31:59Z</time></trkpt><trkpt lat="45.613538" lon="25.546553"><ele>938.3</ele><time>2026-07-29T10:32:01Z</time></trkpt><trkpt lat="45.61342" lon="25.546527"><ele>938.5</ele><time>2026-07-29T10:32:03Z</time></trkpt><trkpt lat="45.61331" lon="25.54648"><ele>938.6</ele><time>2026-07-29T10:32:05Z</time></trkpt><trkpt lat="45.6132" lon="25.546462"><ele>938.7</ele><time>2026-07-29T10:32:07Z</time></trkpt><trkpt lat="45.613085" lon="25.546442"><ele>939.1</ele><time>2026-07-29T10:32:09Z</time></trkpt><trkpt lat="45.612963" lon="25.546445"><ele>939.4</ele><time>2026-07-29T10:32:11Z</time></trkpt><trkpt lat="45.612845" lon="25.546472"><ele>939.7</ele><time>2026-07-29T10:32:13Z</time></trkpt><trkpt lat="45.61273" lon="25.546507"><ele>939.8</ele><time>2026-07-29T10:32:15Z</time></trkpt><trkpt lat="45.612612" lon="25.546527"><ele>940.0</ele><time>2026-07-29T10:32:17Z</time></trkpt><trkpt lat="45.612508" lon="25.546575"><ele>940.3</ele><time>2026-07-29T10:32:19Z</time></trkpt><trkpt lat="45.612383" lon="25.546628"><ele>940.6</ele><time>2026-07-29T10:32:21Z</time></trkpt><trkpt lat="45.612277" lon="25.546695"><ele>940.9</ele><time>2026-07-29T10:32:23Z</time></trkpt><trkpt lat="45.61218" lon="25.546763"><ele>941.0</ele><time>2026-07-29T10:32:25Z</time></trkpt><trkpt lat="45.612078" lon="25.546833"><ele>941.1</ele><time>2026-07-29T10:32:27Z</time></trkpt><trkpt lat="45.611988" lon="25.546935"><ele>941.3</ele><time>2026-07-29T10:32:29Z</time></trkpt><trkpt lat="45.611903" lon="25.547045"><ele>941.5</ele><time>2026-07-29T10:32:31Z</time></trkpt><trkpt lat="45.611823" lon="25.547145"><ele>941.6</ele><time>2026-07-29T10:32:33Z</time></trkpt><trkpt lat="45.611747" lon="25.547253"><ele>941.7</ele><time>2026-07-29T10:32:35Z</time></trkpt><trkpt lat="45.611698" lon="25.547353"><ele>942.1</ele><time>2026-07-29T10:32:37Z</time></trkpt><trkpt lat="45.611642" lon="25.547468"><ele>942.4</ele><time>2026-07-29T10:32:39Z</time></trkpt><trkpt lat="45.611582" lon="25.547582"><ele>942.4</ele><time>2026-07-29T10:32:41Z</time></trkpt><trkpt lat="45.611533" lon="25.547713"><ele>942.3</ele><time>2026-07-29T10:32:43Z</time></trkpt><trkpt lat="45.611482" lon="25.547828"><ele>942.4</ele><time>2026-07-29T10:32:45Z</time></trkpt><trkpt lat="45.611442" lon="25.54795"><ele>942.6</ele><time>2026-07-29T10:32:47Z</time></trkpt><trkpt lat="45.611402" lon="25.548083"><ele>942.8</ele><time>2026-07-29T10:32:49Z</time></trkpt><trkpt lat="45.611365" lon="25.548235"><ele>942.9</ele><time>2026-07-29T10:32:51Z</time></trkpt><trkpt lat="45.611335" lon="25.548378"><ele>943.2</ele><time>2026-07-29T10:32:53Z</time></trkpt><trkpt lat="45.611315" lon="25.548537"><ele>943.4</ele><time>2026-07-29T10:32:55Z</time></trkpt><trkpt lat="45.611298" lon="25.54869"><ele>943.7</ele><time>2026-07-29T10:32:57Z</time></trkpt><trkpt lat="45.611287" lon="25.548867"><ele>943.9</ele><time>2026-07-29T10:32:59Z</time></trkpt><trkpt lat="45.611257" lon="25.549048"><ele>944.0</ele><time>2026-07-29T10:33:00Z</time></trkpt><trkpt lat="45.611257" lon="25.549232"><ele>944.1</ele><time>2026-07-29T10:33:02Z</time></trkpt><trkpt lat="45.611255" lon="25.549413"><ele>943.8</ele><time>2026-07-29T10:33:04Z</time></trkpt><trkpt lat="45.611248" lon="25.549603"><ele>943.1</ele><time>2026-07-29T10:33:06Z</time></trkpt><trkpt lat="45.611243" lon="25.5498"><ele>942.7</ele><time>2026-07-29T10:33:08Z</time></trkpt><trkpt lat="45.611237" lon="25.55"><ele>942.0</ele><time>2026-07-29T10:33:10Z</time></trkpt><trkpt lat="45.611233" lon="25.550203"><ele>941.7</ele><time>2026-07-29T10:33:12Z</time></trkpt><trkpt lat="45.611233" lon="25.55031"><ele>941.5</ele><time>2026-07-29T10:33:13Z</time></trkpt><trkpt lat="45.611232" lon="25.550417"><ele>941.0</ele><time>2026-07-29T10:33:14Z</time></trkpt><trkpt lat="45.611228" lon="25.550522"><ele>940.7</ele><time>2026-07-29T10:33:15Z</time></trkpt><trkpt lat="45.611223" lon="25.550628"><ele>940.2</ele><time>2026-07-29T10:33:16Z</time></trkpt><trkpt lat="45.611218" lon="25.550735"><ele>939.7</ele><time>2026-07-29T10:33:17Z</time></trkpt><trkpt lat="45.611215" lon="25.550843"><ele>939.2</ele><time>2026-07-29T10:33:18Z</time></trkpt><trkpt lat="45.611215" lon="25.550948"><ele>939.1</ele><time>2026-07-29T10:33:19Z</time></trkpt><trkpt lat="45.61121" lon="25.551062"><ele>938.7</ele><time>2026-07-29T10:33:20Z</time></trkpt><trkpt lat="45.611203" lon="25.551177"><ele>938.5</ele><time>2026-07-29T10:33:21Z</time></trkpt><trkpt lat="45.611192" lon="25.551285"><ele>938.2</ele><time>2026-07-29T10:33:22Z</time></trkpt><trkpt lat="45.611168" lon="25.5514"><ele>937.9</ele><time>2026-07-29T10:33:23Z</time></trkpt><trkpt lat="45.611145" lon="25.55151"><ele>937.6</ele><time>2026-07-29T10:33:24Z</time></trkpt><trkpt lat="45.611112" lon="25.551612"><ele>937.6</ele><time>2026-07-29T10:33:25Z</time></trkpt><trkpt lat="45.611078" lon="25.551712"><ele>937.3</ele><time>2026-07-29T10:33:26Z</time></trkpt><trkpt lat="45.611042" lon="25.55181"><ele>937.0</ele><time>2026-07-29T10:33:27Z</time></trkpt><trkpt lat="45.611" lon="25.551903"><ele>936.7</ele><time>2026-07-29T10:33:28Z</time></trkpt><trkpt lat="45.610913" lon="25.552065"><ele>936.1</ele><time>2026-07-29T10:33:30Z</time></trkpt><trkpt lat="45.610817" lon="25.5522"><ele>935.3</ele><time>2026-07-29T10:33:32Z</time></trkpt><trkpt lat="45.61072" lon="25.552312"><ele>935.0</ele><time>2026-07-29T10:33:34Z</time></trkpt><trkpt lat="45.610633" lon="25.552393"><ele>934.9</ele><time>2026-07-29T10:33:36Z</time></trkpt><trkpt lat="45.610545" lon="25.55247"><ele>935.3</ele><time>2026-07-29T10:33:38Z</time></trkpt><trkpt lat="45.610455" lon="25.552525"><ele>961.7</ele><time>2026-07-29T10:33:40Z</time></trkpt><trkpt lat="45.610367" lon="25.552593"><ele>961.9</ele><time>2026-07-29T10:33:42Z</time></trkpt><trkpt lat="45.610287" lon="25.552648"><ele>962.4</ele><time>2026-07-29T10:33:44Z</time></trkpt><trkpt lat="45.610238" lon="25.552727"><ele>962.6</ele><time>2026-07-29T10:33:45Z</time></trkpt><trkpt lat="45.610153" lon="25.552763"><ele>963.1</ele><time>2026-07-29T10:33:47Z</time></trkpt><trkpt lat="45.610077" lon="25.552798"><ele>963.5</ele><time>2026-07-29T10:33:49Z</time></trkpt><trkpt lat="45.609997" lon="25.552835"><ele>963.8</ele><time>2026-07-29T10:33:51Z</time></trkpt><trkpt lat="45.60991" lon="25.552885"><ele>964.0</ele><time>2026-07-29T10:33:53Z</time></trkpt><trkpt lat="45.609828" lon="25.552953"><ele>964.2</ele><time>2026-07-29T10:33:55Z</time></trkpt><trkpt lat="45.609738" lon="25.553002"><ele>964.4</ele><time>2026-07-29T10:33:57Z</time></trkpt><trkpt lat="45.609647" lon="25.553022"><ele>964.6</ele><time>2026-07-29T10:34:00Z</time></trkpt><trkpt lat="45.60954" lon="25.553057"><ele>965.3</ele><time>2026-07-29T10:34:04Z</time></trkpt><trkpt lat="45.60936" lon="25.553172"><ele>965.7</ele><time>2026-07-29T10:34:06Z</time></trkpt><trkpt lat="45.609263" lon="25.553207"><ele>966.4</ele><time>2026-07-29T10:34:09Z</time></trkpt><trkpt lat="45.609172" lon="25.553203"><ele>966.7</ele><time>2026-07-29T10:34:12Z</time></trkpt><trkpt lat="45.609075" lon="25.553202"><ele>966.8</ele><time>2026-07-29T10:34:14Z</time></trkpt><trkpt lat="45.609002" lon="25.553278"><ele>967.0</ele><time>2026-07-29T10:34:16Z</time></trkpt><trkpt lat="45.608952" lon="25.553383"><ele>967.1</ele><time>2026-07-29T10:34:18Z</time></trkpt><trkpt lat="45.608905" lon="25.553467"><ele>967.4</ele><time>2026-07-29T10:34:20Z</time></trkpt><trkpt lat="45.608833" lon="25.553528"><ele>967.8</ele><time>2026-07-29T10:34:22Z</time></trkpt><trkpt lat="45.60875" lon="25.553598"><ele>968.0</ele><time>2026-07-29T10:34:24Z</time></trkpt><trkpt lat="45.60867" lon="25.553633"><ele>968.8</ele><time>2026-07-29T10:34:28Z</time></trkpt><trkpt lat="45.608598" lon="25.553678"><ele>969.2</ele><time>2026-07-29T10:34:30Z</time></trkpt><trkpt lat="45.6085" lon="25.553742"><ele>969.7</ele><time>2026-07-29T10:34:33Z</time></trkpt><trkpt lat="45.6084" lon="25.553745"><ele>969.9</ele><time>2026-07-29T10:34:36Z</time></trkpt><trkpt lat="45.608328" lon="25.55384"><ele>970.2</ele><time>2026-07-29T10:34:38Z</time></trkpt><trkpt lat="45.608253" lon="25.553905"><ele>970.6</ele><time>2026-07-29T10:34:40Z</time></trkpt><trkpt lat="45.608182" lon="25.553963"><ele>971.0</ele><time>2026-07-29T10:34:42Z</time></trkpt><trkpt lat="45.608112" lon="25.554023"><ele>971.3</ele><time>2026-07-29T10:34:44Z</time></trkpt><trkpt lat="45.608042" lon="25.554068"><ele>971.5</ele><time>2026-07-29T10:34:46Z</time></trkpt><trkpt lat="45.60797" lon="25.55412"><ele>971.8</ele><time>2026-07-29T10:34:48Z</time></trkpt><trkpt lat="45.607898" lon="25.554172"><ele>972.0</ele><time>2026-07-29T10:34:50Z</time></trkpt><trkpt lat="45.607825" lon="25.554213"><ele>972.1</ele><time>2026-07-29T10:34:52Z</time></trkpt><trkpt lat="45.60776" lon="25.55426"><ele>972.3</ele><time>2026-07-29T10:34:54Z</time></trkpt><trkpt lat="45.607698" lon="25.554313"><ele>972.7</ele><time>2026-07-29T10:34:56Z</time></trkpt><trkpt lat="45.607597" lon="25.55437"><ele>973.3</ele><time>2026-07-29T10:34:59Z</time></trkpt><trkpt lat="45.607502" lon="25.554407"><ele>974.0</ele><time>2026-07-29T10:35:03Z</time></trkpt><trkpt lat="45.607413" lon="25.554407"><ele>974.6</ele><time>2026-07-29T10:35:07Z</time></trkpt><trkpt lat="45.607338" lon="25.554412"><ele>974.9</ele><time>2026-07-29T10:35:09Z</time></trkpt><trkpt lat="45.607247" lon="25.554398"><ele>975.1</ele><time>2026-07-29T10:35:12Z</time></trkpt><trkpt lat="45.607158" lon="25.554375"><ele>975.7</ele><time>2026-07-29T10:35:15Z</time></trkpt><trkpt lat="45.60708" lon="25.554335"><ele>976.5</ele><time>2026-07-29T10:35:18Z</time></trkpt><trkpt lat="45.606997" lon="25.554305"><ele>977.2</ele><time>2026-07-29T10:35:21Z</time></trkpt><trkpt lat="45.606925" lon="25.554273"><ele>978.1</ele><time>2026-07-29T10:35:24Z</time></trkpt><trkpt lat="45.606847" lon="25.554247"><ele>978.6</ele><time>2026-07-29T10:35:27Z</time></trkpt><trkpt lat="45.606768" lon="25.554217"><ele>979.4</ele><time>2026-07-29T10:35:30Z</time></trkpt><trkpt lat="45.606697" lon="25.554175"><ele>980.1</ele><time>2026-07-29T10:35:33Z</time></trkpt><trkpt lat="45.606615" lon="25.554163"><ele>980.7</ele><time>2026-07-29T10:35:36Z</time></trkpt><trkpt lat="45.606527" lon="25.554167"><ele>981.4</ele><time>2026-07-29T10:35:39Z</time></trkpt><trkpt lat="45.606442" lon="25.554133"><ele>982.1</ele><time>2026-07-29T10:35:42Z</time></trkpt><trkpt lat="45.606358" lon="25.554113"><ele>982.6</ele><time>2026-07-29T10:35:45Z</time></trkpt><trkpt lat="45.606273" lon="25.554097"><ele>983.3</ele><time>2026-07-29T10:35:48Z</time></trkpt><trkpt lat="45.606183" lon="25.554083"><ele>984.0</ele><time>2026-07-29T10:35:51Z</time></trkpt><trkpt lat="45.606098" lon="25.554057"><ele>984.8</ele><time>2026-07-29T10:35:54Z</time></trkpt><trkpt lat="45.606008" lon="25.554042"><ele>985.5</ele><time>2026-07-29T10:35:57Z</time></trkpt><trkpt lat="45.605928" lon="25.554033"><ele>986.2</ele><time>2026-07-29T10:36:00Z</time></trkpt><trkpt lat="45.605843" lon="25.554038"><ele>986.7</ele><time>2026-07-29T10:36:03Z</time></trkpt><trkpt lat="45.605748" lon="25.554033"><ele>987.3</ele><time>2026-07-29T10:36:06Z</time></trkpt><trkpt lat="45.605662" lon="25.554045"><ele>988.0</ele><time>2026-07-29T10:36:09Z</time></trkpt><trkpt lat="45.605578" lon="25.554058"><ele>988.7</ele><time>2026-07-29T10:36:12Z</time></trkpt><trkpt lat="45.605507" lon="25.55408"><ele>989.2</ele><time>2026-07-29T10:36:15Z</time></trkpt><trkpt lat="45.605435" lon="25.554092"><ele>989.7</ele><time>2026-07-29T10:36:18Z</time></trkpt><trkpt lat="45.60535" lon="25.554093"><ele>989.8</ele><time>2026-07-29T10:36:21Z</time></trkpt><trkpt lat="45.605267" lon="25.554117"><ele>990.3</ele><time>2026-07-29T10:36:24Z</time></trkpt><trkpt lat="45.605185" lon="25.554173"><ele>991.1</ele><time>2026-07-29T10:36:27Z</time></trkpt><trkpt lat="45.605097" lon="25.554208"><ele>991.8</ele><time>2026-07-29T10:36:30Z</time></trkpt><trkpt lat="45.605017" lon="25.554257"><ele>992.0</ele><time>2026-07-29T10:36:33Z</time></trkpt><trkpt lat="45.60494" lon="25.554297"><ele>992.6</ele><time>2026-07-29T10:36:36Z</time></trkpt><trkpt lat="45.604858" lon="25.55434"><ele>993.2</ele><time>2026-07-29T10:36:39Z</time></trkpt><trkpt lat="45.604782" lon="25.554367"><ele>993.7</ele><time>2026-07-29T10:36:41Z</time></trkpt><trkpt lat="45.604712" lon="25.554418"><ele>994.0</ele><time>2026-07-29T10:36:43Z</time></trkpt><trkpt lat="45.604635" lon="25.554453"><ele>994.1</ele><time>2026-07-29T10:36:45Z</time></trkpt><trkpt lat="45.604538" lon="25.554505"><ele>994.5</ele><time>2026-07-29T10:36:48Z</time></trkpt><trkpt lat="45.604443" lon="25.55454"><ele>995.1</ele><time>2026-07-29T10:36:51Z</time></trkpt><trkpt lat="45.604357" lon="25.554583"><ele>995.7</ele><time>2026-07-29T10:36:54Z</time></trkpt><trkpt lat="45.604273" lon="25.554625"><ele>996.1</ele><time>2026-07-29T10:36:57Z</time></trkpt><trkpt lat="45.6042" lon="25.554662"><ele>996.9</ele><time>2026-07-29T10:37:01Z</time></trkpt><trkpt lat="45.604117" lon="25.554718"><ele>997.6</ele><time>2026-07-29T10:37:05Z</time></trkpt><trkpt lat="45.604037" lon="25.554767"><ele>998.5</ele><time>2026-07-29T10:37:09Z</time></trkpt><trkpt lat="45.603943" lon="25.554807"><ele>999.0</ele><time>2026-07-29T10:37:13Z</time></trkpt><trkpt lat="45.603873" lon="25.554838"><ele>999.5</ele><time>2026-07-29T10:37:16Z</time></trkpt><trkpt lat="45.603803" lon="25.554868"><ele>999.9</ele><time>2026-07-29T10:37:19Z</time></trkpt><trkpt lat="45.603713" lon="25.5549"><ele>1000.6</ele><time>2026-07-29T10:37:23Z</time></trkpt><trkpt lat="45.603625" lon="25.554942"><ele>1001.4</ele><time>2026-07-29T10:37:27Z</time></trkpt><trkpt lat="45.603557" lon="25.554983"><ele>1001.8</ele><time>2026-07-29T10:37:30Z</time></trkpt><trkpt lat="45.603485" lon="25.554992"><ele>1002.3</ele><time>2026-07-29T10:37:33Z</time></trkpt><trkpt lat="45.603412" lon="25.555007"><ele>1002.8</ele><time>2026-07-29T10:37:36Z</time></trkpt><trkpt lat="45.603318" lon="25.555025"><ele>1003.3</ele><time>2026-07-29T10:37:40Z</time></trkpt><trkpt lat="45.603232" lon="25.555005"><ele>1004.0</ele><time>2026-07-29T10:37:44Z</time></trkpt><trkpt lat="45.603162" lon="25.554932"><ele>1004.5</ele><time>2026-07-29T10:37:48Z</time></trkpt><trkpt lat="45.60308" lon="25.55488"><ele>1005.2</ele><time>2026-07-29T10:37:52Z</time></trkpt><trkpt lat="45.603042" lon="25.554767"><ele>1005.8</ele><time>2026-07-29T10:37:56Z</time></trkpt><trkpt lat="45.60299" lon="25.554687"><ele>1006.2</ele><time>2026-07-29T10:37:59Z</time></trkpt><trkpt lat="45.602943" lon="25.55458"><ele>1006.7</ele><time>2026-07-29T10:38:03Z</time></trkpt><trkpt lat="45.60291" lon="25.55446"><ele>1007.2</ele><time>2026-07-29T10:38:07Z</time></trkpt><trkpt lat="45.602905" lon="25.554318"><ele>1007.9</ele><time>2026-07-29T10:38:11Z</time></trkpt><trkpt lat="45.602905" lon="25.554198"><ele>1008.7</ele><time>2026-07-29T10:38:15Z</time></trkpt><trkpt lat="45.602903" lon="25.554078"><ele>1009.3</ele><time>2026-07-29T10:38:18Z</time></trkpt><trkpt lat="45.602877" lon="25.553948"><ele>1010.0</ele><time>2026-07-29T10:38:21Z</time></trkpt><trkpt lat="45.602863" lon="25.553825"><ele>1010.4</ele><time>2026-07-29T10:38:24Z</time></trkpt><trkpt lat="45.602842" lon="25.55371"><ele>1010.7</ele><time>2026-07-29T10:38:26Z</time></trkpt><trkpt lat="45.60281" lon="25.553595"><ele>1011.2</ele><time>2026-07-29T10:38:29Z</time></trkpt><trkpt lat="45.602765" lon="25.553483"><ele>1011.7</ele><time>2026-07-29T10:38:32Z</time></trkpt><trkpt lat="45.602723" lon="25.553373"><ele>1012.2</ele><time>2026-07-29T10:38:35Z</time></trkpt><trkpt lat="45.602672" lon="25.553283"><ele>1012.7</ele><time>2026-07-29T10:38:38Z</time></trkpt><trkpt lat="45.602625" lon="25.553202"><ele>1013.0</ele><time>2026-07-29T10:38:41Z</time></trkpt><trkpt lat="45.602557" lon="25.553135"><ele>1013.5</ele><time>2026-07-29T10:38:44Z</time></trkpt><trkpt lat="45.602488" lon="25.553075"><ele>1014.1</ele><time>2026-07-29T10:38:48Z</time></trkpt><trkpt lat="45.602408" lon="25.553035"><ele>1014.8</ele><time>2026-07-29T10:38:53Z</time></trkpt><trkpt lat="45.60234" lon="25.552988"><ele>1015.5</ele><time>2026-07-29T10:38:58Z</time></trkpt><trkpt lat="45.602263" lon="25.552943"><ele>1016.2</ele><time>2026-07-29T10:39:01Z</time></trkpt><trkpt lat="45.602177" lon="25.552895"><ele>1017.1</ele><time>2026-07-29T10:39:05Z</time></trkpt><trkpt lat="45.602088" lon="25.552868"><ele>1017.9</ele><time>2026-07-29T10:39:09Z</time></trkpt><trkpt lat="45.602012" lon="25.552822"><ele>1018.7</ele><time>2026-07-29T10:39:13Z</time></trkpt><trkpt lat="45.601932" lon="25.552817"><ele>1019.2</ele><time>2026-07-29T10:39:16Z</time></trkpt><trkpt lat="45.601848" lon="25.552773"><ele>1020.1</ele><time>2026-07-29T10:39:20Z</time></trkpt><trkpt lat="45.601768" lon="25.552758"><ele>1020.9</ele><time>2026-07-29T10:39:23Z</time></trkpt><trkpt lat="45.601685" lon="25.552742"><ele>1021.6</ele><time>2026-07-29T10:39:26Z</time></trkpt><trkpt lat="45.601613" lon="25.552698"><ele>1022.3</ele><time>2026-07-29T10:39:29Z</time></trkpt><trkpt lat="45.601542" lon="25.552657"><ele>1022.7</ele><time>2026-07-29T10:39:32Z</time></trkpt><trkpt lat="45.601455" lon="25.55266"><ele>1023.4</ele><time>2026-07-29T10:39:35Z</time></trkpt><trkpt lat="45.60138" lon="25.552637"><ele>1024.0</ele><time>2026-07-29T10:39:38Z</time></trkpt><trkpt lat="45.601285" lon="25.5526"><ele>1024.9</ele><time>2026-07-29T10:39:42Z</time></trkpt><trkpt lat="45.601198" lon="25.552585"><ele>1025.6</ele><time>2026-07-29T10:39:45Z</time></trkpt><trkpt lat="45.601115" lon="25.552585"><ele>1026.2</ele><time>2026-07-29T10:39:48Z</time></trkpt><trkpt lat="45.601022" lon="25.552602"><ele>1026.7</ele><time>2026-07-29T10:39:51Z</time></trkpt><trkpt lat="45.60092" lon="25.552627"><ele>1027.2</ele><time>2026-07-29T10:39:54Z</time></trkpt><trkpt lat="45.600847" lon="25.55262"><ele>1027.5</ele><time>2026-07-29T10:39:56Z</time></trkpt><trkpt lat="45.600747" lon="25.55261"><ele>1027.9</ele><time>2026-07-29T10:39:59Z</time></trkpt><trkpt lat="45.600648" lon="25.552622"><ele>1028.3</ele><time>2026-07-29T10:40:02Z</time></trkpt><trkpt lat="45.600558" lon="25.552635"><ele>1028.7</ele><time>2026-07-29T10:40:05Z</time></trkpt><trkpt lat="45.600467" lon="25.552688"><ele>1029.0</ele><time>2026-07-29T10:40:08Z</time></trkpt><trkpt lat="45.600367" lon="25.552715"><ele>1029.4</ele><time>2026-07-29T10:40:11Z</time></trkpt><trkpt lat="45.600273" lon="25.552765"><ele>1029.9</ele><time>2026-07-29T10:40:14Z</time></trkpt><trkpt lat="45.600175" lon="25.552813"><ele>1030.4</ele><time>2026-07-29T10:40:17Z</time></trkpt><trkpt lat="45.600082" lon="25.55286"><ele>1031.1</ele><time>2026-07-29T10:40:21Z</time></trkpt><trkpt lat="45.599987" lon="25.552892"><ele>1031.7</ele><time>2026-07-29T10:40:24Z</time></trkpt><trkpt lat="45.599915" lon="25.552875"><ele>1032.0</ele><time>2026-07-29T10:40:27Z</time></trkpt><trkpt lat="45.599852" lon="25.552813"><ele>1032.6</ele><time>2026-07-29T10:40:30Z</time></trkpt><trkpt lat="45.599793" lon="25.552738"><ele>1033.1</ele><time>2026-07-29T10:40:33Z</time></trkpt><trkpt lat="45.599725" lon="25.552645"><ele>1033.7</ele><time>2026-07-29T10:40:37Z</time></trkpt><trkpt lat="45.599667" lon="25.552542"><ele>1034.6</ele><time>2026-07-29T10:40:41Z</time></trkpt><trkpt lat="45.599648" lon="25.55244"><ele>1035.0</ele><time>2026-07-29T10:40:44Z</time></trkpt><trkpt lat="45.599628" lon="25.552322"><ele>1035.5</ele><time>2026-07-29T10:40:47Z</time></trkpt><trkpt lat="45.599602" lon="25.552213"><ele>1036.1</ele><time>2026-07-29T10:40:50Z</time></trkpt><trkpt lat="45.599568" lon="25.552102"><ele>1036.6</ele><time>2026-07-29T10:40:53Z</time></trkpt><trkpt lat="45.599525" lon="25.551987"><ele>1037.2</ele><time>2026-07-29T10:40:56Z</time></trkpt><trkpt lat="45.599485" lon="25.551887"><ele>1037.7</ele><time>2026-07-29T10:40:59Z</time></trkpt><trkpt lat="45.59943" lon="25.551787"><ele>1038.4</ele><time>2026-07-29T10:41:02Z</time></trkpt><trkpt lat="45.599367" lon="25.5517"><ele>1039.1</ele><time>2026-07-29T10:41:05Z</time></trkpt><trkpt lat="45.59929" lon="25.551643"><ele>1039.7</ele><time>2026-07-29T10:41:08Z</time></trkpt><trkpt lat="45.599215" lon="25.551608"><ele>1040.3</ele><time>2026-07-29T10:41:11Z</time></trkpt><trkpt lat="45.599122" lon="25.551603"><ele>1040.9</ele><time>2026-07-29T10:41:14Z</time></trkpt><trkpt lat="45.599027" lon="25.551632"><ele>1041.3</ele><time>2026-07-29T10:41:16Z</time></trkpt><trkpt lat="45.59893" lon="25.551638"><ele>1041.9</ele><time>2026-07-29T10:41:20Z</time></trkpt><trkpt lat="45.598837" lon="25.551663"><ele>1042.2</ele><time>2026-07-29T10:41:23Z</time></trkpt><trkpt lat="45.598758" lon="25.551712"><ele>1042.8</ele><time>2026-07-29T10:41:26Z</time></trkpt><trkpt lat="45.59868" lon="25.551727"><ele>1043.3</ele><time>2026-07-29T10:41:29Z</time></trkpt><trkpt lat="45.598587" lon="25.551787"><ele>1043.6</ele><time>2026-07-29T10:41:32Z</time></trkpt><trkpt lat="45.598515" lon="25.551827"><ele>1043.8</ele><time>2026-07-29T10:41:34Z</time></trkpt><trkpt lat="45.598425" lon="25.551875"><ele>1044.5</ele><time>2026-07-29T10:41:37Z</time></trkpt><trkpt lat="45.598345" lon="25.551917"><ele>1045.1</ele><time>2026-07-29T10:41:41Z</time></trkpt><trkpt lat="45.59826" lon="25.551967"><ele>1045.8</ele><time>2026-07-29T10:41:44Z</time></trkpt><trkpt lat="45.598192" lon="25.552008"><ele>1046.2</ele><time>2026-07-29T10:41:46Z</time></trkpt><trkpt lat="45.598097" lon="25.552063"><ele>1046.8</ele><time>2026-07-29T10:41:49Z</time></trkpt><trkpt lat="45.598005" lon="25.55212"><ele>1047.3</ele><time>2026-07-29T10:41:52Z</time></trkpt><trkpt lat="45.597918" lon="25.552173"><ele>1048.0</ele><time>2026-07-29T10:41:55Z</time></trkpt><trkpt lat="45.59782" lon="25.552225"><ele>1048.4</ele><time>2026-07-29T10:41:58Z</time></trkpt><trkpt lat="45.597718" lon="25.552268"><ele>1048.6</ele><time>2026-07-29T10:42:01Z</time></trkpt><trkpt lat="45.597647" lon="25.552313"><ele>1048.7</ele><time>2026-07-29T10:42:03Z</time></trkpt><trkpt lat="45.597573" lon="25.552312"><ele>1048.9</ele><time>2026-07-29T10:42:07Z</time></trkpt><trkpt lat="45.597505" lon="25.552345"><ele>1048.9</ele><time>2026-07-29T10:42:09Z</time></trkpt><trkpt lat="45.597412" lon="25.552385"><ele>1049.0</ele><time>2026-07-29T10:42:11Z</time></trkpt><trkpt lat="45.597128" lon="25.552587"><ele>1048.9</ele><time>2026-07-29T10:42:12Z</time></trkpt><trkpt lat="45.597022" lon="25.55264"><ele>1048.5</ele><time>2026-07-29T10:42:14Z</time></trkpt><trkpt lat="45.596903" lon="25.552695"><ele>1048.2</ele><time>2026-07-29T10:42:16Z</time></trkpt><trkpt lat="45.596775" lon="25.552752"><ele>1047.8</ele><time>2026-07-29T10:42:18Z</time></trkpt><trkpt lat="45.596643" lon="25.552808"><ele>1046.2</ele><time>2026-07-29T10:42:20Z</time></trkpt><trkpt lat="45.596515" lon="25.552875"><ele>1044.4</ele><time>2026-07-29T10:42:22Z</time></trkpt><trkpt lat="45.596445" lon="25.552913"><ele>1043.6</ele><time>2026-07-29T10:42:23Z</time></trkpt><trkpt lat="45.596372" lon="25.552945"><ele>1043.2</ele><time>2026-07-29T10:42:24Z</time></trkpt><trkpt lat="45.5963" lon="25.552983"><ele>1043.2</ele><time>2026-07-29T10:42:25Z</time></trkpt><trkpt lat="45.596167" lon="25.553047"><ele>1043.3</ele><time>2026-07-29T10:42:27Z</time></trkpt><trkpt lat="45.596038" lon="25.552988"><ele>1043.4</ele><time>2026-07-29T10:42:29Z</time></trkpt><trkpt lat="45.595908" lon="25.552912"><ele>1042.7</ele><time>2026-07-29T10:42:31Z</time></trkpt><trkpt lat="45.59578" lon="25.552858"><ele>1041.7</ele><time>2026-07-29T10:42:33Z</time></trkpt><trkpt lat="45.595648" lon="25.552882"><ele>1041.3</ele><time>2026-07-29T10:42:35Z</time></trkpt><trkpt lat="45.595537" lon="25.552905"><ele>1041.8</ele><time>2026-07-29T10:42:37Z</time></trkpt><trkpt lat="45.595425" lon="25.552925"><ele>1042.2</ele><time>2026-07-29T10:42:39Z</time></trkpt><trkpt lat="45.595315" lon="25.552948"><ele>1042.2</ele><time>2026-07-29T10:42:41Z</time></trkpt><trkpt lat="45.595213" lon="25.552972"><ele>1041.9</ele><time>2026-07-29T10:42:43Z</time></trkpt><trkpt lat="45.595122" lon="25.552997"><ele>1041.6</ele><time>2026-07-29T10:42:45Z</time></trkpt><trkpt lat="45.595037" lon="25.553032"><ele>1041.3</ele><time>2026-07-29T10:42:47Z</time></trkpt><trkpt lat="45.594952" lon="25.553088"><ele>1041.0</ele><time>2026-07-29T10:42:50Z</time></trkpt><trkpt lat="45.594925" lon="25.553188"><ele>1041.0</ele><time>2026-07-29T10:42:53Z</time></trkpt><trkpt lat="45.594935" lon="25.553293"><ele>1041.0</ele><time>2026-07-29T10:43:26Z</time></trkpt><trkpt lat="45.594942" lon="25.553425"><ele>1041.2</ele><time>2026-07-29T10:43:30Z</time></trkpt><trkpt lat="45.594885" lon="25.553518"><ele>1041.6</ele><time>2026-07-29T10:43:34Z</time></trkpt><trkpt lat="45.594807" lon="25.553535"><ele>1041.9</ele><time>2026-07-29T10:43:39Z</time></trkpt><trkpt lat="45.59474" lon="25.553603"><ele>1041.8</ele><time>2026-07-29T10:45:08Z</time></trkpt><trkpt lat="45.594667" lon="25.553638"><ele>1041.9</ele><time>2026-07-29T10:45:12Z</time></trkpt><trkpt lat="45.594572" lon="25.553645"><ele>1042.0</ele><time>2026-07-29T10:45:16Z</time></trkpt><trkpt lat="45.594488" lon="25.55366"><ele>1042.2</ele><time>2026-07-29T10:45:20Z</time></trkpt><trkpt lat="45.594398" lon="25.55367"><ele>1042.3</ele><time>2026-07-29T10:45:23Z</time></trkpt><trkpt lat="45.594312" lon="25.553655"><ele>1042.0</ele><time>2026-07-29T10:45:26Z</time></trkpt><trkpt lat="45.594232" lon="25.553638"><ele>1041.4</ele><time>2026-07-29T10:45:30Z</time></trkpt><trkpt lat="45.594152" lon="25.553603"><ele>1041.2</ele><time>2026-07-29T10:45:33Z</time></trkpt><trkpt lat="45.594067" lon="25.553557"><ele>1041.1</ele><time>2026-07-29T10:45:36Z</time></trkpt><trkpt lat="45.59399" lon="25.5535"><ele>1041.2</ele><time>2026-07-29T10:45:39Z</time></trkpt><trkpt lat="45.593908" lon="25.553437"><ele>1041.2</ele><time>2026-07-29T10:45:42Z</time></trkpt><trkpt lat="45.593838" lon="25.553362"><ele>1041.2</ele><time>2026-07-29T10:45:45Z</time></trkpt><trkpt lat="45.593765" lon="25.553282"><ele>1041.2</ele><time>2026-07-29T10:45:48Z</time></trkpt><trkpt lat="45.593682" lon="25.55319"><ele>1041.1</ele><time>2026-07-29T10:45:51Z</time></trkpt><trkpt lat="45.593603" lon="25.553092"><ele>1041.0</ele><time>2026-07-29T10:45:54Z</time></trkpt><trkpt lat="45.593528" lon="25.552987"><ele>1040.9</ele><time>2026-07-29T10:45:57Z</time></trkpt><trkpt lat="45.59345" lon="25.55289"><ele>1040.8</ele><time>2026-07-29T10:46:00Z</time></trkpt><trkpt lat="45.593375" lon="25.552782"><ele>1040.6</ele><time>2026-07-29T10:46:03Z</time></trkpt><trkpt lat="45.593295" lon="25.55268"><ele>1040.3</ele><time>2026-07-29T10:46:06Z</time></trkpt><trkpt lat="45.593242" lon="25.55261"><ele>1040.2</ele><time>2026-07-29T10:46:08Z</time></trkpt><trkpt lat="45.59318" lon="25.552528"><ele>1040.1</ele><time>2026-07-29T10:46:10Z</time></trkpt><trkpt lat="45.59312" lon="25.552453"><ele>1039.9</ele><time>2026-07-29T10:46:12Z</time></trkpt><trkpt lat="45.59306" lon="25.552377"><ele>1039.9</ele><time>2026-07-29T10:46:14Z</time></trkpt><trkpt lat="45.592998" lon="25.552302"><ele>1039.7</ele><time>2026-07-29T10:46:16Z</time></trkpt><trkpt lat="45.592942" lon="25.552222"><ele>1039.2</ele><time>2026-07-29T10:46:18Z</time></trkpt><trkpt lat="45.592885" lon="25.552147"><ele>1038.7</ele><time>2026-07-29T10:46:20Z</time></trkpt><trkpt lat="45.592827" lon="25.552077"><ele>1038.3</ele><time>2026-07-29T10:46:22Z</time></trkpt><trkpt lat="45.59277" lon="25.551992"><ele>1038.3</ele><time>2026-07-29T10:46:24Z</time></trkpt><trkpt lat="45.592703" lon="25.551917"><ele>1038.2</ele><time>2026-07-29T10:46:26Z</time></trkpt><trkpt lat="45.592645" lon="25.551828"><ele>1038.1</ele><time>2026-07-29T10:46:28Z</time></trkpt><trkpt lat="45.592582" lon="25.551747"><ele>1038.1</ele><time>2026-07-29T10:46:30Z</time></trkpt><trkpt lat="45.592503" lon="25.551703"><ele>1038.2</ele><time>2026-07-29T10:46:32Z</time></trkpt><trkpt lat="45.592428" lon="25.55166"><ele>1038.4</ele><time>2026-07-29T10:46:34Z</time></trkpt><trkpt lat="45.592372" lon="25.551575"><ele>1038.3</ele><time>2026-07-29T10:46:36Z</time></trkpt><trkpt lat="45.592315" lon="25.55149"><ele>1038.2</ele><time>2026-07-29T10:46:38Z</time></trkpt><trkpt lat="45.592252" lon="25.551408"><ele>1038.1</ele><time>2026-07-29T10:46:40Z</time></trkpt><trkpt lat="45.592198" lon="25.551335"><ele>1037.9</ele><time>2026-07-29T10:46:42Z</time></trkpt><trkpt lat="45.592142" lon="25.551257"><ele>1037.8</ele><time>2026-07-29T10:46:44Z</time></trkpt><trkpt lat="45.592085" lon="25.551183"><ele>1037.7</ele><time>2026-07-29T10:46:46Z</time></trkpt><trkpt lat="45.592028" lon="25.551107"><ele>1037.7</ele><time>2026-07-29T10:46:48Z</time></trkpt><trkpt lat="45.591975" lon="25.551035"><ele>1037.7</ele><time>2026-07-29T10:46:50Z</time></trkpt><trkpt lat="45.591918" lon="25.550963"><ele>1037.6</ele><time>2026-07-29T10:46:52Z</time></trkpt><trkpt lat="45.591835" lon="25.550883"><ele>1037.7</ele><time>2026-07-29T10:46:55Z</time></trkpt><trkpt lat="45.591752" lon="25.550812"><ele>1037.7</ele><time>2026-07-29T10:46:58Z</time></trkpt><trkpt lat="45.591682" lon="25.550753"><ele>1037.7</ele><time>2026-07-29T10:47:01Z</time></trkpt><trkpt lat="45.591597" lon="25.5507"><ele>1038.1</ele><time>2026-07-29T10:47:05Z</time></trkpt><trkpt lat="45.591523" lon="25.550658"><ele>1038.3</ele><time>2026-07-29T10:47:08Z</time></trkpt><trkpt lat="45.591452" lon="25.550615"><ele>1038.7</ele><time>2026-07-29T10:47:11Z</time></trkpt><trkpt lat="45.591372" lon="25.550587"><ele>1039.0</ele><time>2026-07-29T10:47:14Z</time></trkpt><trkpt lat="45.591295" lon="25.550557"><ele>1039.4</ele><time>2026-07-29T10:47:17Z</time></trkpt><trkpt lat="45.591215" lon="25.550538"><ele>1039.8</ele><time>2026-07-29T10:47:20Z</time></trkpt><trkpt lat="45.591133" lon="25.550527"><ele>1040.2</ele><time>2026-07-29T10:47:23Z</time></trkpt><trkpt lat="45.591057" lon="25.550517"><ele>1040.7</ele><time>2026-07-29T10:47:26Z</time></trkpt><trkpt lat="45.590982" lon="25.550508"><ele>1041.0</ele><time>2026-07-29T10:47:29Z</time></trkpt><trkpt lat="45.590887" lon="25.550507"><ele>1041.5</ele><time>2026-07-29T10:47:33Z</time></trkpt><trkpt lat="45.590793" lon="25.550512"><ele>1042.2</ele><time>2026-07-29T10:47:37Z</time></trkpt><trkpt lat="45.590705" lon="25.550527"><ele>1042.8</ele><time>2026-07-29T10:47:41Z</time></trkpt><trkpt lat="45.590618" lon="25.550558"><ele>1043.4</ele><time>2026-07-29T10:47:45Z</time></trkpt><trkpt lat="45.590538" lon="25.550605"><ele>1044.1</ele><time>2026-07-29T10:47:49Z</time></trkpt><trkpt lat="45.590458" lon="25.550637"><ele>1044.7</ele><time>2026-07-29T10:47:53Z</time></trkpt><trkpt lat="45.590382" lon="25.55066"><ele>1045.4</ele><time>2026-07-29T10:47:57Z</time></trkpt><trkpt lat="45.590297" lon="25.550713"><ele>1045.8</ele><time>2026-07-29T10:48:01Z</time></trkpt><trkpt lat="45.590215" lon="25.55075"><ele>1046.5</ele><time>2026-07-29T10:48:05Z</time></trkpt><trkpt lat="45.590132" lon="25.55079"><ele>1047.2</ele><time>2026-07-29T10:48:09Z</time></trkpt><trkpt lat="45.590052" lon="25.550837"><ele>1047.8</ele><time>2026-07-29T10:48:13Z</time></trkpt><trkpt lat="45.589975" lon="25.550882"><ele>1048.2</ele><time>2026-07-29T10:48:17Z</time></trkpt><trkpt lat="45.589898" lon="25.550922"><ele>1048.9</ele><time>2026-07-29T10:48:21Z</time></trkpt><trkpt lat="45.58982" lon="25.550967"><ele>1049.6</ele><time>2026-07-29T10:48:25Z</time></trkpt><trkpt lat="45.589743" lon="25.551008"><ele>1050.3</ele><time>2026-07-29T10:48:29Z</time></trkpt><trkpt lat="45.589667" lon="25.551042"><ele>1050.7</ele><time>2026-07-29T10:48:33Z</time></trkpt><trkpt lat="45.589593" lon="25.551083"><ele>1051.3</ele><time>2026-07-29T10:48:37Z</time></trkpt><trkpt lat="45.589522" lon="25.551125"><ele>1047.7</ele><time>2026-07-29T10:48:41Z</time></trkpt><trkpt lat="45.589442" lon="25.551162"><ele>1048.3</ele><time>2026-07-29T10:48:45Z</time></trkpt><trkpt lat="45.589362" lon="25.551192"><ele>1049.0</ele><time>2026-07-29T10:48:49Z</time></trkpt><trkpt lat="45.589278" lon="25.551227"><ele>1049.6</ele><time>2026-07-29T10:48:53Z</time></trkpt><trkpt lat="45.5892" lon="25.551258"><ele>1050.3</ele><time>2026-07-29T10:48:57Z</time></trkpt><trkpt lat="45.589115" lon="25.551277"><ele>1051.1</ele><time>2026-07-29T10:49:01Z</time></trkpt><trkpt lat="45.589028" lon="25.551288"><ele>1051.9</ele><time>2026-07-29T10:49:05Z</time></trkpt><trkpt lat="45.588943" lon="25.551295"><ele>1052.6</ele><time>2026-07-29T10:49:09Z</time></trkpt><trkpt lat="45.588858" lon="25.551292"><ele>1053.5</ele><time>2026-07-29T10:49:13Z</time></trkpt><trkpt lat="45.588765" lon="25.551282"><ele>1054.5</ele><time>2026-07-29T10:49:17Z</time></trkpt><trkpt lat="45.588692" lon="25.551277"><ele>1055.2</ele><time>2026-07-29T10:49:20Z</time></trkpt><trkpt lat="45.58862" lon="25.551278"><ele>1055.9</ele><time>2026-07-29T10:49:23Z</time></trkpt><trkpt lat="45.588547" lon="25.55126"><ele>1056.4</ele><time>2026-07-29T10:49:26Z</time></trkpt><trkpt lat="45.588468" lon="25.55126"><ele>1057.1</ele><time>2026-07-29T10:49:29Z</time></trkpt><trkpt lat="45.588377" lon="25.55126"><ele>1057.8</ele><time>2026-07-29T10:49:33Z</time></trkpt><trkpt lat="45.588288" lon="25.551297"><ele>1058.4</ele><time>2026-07-29T10:49:37Z</time></trkpt><trkpt lat="45.588213" lon="25.55132"><ele>1058.9</ele><time>2026-07-29T10:49:40Z</time></trkpt><trkpt lat="45.58814" lon="25.551333"><ele>1059.4</ele><time>2026-07-29T10:49:44Z</time></trkpt><trkpt lat="45.588063" lon="25.55133"><ele>1060.0</ele><time>2026-07-29T10:49:48Z</time></trkpt><trkpt lat="45.587998" lon="25.551282"><ele>1060.7</ele><time>2026-07-29T10:49:52Z</time></trkpt><trkpt lat="45.587918" lon="25.551292"><ele>1061.2</ele><time>2026-07-29T10:49:56Z</time></trkpt><trkpt lat="45.587845" lon="25.551293"><ele>1062.1</ele><time>2026-07-29T10:50:00Z</time></trkpt><trkpt lat="45.587777" lon="25.551335"><ele>1062.3</ele><time>2026-07-29T10:59:36Z</time></trkpt><trkpt lat="45.58777" lon="25.551445"><ele>1062.6</ele><time>2026-07-29T10:59:43Z</time></trkpt><trkpt lat="45.587768" lon="25.551562"><ele>1063.2</ele><time>2026-07-29T10:59:51Z</time></trkpt><trkpt lat="45.58778" lon="25.551665"><ele>1064.7</ele><time>2026-07-29T11:00:04Z</time></trkpt><trkpt lat="45.587833" lon="25.55157"><ele>1064.9</ele><time>2026-07-29T11:01:08Z</time></trkpt><trkpt lat="45.58779" lon="25.55166"><ele>1064.4</ele><time>2026-07-29T11:01:45Z</time></trkpt><trkpt lat="45.587872" lon="25.551718"><ele>1051.4</ele><time>2026-07-29T11:16:52Z</time></trkpt><trkpt lat="45.587802" lon="25.551687"><ele>1051.4</ele><time>2026-07-29T11:16:56Z</time></trkpt><trkpt lat="45.587668" lon="25.551647"><ele>1070.8</ele><time>2026-07-29T11:38:58Z</time></trkpt><trkpt lat="45.587753" lon="25.551685"><ele>1071.0</ele><time>2026-07-29T11:39:08Z</time></trkpt><trkpt lat="45.587808" lon="25.55161"><ele>1071.4</ele><time>2026-07-29T11:40:56Z</time></trkpt><trkpt lat="45.587788" lon="25.551495"><ele>1071.0</ele><time>2026-07-29T11:41:06Z</time></trkpt><trkpt lat="45.587707" lon="25.551423"><ele>1070.2</ele><time>2026-07-29T11:43:01Z</time></trkpt><trkpt lat="45.587747" lon="25.551337"><ele>1070.3</ele><time>2026-07-29T11:43:12Z</time></trkpt><trkpt lat="45.58783" lon="25.551363"><ele>1070.4</ele><time>2026-07-29T11:43:16Z</time></trkpt><trkpt lat="45.587907" lon="25.551368"><ele>1070.4</ele><time>2026-07-29T11:43:19Z</time></trkpt><trkpt lat="45.587995" lon="25.551368"><ele>1070.0</ele><time>2026-07-29T11:43:22Z</time></trkpt><trkpt lat="45.588092" lon="25.551392"><ele>1069.2</ele><time>2026-07-29T11:43:25Z</time></trkpt><trkpt lat="45.588165" lon="25.55138"><ele>1068.8</ele><time>2026-07-29T11:43:27Z</time></trkpt><trkpt lat="45.588247" lon="25.551365"><ele>1068.7</ele><time>2026-07-29T11:43:29Z</time></trkpt><trkpt lat="45.588328" lon="25.551357"><ele>1068.6</ele><time>2026-07-29T11:43:31Z</time></trkpt><trkpt lat="45.588407" lon="25.55136"><ele>1068.3</ele><time>2026-07-29T11:43:33Z</time></trkpt><trkpt lat="45.58849" lon="25.55135"><ele>1067.5</ele><time>2026-07-29T11:43:35Z</time></trkpt><trkpt lat="45.588573" lon="25.551348"><ele>1066.6</ele><time>2026-07-29T11:43:37Z</time></trkpt><trkpt lat="45.588658" lon="25.551338"><ele>1065.8</ele><time>2026-07-29T11:43:39Z</time></trkpt><trkpt lat="45.588755" lon="25.551332"><ele>1065.1</ele><time>2026-07-29T11:43:41Z</time></trkpt><trkpt lat="45.588868" lon="25.551347"><ele>1064.5</ele><time>2026-07-29T11:43:43Z</time></trkpt><trkpt lat="45.589002" lon="25.551327"><ele>1064.2</ele><time>2026-07-29T11:43:45Z</time></trkpt><trkpt lat="45.589143" lon="25.551312"><ele>1063.9</ele><time>2026-07-29T11:43:47Z</time></trkpt><trkpt lat="45.58922" lon="25.551295"><ele>1063.6</ele><time>2026-07-29T11:43:48Z</time></trkpt><trkpt lat="45.589297" lon="25.55127"><ele>1063.2</ele><time>2026-07-29T11:43:49Z</time></trkpt><trkpt lat="45.589372" lon="25.551238"><ele>1062.7</ele><time>2026-07-29T11:43:50Z</time></trkpt><trkpt lat="45.589448" lon="25.551192"><ele>1062.0</ele><time>2026-07-29T11:43:51Z</time></trkpt><trkpt lat="45.589527" lon="25.551147"><ele>1061.1</ele><time>2026-07-29T11:43:52Z</time></trkpt><trkpt lat="45.589608" lon="25.551098"><ele>1060.5</ele><time>2026-07-29T11:43:53Z</time></trkpt><trkpt lat="45.589697" lon="25.551058"><ele>1059.8</ele><time>2026-07-29T11:43:54Z</time></trkpt><trkpt lat="45.589782" lon="25.551013"><ele>1059.0</ele><time>2026-07-29T11:43:55Z</time></trkpt><trkpt lat="45.589868" lon="25.550965"><ele>1058.3</ele><time>2026-07-29T11:43:56Z</time></trkpt><trkpt lat="45.589955" lon="25.55092"><ele>1057.6</ele><time>2026-07-29T11:43:57Z</time></trkpt><trkpt lat="45.590037" lon="25.550877"><ele>1056.8</ele><time>2026-07-29T11:43:58Z</time></trkpt><trkpt lat="45.59012" lon="25.550835"><ele>1056.0</ele><time>2026-07-29T11:43:59Z</time></trkpt><trkpt lat="45.590197" lon="25.550793"><ele>1055.3</ele><time>2026-07-29T11:44:00Z</time></trkpt><trkpt lat="45.590265" lon="25.550757"><ele>1054.5</ele><time>2026-07-29T11:44:01Z</time></trkpt><trkpt lat="45.59039" lon="25.550695"><ele>1053.0</ele><time>2026-07-29T11:44:03Z</time></trkpt><trkpt lat="45.590515" lon="25.550632"><ele>1052.2</ele><time>2026-07-29T11:44:05Z</time></trkpt><trkpt lat="45.590637" lon="25.550563"><ele>1050.7</ele><time>2026-07-29T11:44:07Z</time></trkpt><trkpt lat="45.590763" lon="25.550525"><ele>1049.6</ele><time>2026-07-29T11:44:09Z</time></trkpt><trkpt lat="45.59088" lon="25.55047"><ele>1048.8</ele><time>2026-07-29T11:44:11Z</time></trkpt><trkpt lat="45.591012" lon="25.550468"><ele>1047.8</ele><time>2026-07-29T11:44:13Z</time></trkpt><trkpt lat="45.59113" lon="25.55048"><ele>1046.8</ele><time>2026-07-29T11:44:15Z</time></trkpt><trkpt lat="45.591237" lon="25.550505"><ele>1045.8</ele><time>2026-07-29T11:44:17Z</time></trkpt><trkpt lat="45.591337" lon="25.550523"><ele>1044.8</ele><time>2026-07-29T11:44:19Z</time></trkpt><trkpt lat="45.591433" lon="25.550552"><ele>1044.4</ele><time>2026-07-29T11:44:21Z</time></trkpt><trkpt lat="45.59151" lon="25.550598"><ele>1043.8</ele><time>2026-07-29T11:44:23Z</time></trkpt><trkpt lat="45.591583" lon="25.550642"><ele>1043.5</ele><time>2026-07-29T11:44:25Z</time></trkpt><trkpt lat="45.591673" lon="25.550718"><ele>1042.9</ele><time>2026-07-29T11:44:28Z</time></trkpt><trkpt lat="45.591735" lon="25.550775"><ele>1042.6</ele><time>2026-07-29T11:44:30Z</time></trkpt><trkpt lat="45.591793" lon="25.550845"><ele>1042.1</ele><time>2026-07-29T11:44:32Z</time></trkpt><trkpt lat="45.591852" lon="25.550913"><ele>1041.6</ele><time>2026-07-29T11:44:34Z</time></trkpt><trkpt lat="45.591935" lon="25.551012"><ele>1041.0</ele><time>2026-07-29T11:44:37Z</time></trkpt><trkpt lat="45.592005" lon="25.55111"><ele>1040.7</ele><time>2026-07-29T11:44:40Z</time></trkpt><trkpt lat="45.592057" lon="25.551197"><ele>1040.8</ele><time>2026-07-29T11:44:43Z</time></trkpt><trkpt lat="45.592103" lon="25.551277"><ele>1040.8</ele><time>2026-07-29T11:44:46Z</time></trkpt><trkpt lat="45.592165" lon="25.551368"><ele>1040.9</ele><time>2026-07-29T11:44:49Z</time></trkpt><trkpt lat="45.592225" lon="25.55146"><ele>1041.1</ele><time>2026-07-29T11:44:52Z</time></trkpt><trkpt lat="45.592287" lon="25.551553"><ele>1041.2</ele><time>2026-07-29T11:44:55Z</time></trkpt><trkpt lat="45.592353" lon="25.55164"><ele>1041.4</ele><time>2026-07-29T11:44:59Z</time></trkpt><trkpt lat="45.592413" lon="25.551733"><ele>1041.5</ele><time>2026-07-29T11:45:02Z</time></trkpt><trkpt lat="45.59249" lon="25.551827"><ele>1041.6</ele><time>2026-07-29T11:45:05Z</time></trkpt><trkpt lat="45.592553" lon="25.551923"><ele>1041.8</ele><time>2026-07-29T11:45:08Z</time></trkpt><trkpt lat="45.592613" lon="25.552013"><ele>1042.0</ele><time>2026-07-29T11:45:11Z</time></trkpt><trkpt lat="45.592695" lon="25.552088"><ele>1042.0</ele><time>2026-07-29T11:45:14Z</time></trkpt><trkpt lat="45.592778" lon="25.552168"><ele>1041.9</ele><time>2026-07-29T11:45:17Z</time></trkpt><trkpt lat="45.592852" lon="25.552262"><ele>1041.9</ele><time>2026-07-29T11:45:20Z</time></trkpt><trkpt lat="45.592913" lon="25.552348"><ele>1042.3</ele><time>2026-07-29T11:45:23Z</time></trkpt><trkpt lat="45.592977" lon="25.552428"><ele>1042.6</ele><time>2026-07-29T11:45:26Z</time></trkpt><trkpt lat="45.593033" lon="25.552518"><ele>1042.7</ele><time>2026-07-29T11:45:29Z</time></trkpt><trkpt lat="45.59309" lon="25.5526"><ele>1042.8</ele><time>2026-07-29T11:45:32Z</time></trkpt><trkpt lat="45.593142" lon="25.552677"><ele>1043.0</ele><time>2026-07-29T11:45:35Z</time></trkpt><trkpt lat="45.5932" lon="25.552758"><ele>1043.1</ele><time>2026-07-29T11:45:38Z</time></trkpt><trkpt lat="45.593258" lon="25.55284"><ele>1043.1</ele><time>2026-07-29T11:45:41Z</time></trkpt><trkpt lat="45.593313" lon="25.552917"><ele>1043.3</ele><time>2026-07-29T11:45:44Z</time></trkpt><trkpt lat="45.593382" lon="25.553008"><ele>1043.4</ele><time>2026-07-29T11:45:48Z</time></trkpt><trkpt lat="45.593453" lon="25.553092"><ele>1043.5</ele><time>2026-07-29T11:45:51Z</time></trkpt><trkpt lat="45.593515" lon="25.553165"><ele>1043.7</ele><time>2026-07-29T11:45:55Z</time></trkpt><trkpt lat="45.593587" lon="25.55325"><ele>1043.8</ele><time>2026-07-29T11:45:59Z</time></trkpt><trkpt lat="45.59366" lon="25.553332"><ele>1044.0</ele><time>2026-07-29T11:46:03Z</time></trkpt><trkpt lat="45.593722" lon="25.553393"><ele>1044.0</ele><time>2026-07-29T11:46:06Z</time></trkpt><trkpt lat="45.593793" lon="25.553463"><ele>1043.9</ele><time>2026-07-29T11:46:09Z</time></trkpt><trkpt lat="45.593867" lon="25.553543"><ele>1043.9</ele><time>2026-07-29T11:46:12Z</time></trkpt><trkpt lat="45.593945" lon="25.553608"><ele>1043.8</ele><time>2026-07-29T11:46:15Z</time></trkpt><trkpt lat="45.594027" lon="25.553672"><ele>1043.8</ele><time>2026-07-29T11:46:19Z</time></trkpt><trkpt lat="45.594105" lon="25.553733"><ele>1044.0</ele><time>2026-07-29T11:46:22Z</time></trkpt><trkpt lat="45.594183" lon="25.55379"><ele>1044.1</ele><time>2026-07-29T11:46:25Z</time></trkpt><trkpt lat="45.594267" lon="25.553805"><ele>1044.4</ele><time>2026-07-29T11:46:28Z</time></trkpt><trkpt lat="45.594358" lon="25.553813"><ele>1044.8</ele><time>2026-07-29T11:46:31Z</time></trkpt><trkpt lat="45.594437" lon="25.553787"><ele>1045.0</ele><time>2026-07-29T11:46:34Z</time></trkpt><trkpt lat="45.594512" lon="25.553777"><ele>1045.2</ele><time>2026-07-29T11:46:37Z</time></trkpt><trkpt lat="45.59459" lon="25.553758"><ele>1045.1</ele><time>2026-07-29T11:46:40Z</time></trkpt><trkpt lat="45.594667" lon="25.553758"><ele>1045.0</ele><time>2026-07-29T11:46:43Z</time></trkpt><trkpt lat="45.594745" lon="25.553737"><ele>1044.8</ele><time>2026-07-29T11:46:47Z</time></trkpt><trkpt lat="45.594817" lon="25.55368"><ele>1045.0</ele><time>2026-07-29T11:47:15Z</time></trkpt><trkpt lat="45.594842" lon="25.553545"><ele>1045.1</ele><time>2026-07-29T11:47:19Z</time></trkpt><trkpt lat="45.59484" lon="25.553422"><ele>1044.8</ele><time>2026-07-29T11:47:23Z</time></trkpt><trkpt lat="45.594842" lon="25.553307"><ele>1044.3</ele><time>2026-07-29T11:47:28Z</time></trkpt><trkpt lat="45.594858" lon="25.553193"><ele>1043.8</ele><time>2026-07-29T11:47:34Z</time></trkpt><trkpt lat="45.594805" lon="25.553107"><ele>1043.6</ele><time>2026-07-29T11:47:38Z</time></trkpt><trkpt lat="45.594733" lon="25.553097"><ele>1043.3</ele><time>2026-07-29T11:47:43Z</time></trkpt><trkpt lat="45.594677" lon="25.55317"><ele>1025.3</ele><time>2026-07-29T11:49:11Z</time></trkpt><trkpt lat="45.594718" lon="25.55326"><ele>1026.4</ele><time>2026-07-29T11:49:27Z</time></trkpt><trkpt lat="45.594745" lon="25.55336"><ele>1026.4</ele><time>2026-07-29T11:49:29Z</time></trkpt><trkpt lat="45.594768" lon="25.553467"><ele>1026.4</ele><time>2026-07-29T11:49:31Z</time></trkpt><trkpt lat="45.594815" lon="25.55358"><ele>1026.3</ele><time>2026-07-29T11:49:32Z</time></trkpt><trkpt lat="45.594853" lon="25.553787"><ele>1026.3</ele><time>2026-07-29T11:49:34Z</time></trkpt><trkpt lat="45.59488" lon="25.553685"><ele>1026.2</ele><time>2026-07-29T11:49:35Z</time></trkpt><trkpt lat="45.594848" lon="25.553808"><ele>1026.2</ele><time>2026-07-29T11:49:37Z</time></trkpt><trkpt lat="45.594855" lon="25.55392"><ele>1026.1</ele><time>2026-07-29T11:49:39Z</time></trkpt><trkpt lat="45.594887" lon="25.55403"><ele>1025.9</ele><time>2026-07-29T11:49:41Z</time></trkpt><trkpt lat="45.594953" lon="25.55409"><ele>1025.7</ele><time>2026-07-29T11:49:43Z</time></trkpt><trkpt lat="45.594973" lon="25.553103"><ele>1025.7</ele><time>2026-07-29T11:49:50Z</time></trkpt><trkpt lat="45.594962" lon="25.552947"><ele>1025.7</ele><time>2026-07-29T11:49:51Z</time></trkpt><trkpt lat="45.594832" lon="25.55292"><ele>1025.6</ele><time>2026-07-29T11:49:52Z</time></trkpt><trkpt lat="45.594762" lon="25.553068"><ele>1025.5</ele><time>2026-07-29T11:49:53Z</time></trkpt><trkpt lat="45.594695" lon="25.553108"><ele>1025.2</ele><time>2026-07-29T11:51:34Z</time></trkpt><trkpt lat="45.594768" lon="25.553067"><ele>1025.8</ele><time>2026-07-29T11:56:07Z</time></trkpt><trkpt lat="45.594833" lon="25.553005"><ele>1025.7</ele><time>2026-07-29T11:56:11Z</time></trkpt><trkpt lat="45.594878" lon="25.55309"><ele>1025.8</ele><time>2026-07-29T11:56:15Z</time></trkpt><trkpt lat="45.594873" lon="25.553212"><ele>1026.0</ele><time>2026-07-29T11:56:19Z</time></trkpt><trkpt lat="45.594865" lon="25.553325"><ele>1026.1</ele><time>2026-07-29T11:56:23Z</time></trkpt><trkpt lat="45.59485" lon="25.553435"><ele>1026.4</ele><time>2026-07-29T11:56:27Z</time></trkpt><trkpt lat="45.594872" lon="25.553552"><ele>1026.7</ele><time>2026-07-29T11:56:32Z</time></trkpt><trkpt lat="45.594933" lon="25.553623"><ele>1027.0</ele><time>2026-07-29T11:56:36Z</time></trkpt><trkpt lat="45.595005" lon="25.553642"><ele>1027.3</ele><time>2026-07-29T11:56:39Z</time></trkpt><trkpt lat="45.59508" lon="25.55363"><ele>1027.5</ele><time>2026-07-29T11:56:42Z</time></trkpt><trkpt lat="45.595163" lon="25.553615"><ele>1027.6</ele><time>2026-07-29T11:56:45Z</time></trkpt><trkpt lat="45.595248" lon="25.553593"><ele>1027.8</ele><time>2026-07-29T11:56:48Z</time></trkpt><trkpt lat="45.595335" lon="25.553577"><ele>1028.1</ele><time>2026-07-29T11:56:51Z</time></trkpt><trkpt lat="45.595423" lon="25.553542"><ele>1028.0</ele><time>2026-07-29T11:56:54Z</time></trkpt><trkpt lat="45.595515" lon="25.553493"><ele>1027.9</ele><time>2026-07-29T11:56:57Z</time></trkpt><trkpt lat="45.59561" lon="25.553452"><ele>1028.0</ele><time>2026-07-29T11:57:00Z</time></trkpt><trkpt lat="45.595702" lon="25.553407"><ele>1028.2</ele><time>2026-07-29T11:57:03Z</time></trkpt><trkpt lat="45.595772" lon="25.55337"><ele>1028.2</ele><time>2026-07-29T11:57:05Z</time></trkpt><trkpt lat="45.595853" lon="25.55332"><ele>1028.1</ele><time>2026-07-29T11:57:09Z</time></trkpt><trkpt lat="45.59594" lon="25.553288"><ele>1028.1</ele><time>2026-07-29T11:57:12Z</time></trkpt><trkpt lat="45.596035" lon="25.553248"><ele>1028.0</ele><time>2026-07-29T11:57:15Z</time></trkpt><trkpt lat="45.596117" lon="25.55321"><ele>1028.1</ele><time>2026-07-29T11:57:18Z</time></trkpt><trkpt lat="45.596198" lon="25.553172"><ele>1028.3</ele><time>2026-07-29T11:57:21Z</time></trkpt><trkpt lat="45.596292" lon="25.553133"><ele>1028.4</ele><time>2026-07-29T11:57:25Z</time></trkpt><trkpt lat="45.596383" lon="25.553095"><ele>1028.6</ele><time>2026-07-29T11:57:28Z</time></trkpt><trkpt lat="45.596478" lon="25.553047"><ele>1029.1</ele><time>2026-07-29T11:57:31Z</time></trkpt><trkpt lat="45.596562" lon="25.553017"><ele>1029.6</ele><time>2026-07-29T11:57:34Z</time></trkpt><trkpt lat="45.596645" lon="25.552992"><ele>1029.9</ele><time>2026-07-29T11:57:37Z</time></trkpt><trkpt lat="45.596725" lon="25.552962"><ele>1030.2</ele><time>2026-07-29T11:57:40Z</time></trkpt><trkpt lat="45.596803" lon="25.55294"><ele>1030.5</ele><time>2026-07-29T11:57:43Z</time></trkpt><trkpt lat="45.596888" lon="25.552915"><ele>1031.0</ele><time>2026-07-29T11:57:46Z</time></trkpt><trkpt lat="45.596985" lon="25.55286"><ele>1031.5</ele><time>2026-07-29T11:57:49Z</time></trkpt><trkpt lat="45.597062" lon="25.552818"><ele>1032.0</ele><time>2026-07-29T11:57:52Z</time></trkpt><trkpt lat="45.597138" lon="25.552792"><ele>1032.5</ele><time>2026-07-29T11:57:55Z</time></trkpt><trkpt lat="45.597217" lon="25.552747"><ele>1032.9</ele><time>2026-07-29T11:57:58Z</time></trkpt><trkpt lat="45.597297" lon="25.552728"><ele>1033.1</ele><time>2026-07-29T11:58:00Z</time></trkpt><trkpt lat="45.597387" lon="25.55269"><ele>1033.4</ele><time>2026-07-29T11:58:03Z</time></trkpt><trkpt lat="45.597467" lon="25.552637"><ele>1033.7</ele><time>2026-07-29T11:58:06Z</time></trkpt><trkpt lat="45.59755" lon="25.552568"><ele>1034.1</ele><time>2026-07-29T11:58:09Z</time></trkpt><trkpt lat="45.597555" lon="25.552435"><ele>1034.2</ele><time>2026-07-29T11:58:12Z</time></trkpt><trkpt lat="45.597513" lon="25.55233"><ele>1034.0</ele><time>2026-07-29T11:58:15Z</time></trkpt><trkpt lat="45.597467" lon="25.552213"><ele>1033.9</ele><time>2026-07-29T11:58:19Z</time></trkpt><trkpt lat="45.597405" lon="25.5521"><ele>1033.9</ele><time>2026-07-29T11:58:22Z</time></trkpt><trkpt lat="45.597348" lon="25.551972"><ele>1033.9</ele><time>2026-07-29T11:58:25Z</time></trkpt><trkpt lat="45.597308" lon="25.551878"><ele>1033.8</ele><time>2026-07-29T11:58:27Z</time></trkpt><trkpt lat="45.59726" lon="25.551792"><ele>1033.7</ele><time>2026-07-29T11:58:29Z</time></trkpt><trkpt lat="45.59722" lon="25.551695"><ele>1033.7</ele><time>2026-07-29T11:58:31Z</time></trkpt><trkpt lat="45.597172" lon="25.551572"><ele>1033.8</ele><time>2026-07-29T11:58:34Z</time></trkpt><trkpt lat="45.597135" lon="25.551417"><ele>1034.1</ele><time>2026-07-29T11:58:37Z</time></trkpt><trkpt lat="45.597155" lon="25.551305"><ele>1034.2</ele><time>2026-07-29T11:58:38Z</time></trkpt><trkpt lat="45.59725" lon="25.551168"><ele>1034.4</ele><time>2026-07-29T11:58:40Z</time></trkpt><trkpt lat="45.597125" lon="25.551218"><ele>1034.6</ele><time>2026-07-29T11:58:41Z</time></trkpt><trkpt lat="45.597068" lon="25.551133"><ele>1035.0</ele><time>2026-07-29T11:58:44Z</time></trkpt><trkpt lat="45.597038" lon="25.551035"><ele>1035.6</ele><time>2026-07-29T11:58:47Z</time></trkpt><trkpt lat="45.596997" lon="25.55094"><ele>1036.2</ele><time>2026-07-29T11:58:51Z</time></trkpt><trkpt lat="45.596967" lon="25.55082"><ele>1037.2</ele><time>2026-07-29T11:58:55Z</time></trkpt><trkpt lat="45.596943" lon="25.550703"><ele>1038.4</ele><time>2026-07-29T11:59:00Z</time></trkpt><trkpt lat="45.596927" lon="25.55059"><ele>1039.3</ele><time>2026-07-29T11:59:04Z</time></trkpt><trkpt lat="45.596917" lon="25.550458"><ele>1040.0</ele><time>2026-07-29T11:59:09Z</time></trkpt><trkpt lat="45.596928" lon="25.550343"><ele>1040.2</ele><time>2026-07-29T11:59:13Z</time></trkpt><trkpt lat="45.596948" lon="25.5502"><ele>1039.9</ele><time>2026-07-29T11:59:17Z</time></trkpt><trkpt lat="45.596972" lon="25.55008"><ele>1039.7</ele><time>2026-07-29T11:59:20Z</time></trkpt><trkpt lat="45.596983" lon="25.549958"><ele>1039.4</ele><time>2026-07-29T11:59:23Z</time></trkpt><trkpt lat="45.596982" lon="25.549818"><ele>1039.2</ele><time>2026-07-29T11:59:26Z</time></trkpt><trkpt lat="45.596963" lon="25.549713"><ele>1038.8</ele><time>2026-07-29T11:59:28Z</time></trkpt><trkpt lat="45.596955" lon="25.549602"><ele>1038.4</ele><time>2026-07-29T11:59:30Z</time></trkpt><trkpt lat="45.596943" lon="25.549478"><ele>1037.9</ele><time>2026-07-29T11:59:32Z</time></trkpt><trkpt lat="45.59691" lon="25.54935"><ele>1037.5</ele><time>2026-07-29T11:59:34Z</time></trkpt><trkpt lat="45.596868" lon="25.549218"><ele>1037.2</ele><time>2026-07-29T11:59:36Z</time></trkpt><trkpt lat="45.596843" lon="25.549098"><ele>1037.0</ele><time>2026-07-29T11:59:38Z</time></trkpt><trkpt lat="45.596783" lon="25.548985"><ele>1036.9</ele><time>2026-07-29T11:59:40Z</time></trkpt><trkpt lat="45.596753" lon="25.548855"><ele>1036.8</ele><time>2026-07-29T11:59:42Z</time></trkpt><trkpt lat="45.596713" lon="25.54875"><ele>1036.7</ele><time>2026-07-29T11:59:44Z</time></trkpt><trkpt lat="45.596688" lon="25.548627"><ele>1036.5</ele><time>2026-07-29T11:59:46Z</time></trkpt><trkpt lat="45.59666" lon="25.548512"><ele>1036.3</ele><time>2026-07-29T11:59:48Z</time></trkpt><trkpt lat="45.596633" lon="25.548372"><ele>1036.0</ele><time>2026-07-29T11:59:50Z</time></trkpt><trkpt lat="45.596637" lon="25.548228"><ele>1035.6</ele><time>2026-07-29T11:59:52Z</time></trkpt><trkpt lat="45.596643" lon="25.548117"><ele>1035.4</ele><time>2026-07-29T11:59:53Z</time></trkpt><trkpt lat="45.596703" lon="25.547933"><ele>1034.7</ele><time>2026-07-29T11:59:55Z</time></trkpt><trkpt lat="45.596738" lon="25.54782"><ele>1034.2</ele><time>2026-07-29T11:59:56Z</time></trkpt><trkpt lat="45.596765" lon="25.547713"><ele>1033.7</ele><time>2026-07-29T11:59:57Z</time></trkpt><trkpt lat="45.596832" lon="25.547647"><ele>1033.0</ele><time>2026-07-29T11:59:58Z</time></trkpt><trkpt lat="45.596902" lon="25.547587"><ele>1033.0</ele><time>2026-07-29T11:59:59Z</time></trkpt><trkpt lat="45.597027" lon="25.547495"><ele>1031.7</ele><time>2026-07-29T12:00:01Z</time></trkpt><trkpt lat="45.597122" lon="25.547448"><ele>1030.9</ele><time>2026-07-29T12:00:02Z</time></trkpt><trkpt lat="45.59724" lon="25.54741"><ele>1030.1</ele><time>2026-07-29T12:00:03Z</time></trkpt><trkpt lat="45.597352" lon="25.547387"><ele>1029.4</ele><time>2026-07-29T12:00:04Z</time></trkpt><trkpt lat="45.597452" lon="25.547348"><ele>1028.5</ele><time>2026-07-29T12:00:05Z</time></trkpt><trkpt lat="45.597553" lon="25.547313"><ele>1027.9</ele><time>2026-07-29T12:00:06Z</time></trkpt><trkpt lat="45.597643" lon="25.547255"><ele>1027.3</ele><time>2026-07-29T12:00:07Z</time></trkpt><trkpt lat="45.597743" lon="25.547155"><ele>1026.8</ele><time>2026-07-29T12:00:08Z</time></trkpt><trkpt lat="45.59783" lon="25.546995"><ele>1026.1</ele><time>2026-07-29T12:00:09Z</time></trkpt><trkpt lat="45.59787" lon="25.54681"><ele>1025.3</ele><time>2026-07-29T12:00:10Z</time></trkpt><trkpt lat="45.597838" lon="25.546627"><ele>1024.3</ele><time>2026-07-29T12:00:11Z</time></trkpt><trkpt lat="45.597813" lon="25.546458"><ele>1024.3</ele><time>2026-07-29T12:00:12Z</time></trkpt><trkpt lat="45.597807" lon="25.546265"><ele>1023.1</ele><time>2026-07-29T12:00:13Z</time></trkpt><trkpt lat="45.597793" lon="25.546107"><ele>1022.1</ele><time>2026-07-29T12:00:14Z</time></trkpt><trkpt lat="45.597827" lon="25.54594"><ele>1020.9</ele><time>2026-07-29T12:00:15Z</time></trkpt><trkpt lat="45.597887" lon="25.54582"><ele>1020.9</ele><time>2026-07-29T12:00:16Z</time></trkpt><trkpt lat="45.5979" lon="25.545662"><ele>1019.6</ele><time>2026-07-29T12:00:17Z</time></trkpt><trkpt lat="45.597922" lon="25.545517"><ele>1018.5</ele><time>2026-07-29T12:00:18Z</time></trkpt><trkpt lat="45.598013" lon="25.545513"><ele>1017.3</ele><time>2026-07-29T12:00:19Z</time></trkpt><trkpt lat="45.598108" lon="25.545472"><ele>1017.3</ele><time>2026-07-29T12:00:20Z</time></trkpt><trkpt lat="45.598205" lon="25.545442"><ele>1016.3</ele><time>2026-07-29T12:00:21Z</time></trkpt><trkpt lat="45.598293" lon="25.545423"><ele>1015.3</ele><time>2026-07-29T12:00:22Z</time></trkpt><trkpt lat="45.598387" lon="25.545395"><ele>1014.8</ele><time>2026-07-29T12:00:23Z</time></trkpt><trkpt lat="45.598467" lon="25.54537"><ele>1014.8</ele><time>2026-07-29T12:00:24Z</time></trkpt><trkpt lat="45.59854" lon="25.545345"><ele>1014.3</ele><time>2026-07-29T12:00:25Z</time></trkpt><trkpt lat="45.598685" lon="25.545302"><ele>1013.5</ele><time>2026-07-29T12:00:27Z</time></trkpt><trkpt lat="45.598773" lon="25.545285"><ele>1013.5</ele><time>2026-07-29T12:00:28Z</time></trkpt><trkpt lat="45.598865" lon="25.545262"><ele>1013.0</ele><time>2026-07-29T12:00:29Z</time></trkpt><trkpt lat="45.59898" lon="25.545225"><ele>1012.4</ele><time>2026-07-29T12:00:30Z</time></trkpt><trkpt lat="45.59909" lon="25.545183"><ele>1011.6</ele><time>2026-07-29T12:00:31Z</time></trkpt><trkpt lat="45.599207" lon="25.545142"><ele>1011.6</ele><time>2026-07-29T12:00:32Z</time></trkpt><trkpt lat="45.599328" lon="25.5451"><ele>1010.9</ele><time>2026-07-29T12:00:33Z</time></trkpt><trkpt lat="45.599437" lon="25.545033"><ele>1010.2</ele><time>2026-07-29T12:00:34Z</time></trkpt><trkpt lat="45.599535" lon="25.544913"><ele>1009.2</ele><time>2026-07-29T12:00:35Z</time></trkpt><trkpt lat="45.599587" lon="25.544768"><ele>1009.2</ele><time>2026-07-29T12:00:36Z</time></trkpt><trkpt lat="45.599627" lon="25.544627"><ele>1008.3</ele><time>2026-07-29T12:00:37Z</time></trkpt><trkpt lat="45.599643" lon="25.54449"><ele>1007.4</ele><time>2026-07-29T12:00:38Z</time></trkpt><trkpt lat="45.599602" lon="25.544333"><ele>1006.2</ele><time>2026-07-29T12:00:39Z</time></trkpt><trkpt lat="45.599568" lon="25.544132"><ele>1006.2</ele><time>2026-07-29T12:00:40Z</time></trkpt><trkpt lat="45.59946" lon="25.54394"><ele>1004.7</ele><time>2026-07-29T12:00:41Z</time></trkpt><trkpt lat="45.59942" lon="25.543755"><ele>1003.5</ele><time>2026-07-29T12:00:42Z</time></trkpt><trkpt lat="45.599452" lon="25.543592"><ele>1001.9</ele><time>2026-07-29T12:00:43Z</time></trkpt><trkpt lat="45.599448" lon="25.54344"><ele>1000.4</ele><time>2026-07-29T12:00:44Z</time></trkpt><trkpt lat="45.599453" lon="25.54327"><ele>1000.4</ele><time>2026-07-29T12:00:45Z</time></trkpt><trkpt lat="45.599467" lon="25.543048"><ele>999.2</ele><time>2026-07-29T12:00:46Z</time></trkpt><trkpt lat="45.599472" lon="25.542862"><ele>998.1</ele><time>2026-07-29T12:00:47Z</time></trkpt><trkpt lat="45.599468" lon="25.54269"><ele>996.9</ele><time>2026-07-29T12:00:48Z</time></trkpt><trkpt lat="45.599437" lon="25.54253"><ele>996.9</ele><time>2026-07-29T12:00:49Z</time></trkpt><trkpt lat="45.599383" lon="25.542383"><ele>995.7</ele><time>2026-07-29T12:00:50Z</time></trkpt><trkpt lat="45.5993" lon="25.542282"><ele>994.5</ele><time>2026-07-29T12:00:51Z</time></trkpt><trkpt lat="45.59921" lon="25.542218"><ele>993.1</ele><time>2026-07-29T12:00:52Z</time></trkpt><trkpt lat="45.599122" lon="25.542138"><ele>993.1</ele><time>2026-07-29T12:00:53Z</time></trkpt><trkpt lat="45.599202" lon="25.541858"><ele>991.8</ele><time>2026-07-29T12:00:54Z</time></trkpt><trkpt lat="45.599048" lon="25.541855"><ele>989.4</ele><time>2026-07-29T12:00:56Z</time></trkpt><trkpt lat="45.59893" lon="25.5419"><ele>989.4</ele><time>2026-07-29T12:00:57Z</time></trkpt><trkpt lat="45.598775" lon="25.541915"><ele>988.1</ele><time>2026-07-29T12:00:58Z</time></trkpt><trkpt lat="45.598622" lon="25.541807"><ele>987.0</ele><time>2026-07-29T12:00:59Z</time></trkpt><trkpt lat="45.598485" lon="25.54169"><ele>985.7</ele><time>2026-07-29T12:01:00Z</time></trkpt><trkpt lat="45.598312" lon="25.541648"><ele>985.7</ele><time>2026-07-29T12:01:01Z</time></trkpt><trkpt lat="45.598073" lon="25.5416"><ele>983.8</ele><time>2026-07-29T12:01:02Z</time></trkpt><trkpt lat="45.597877" lon="25.541595"><ele>981.8</ele><time>2026-07-29T12:01:03Z</time></trkpt><trkpt lat="45.597715" lon="25.54153"><ele>980.1</ele><time>2026-07-29T12:01:04Z</time></trkpt><trkpt lat="45.59766" lon="25.541335"><ele>980.1</ele><time>2026-07-29T12:01:05Z</time></trkpt><trkpt lat="45.597622" lon="25.541122"><ele>977.7</ele><time>2026-07-29T12:01:06Z</time></trkpt><trkpt lat="45.59758" lon="25.54096"><ele>975.0</ele><time>2026-07-29T12:01:07Z</time></trkpt><trkpt lat="45.597493" lon="25.540778"><ele>972.9</ele><time>2026-07-29T12:01:08Z</time></trkpt><trkpt lat="45.597395" lon="25.540615"><ele>972.9</ele><time>2026-07-29T12:01:09Z</time></trkpt><trkpt lat="45.597308" lon="25.540495"><ele>971.1</ele><time>2026-07-29T12:01:10Z</time></trkpt><trkpt lat="45.597195" lon="25.540347"><ele>969.1</ele><time>2026-07-29T12:01:11Z</time></trkpt><trkpt lat="45.597103" lon="25.540162"><ele>967.5</ele><time>2026-07-29T12:01:12Z</time></trkpt><trkpt lat="45.597015" lon="25.540015"><ele>967.5</ele><time>2026-07-29T12:01:13Z</time></trkpt><trkpt lat="45.596902" lon="25.539892"><ele>966.1</ele><time>2026-07-29T12:01:14Z</time></trkpt><trkpt lat="45.596813" lon="25.539745"><ele>964.7</ele><time>2026-07-29T12:01:15Z</time></trkpt><trkpt lat="45.596727" lon="25.539605"><ele>963.4</ele><time>2026-07-29T12:01:16Z</time></trkpt><trkpt lat="45.59665" lon="25.53946"><ele>963.4</ele><time>2026-07-29T12:01:17Z</time></trkpt><trkpt lat="45.596585" lon="25.539307"><ele>962.1</ele><time>2026-07-29T12:01:18Z</time></trkpt><trkpt lat="45.596545" lon="25.539128"><ele>960.8</ele><time>2026-07-29T12:01:19Z</time></trkpt><trkpt lat="45.596485" lon="25.538977"><ele>959.7</ele><time>2026-07-29T12:01:20Z</time></trkpt><trkpt lat="45.596397" lon="25.538832"><ele>958.7</ele><time>2026-07-29T12:01:21Z</time></trkpt><trkpt lat="45.596317" lon="25.5387"><ele>957.6</ele><time>2026-07-29T12:01:22Z</time></trkpt><trkpt lat="45.596235" lon="25.538568"><ele>957.6</ele><time>2026-07-29T12:01:23Z</time></trkpt><trkpt lat="45.596135" lon="25.53846"><ele>956.4</ele><time>2026-07-29T12:01:24Z</time></trkpt><trkpt lat="45.596037" lon="25.53839"><ele>955.4</ele><time>2026-07-29T12:01:25Z</time></trkpt><trkpt lat="45.595953" lon="25.538273"><ele>954.4</ele><time>2026-07-29T12:01:26Z</time></trkpt><trkpt lat="45.595855" lon="25.538178"><ele>953.5</ele><time>2026-07-29T12:01:27Z</time></trkpt><trkpt lat="45.59576" lon="25.538072"><ele>953.5</ele><time>2026-07-29T12:01:28Z</time></trkpt><trkpt lat="45.595698" lon="25.537932"><ele>952.8</ele><time>2026-07-29T12:01:29Z</time></trkpt><trkpt lat="45.595662" lon="25.537753"><ele>952.0</ele><time>2026-07-29T12:01:30Z</time></trkpt><trkpt lat="45.595668" lon="25.537588"><ele>951.2</ele><time>2026-07-29T12:01:31Z</time></trkpt><trkpt lat="45.595643" lon="25.5374"><ele>951.2</ele><time>2026-07-29T12:01:32Z</time></trkpt><trkpt lat="45.595633" lon="25.537217"><ele>950.4</ele><time>2026-07-29T12:01:33Z</time></trkpt><trkpt lat="45.59562" lon="25.537037"><ele>949.5</ele><time>2026-07-29T12:01:34Z</time></trkpt><trkpt lat="45.595615" lon="25.536853"><ele>948.4</ele><time>2026-07-29T12:01:35Z</time></trkpt><trkpt lat="45.595603" lon="25.536682"><ele>948.4</ele><time>2026-07-29T12:01:36Z</time></trkpt><trkpt lat="45.595553" lon="25.536523"><ele>947.4</ele><time>2026-07-29T12:01:37Z</time></trkpt><trkpt lat="45.595513" lon="25.53638"><ele>946.5</ele><time>2026-07-29T12:01:38Z</time></trkpt><trkpt lat="45.595455" lon="25.536247"><ele>945.6</ele><time>2026-07-29T12:01:39Z</time></trkpt><trkpt lat="45.595383" lon="25.536128"><ele>945.6</ele><time>2026-07-29T12:01:40Z</time></trkpt><trkpt lat="45.595307" lon="25.536037"><ele>945.0</ele><time>2026-07-29T12:01:41Z</time></trkpt><trkpt lat="45.595238" lon="25.535933"><ele>944.5</ele><time>2026-07-29T12:01:42Z</time></trkpt><trkpt lat="45.595182" lon="25.535832"><ele>944.0</ele><time>2026-07-29T12:01:43Z</time></trkpt><trkpt lat="45.595125" lon="25.535735"><ele>943.6</ele><time>2026-07-29T12:01:44Z</time></trkpt><trkpt lat="45.595067" lon="25.535635"><ele>943.6</ele><time>2026-07-29T12:01:45Z</time></trkpt><trkpt lat="45.594992" lon="25.53555"><ele>943.1</ele><time>2026-07-29T12:01:46Z</time></trkpt><trkpt lat="45.594923" lon="25.535433"><ele>942.6</ele><time>2026-07-29T12:01:47Z</time></trkpt><trkpt lat="45.594877" lon="25.53529"><ele>942.0</ele><time>2026-07-29T12:01:48Z</time></trkpt><trkpt lat="45.59485" lon="25.535135"><ele>942.0</ele><time>2026-07-29T12:01:49Z</time></trkpt><trkpt lat="45.59485" lon="25.534988"><ele>941.3</ele><time>2026-07-29T12:01:50Z</time></trkpt><trkpt lat="45.594847" lon="25.534835"><ele>940.3</ele><time>2026-07-29T12:01:51Z</time></trkpt><trkpt lat="45.594862" lon="25.534658"><ele>939.2</ele><time>2026-07-29T12:01:52Z</time></trkpt><trkpt lat="45.59487" lon="25.534495"><ele>939.2</ele><time>2026-07-29T12:01:53Z</time></trkpt><trkpt lat="45.594878" lon="25.53433"><ele>938.0</ele><time>2026-07-29T12:01:54Z</time></trkpt><trkpt lat="45.594887" lon="25.534167"><ele>936.7</ele><time>2026-07-29T12:01:55Z</time></trkpt><trkpt lat="45.594893" lon="25.533993"><ele>935.5</ele><time>2026-07-29T12:01:56Z</time></trkpt><trkpt lat="45.594893" lon="25.53383"><ele>935.5</ele><time>2026-07-29T12:01:57Z</time></trkpt><trkpt lat="45.594895" lon="25.533668"><ele>934.4</ele><time>2026-07-29T12:01:58Z</time></trkpt><trkpt lat="45.594893" lon="25.53352"><ele>933.5</ele><time>2026-07-29T12:01:59Z</time></trkpt><trkpt lat="45.594892" lon="25.53336"><ele>932.7</ele><time>2026-07-29T12:02:00Z</time></trkpt><trkpt lat="45.594878" lon="25.53321"><ele>932.7</ele><time>2026-07-29T12:02:01Z</time></trkpt><trkpt lat="45.594865" lon="25.533053"><ele>931.9</ele><time>2026-07-29T12:02:02Z</time></trkpt><trkpt lat="45.59485" lon="25.532905"><ele>931.0</ele><time>2026-07-29T12:02:03Z</time></trkpt><trkpt lat="45.594842" lon="25.53276"><ele>930.3</ele><time>2026-07-29T12:02:04Z</time></trkpt><trkpt lat="45.594842" lon="25.532612"><ele>930.3</ele><time>2026-07-29T12:02:05Z</time></trkpt><trkpt lat="45.594847" lon="25.532467"><ele>929.7</ele><time>2026-07-29T12:02:06Z</time></trkpt><trkpt lat="45.594857" lon="25.532327"><ele>929.0</ele><time>2026-07-29T12:02:07Z</time></trkpt><trkpt lat="45.594858" lon="25.53219"><ele>928.3</ele><time>2026-07-29T12:02:08Z</time></trkpt><trkpt lat="45.594855" lon="25.532057"><ele>928.3</ele><time>2026-07-29T12:02:09Z</time></trkpt><trkpt lat="45.594832" lon="25.531933"><ele>927.7</ele><time>2026-07-29T12:02:10Z</time></trkpt><trkpt lat="45.594803" lon="25.53181"><ele>927.0</ele><time>2026-07-29T12:02:11Z</time></trkpt><trkpt lat="45.59477" lon="25.531693"><ele>926.3</ele><time>2026-07-29T12:02:12Z</time></trkpt><trkpt lat="45.594747" lon="25.531572"><ele>926.3</ele><time>2026-07-29T12:02:13Z</time></trkpt><trkpt lat="45.59472" lon="25.531443"><ele>925.6</ele><time>2026-07-29T12:02:14Z</time></trkpt><trkpt lat="45.59469" lon="25.531305"><ele>925.0</ele><time>2026-07-29T12:02:15Z</time></trkpt><trkpt lat="45.59466" lon="25.53117"><ele>924.5</ele><time>2026-07-29T12:02:16Z</time></trkpt><trkpt lat="45.594625" lon="25.531033"><ele>924.5</ele><time>2026-07-29T12:02:17Z</time></trkpt><trkpt lat="45.594587" lon="25.530897"><ele>924.0</ele><time>2026-07-29T12:02:18Z</time></trkpt><trkpt lat="45.594545" lon="25.53076"><ele>923.4</ele><time>2026-07-29T12:02:19Z</time></trkpt><trkpt lat="45.594497" lon="25.530618"><ele>922.9</ele><time>2026-07-29T12:02:20Z</time></trkpt><trkpt lat="45.59445" lon="25.530473"><ele>922.9</ele><time>2026-07-29T12:02:21Z</time></trkpt><trkpt lat="45.594395" lon="25.530328"><ele>922.1</ele><time>2026-07-29T12:02:22Z</time></trkpt><trkpt lat="45.594335" lon="25.53018"><ele>921.2</ele><time>2026-07-29T12:02:23Z</time></trkpt><trkpt lat="45.594278" lon="25.530028"><ele>920.3</ele><time>2026-07-29T12:02:24Z</time></trkpt><trkpt lat="45.594223" lon="25.52988"><ele>919.2</ele><time>2026-07-29T12:02:25Z</time></trkpt><trkpt lat="45.59417" lon="25.52973"><ele>919.2</ele><time>2026-07-29T12:02:26Z</time></trkpt><trkpt lat="45.594147" lon="25.529565"><ele>918.1</ele><time>2026-07-29T12:02:27Z</time></trkpt><trkpt lat="45.594133" lon="25.529398"><ele>917.2</ele><time>2026-07-29T12:02:28Z</time></trkpt><trkpt lat="45.59413" lon="25.529235"><ele>916.3</ele><time>2026-07-29T12:02:29Z</time></trkpt><trkpt lat="45.594128" lon="25.529078"><ele>916.3</ele><time>2026-07-29T12:02:30Z</time></trkpt><trkpt lat="45.594118" lon="25.528913"><ele>915.2</ele><time>2026-07-29T12:02:31Z</time></trkpt><trkpt lat="45.594103" lon="25.528757"><ele>914.2</ele><time>2026-07-29T12:02:32Z</time></trkpt><trkpt lat="45.594093" lon="25.528602"><ele>913.2</ele><time>2026-07-29T12:02:33Z</time></trkpt><trkpt lat="45.594078" lon="25.528448"><ele>913.2</ele><time>2026-07-29T12:02:34Z</time></trkpt><trkpt lat="45.594075" lon="25.5283"><ele>912.4</ele><time>2026-07-29T12:02:35Z</time></trkpt><trkpt lat="45.594067" lon="25.528152"><ele>911.6</ele><time>2026-07-29T12:02:36Z</time></trkpt><trkpt lat="45.59406" lon="25.528008"><ele>911.3</ele><time>2026-07-29T12:02:37Z</time></trkpt><trkpt lat="45.594042" lon="25.527868"><ele>911.3</ele><time>2026-07-29T12:02:38Z</time></trkpt><trkpt lat="45.59401" lon="25.527737"><ele>911.1</ele><time>2026-07-29T12:02:39Z</time></trkpt><trkpt lat="45.59397" lon="25.527615"><ele>910.8</ele><time>2026-07-29T12:02:40Z</time></trkpt><trkpt lat="45.593933" lon="25.527493"><ele>910.6</ele><time>2026-07-29T12:02:41Z</time></trkpt><trkpt lat="45.59389" lon="25.527373"><ele>910.6</ele><time>2026-07-29T12:02:42Z</time></trkpt><trkpt lat="45.593853" lon="25.527252"><ele>910.2</ele><time>2026-07-29T12:02:43Z</time></trkpt><trkpt lat="45.593825" lon="25.527128"><ele>909.6</ele><time>2026-07-29T12:02:44Z</time></trkpt><trkpt lat="45.5938" lon="25.527007"><ele>908.9</ele><time>2026-07-29T12:02:45Z</time></trkpt><trkpt lat="45.593773" lon="25.526888"><ele>908.9</ele><time>2026-07-29T12:02:46Z</time></trkpt><trkpt lat="45.593738" lon="25.526773"><ele>908.4</ele><time>2026-07-29T12:02:47Z</time></trkpt><trkpt lat="45.593695" lon="25.526665"><ele>907.7</ele><time>2026-07-29T12:02:48Z</time></trkpt><trkpt lat="45.59363" lon="25.526575"><ele>907.1</ele><time>2026-07-29T12:02:49Z</time></trkpt><trkpt lat="45.593547" lon="25.526508"><ele>906.6</ele><time>2026-07-29T12:02:50Z</time></trkpt><trkpt lat="45.593458" lon="25.526463"><ele>906.1</ele><time>2026-07-29T12:02:51Z</time></trkpt><trkpt lat="45.59337" lon="25.526435"><ele>905.6</ele><time>2026-07-29T12:02:52Z</time></trkpt><trkpt lat="45.593278" lon="25.52643"><ele>905.3</ele><time>2026-07-29T12:02:53Z</time></trkpt><trkpt lat="45.59319" lon="25.52645"><ele>905.2</ele><time>2026-07-29T12:02:54Z</time></trkpt><trkpt lat="45.593102" lon="25.526472"><ele>904.8</ele><time>2026-07-29T12:02:55Z</time></trkpt><trkpt lat="45.593015" lon="25.526488"><ele>904.4</ele><time>2026-07-29T12:02:56Z</time></trkpt><trkpt lat="45.592928" lon="25.526493"><ele>903.8</ele><time>2026-07-29T12:02:57Z</time></trkpt><trkpt lat="45.592838" lon="25.5265"><ele>903.0</ele><time>2026-07-29T12:02:58Z</time></trkpt><trkpt lat="45.592745" lon="25.526512"><ele>902.0</ele><time>2026-07-29T12:02:59Z</time></trkpt><trkpt lat="45.592655" lon="25.52652"><ele>901.2</ele><time>2026-07-29T12:03:00Z</time></trkpt><trkpt lat="45.592562" lon="25.526512"><ele>901.2</ele><time>2026-07-29T12:03:01Z</time></trkpt><trkpt lat="45.592468" lon="25.5265"><ele>900.8</ele><time>2026-07-29T12:03:02Z</time></trkpt><trkpt lat="45.59238" lon="25.526487"><ele>900.5</ele><time>2026-07-29T12:03:03Z</time></trkpt><trkpt lat="45.592288" lon="25.526478"><ele>900.1</ele><time>2026-07-29T12:03:04Z</time></trkpt><trkpt lat="45.5922" lon="25.52647"><ele>899.7</ele><time>2026-07-29T12:03:05Z</time></trkpt><trkpt lat="45.592113" lon="25.526458"><ele>899.4</ele><time>2026-07-29T12:03:06Z</time></trkpt><trkpt lat="45.592028" lon="25.526445"><ele>899.1</ele><time>2026-07-29T12:03:07Z</time></trkpt><trkpt lat="45.591947" lon="25.526428"><ele>898.7</ele><time>2026-07-29T12:03:08Z</time></trkpt><trkpt lat="45.591868" lon="25.526418"><ele>898.4</ele><time>2026-07-29T12:03:09Z</time></trkpt><trkpt lat="45.591792" lon="25.526408"><ele>898.4</ele><time>2026-07-29T12:03:10Z</time></trkpt><trkpt lat="45.591718" lon="25.526393"><ele>898.2</ele><time>2026-07-29T12:03:11Z</time></trkpt><trkpt lat="45.591585" lon="25.526363"><ele>897.5</ele><time>2026-07-29T12:03:13Z</time></trkpt><trkpt lat="45.591468" lon="25.52633"><ele>896.9</ele><time>2026-07-29T12:03:15Z</time></trkpt><trkpt lat="45.591362" lon="25.526318"><ele>896.4</ele><time>2026-07-29T12:03:17Z</time></trkpt><trkpt lat="45.591265" lon="25.526293"><ele>896.3</ele><time>2026-07-29T12:03:19Z</time></trkpt><trkpt lat="45.591172" lon="25.526263"><ele>895.9</ele><time>2026-07-29T12:03:21Z</time></trkpt><trkpt lat="45.591085" lon="25.526225"><ele>895.5</ele><time>2026-07-29T12:03:23Z</time></trkpt><trkpt lat="45.590995" lon="25.526187"><ele>895.2</ele><time>2026-07-29T12:03:25Z</time></trkpt><trkpt lat="45.590903" lon="25.526153"><ele>895.0</ele><time>2026-07-29T12:03:27Z</time></trkpt><trkpt lat="45.590812" lon="25.52611"><ele>894.8</ele><time>2026-07-29T12:03:29Z</time></trkpt><trkpt lat="45.590715" lon="25.526072"><ele>894.6</ele><time>2026-07-29T12:03:31Z</time></trkpt><trkpt lat="45.590613" lon="25.526022"><ele>894.3</ele><time>2026-07-29T12:03:33Z</time></trkpt><trkpt lat="45.590503" lon="25.525978"><ele>894.2</ele><time>2026-07-29T12:03:35Z</time></trkpt><trkpt lat="45.590388" lon="25.52593"><ele>893.9</ele><time>2026-07-29T12:03:37Z</time></trkpt><trkpt lat="45.590272" lon="25.525882"><ele>894.2</ele><time>2026-07-29T12:03:39Z</time></trkpt><trkpt lat="45.590155" lon="25.525822"><ele>893.7</ele><time>2026-07-29T12:03:41Z</time></trkpt><trkpt lat="45.590033" lon="25.525762"><ele>893.1</ele><time>2026-07-29T12:03:43Z</time></trkpt><trkpt lat="45.589928" lon="25.525668"><ele>892.7</ele><time>2026-07-29T12:03:45Z</time></trkpt><trkpt lat="45.589833" lon="25.525562"><ele>892.3</ele><time>2026-07-29T12:03:47Z</time></trkpt><trkpt lat="45.589757" lon="25.525447"><ele>892.1</ele><time>2026-07-29T12:03:49Z</time></trkpt><trkpt lat="45.58969" lon="25.525343"><ele>892.0</ele><time>2026-07-29T12:03:51Z</time></trkpt><trkpt lat="45.58963" lon="25.525253"><ele>892.0</ele><time>2026-07-29T12:03:53Z</time></trkpt><trkpt lat="45.589545" lon="25.525153"><ele>892.2</ele><time>2026-07-29T12:03:56Z</time></trkpt><trkpt lat="45.58948" lon="25.52511"><ele>892.9</ele><time>2026-07-29T12:03:59Z</time></trkpt><trkpt lat="45.589408" lon="25.525065"><ele>893.5</ele><time>2026-07-29T12:04:03Z</time></trkpt><trkpt lat="45.589345" lon="25.525007"><ele>894.2</ele><time>2026-07-29T12:04:08Z</time></trkpt><trkpt lat="45.589258" lon="25.524992"><ele>895.1</ele><time>2026-07-29T12:04:15Z</time></trkpt><trkpt lat="45.589188" lon="25.524957"><ele>895.6</ele><time>2026-07-29T12:04:19Z</time></trkpt><trkpt lat="45.589122" lon="25.524912"><ele>896.1</ele><time>2026-07-29T12:04:24Z</time></trkpt><trkpt lat="45.589048" lon="25.524853"><ele>896.4</ele><time>2026-07-29T12:04:29Z</time></trkpt><trkpt lat="45.58898" lon="25.524787"><ele>896.7</ele><time>2026-07-29T12:04:33Z</time></trkpt><trkpt lat="45.588913" lon="25.52471"><ele>897.0</ele><time>2026-07-29T12:04:37Z</time></trkpt><trkpt lat="45.588858" lon="25.52462"><ele>897.2</ele><time>2026-07-29T12:04:41Z</time></trkpt><trkpt lat="45.588808" lon="25.524528"><ele>897.3</ele><time>2026-07-29T12:04:45Z</time></trkpt><trkpt lat="45.588767" lon="25.52443"><ele>897.6</ele><time>2026-07-29T12:04:49Z</time></trkpt><trkpt lat="45.588725" lon="25.524323"><ele>897.9</ele><time>2026-07-29T12:04:53Z</time></trkpt><trkpt lat="45.588697" lon="25.524208"><ele>898.4</ele><time>2026-07-29T12:04:57Z</time></trkpt><trkpt lat="45.588672" lon="25.524093"><ele>898.8</ele><time>2026-07-29T12:05:01Z</time></trkpt><trkpt lat="45.588633" lon="25.523983"><ele>899.2</ele><time>2026-07-29T12:05:05Z</time></trkpt><trkpt lat="45.588603" lon="25.523888"><ele>899.6</ele><time>2026-07-29T12:05:09Z</time></trkpt><trkpt lat="45.588573" lon="25.523777"><ele>900.1</ele><time>2026-07-29T12:05:14Z</time></trkpt><trkpt lat="45.588507" lon="25.523713"><ele>900.3</ele><time>2026-07-29T12:06:23Z</time></trkpt><trkpt lat="45.5885" lon="25.52361"><ele>901.1</ele><time>2026-07-29T12:10:36Z</time></trkpt><trkpt lat="45.588472" lon="25.523493"><ele>901.8</ele><time>2026-07-29T12:10:43Z</time></trkpt><trkpt lat="45.588455" lon="25.523393"><ele>902.4</ele><time>2026-07-29T12:10:49Z</time></trkpt><trkpt lat="45.58843" lon="25.523288"><ele>902.8</ele><time>2026-07-29T12:10:54Z</time></trkpt><trkpt lat="45.588405" lon="25.523187"><ele>903.4</ele><time>2026-07-29T12:10:59Z</time></trkpt><trkpt lat="45.58838" lon="25.523082"><ele>904.1</ele><time>2026-07-29T12:11:04Z</time></trkpt><trkpt lat="45.58834" lon="25.522977"><ele>904.6</ele><time>2026-07-29T12:11:09Z</time></trkpt><trkpt lat="45.588318" lon="25.522875"><ele>905.1</ele><time>2026-07-29T12:11:13Z</time></trkpt><trkpt lat="45.588295" lon="25.52277"><ele>905.6</ele><time>2026-07-29T12:11:17Z</time></trkpt><trkpt lat="45.58826" lon="25.522645"><ele>906.2</ele><time>2026-07-29T12:11:22Z</time></trkpt><trkpt lat="45.588237" lon="25.52251"><ele>906.8</ele><time>2026-07-29T12:11:27Z</time></trkpt><trkpt lat="45.588195" lon="25.522402"><ele>907.6</ele><time>2026-07-29T12:11:32Z</time></trkpt><trkpt lat="45.588147" lon="25.522293"><ele>908.4</ele><time>2026-07-29T12:11:37Z</time></trkpt><trkpt lat="45.588118" lon="25.522172"><ele>909.1</ele><time>2026-07-29T12:11:41Z</time></trkpt><trkpt lat="45.588097" lon="25.522063"><ele>909.7</ele><time>2026-07-29T12:11:45Z</time></trkpt><trkpt lat="45.58808" lon="25.521955"><ele>910.4</ele><time>2026-07-29T12:11:49Z</time></trkpt><trkpt lat="45.588088" lon="25.521837"><ele>911.4</ele><time>2026-07-29T12:11:55Z</time></trkpt><trkpt lat="45.588163" lon="25.521853"><ele>912.3</ele><time>2026-07-29T12:12:02Z</time></trkpt><trkpt lat="45.588233" lon="25.521928"><ele>913.3</ele><time>2026-07-29T12:12:08Z</time></trkpt><trkpt lat="45.58829" lon="25.522012"><ele>913.9</ele><time>2026-07-29T12:12:13Z</time></trkpt><trkpt lat="45.588342" lon="25.522087"><ele>914.2</ele><time>2026-07-29T12:12:17Z</time></trkpt><trkpt lat="45.5884" lon="25.522178"><ele>914.4</ele><time>2026-07-29T12:12:21Z</time></trkpt><trkpt lat="45.588462" lon="25.522268"><ele>914.7</ele><time>2026-07-29T12:12:25Z</time></trkpt><trkpt lat="45.588518" lon="25.522365"><ele>915.0</ele><time>2026-07-29T12:12:29Z</time></trkpt><trkpt lat="45.58857" lon="25.522442"><ele>915.2</ele><time>2026-07-29T12:12:32Z</time></trkpt><trkpt lat="45.588627" lon="25.52254"><ele>915.5</ele><time>2026-07-29T12:12:36Z</time></trkpt><trkpt lat="45.58869" lon="25.522628"><ele>915.9</ele><time>2026-07-29T12:12:40Z</time></trkpt><trkpt lat="45.588747" lon="25.522718"><ele>916.2</ele><time>2026-07-29T12:12:44Z</time></trkpt><trkpt lat="45.588817" lon="25.522773"><ele>916.6</ele><time>2026-07-29T12:12:48Z</time></trkpt><trkpt lat="45.588892" lon="25.522757"><ele>917.1</ele><time>2026-07-29T12:12:52Z</time></trkpt><trkpt lat="45.588948" lon="25.52268"><ele>917.4</ele><time>2026-07-29T12:12:56Z</time></trkpt><trkpt lat="45.588958" lon="25.52257"><ele>917.9</ele><time>2026-07-29T12:13:00Z</time></trkpt><trkpt lat="45.588932" lon="25.52246"><ele>918.4</ele><time>2026-07-29T12:13:04Z</time></trkpt><trkpt lat="45.588875" lon="25.52236"><ele>918.9</ele><time>2026-07-29T12:13:09Z</time></trkpt><trkpt lat="45.588835" lon="25.522273"><ele>919.3</ele><time>2026-07-29T12:13:13Z</time></trkpt><trkpt lat="45.588785" lon="25.522175"><ele>920.0</ele><time>2026-07-29T12:13:18Z</time></trkpt><trkpt lat="45.588735" lon="25.52208"><ele>920.7</ele><time>2026-07-29T12:13:23Z</time></trkpt><trkpt lat="45.588692" lon="25.521983"><ele>921.4</ele><time>2026-07-29T12:13:28Z</time></trkpt><trkpt lat="45.58865" lon="25.521882"><ele>922.4</ele><time>2026-07-29T12:13:33Z</time></trkpt><trkpt lat="45.588617" lon="25.521768"><ele>923.3</ele><time>2026-07-29T12:13:38Z</time></trkpt><trkpt lat="45.588572" lon="25.521677"><ele>924.2</ele><time>2026-07-29T12:13:43Z</time></trkpt><trkpt lat="45.588532" lon="25.521587"><ele>924.9</ele><time>2026-07-29T12:13:48Z</time></trkpt><trkpt lat="45.588488" lon="25.5215"><ele>925.9</ele><time>2026-07-29T12:13:53Z</time></trkpt><trkpt lat="45.588452" lon="25.521387"><ele>926.8</ele><time>2026-07-29T12:13:58Z</time></trkpt><trkpt lat="45.58841" lon="25.521272"><ele>927.5</ele><time>2026-07-29T12:14:03Z</time></trkpt><trkpt lat="45.588368" lon="25.521175"><ele>928.3</ele><time>2026-07-29T12:14:08Z</time></trkpt><trkpt lat="45.588335" lon="25.521067"><ele>929.2</ele><time>2026-07-29T12:14:13Z</time></trkpt><trkpt lat="45.588298" lon="25.520953"><ele>930.3</ele><time>2026-07-29T12:14:19Z</time></trkpt><trkpt lat="45.588268" lon="25.52085"><ele>930.9</ele><time>2026-07-29T12:14:23Z</time></trkpt><trkpt lat="45.588245" lon="25.520738"><ele>931.5</ele><time>2026-07-29T12:14:27Z</time></trkpt><trkpt lat="45.588215" lon="25.520627"><ele>932.2</ele><time>2026-07-29T12:14:31Z</time></trkpt><trkpt lat="45.588193" lon="25.520528"><ele>932.7</ele><time>2026-07-29T12:14:35Z</time></trkpt><trkpt lat="45.588162" lon="25.520422"><ele>933.2</ele><time>2026-07-29T12:14:39Z</time></trkpt><trkpt lat="45.588137" lon="25.520303"><ele>933.7</ele><time>2026-07-29T12:14:43Z</time></trkpt><trkpt lat="45.588122" lon="25.520185"><ele>934.2</ele><time>2026-07-29T12:14:47Z</time></trkpt><trkpt lat="45.588122" lon="25.520078"><ele>934.6</ele><time>2026-07-29T12:14:50Z</time></trkpt><trkpt lat="45.588092" lon="25.51995"><ele>935.2</ele><time>2026-07-29T12:14:55Z</time></trkpt><trkpt lat="45.58806" lon="25.519845"><ele>935.8</ele><time>2026-07-29T12:14:59Z</time></trkpt><trkpt lat="45.58801" lon="25.519738"><ele>936.3</ele><time>2026-07-29T12:15:03Z</time></trkpt><trkpt lat="45.587948" lon="25.519645"><ele>937.0</ele><time>2026-07-29T12:15:07Z</time></trkpt><trkpt lat="45.587885" lon="25.519565"><ele>937.8</ele><time>2026-07-29T12:15:11Z</time></trkpt><trkpt lat="45.587833" lon="25.519468"><ele>938.3</ele><time>2026-07-29T12:15:15Z</time></trkpt><trkpt lat="45.587795" lon="25.51936"><ele>939.0</ele><time>2026-07-29T12:15:19Z</time></trkpt><trkpt lat="45.587765" lon="25.519255"><ele>939.7</ele><time>2026-07-29T12:15:23Z</time></trkpt><trkpt lat="45.587728" lon="25.519158"><ele>940.4</ele><time>2026-07-29T12:15:27Z</time></trkpt><trkpt lat="45.587703" lon="25.519047"><ele>940.8</ele><time>2026-07-29T12:15:31Z</time></trkpt><trkpt lat="45.587692" lon="25.518942"><ele>941.2</ele><time>2026-07-29T12:15:34Z</time></trkpt><trkpt lat="45.587668" lon="25.51882"><ele>941.7</ele><time>2026-07-29T12:15:38Z</time></trkpt><trkpt lat="45.587632" lon="25.518708"><ele>942.4</ele><time>2026-07-29T12:15:43Z</time></trkpt><trkpt lat="45.587588" lon="25.518602"><ele>943.1</ele><time>2026-07-29T12:15:48Z</time></trkpt><trkpt lat="45.587562" lon="25.518487"><ele>943.9</ele><time>2026-07-29T12:15:53Z</time></trkpt><trkpt lat="45.587518" lon="25.518378"><ele>944.5</ele><time>2026-07-29T12:15:57Z</time></trkpt><trkpt lat="45.587458" lon="25.518293"><ele>945.1</ele><time>2026-07-29T12:16:01Z</time></trkpt><trkpt lat="45.587378" lon="25.518238"><ele>945.7</ele><time>2026-07-29T12:16:05Z</time></trkpt><trkpt lat="45.587297" lon="25.518203"><ele>946.6</ele><time>2026-07-29T12:16:09Z</time></trkpt><trkpt lat="45.587232" lon="25.518153"><ele>947.4</ele><time>2026-07-29T12:16:13Z</time></trkpt><trkpt lat="45.587163" lon="25.518085"><ele>948.4</ele><time>2026-07-29T12:16:18Z</time></trkpt><trkpt lat="45.587103" lon="25.518012"><ele>949.0</ele><time>2026-07-29T12:16:22Z</time></trkpt><trkpt lat="45.587055" lon="25.517897"><ele>949.9</ele><time>2026-07-29T12:16:26Z</time></trkpt><trkpt lat="45.587037" lon="25.517795"><ele>950.4</ele><time>2026-07-29T12:16:29Z</time></trkpt><trkpt lat="45.587015" lon="25.51769"><ele>951.2</ele><time>2026-07-29T12:16:33Z</time></trkpt><trkpt lat="45.586998" lon="25.517567"><ele>952.0</ele><time>2026-07-29T12:16:37Z</time></trkpt><trkpt lat="45.586977" lon="25.517453"><ele>952.5</ele><time>2026-07-29T12:16:41Z</time></trkpt><trkpt lat="45.58696" lon="25.517348"><ele>953.3</ele><time>2026-07-29T12:16:45Z</time></trkpt><trkpt lat="45.586962" lon="25.517233"><ele>954.2</ele><time>2026-07-29T12:16:49Z</time></trkpt><trkpt lat="45.586968" lon="25.517132"><ele>955.0</ele><time>2026-07-29T12:16:53Z</time></trkpt><trkpt lat="45.586958" lon="25.517015"><ele>955.8</ele><time>2026-07-29T12:16:58Z</time></trkpt><trkpt lat="45.586965" lon="25.51689"><ele>956.7</ele><time>2026-07-29T12:17:03Z</time></trkpt><trkpt lat="45.58698" lon="25.516772"><ele>957.4</ele><time>2026-07-29T12:17:07Z</time></trkpt><trkpt lat="45.586978" lon="25.516663"><ele>958.2</ele><time>2026-07-29T12:17:11Z</time></trkpt><trkpt lat="45.586965" lon="25.516535"><ele>958.8</ele><time>2026-07-29T12:17:15Z</time></trkpt><trkpt lat="45.58697" lon="25.51642"><ele>959.5</ele><time>2026-07-29T12:17:19Z</time></trkpt><trkpt lat="45.586997" lon="25.516312"><ele>960.3</ele><time>2026-07-29T12:17:23Z</time></trkpt><trkpt lat="45.587017" lon="25.516212"><ele>960.8</ele><time>2026-07-29T12:17:26Z</time></trkpt><trkpt lat="45.587047" lon="25.516098"><ele>961.5</ele><time>2026-07-29T12:17:30Z</time></trkpt><trkpt lat="45.587077" lon="25.515982"><ele>961.9</ele><time>2026-07-29T12:17:34Z</time></trkpt><trkpt lat="45.58711" lon="25.515863"><ele>962.6</ele><time>2026-07-29T12:17:39Z</time></trkpt><trkpt lat="45.587137" lon="25.515758"><ele>963.5</ele><time>2026-07-29T12:17:43Z</time></trkpt><trkpt lat="45.587173" lon="25.515658"><ele>964.2</ele><time>2026-07-29T12:17:47Z</time></trkpt><trkpt lat="45.587212" lon="25.515568"><ele>964.8</ele><time>2026-07-29T12:17:51Z</time></trkpt><trkpt lat="45.587238" lon="25.515437"><ele>965.4</ele><time>2026-07-29T12:17:55Z</time></trkpt><trkpt lat="45.587258" lon="25.51533"><ele>965.6</ele><time>2026-07-29T12:17:58Z</time></trkpt><trkpt lat="45.587278" lon="25.515205"><ele>966.1</ele><time>2026-07-29T12:18:02Z</time></trkpt><trkpt lat="45.587288" lon="25.515075"><ele>966.7</ele><time>2026-07-29T12:18:06Z</time></trkpt><trkpt lat="45.587298" lon="25.514945"><ele>967.0</ele><time>2026-07-29T12:18:10Z</time></trkpt><trkpt lat="45.587302" lon="25.514812"><ele>967.7</ele><time>2026-07-29T12:18:14Z</time></trkpt><trkpt lat="45.587285" lon="25.514705"><ele>968.2</ele><time>2026-07-29T12:18:17Z</time></trkpt><trkpt lat="45.58726" lon="25.514608"><ele>968.5</ele><time>2026-07-29T12:18:20Z</time></trkpt><trkpt lat="45.587215" lon="25.514513"><ele>968.7</ele><time>2026-07-29T12:18:23Z</time></trkpt><trkpt lat="45.587163" lon="25.514428"><ele>969.0</ele><time>2026-07-29T12:18:26Z</time></trkpt><trkpt lat="45.5871" lon="25.514348"><ele>969.1</ele><time>2026-07-29T12:18:30Z</time></trkpt><trkpt lat="45.587033" lon="25.514275"><ele>969.0</ele><time>2026-07-29T12:18:33Z</time></trkpt><trkpt lat="45.586958" lon="25.514227"><ele>969.0</ele><time>2026-07-29T12:18:37Z</time></trkpt><trkpt lat="45.586877" lon="25.514217"><ele>958.8</ele><time>2026-07-29T12:18:44Z</time></trkpt><trkpt lat="45.586957" lon="25.514187"><ele>958.8</ele><time>2026-07-29T12:19:02Z</time></trkpt><trkpt lat="45.586978" lon="25.51408"><ele>957.7</ele><time>2026-07-29T12:19:20Z</time></trkpt><trkpt lat="45.58705" lon="25.514022"><ele>957.2</ele><time>2026-07-29T12:19:28Z</time></trkpt><trkpt lat="45.587038" lon="25.51392"><ele>955.5</ele><time>2026-07-29T12:19:36Z</time></trkpt><trkpt lat="45.587065" lon="25.514027"><ele>956.4</ele><time>2026-07-29T12:21:39Z</time></trkpt><trkpt lat="45.587068" lon="25.514135"><ele>957.8</ele><time>2026-07-29T12:21:48Z</time></trkpt><trkpt lat="45.586998" lon="25.514168"><ele>958.2</ele><time>2026-07-29T12:21:56Z</time></trkpt><trkpt lat="45.586932" lon="25.514212"><ele>958.6</ele><time>2026-07-29T12:22:04Z</time></trkpt><trkpt lat="45.586867" lon="25.514158"><ele>958.7</ele><time>2026-07-29T12:22:54Z</time></trkpt><trkpt lat="45.586823" lon="25.514247"><ele>958.6</ele><time>2026-07-29T12:25:24Z</time></trkpt><trkpt lat="45.586735" lon="25.514232"><ele>958.8</ele><time>2026-07-29T12:25:27Z</time></trkpt><trkpt lat="45.586655" lon="25.51423"><ele>959.1</ele><time>2026-07-29T12:25:30Z</time></trkpt><trkpt lat="45.586578" lon="25.514213"><ele>959.1</ele><time>2026-07-29T12:25:32Z</time></trkpt><trkpt lat="45.5865" lon="25.514178"><ele>959.0</ele><time>2026-07-29T12:25:34Z</time></trkpt><trkpt lat="45.586405" lon="25.514135"><ele>958.7</ele><time>2026-07-29T12:25:36Z</time></trkpt><trkpt lat="45.586295" lon="25.514105"><ele>958.2</ele><time>2026-07-29T12:25:38Z</time></trkpt><trkpt lat="45.58618" lon="25.514053"><ele>958.0</ele><time>2026-07-29T12:25:40Z</time></trkpt><trkpt lat="45.586093" lon="25.514045"><ele>957.6</ele><time>2026-07-29T12:25:41Z</time></trkpt><trkpt lat="45.585978" lon="25.51406"><ele>957.1</ele><time>2026-07-29T12:25:42Z</time></trkpt><trkpt lat="45.585902" lon="25.514082"><ele>956.6</ele><time>2026-07-29T12:25:43Z</time></trkpt><trkpt lat="45.585807" lon="25.514165"><ele>956.0</ele><time>2026-07-29T12:25:44Z</time></trkpt><trkpt lat="45.585722" lon="25.514227"><ele>955.4</ele><time>2026-07-29T12:25:45Z</time></trkpt><trkpt lat="45.58563" lon="25.514285"><ele>954.8</ele><time>2026-07-29T12:25:46Z</time></trkpt><trkpt lat="45.585522" lon="25.514297"><ele>954.1</ele><time>2026-07-29T12:25:47Z</time></trkpt><trkpt lat="45.585405" lon="25.514302"><ele>953.3</ele><time>2026-07-29T12:25:48Z</time></trkpt><trkpt lat="45.585293" lon="25.514337"><ele>952.6</ele><time>2026-07-29T12:25:49Z</time></trkpt><trkpt lat="45.585175" lon="25.514347"><ele>951.7</ele><time>2026-07-29T12:25:50Z</time></trkpt><trkpt lat="45.585052" lon="25.514368"><ele>950.9</ele><time>2026-07-29T12:25:51Z</time></trkpt><trkpt lat="45.584935" lon="25.514395"><ele>950.0</ele><time>2026-07-29T12:25:53Z</time></trkpt><trkpt lat="45.584818" lon="25.514413"><ele>948.9</ele><time>2026-07-29T12:25:54Z</time></trkpt><trkpt lat="45.58473" lon="25.514468"><ele>947.7</ele><time>2026-07-29T12:25:55Z</time></trkpt><trkpt lat="45.584617" lon="25.514522"><ele>946.6</ele><time>2026-07-29T12:25:56Z</time></trkpt><trkpt lat="45.584497" lon="25.514568"><ele>946.6</ele><time>2026-07-29T12:25:57Z</time></trkpt><trkpt lat="45.584382" lon="25.514613"><ele>945.4</ele><time>2026-07-29T12:25:58Z</time></trkpt><trkpt lat="45.584267" lon="25.514617"><ele>944.3</ele><time>2026-07-29T12:25:59Z</time></trkpt><trkpt lat="45.584162" lon="25.51457"><ele>943.4</ele><time>2026-07-29T12:26:00Z</time></trkpt><trkpt lat="45.584057" lon="25.514485"><ele>942.5</ele><time>2026-07-29T12:26:01Z</time></trkpt><trkpt lat="45.583958" lon="25.514388"><ele>941.7</ele><time>2026-07-29T12:26:02Z</time></trkpt><trkpt lat="45.583873" lon="25.51428"><ele>940.9</ele><time>2026-07-29T12:26:03Z</time></trkpt><trkpt lat="45.583783" lon="25.514205"><ele>940.4</ele><time>2026-07-29T12:26:04Z</time></trkpt><trkpt lat="45.583763" lon="25.514065"><ele>939.8</ele><time>2026-07-29T12:26:05Z</time></trkpt><trkpt lat="45.583703" lon="25.513947"><ele>939.2</ele><time>2026-07-29T12:26:06Z</time></trkpt><trkpt lat="45.583658" lon="25.513843"><ele>938.7</ele><time>2026-07-29T12:26:07Z</time></trkpt><trkpt lat="45.583623" lon="25.513708"><ele>938.3</ele><time>2026-07-29T12:26:08Z</time></trkpt><trkpt lat="45.583618" lon="25.513593"><ele>937.5</ele><time>2026-07-29T12:26:09Z</time></trkpt><trkpt lat="45.583585" lon="25.513475"><ele>936.9</ele><time>2026-07-29T12:26:10Z</time></trkpt><trkpt lat="45.583577" lon="25.513362"><ele>936.3</ele><time>2026-07-29T12:26:11Z</time></trkpt><trkpt lat="45.583598" lon="25.513248"><ele>935.8</ele><time>2026-07-29T12:26:12Z</time></trkpt><trkpt lat="45.583597" lon="25.513108"><ele>935.1</ele><time>2026-07-29T12:26:13Z</time></trkpt><trkpt lat="45.583535" lon="25.51293"><ele>934.5</ele><time>2026-07-29T12:26:14Z</time></trkpt><trkpt lat="45.583507" lon="25.512773"><ele>934.5</ele><time>2026-07-29T12:26:15Z</time></trkpt><trkpt lat="45.583485" lon="25.512617"><ele>933.9</ele><time>2026-07-29T12:26:16Z</time></trkpt><trkpt lat="45.583453" lon="25.512468"><ele>933.4</ele><time>2026-07-29T12:26:17Z</time></trkpt><trkpt lat="45.583447" lon="25.512322"><ele>932.8</ele><time>2026-07-29T12:26:18Z</time></trkpt><trkpt lat="45.58351" lon="25.512158"><ele>932.1</ele><time>2026-07-29T12:26:19Z</time></trkpt><trkpt lat="45.583622" lon="25.512007"><ele>931.3</ele><time>2026-07-29T12:26:20Z</time></trkpt><trkpt lat="45.58372" lon="25.511875"><ele>930.4</ele><time>2026-07-29T12:26:21Z</time></trkpt><trkpt lat="45.583757" lon="25.511718"><ele>929.5</ele><time>2026-07-29T12:26:22Z</time></trkpt><trkpt lat="45.583807" lon="25.511597"><ele>929.5</ele><time>2026-07-29T12:26:23Z</time></trkpt><trkpt lat="45.583797" lon="25.511467"><ele>928.4</ele><time>2026-07-29T12:26:24Z</time></trkpt><trkpt lat="45.583737" lon="25.511348"><ele>927.1</ele><time>2026-07-29T12:26:25Z</time></trkpt><trkpt lat="45.583602" lon="25.511262"><ele>924.7</ele><time>2026-07-29T12:26:27Z</time></trkpt><trkpt lat="45.583518" lon="25.511225"><ele>924.7</ele><time>2026-07-29T12:26:28Z</time></trkpt><trkpt lat="45.583432" lon="25.511208"><ele>923.6</ele><time>2026-07-29T12:26:29Z</time></trkpt><trkpt lat="45.583347" lon="25.511198"><ele>922.5</ele><time>2026-07-29T12:26:30Z</time></trkpt><trkpt lat="45.583253" lon="25.51122"><ele>921.7</ele><time>2026-07-29T12:26:31Z</time></trkpt><trkpt lat="45.583143" lon="25.51128"><ele>921.7</ele><time>2026-07-29T12:26:32Z</time></trkpt><trkpt lat="45.583047" lon="25.51135"><ele>920.8</ele><time>2026-07-29T12:26:33Z</time></trkpt><trkpt lat="45.582943" lon="25.51141"><ele>919.9</ele><time>2026-07-29T12:26:34Z</time></trkpt><trkpt lat="45.582843" lon="25.511445"><ele>918.9</ele><time>2026-07-29T12:26:35Z</time></trkpt><trkpt lat="45.582753" lon="25.511503"><ele>918.9</ele><time>2026-07-29T12:26:36Z</time></trkpt><trkpt lat="45.58264" lon="25.51152"><ele>917.9</ele><time>2026-07-29T12:26:37Z</time></trkpt><trkpt lat="45.582505" lon="25.511438"><ele>916.9</ele><time>2026-07-29T12:26:38Z</time></trkpt><trkpt lat="45.582407" lon="25.511317"><ele>915.8</ele><time>2026-07-29T12:26:39Z</time></trkpt><trkpt lat="45.58234" lon="25.511195"><ele>915.8</ele><time>2026-07-29T12:26:40Z</time></trkpt><trkpt lat="45.58225" lon="25.511057"><ele>914.7</ele><time>2026-07-29T12:26:41Z</time></trkpt><trkpt lat="45.582208" lon="25.510922"><ele>913.6</ele><time>2026-07-29T12:26:42Z</time></trkpt><trkpt lat="45.582158" lon="25.51079"><ele>912.5</ele><time>2026-07-29T12:26:43Z</time></trkpt><trkpt lat="45.582098" lon="25.510627"><ele>912.5</ele><time>2026-07-29T12:26:44Z</time></trkpt><trkpt lat="45.582073" lon="25.510468"><ele>911.4</ele><time>2026-07-29T12:26:45Z</time></trkpt><trkpt lat="45.582072" lon="25.510295"><ele>910.2</ele><time>2026-07-29T12:26:46Z</time></trkpt><trkpt lat="45.582063" lon="25.510117"><ele>909.0</ele><time>2026-07-29T12:26:47Z</time></trkpt><trkpt lat="45.582085" lon="25.50994"><ele>907.9</ele><time>2026-07-29T12:26:48Z</time></trkpt><trkpt lat="45.582092" lon="25.50976"><ele>906.8</ele><time>2026-07-29T12:26:49Z</time></trkpt><trkpt lat="45.582097" lon="25.509577"><ele>905.5</ele><time>2026-07-29T12:26:50Z</time></trkpt><trkpt lat="45.58211" lon="25.50939"><ele>904.3</ele><time>2026-07-29T12:26:51Z</time></trkpt><trkpt lat="45.582142" lon="25.509203"><ele>903.6</ele><time>2026-07-29T12:26:52Z</time></trkpt><trkpt lat="45.582173" lon="25.509017"><ele>902.9</ele><time>2026-07-29T12:26:53Z</time></trkpt><trkpt lat="45.582215" lon="25.508823"><ele>902.1</ele><time>2026-07-29T12:26:54Z</time></trkpt><trkpt lat="45.582273" lon="25.50863"><ele>901.3</ele><time>2026-07-29T12:26:55Z</time></trkpt><trkpt lat="45.582353" lon="25.508455"><ele>900.4</ele><time>2026-07-29T12:26:56Z</time></trkpt><trkpt lat="45.582467" lon="25.508303"><ele>899.0</ele><time>2026-07-29T12:26:57Z</time></trkpt><trkpt lat="45.582605" lon="25.5082"><ele>899.0</ele><time>2026-07-29T12:26:58Z</time></trkpt><trkpt lat="45.582753" lon="25.508125"><ele>897.4</ele><time>2026-07-29T12:26:59Z</time></trkpt><trkpt lat="45.58286" lon="25.50806"><ele>895.4</ele><time>2026-07-29T12:27:00Z</time></trkpt><trkpt lat="45.582938" lon="25.507913"><ele>893.0</ele><time>2026-07-29T12:27:01Z</time></trkpt><trkpt lat="45.582993" lon="25.50778"><ele>893.0</ele><time>2026-07-29T12:27:02Z</time></trkpt><trkpt lat="45.583062" lon="25.507637"><ele>890.6</ele><time>2026-07-29T12:27:03Z</time></trkpt><trkpt lat="45.583135" lon="25.507487"><ele>888.1</ele><time>2026-07-29T12:27:04Z</time></trkpt><trkpt lat="45.58316" lon="25.507318"><ele>885.2</ele><time>2026-07-29T12:27:05Z</time></trkpt><trkpt lat="45.58314" lon="25.50717"><ele>885.2</ele><time>2026-07-29T12:27:06Z</time></trkpt><trkpt lat="45.583067" lon="25.507047"><ele>882.7</ele><time>2026-07-29T12:27:07Z</time></trkpt><trkpt lat="45.582968" lon="25.506958"><ele>880.9</ele><time>2026-07-29T12:27:08Z</time></trkpt><trkpt lat="45.582855" lon="25.506897"><ele>879.2</ele><time>2026-07-29T12:27:09Z</time></trkpt><trkpt lat="45.582748" lon="25.506815"><ele>879.2</ele><time>2026-07-29T12:27:10Z</time></trkpt><trkpt lat="45.582653" lon="25.506705"><ele>877.4</ele><time>2026-07-29T12:27:11Z</time></trkpt><trkpt lat="45.582595" lon="25.506557"><ele>876.0</ele><time>2026-07-29T12:27:12Z</time></trkpt><trkpt lat="45.5826" lon="25.506367"><ele>874.6</ele><time>2026-07-29T12:27:13Z</time></trkpt><trkpt lat="45.58263" lon="25.506185"><ele>873.1</ele><time>2026-07-29T12:27:14Z</time></trkpt><trkpt lat="45.582683" lon="25.506013"><ele>871.4</ele><time>2026-07-29T12:27:15Z</time></trkpt><trkpt lat="45.582713" lon="25.50585"><ele>870.4</ele><time>2026-07-29T12:27:16Z</time></trkpt><trkpt lat="45.582772" lon="25.505683"><ele>869.2</ele><time>2026-07-29T12:27:17Z</time></trkpt><trkpt lat="45.582825" lon="25.505507"><ele>868.0</ele><time>2026-07-29T12:27:18Z</time></trkpt><trkpt lat="45.582877" lon="25.505332"><ele>866.5</ele><time>2026-07-29T12:27:19Z</time></trkpt><trkpt lat="45.582933" lon="25.505167"><ele>865.2</ele><time>2026-07-29T12:27:20Z</time></trkpt><trkpt lat="45.582998" lon="25.504988"><ele>863.6</ele><time>2026-07-29T12:27:21Z</time></trkpt><trkpt lat="45.583043" lon="25.504818"><ele>862.0</ele><time>2026-07-29T12:27:22Z</time></trkpt><trkpt lat="45.583115" lon="25.504672"><ele>860.6</ele><time>2026-07-29T12:27:23Z</time></trkpt><trkpt lat="45.583187" lon="25.504548"><ele>859.3</ele><time>2026-07-29T12:27:24Z</time></trkpt><trkpt lat="45.583267" lon="25.50447"><ele>857.8</ele><time>2026-07-29T12:27:25Z</time></trkpt><trkpt lat="45.583357" lon="25.504457"><ele>857.8</ele><time>2026-07-29T12:27:26Z</time></trkpt><trkpt lat="45.583443" lon="25.504548"><ele>856.4</ele><time>2026-07-29T12:27:27Z</time></trkpt><trkpt lat="45.583472" lon="25.504703"><ele>855.1</ele><time>2026-07-29T12:27:28Z</time></trkpt><trkpt lat="45.583445" lon="25.50485"><ele>854.1</ele><time>2026-07-29T12:27:29Z</time></trkpt><trkpt lat="45.583398" lon="25.504935"><ele>853.5</ele><time>2026-07-29T12:27:30Z</time></trkpt><trkpt lat="45.583337" lon="25.505045"><ele>853.2</ele><time>2026-07-29T12:27:31Z</time></trkpt><trkpt lat="45.583263" lon="25.505133"><ele>852.7</ele><time>2026-07-29T12:27:32Z</time></trkpt><trkpt lat="45.583223" lon="25.505258"><ele>852.3</ele><time>2026-07-29T12:27:33Z</time></trkpt><trkpt lat="45.583188" lon="25.505373"><ele>851.9</ele><time>2026-07-29T12:27:34Z</time></trkpt><trkpt lat="45.58313" lon="25.505552"><ele>850.8</ele><time>2026-07-29T12:27:36Z</time></trkpt><trkpt lat="45.583123" lon="25.505738"><ele>850.3</ele><time>2026-07-29T12:27:38Z</time></trkpt><trkpt lat="45.583245" lon="25.505868"><ele>849.7</ele><time>2026-07-29T12:27:40Z</time></trkpt><trkpt lat="45.583335" lon="25.505847"><ele>849.4</ele><time>2026-07-29T12:27:41Z</time></trkpt><trkpt lat="45.583408" lon="25.505748"><ele>848.9</ele><time>2026-07-29T12:27:42Z</time></trkpt><trkpt lat="45.583445" lon="25.505617"><ele>848.6</ele><time>2026-07-29T12:27:43Z</time></trkpt><trkpt lat="45.583467" lon="25.505503"><ele>848.6</ele><time>2026-07-29T12:27:44Z</time></trkpt><trkpt lat="45.583533" lon="25.50538"><ele>848.1</ele><time>2026-07-29T12:27:45Z</time></trkpt><trkpt lat="45.583598" lon="25.50528"><ele>847.6</ele><time>2026-07-29T12:27:46Z</time></trkpt><trkpt lat="45.583665" lon="25.505163"><ele>847.0</ele><time>2026-07-29T12:27:47Z</time></trkpt><trkpt lat="45.583732" lon="25.50505"><ele>846.5</ele><time>2026-07-29T12:27:48Z</time></trkpt><trkpt lat="45.583802" lon="25.504937"><ele>845.8</ele><time>2026-07-29T12:27:49Z</time></trkpt><trkpt lat="45.583882" lon="25.504842"><ele>845.1</ele><time>2026-07-29T12:27:50Z</time></trkpt><trkpt lat="45.58397" lon="25.504752"><ele>844.3</ele><time>2026-07-29T12:27:51Z</time></trkpt><trkpt lat="45.584058" lon="25.504657"><ele>843.5</ele><time>2026-07-29T12:27:52Z</time></trkpt><trkpt lat="45.584133" lon="25.504538"><ele>842.5</ele><time>2026-07-29T12:27:53Z</time></trkpt><trkpt lat="45.584233" lon="25.504425"><ele>841.5</ele><time>2026-07-29T12:27:54Z</time></trkpt><trkpt lat="45.58433" lon="25.504335"><ele>840.5</ele><time>2026-07-29T12:27:55Z</time></trkpt><trkpt lat="45.58442" lon="25.504238"><ele>839.5</ele><time>2026-07-29T12:27:56Z</time></trkpt><trkpt lat="45.584512" lon="25.504128"><ele>838.4</ele><time>2026-07-29T12:27:57Z</time></trkpt><trkpt lat="45.584593" lon="25.503988"><ele>837.4</ele><time>2026-07-29T12:27:58Z</time></trkpt><trkpt lat="45.58465" lon="25.503828"><ele>837.4</ele><time>2026-07-29T12:27:59Z</time></trkpt><trkpt lat="45.584705" lon="25.503662"><ele>836.5</ele><time>2026-07-29T12:28:00Z</time></trkpt><trkpt lat="45.584755" lon="25.503517"><ele>835.4</ele><time>2026-07-29T12:28:01Z</time></trkpt><trkpt lat="45.584802" lon="25.503352"><ele>834.3</ele><time>2026-07-29T12:28:02Z</time></trkpt><trkpt lat="45.584847" lon="25.503185"><ele>834.3</ele><time>2026-07-29T12:28:03Z</time></trkpt><trkpt lat="45.58489" lon="25.503017"><ele>833.2</ele><time>2026-07-29T12:28:04Z</time></trkpt><trkpt lat="45.584912" lon="25.502835"><ele>832.1</ele><time>2026-07-29T12:28:05Z</time></trkpt><trkpt lat="45.584927" lon="25.502648"><ele>831.3</ele><time>2026-07-29T12:28:06Z</time></trkpt><trkpt lat="45.58494" lon="25.502462"><ele>831.3</ele><time>2026-07-29T12:28:07Z</time></trkpt><trkpt lat="45.584967" lon="25.502268"><ele>830.4</ele><time>2026-07-29T12:28:08Z</time></trkpt><trkpt lat="45.584997" lon="25.502083"><ele>829.3</ele><time>2026-07-29T12:28:09Z</time></trkpt><trkpt lat="45.585017" lon="25.501902"><ele>828.0</ele><time>2026-07-29T12:28:10Z</time></trkpt><trkpt lat="45.585035" lon="25.501745"><ele>828.0</ele><time>2026-07-29T12:28:11Z</time></trkpt><trkpt lat="45.58506" lon="25.501603"><ele>826.6</ele><time>2026-07-29T12:28:12Z</time></trkpt><trkpt lat="45.585112" lon="25.501487"><ele>824.6</ele><time>2026-07-29T12:28:13Z</time></trkpt><trkpt lat="45.585193" lon="25.50143"><ele>822.7</ele><time>2026-07-29T12:28:14Z</time></trkpt><trkpt lat="45.585272" lon="25.501467"><ele>822.7</ele><time>2026-07-29T12:28:15Z</time></trkpt><trkpt lat="45.585315" lon="25.501558"><ele>821.1</ele><time>2026-07-29T12:28:16Z</time></trkpt><trkpt lat="45.585335" lon="25.501665"><ele>819.4</ele><time>2026-07-29T12:28:17Z</time></trkpt><trkpt lat="45.585348" lon="25.501777"><ele>817.7</ele><time>2026-07-29T12:28:18Z</time></trkpt><trkpt lat="45.585357" lon="25.501887"><ele>816.4</ele><time>2026-07-29T12:28:19Z</time></trkpt><trkpt lat="45.585368" lon="25.50202"><ele>816.4</ele><time>2026-07-29T12:28:20Z</time></trkpt><trkpt lat="45.585395" lon="25.502142"><ele>815.0</ele><time>2026-07-29T12:28:21Z</time></trkpt><trkpt lat="45.585415" lon="25.502262"><ele>813.6</ele><time>2026-07-29T12:28:22Z</time></trkpt><trkpt lat="45.585445" lon="25.502365"><ele>812.7</ele><time>2026-07-29T12:28:23Z</time></trkpt><trkpt lat="45.585448" lon="25.50249"><ele>812.7</ele><time>2026-07-29T12:28:24Z</time></trkpt><trkpt lat="45.585453" lon="25.502627"><ele>811.9</ele><time>2026-07-29T12:28:25Z</time></trkpt><trkpt lat="45.585468" lon="25.50274"><ele>811.3</ele><time>2026-07-29T12:28:26Z</time></trkpt><trkpt lat="45.58548" lon="25.502883"><ele>810.7</ele><time>2026-07-29T12:28:27Z</time></trkpt><trkpt lat="45.585492" lon="25.503013"><ele>810.7</ele><time>2026-07-29T12:28:28Z</time></trkpt><trkpt lat="45.585498" lon="25.50313"><ele>810.1</ele><time>2026-07-29T12:28:29Z</time></trkpt><trkpt lat="45.585498" lon="25.50328"><ele>809.5</ele><time>2026-07-29T12:28:30Z</time></trkpt><trkpt lat="45.58548" lon="25.503418"><ele>808.9</ele><time>2026-07-29T12:28:31Z</time></trkpt><trkpt lat="45.585468" lon="25.503563"><ele>808.9</ele><time>2026-07-29T12:28:32Z</time></trkpt><trkpt lat="45.585472" lon="25.50371"><ele>808.2</ele><time>2026-07-29T12:28:33Z</time></trkpt><trkpt lat="45.58546" lon="25.503867"><ele>807.6</ele><time>2026-07-29T12:28:34Z</time></trkpt><trkpt lat="45.585443" lon="25.504012"><ele>806.8</ele><time>2026-07-29T12:28:35Z</time></trkpt><trkpt lat="45.585445" lon="25.504162"><ele>806.8</ele><time>2026-07-29T12:28:36Z</time></trkpt><trkpt lat="45.585447" lon="25.504317"><ele>806.0</ele><time>2026-07-29T12:28:37Z</time></trkpt><trkpt lat="45.585465" lon="25.504463"><ele>805.1</ele><time>2026-07-29T12:28:38Z</time></trkpt><trkpt lat="45.585512" lon="25.504585"><ele>804.1</ele><time>2026-07-29T12:28:39Z</time></trkpt><trkpt lat="45.585603" lon="25.504658"><ele>804.1</ele><time>2026-07-29T12:28:40Z</time></trkpt><trkpt lat="45.585707" lon="25.504672"><ele>803.0</ele><time>2026-07-29T12:28:41Z</time></trkpt><trkpt lat="45.5858" lon="25.504612"><ele>802.1</ele><time>2026-07-29T12:28:42Z</time></trkpt><trkpt lat="45.585865" lon="25.504485"><ele>801.2</ele><time>2026-07-29T12:28:43Z</time></trkpt><trkpt lat="45.585908" lon="25.504347"><ele>801.2</ele><time>2026-07-29T12:28:44Z</time></trkpt><trkpt lat="45.585957" lon="25.504205"><ele>800.3</ele><time>2026-07-29T12:28:45Z</time></trkpt><trkpt lat="45.585998" lon="25.50406"><ele>799.2</ele><time>2026-07-29T12:28:46Z</time></trkpt><trkpt lat="45.586043" lon="25.503927"><ele>798.2</ele><time>2026-07-29T12:28:47Z</time></trkpt><trkpt lat="45.586097" lon="25.503802"><ele>798.2</ele><time>2026-07-29T12:28:48Z</time></trkpt><trkpt lat="45.58617" lon="25.50368"><ele>796.9</ele><time>2026-07-29T12:28:49Z</time></trkpt><trkpt lat="45.58625" lon="25.503552"><ele>795.5</ele><time>2026-07-29T12:28:50Z</time></trkpt><trkpt lat="45.586332" lon="25.503432"><ele>794.0</ele><time>2026-07-29T12:28:51Z</time></trkpt><trkpt lat="45.586437" lon="25.503265"><ele>794.0</ele><time>2026-07-29T12:28:52Z</time></trkpt><trkpt lat="45.586517" lon="25.503107"><ele>792.7</ele><time>2026-07-29T12:28:53Z</time></trkpt><trkpt lat="45.586552" lon="25.502953"><ele>791.3</ele><time>2026-07-29T12:28:54Z</time></trkpt><trkpt lat="45.586615" lon="25.502787"><ele>789.8</ele><time>2026-07-29T12:28:55Z</time></trkpt><trkpt lat="45.586687" lon="25.502623"><ele>788.2</ele><time>2026-07-29T12:28:56Z</time></trkpt><trkpt lat="45.586752" lon="25.50246"><ele>788.2</ele><time>2026-07-29T12:28:57Z</time></trkpt><trkpt lat="45.58682" lon="25.502288"><ele>786.7</ele><time>2026-07-29T12:28:58Z</time></trkpt><trkpt lat="45.586863" lon="25.5021"><ele>785.1</ele><time>2026-07-29T12:28:59Z</time></trkpt><trkpt lat="45.586913" lon="25.501925"><ele>783.5</ele><time>2026-07-29T12:29:00Z</time></trkpt><trkpt lat="45.586962" lon="25.501747"><ele>783.5</ele><time>2026-07-29T12:29:01Z</time></trkpt><trkpt lat="45.58698" lon="25.50156"><ele>782.1</ele><time>2026-07-29T12:29:02Z</time></trkpt><trkpt lat="45.586987" lon="25.50137"><ele>780.6</ele><time>2026-07-29T12:29:03Z</time></trkpt><trkpt lat="45.586988" lon="25.501185"><ele>779.2</ele><time>2026-07-29T12:29:04Z</time></trkpt><trkpt lat="45.586977" lon="25.500992"><ele>779.2</ele><time>2026-07-29T12:29:05Z</time></trkpt><trkpt lat="45.586973" lon="25.500792"><ele>777.5</ele><time>2026-07-29T12:29:06Z</time></trkpt><trkpt lat="45.586967" lon="25.500602"><ele>775.8</ele><time>2026-07-29T12:29:07Z</time></trkpt><trkpt lat="45.586947" lon="25.500407"><ele>774.2</ele><time>2026-07-29T12:29:08Z</time></trkpt><trkpt lat="45.586918" lon="25.500208"><ele>774.2</ele><time>2026-07-29T12:29:09Z</time></trkpt><trkpt lat="45.586892" lon="25.500008"><ele>772.5</ele><time>2026-07-29T12:29:10Z</time></trkpt><trkpt lat="45.586867" lon="25.499803"><ele>770.6</ele><time>2026-07-29T12:29:11Z</time></trkpt><trkpt lat="45.586847" lon="25.499597"><ele>768.8</ele><time>2026-07-29T12:29:12Z</time></trkpt><trkpt lat="45.58683" lon="25.499395"><ele>768.8</ele><time>2026-07-29T12:29:13Z</time></trkpt><trkpt lat="45.5868" lon="25.499188"><ele>767.1</ele><time>2026-07-29T12:29:14Z</time></trkpt><trkpt lat="45.58677" lon="25.498988"><ele>765.2</ele><time>2026-07-29T12:29:15Z</time></trkpt><trkpt lat="45.586718" lon="25.498792"><ele>763.4</ele><time>2026-07-29T12:29:16Z</time></trkpt><trkpt lat="45.586648" lon="25.49861"><ele>761.6</ele><time>2026-07-29T12:29:17Z</time></trkpt><trkpt lat="45.586565" lon="25.498443"><ele>759.8</ele><time>2026-07-29T12:29:18Z</time></trkpt><trkpt lat="45.586475" lon="25.498282"><ele>758.2</ele><time>2026-07-29T12:29:19Z</time></trkpt><trkpt lat="45.586382" lon="25.498133"><ele>756.8</ele><time>2026-07-29T12:29:20Z</time></trkpt><trkpt lat="45.586302" lon="25.497977"><ele>756.8</ele><time>2026-07-29T12:29:21Z</time></trkpt><trkpt lat="45.586237" lon="25.49781"><ele>755.5</ele><time>2026-07-29T12:29:22Z</time></trkpt><trkpt lat="45.586172" lon="25.49763"><ele>754.2</ele><time>2026-07-29T12:29:23Z</time></trkpt><trkpt lat="45.586105" lon="25.497442"><ele>753.0</ele><time>2026-07-29T12:29:24Z</time></trkpt><trkpt lat="45.586055" lon="25.497263"><ele>751.9</ele><time>2026-07-29T12:29:25Z</time></trkpt><trkpt lat="45.586015" lon="25.49708"><ele>750.7</ele><time>2026-07-29T12:29:26Z</time></trkpt><trkpt lat="45.58595" lon="25.496898"><ele>749.5</ele><time>2026-07-29T12:29:27Z</time></trkpt><trkpt lat="45.585908" lon="25.49669"><ele>748.4</ele><time>2026-07-29T12:29:28Z</time></trkpt><trkpt lat="45.585887" lon="25.496492"><ele>748.4</ele><time>2026-07-29T12:29:29Z</time></trkpt><trkpt lat="45.585857" lon="25.49631"><ele>747.4</ele><time>2026-07-29T12:29:30Z</time></trkpt><trkpt lat="45.585825" lon="25.496112"><ele>746.2</ele><time>2026-07-29T12:29:31Z</time></trkpt><trkpt lat="45.585778" lon="25.495952"><ele>745.0</ele><time>2026-07-29T12:29:32Z</time></trkpt><trkpt lat="45.585725" lon="25.495773"><ele>745.0</ele><time>2026-07-29T12:29:33Z</time></trkpt><trkpt lat="45.585678" lon="25.495615"><ele>743.9</ele><time>2026-07-29T12:29:34Z</time></trkpt><trkpt lat="45.58563" lon="25.495443"><ele>742.6</ele><time>2026-07-29T12:29:35Z</time></trkpt><trkpt lat="45.585605" lon="25.49528"><ele>741.4</ele><time>2026-07-29T12:29:36Z</time></trkpt><trkpt lat="45.585585" lon="25.495133"><ele>741.4</ele><time>2026-07-29T12:29:37Z</time></trkpt><trkpt lat="45.585577" lon="25.49501"><ele>740.1</ele><time>2026-07-29T12:29:38Z</time></trkpt><trkpt lat="45.585592" lon="25.494905"><ele>738.6</ele><time>2026-07-29T12:29:39Z</time></trkpt><trkpt lat="45.585618" lon="25.494805"><ele>736.9</ele><time>2026-07-29T12:29:40Z</time></trkpt><trkpt lat="45.58566" lon="25.49465"><ele>733.8</ele><time>2026-07-29T12:29:42Z</time></trkpt><trkpt lat="45.585672" lon="25.494498"><ele>731.6</ele><time>2026-07-29T12:29:44Z</time></trkpt><trkpt lat="45.585697" lon="25.494373"><ele>730.4</ele><time>2026-07-29T12:29:46Z</time></trkpt><trkpt lat="45.585647" lon="25.49425"><ele>729.6</ele><time>2026-07-29T12:29:49Z</time></trkpt><trkpt lat="45.585692" lon="25.494147"><ele>728.6</ele><time>2026-07-29T12:29:52Z</time></trkpt><trkpt lat="45.58571" lon="25.494025"><ele>726.9</ele><time>2026-07-29T12:31:24Z</time></trkpt><trkpt lat="45.585642" lon="25.494082"><ele>727.0</ele><time>2026-07-29T12:33:15Z</time></trkpt><trkpt lat="45.585638" lon="25.49394"><ele>727.1</ele><time>2026-07-29T12:33:21Z</time></trkpt><trkpt lat="45.585603" lon="25.49378"><ele>727.0</ele><time>2026-07-29T12:33:24Z</time></trkpt><trkpt lat="45.58558" lon="25.493618"><ele>726.8</ele><time>2026-07-29T12:33:26Z</time></trkpt><trkpt lat="45.585583" lon="25.493448"><ele>726.7</ele><time>2026-07-29T12:33:28Z</time></trkpt><trkpt lat="45.585558" lon="25.493272"><ele>726.6</ele><time>2026-07-29T12:33:30Z</time></trkpt><trkpt lat="45.585545" lon="25.493098"><ele>726.4</ele><time>2026-07-29T12:33:32Z</time></trkpt><trkpt lat="45.585563" lon="25.492967"><ele>726.1</ele><time>2026-07-29T12:33:33Z</time></trkpt><trkpt lat="45.58556" lon="25.492855"><ele>726.1</ele><time>2026-07-29T12:33:34Z</time></trkpt><trkpt lat="45.585508" lon="25.492697"><ele>725.6</ele><time>2026-07-29T12:33:36Z</time></trkpt><trkpt lat="45.585478" lon="25.492513"><ele>724.9</ele><time>2026-07-29T12:33:38Z</time></trkpt><trkpt lat="45.585442" lon="25.492317"><ele>744.0</ele><time>2026-07-29T12:33:40Z</time></trkpt><trkpt lat="45.585455" lon="25.492192"><ele>743.4</ele><time>2026-07-29T12:33:41Z</time></trkpt><trkpt lat="45.585462" lon="25.492077"><ele>742.9</ele><time>2026-07-29T12:33:42Z</time></trkpt><trkpt lat="45.585458" lon="25.491953"><ele>742.4</ele><time>2026-07-29T12:33:43Z</time></trkpt><trkpt lat="45.585412" lon="25.491755"><ele>741.6</ele><time>2026-07-29T12:33:45Z</time></trkpt><trkpt lat="45.585405" lon="25.491627"><ele>741.2</ele><time>2026-07-29T12:33:46Z</time></trkpt><trkpt lat="45.585383" lon="25.491507"><ele>740.9</ele><time>2026-07-29T12:33:47Z</time></trkpt><trkpt lat="45.585367" lon="25.49138"><ele>740.7</ele><time>2026-07-29T12:33:48Z</time></trkpt><trkpt lat="45.585333" lon="25.491257"><ele>740.5</ele><time>2026-07-29T12:33:49Z</time></trkpt><trkpt lat="45.585333" lon="25.491127"><ele>740.3</ele><time>2026-07-29T12:33:50Z</time></trkpt><trkpt lat="45.585325" lon="25.491003"><ele>740.3</ele><time>2026-07-29T12:33:51Z</time></trkpt><trkpt lat="45.585317" lon="25.490882"><ele>740.3</ele><time>2026-07-29T12:33:52Z</time></trkpt><trkpt lat="45.585303" lon="25.490762"><ele>740.1</ele><time>2026-07-29T12:33:53Z</time></trkpt><trkpt lat="45.585403" lon="25.49062"><ele>739.9</ele><time>2026-07-29T12:33:54Z</time></trkpt><trkpt lat="45.585398" lon="25.490502"><ele>739.6</ele><time>2026-07-29T12:33:55Z</time></trkpt><trkpt lat="45.585383" lon="25.490385"><ele>739.0</ele><time>2026-07-29T12:33:56Z</time></trkpt><trkpt lat="45.585388" lon="25.490265"><ele>738.8</ele><time>2026-07-29T12:33:57Z</time></trkpt><trkpt lat="45.585403" lon="25.490147"><ele>738.4</ele><time>2026-07-29T12:33:58Z</time></trkpt><trkpt lat="45.58541" lon="25.490028"><ele>737.6</ele><time>2026-07-29T12:33:59Z</time></trkpt><trkpt lat="45.585413" lon="25.489908"><ele>736.9</ele><time>2026-07-29T12:34:00Z</time></trkpt><trkpt lat="45.585415" lon="25.489788"><ele>736.8</ele><time>2026-07-29T12:34:01Z</time></trkpt><trkpt lat="45.585417" lon="25.489668"><ele>736.1</ele><time>2026-07-29T12:34:02Z</time></trkpt><trkpt lat="45.585423" lon="25.489545"><ele>735.5</ele><time>2026-07-29T12:34:03Z</time></trkpt><trkpt lat="45.585425" lon="25.489437"><ele>735.2</ele><time>2026-07-29T12:34:04Z</time></trkpt><trkpt lat="45.585435" lon="25.489322"><ele>734.6</ele><time>2026-07-29T12:34:05Z</time></trkpt><trkpt lat="45.58544" lon="25.489207"><ele>734.0</ele><time>2026-07-29T12:34:06Z</time></trkpt><trkpt lat="45.58543" lon="25.489092"><ele>733.4</ele><time>2026-07-29T12:34:07Z</time></trkpt><trkpt lat="45.585423" lon="25.48898"><ele>732.9</ele><time>2026-07-29T12:34:08Z</time></trkpt><trkpt lat="45.585412" lon="25.48887"><ele>732.9</ele><time>2026-07-29T12:34:09Z</time></trkpt><trkpt lat="45.585393" lon="25.488762"><ele>732.7</ele><time>2026-07-29T12:34:10Z</time></trkpt><trkpt lat="45.58537" lon="25.488653"><ele>732.6</ele><time>2026-07-29T12:34:11Z</time></trkpt><trkpt lat="45.585343" lon="25.488545"><ele>732.6</ele><time>2026-07-29T12:34:12Z</time></trkpt><trkpt lat="45.58533" lon="25.48837"><ele>732.3</ele><time>2026-07-29T12:34:13Z</time></trkpt><trkpt lat="45.585278" lon="25.488215"><ele>731.4</ele><time>2026-07-29T12:34:15Z</time></trkpt><trkpt lat="45.58524" lon="25.488117"><ele>730.6</ele><time>2026-07-29T12:34:16Z</time></trkpt><trkpt lat="45.58521" lon="25.488007"><ele>729.9</ele><time>2026-07-29T12:34:17Z</time></trkpt><trkpt lat="45.585198" lon="25.487898"><ele>729.3</ele><time>2026-07-29T12:34:18Z</time></trkpt><trkpt lat="45.585177" lon="25.487787"><ele>728.8</ele><time>2026-07-29T12:34:19Z</time></trkpt><trkpt lat="45.585155" lon="25.487673"><ele>728.6</ele><time>2026-07-29T12:34:20Z</time></trkpt><trkpt lat="45.585158" lon="25.487557"><ele>728.2</ele><time>2026-07-29T12:34:21Z</time></trkpt><trkpt lat="45.585173" lon="25.487443"><ele>727.8</ele><time>2026-07-29T12:34:22Z</time></trkpt><trkpt lat="45.585187" lon="25.487342"><ele>727.5</ele><time>2026-07-29T12:34:23Z</time></trkpt><trkpt lat="45.585218" lon="25.487237"><ele>727.0</ele><time>2026-07-29T12:34:24Z</time></trkpt><trkpt lat="45.585272" lon="25.487053"><ele>726.5</ele><time>2026-07-29T12:34:26Z</time></trkpt><trkpt lat="45.585307" lon="25.486962"><ele>726.3</ele><time>2026-07-29T12:34:27Z</time></trkpt><trkpt lat="45.585372" lon="25.486877"><ele>726.2</ele><time>2026-07-29T12:34:28Z</time></trkpt><trkpt lat="45.585408" lon="25.486778"><ele>726.1</ele><time>2026-07-29T12:34:29Z</time></trkpt><trkpt lat="45.585448" lon="25.486677"><ele>726.1</ele><time>2026-07-29T12:34:30Z</time></trkpt><trkpt lat="45.585492" lon="25.48658"><ele>726.0</ele><time>2026-07-29T12:34:31Z</time></trkpt><trkpt lat="45.585533" lon="25.486477"><ele>725.7</ele><time>2026-07-29T12:34:32Z</time></trkpt><trkpt lat="45.585578" lon="25.486375"><ele>725.2</ele><time>2026-07-29T12:34:33Z</time></trkpt><trkpt lat="45.585622" lon="25.486262"><ele>724.9</ele><time>2026-07-29T12:34:34Z</time></trkpt><trkpt lat="45.58566" lon="25.486148"><ele>724.4</ele><time>2026-07-29T12:34:35Z</time></trkpt><trkpt lat="45.585702" lon="25.48604"><ele>724.0</ele><time>2026-07-29T12:34:36Z</time></trkpt><trkpt lat="45.585738" lon="25.485928"><ele>723.6</ele><time>2026-07-29T12:34:37Z</time></trkpt><trkpt lat="45.58577" lon="25.48581"><ele>723.4</ele><time>2026-07-29T12:34:38Z</time></trkpt><trkpt lat="45.585788" lon="25.485678"><ele>723.0</ele><time>2026-07-29T12:34:39Z</time></trkpt><trkpt lat="45.585818" lon="25.485548"><ele>722.6</ele><time>2026-07-29T12:34:40Z</time></trkpt><trkpt lat="45.585865" lon="25.485422"><ele>721.8</ele><time>2026-07-29T12:34:41Z</time></trkpt><trkpt lat="45.585908" lon="25.485295"><ele>721.1</ele><time>2026-07-29T12:34:42Z</time></trkpt><trkpt lat="45.585957" lon="25.485167"><ele>720.5</ele><time>2026-07-29T12:34:43Z</time></trkpt><trkpt lat="45.585995" lon="25.48503"><ele>720.5</ele><time>2026-07-29T12:34:44Z</time></trkpt><trkpt lat="45.586037" lon="25.484888"><ele>720.2</ele><time>2026-07-29T12:34:45Z</time></trkpt><trkpt lat="45.58608" lon="25.484752"><ele>719.8</ele><time>2026-07-29T12:34:46Z</time></trkpt><trkpt lat="45.586132" lon="25.484627"><ele>719.4</ele><time>2026-07-29T12:34:47Z</time></trkpt><trkpt lat="45.586177" lon="25.484493"><ele>718.9</ele><time>2026-07-29T12:34:48Z</time></trkpt><trkpt lat="45.58622" lon="25.48436"><ele>718.5</ele><time>2026-07-29T12:34:49Z</time></trkpt><trkpt lat="45.586258" lon="25.48423"><ele>717.8</ele><time>2026-07-29T12:34:50Z</time></trkpt><trkpt lat="45.586302" lon="25.484098"><ele>717.3</ele><time>2026-07-29T12:34:51Z</time></trkpt><trkpt lat="45.586357" lon="25.483977"><ele>716.8</ele><time>2026-07-29T12:34:52Z</time></trkpt><trkpt lat="45.586405" lon="25.483847"><ele>716.3</ele><time>2026-07-29T12:34:53Z</time></trkpt><trkpt lat="45.586448" lon="25.483718"><ele>716.3</ele><time>2026-07-29T12:34:54Z</time></trkpt><trkpt lat="45.586495" lon="25.483593"><ele>715.5</ele><time>2026-07-29T12:34:55Z</time></trkpt><trkpt lat="45.586533" lon="25.483463"><ele>714.7</ele><time>2026-07-29T12:34:56Z</time></trkpt><trkpt lat="45.586582" lon="25.483335"><ele>713.8</ele><time>2026-07-29T12:34:57Z</time></trkpt><trkpt lat="45.586625" lon="25.483208"><ele>713.8</ele><time>2026-07-29T12:34:58Z</time></trkpt><trkpt lat="45.586665" lon="25.483082"><ele>712.8</ele><time>2026-07-29T12:34:59Z</time></trkpt><trkpt lat="45.586708" lon="25.482955"><ele>712.1</ele><time>2026-07-29T12:35:00Z</time></trkpt><trkpt lat="45.58675" lon="25.482827"><ele>711.3</ele><time>2026-07-29T12:35:01Z</time></trkpt><trkpt lat="45.586798" lon="25.48271"><ele>711.3</ele><time>2026-07-29T12:35:02Z</time></trkpt><trkpt lat="45.586848" lon="25.482583"><ele>710.4</ele><time>2026-07-29T12:35:03Z</time></trkpt><trkpt lat="45.586893" lon="25.482458"><ele>709.5</ele><time>2026-07-29T12:35:04Z</time></trkpt><trkpt lat="45.586935" lon="25.482325"><ele>708.6</ele><time>2026-07-29T12:35:05Z</time></trkpt><trkpt lat="45.586972" lon="25.482205"><ele>708.6</ele><time>2026-07-29T12:35:06Z</time></trkpt><trkpt lat="45.587005" lon="25.48209"><ele>708.0</ele><time>2026-07-29T12:35:07Z</time></trkpt><trkpt lat="45.587043" lon="25.481972"><ele>707.4</ele><time>2026-07-29T12:35:08Z</time></trkpt><trkpt lat="45.587093" lon="25.481862"><ele>706.9</ele><time>2026-07-29T12:35:09Z</time></trkpt><trkpt lat="45.587133" lon="25.48174"><ele>706.9</ele><time>2026-07-29T12:35:10Z</time></trkpt><trkpt lat="45.587163" lon="25.481623"><ele>706.6</ele><time>2026-07-29T12:35:11Z</time></trkpt><trkpt lat="45.587208" lon="25.48151"><ele>706.5</ele><time>2026-07-29T12:35:12Z</time></trkpt><trkpt lat="45.587263" lon="25.481397"><ele>705.8</ele><time>2026-07-29T12:35:13Z</time></trkpt><trkpt lat="45.587305" lon="25.481288"><ele>705.8</ele><time>2026-07-29T12:35:14Z</time></trkpt><trkpt lat="45.587343" lon="25.481177"><ele>704.6</ele><time>2026-07-29T12:35:15Z</time></trkpt><trkpt lat="45.58738" lon="25.481065"><ele>704.2</ele><time>2026-07-29T12:35:16Z</time></trkpt><trkpt lat="45.587417" lon="25.48095"><ele>703.7</ele><time>2026-07-29T12:35:17Z</time></trkpt><trkpt lat="45.587455" lon="25.48084"><ele>703.7</ele><time>2026-07-29T12:35:18Z</time></trkpt><trkpt lat="45.587493" lon="25.480733"><ele>702.6</ele><time>2026-07-29T12:35:19Z</time></trkpt><trkpt lat="45.587528" lon="25.480627"><ele>701.7</ele><time>2026-07-29T12:35:20Z</time></trkpt><trkpt lat="45.58756" lon="25.480517"><ele>701.4</ele><time>2026-07-29T12:35:21Z</time></trkpt><trkpt lat="45.587597" lon="25.480412"><ele>701.4</ele><time>2026-07-29T12:35:22Z</time></trkpt><trkpt lat="45.58763" lon="25.480308"><ele>700.7</ele><time>2026-07-29T12:35:23Z</time></trkpt><trkpt lat="45.587663" lon="25.480207"><ele>700.0</ele><time>2026-07-29T12:35:24Z</time></trkpt><trkpt lat="45.587697" lon="25.480105"><ele>699.6</ele><time>2026-07-29T12:35:25Z</time></trkpt><trkpt lat="45.587732" lon="25.480008"><ele>699.6</ele><time>2026-07-29T12:35:26Z</time></trkpt><trkpt lat="45.587765" lon="25.479913"><ele>699.4</ele><time>2026-07-29T12:35:27Z</time></trkpt><trkpt lat="45.587798" lon="25.479818"><ele>699.3</ele><time>2026-07-29T12:35:28Z</time></trkpt><trkpt lat="45.58783" lon="25.479725"><ele>699.0</ele><time>2026-07-29T12:35:29Z</time></trkpt><trkpt lat="45.587862" lon="25.47963"><ele>699.0</ele><time>2026-07-29T12:35:30Z</time></trkpt><trkpt lat="45.587895" lon="25.479535"><ele>698.4</ele><time>2026-07-29T12:35:31Z</time></trkpt><trkpt lat="45.587928" lon="25.479442"><ele>698.2</ele><time>2026-07-29T12:35:32Z</time></trkpt><trkpt lat="45.587962" lon="25.479348"><ele>698.0</ele><time>2026-07-29T12:35:33Z</time></trkpt><trkpt lat="45.587995" lon="25.479257"><ele>697.6</ele><time>2026-07-29T12:35:34Z</time></trkpt><trkpt lat="45.588057" lon="25.479077"><ele>697.3</ele><time>2026-07-29T12:35:36Z</time></trkpt><trkpt lat="45.588117" lon="25.4789"><ele>696.8</ele><time>2026-07-29T12:35:38Z</time></trkpt><trkpt lat="45.588173" lon="25.478723"><ele>696.3</ele><time>2026-07-29T12:35:40Z</time></trkpt><trkpt lat="45.588228" lon="25.47855"><ele>695.2</ele><time>2026-07-29T12:35:42Z</time></trkpt><trkpt lat="45.588283" lon="25.478382"><ele>694.8</ele><time>2026-07-29T12:35:44Z</time></trkpt><trkpt lat="45.588337" lon="25.478213"><ele>694.1</ele><time>2026-07-29T12:35:46Z</time></trkpt><trkpt lat="45.588392" lon="25.47804"><ele>693.8</ele><time>2026-07-29T12:35:48Z</time></trkpt><trkpt lat="45.588452" lon="25.477872"><ele>693.1</ele><time>2026-07-29T12:35:50Z</time></trkpt><trkpt lat="45.588513" lon="25.477698"><ele>692.7</ele><time>2026-07-29T12:35:52Z</time></trkpt><trkpt lat="45.588577" lon="25.47752"><ele>692.1</ele><time>2026-07-29T12:35:54Z</time></trkpt><trkpt lat="45.588635" lon="25.477342"><ele>691.8</ele><time>2026-07-29T12:35:56Z</time></trkpt><trkpt lat="45.588687" lon="25.477163"><ele>691.4</ele><time>2026-07-29T12:35:58Z</time></trkpt><trkpt lat="45.58875" lon="25.476988"><ele>691.1</ele><time>2026-07-29T12:36:00Z</time></trkpt><trkpt lat="45.588807" lon="25.476808"><ele>690.6</ele><time>2026-07-29T12:36:02Z</time></trkpt><trkpt lat="45.588862" lon="25.476623"><ele>690.2</ele><time>2026-07-29T12:36:04Z</time></trkpt><trkpt lat="45.5889" lon="25.47645"><ele>689.4</ele><time>2026-07-29T12:36:06Z</time></trkpt><trkpt lat="45.588922" lon="25.476288"><ele>689.1</ele><time>2026-07-29T12:36:08Z</time></trkpt><trkpt lat="45.588932" lon="25.47615"><ele>688.3</ele><time>2026-07-29T12:36:10Z</time></trkpt><trkpt lat="45.58894" lon="25.47602"><ele>687.9</ele><time>2026-07-29T12:36:12Z</time></trkpt><trkpt lat="45.588947" lon="25.475917"><ele>686.9</ele><time>2026-07-29T12:36:14Z</time></trkpt><trkpt lat="45.588967" lon="25.475818"><ele>685.7</ele><time>2026-07-29T12:36:18Z</time></trkpt><trkpt lat="45.58904" lon="25.475812"><ele>684.6</ele><time>2026-07-29T12:37:06Z</time></trkpt><trkpt lat="45.589113" lon="25.475867"><ele>684.8</ele><time>2026-07-29T12:37:39Z</time></trkpt><trkpt lat="45.589135" lon="25.475758"><ele>685.0</ele><time>2026-07-29T12:37:45Z</time></trkpt><trkpt lat="45.589197" lon="25.475827"><ele>685.4</ele><time>2026-07-29T12:41:47Z</time></trkpt><trkpt lat="45.589273" lon="25.47588"><ele>685.8</ele><time>2026-07-29T12:41:53Z</time></trkpt><trkpt lat="45.589353" lon="25.475917"><ele>686.4</ele><time>2026-07-29T12:41:58Z</time></trkpt><trkpt lat="45.589418" lon="25.475992"><ele>686.9</ele><time>2026-07-29T12:42:02Z</time></trkpt><trkpt lat="45.589483" lon="25.476053"><ele>687.2</ele><time>2026-07-29T12:42:06Z</time></trkpt><trkpt lat="45.58956" lon="25.476102"><ele>687.4</ele><time>2026-07-29T12:42:10Z</time></trkpt><trkpt lat="45.589627" lon="25.476145"><ele>687.5</ele><time>2026-07-29T12:42:14Z</time></trkpt><trkpt lat="45.589697" lon="25.476205"><ele>687.6</ele><time>2026-07-29T12:42:17Z</time></trkpt><trkpt lat="45.589768" lon="25.476232"><ele>687.8</ele><time>2026-07-29T12:42:21Z</time></trkpt><trkpt lat="45.589842" lon="25.476265"><ele>688.3</ele><time>2026-07-29T12:42:25Z</time></trkpt><trkpt lat="45.589872" lon="25.476362"><ele>689.2</ele><time>2026-07-29T12:42:29Z</time></trkpt><trkpt lat="45.589943" lon="25.476348"><ele>689.9</ele><time>2026-07-29T12:42:32Z</time></trkpt><trkpt lat="45.590023" lon="25.476358"><ele>690.9</ele><time>2026-07-29T12:42:37Z</time></trkpt><trkpt lat="45.590098" lon="25.476325"><ele>691.8</ele><time>2026-07-29T12:42:42Z</time></trkpt><trkpt lat="45.59017" lon="25.4763"><ele>693.0</ele><time>2026-07-29T12:42:47Z</time></trkpt><trkpt lat="45.590237" lon="25.47625"><ele>694.6</ele><time>2026-07-29T12:42:53Z</time></trkpt><trkpt lat="45.590272" lon="25.47615"><ele>696.0</ele><time>2026-07-29T12:43:00Z</time></trkpt><trkpt lat="45.590323" lon="25.476077"><ele>696.8</ele><time>2026-07-29T12:43:04Z</time></trkpt><trkpt lat="45.59037" lon="25.47599"><ele>698.7</ele><time>2026-07-29T12:43:14Z</time></trkpt><trkpt lat="45.590428" lon="25.475923"><ele>699.0</ele><time>2026-07-29T12:43:18Z</time></trkpt><trkpt lat="45.590465" lon="25.475822"><ele>699.5</ele><time>2026-07-29T12:43:22Z</time></trkpt><trkpt lat="45.590503" lon="25.475732"><ele>700.0</ele><time>2026-07-29T12:43:27Z</time></trkpt><trkpt lat="45.59055" lon="25.475643"><ele>700.4</ele><time>2026-07-29T12:43:31Z</time></trkpt><trkpt lat="45.590572" lon="25.475525"><ele>700.9</ele><time>2026-07-29T12:43:37Z</time></trkpt><trkpt lat="45.59059" lon="25.475413"><ele>701.3</ele><time>2026-07-29T12:43:41Z</time></trkpt><trkpt lat="45.590627" lon="25.475323"><ele>702.1</ele><time>2026-07-29T12:43:47Z</time></trkpt><trkpt lat="45.590647" lon="25.47519"><ele>703.0</ele><time>2026-07-29T12:43:53Z</time></trkpt><trkpt lat="45.590678" lon="25.475068"><ele>703.9</ele><time>2026-07-29T12:43:57Z</time></trkpt><trkpt lat="45.5907" lon="25.47496"><ele>704.6</ele><time>2026-07-29T12:44:01Z</time></trkpt><trkpt lat="45.590748" lon="25.47488"><ele>705.1</ele><time>2026-07-29T12:44:05Z</time></trkpt><trkpt lat="45.590807" lon="25.474807"><ele>705.6</ele><time>2026-07-29T12:44:10Z</time></trkpt><trkpt lat="45.590867" lon="25.474717"><ele>706.5</ele><time>2026-07-29T12:44:17Z</time></trkpt><trkpt lat="45.590915" lon="25.47463"><ele>707.5</ele><time>2026-07-29T12:44:22Z</time></trkpt><trkpt lat="45.590963" lon="25.474548"><ele>708.8</ele><time>2026-07-29T12:44:27Z</time></trkpt><trkpt lat="45.59102" lon="25.474478"><ele>711.8</ele><time>2026-07-29T12:44:35Z</time></trkpt><trkpt lat="45.591065" lon="25.474373"><ele>713.8</ele><time>2026-07-29T12:44:40Z</time></trkpt><trkpt lat="45.591092" lon="25.474247"><ele>714.8</ele><time>2026-07-29T12:44:44Z</time></trkpt><trkpt lat="45.591115" lon="25.474145"><ele>716.3</ele><time>2026-07-29T12:44:49Z</time></trkpt><trkpt lat="45.591115" lon="25.474022"><ele>717.3</ele><time>2026-07-29T12:44:52Z</time></trkpt><trkpt lat="45.591132" lon="25.473913"><ele>718.3</ele><time>2026-07-29T12:44:55Z</time></trkpt><trkpt lat="45.591177" lon="25.473813"><ele>719.2</ele><time>2026-07-29T12:45:00Z</time></trkpt><trkpt lat="45.591228" lon="25.473737"><ele>720.4</ele><time>2026-07-29T12:45:07Z</time></trkpt><trkpt lat="45.591277" lon="25.473652"><ele>721.6</ele><time>2026-07-29T12:45:14Z</time></trkpt><trkpt lat="45.591275" lon="25.473537"><ele>722.4</ele><time>2026-07-29T12:45:21Z</time></trkpt><trkpt lat="45.591277" lon="25.473433"><ele>723.1</ele><time>2026-07-29T12:45:28Z</time></trkpt><trkpt lat="45.591263" lon="25.473307"><ele>723.2</ele><time>2026-07-29T12:46:00Z</time></trkpt><trkpt lat="45.591215" lon="25.47341"><ele>723.3</ele><time>2026-07-29T12:46:24Z</time></trkpt><trkpt lat="45.591232" lon="25.473298"><ele>723.2</ele><time>2026-07-29T12:46:36Z</time></trkpt><trkpt lat="45.591265" lon="25.473203"><ele>723.3</ele><time>2026-07-29T12:48:08Z</time></trkpt><trkpt lat="45.591215" lon="25.47328"><ele>723.2</ele><time>2026-07-29T12:48:31Z</time></trkpt><trkpt lat="45.591222" lon="25.473165"><ele>723.9</ele><time>2026-07-29T12:48:41Z</time></trkpt><trkpt lat="45.591195" lon="25.473052"><ele>723.9</ele><time>2026-07-29T12:48:45Z</time></trkpt><trkpt lat="45.591165" lon="25.472957"><ele>724.0</ele><time>2026-07-29T12:48:50Z</time></trkpt><trkpt lat="45.591102" lon="25.472905"><ele>724.2</ele><time>2026-07-29T12:48:54Z</time></trkpt><trkpt lat="45.59103" lon="25.472835"><ele>724.7</ele><time>2026-07-29T12:49:00Z</time></trkpt><trkpt lat="45.590967" lon="25.472787"><ele>725.2</ele><time>2026-07-29T12:49:05Z</time></trkpt><trkpt lat="45.590897" lon="25.472728"><ele>726.0</ele><time>2026-07-29T12:49:11Z</time></trkpt><trkpt lat="45.590847" lon="25.47265"><ele>727.5</ele><time>2026-07-29T12:49:20Z</time></trkpt><trkpt lat="45.590768" lon="25.472593"><ele>729.1</ele><time>2026-07-29T12:49:32Z</time></trkpt><trkpt lat="45.590715" lon="25.472502"><ele>729.9</ele><time>2026-07-29T12:49:40Z</time></trkpt><trkpt lat="45.590648" lon="25.472423"><ele>730.6</ele><time>2026-07-29T12:49:46Z</time></trkpt><trkpt lat="45.590595" lon="25.472355"><ele>731.3</ele><time>2026-07-29T12:49:52Z</time></trkpt><trkpt lat="45.59055" lon="25.472267"><ele>731.9</ele><time>2026-07-29T12:49:57Z</time></trkpt><trkpt lat="45.59051" lon="25.472177"><ele>732.7</ele><time>2026-07-29T12:50:03Z</time></trkpt><trkpt lat="45.590487" lon="25.472067"><ele>733.2</ele><time>2026-07-29T12:50:07Z</time></trkpt><trkpt lat="45.590493" lon="25.471937"><ele>733.9</ele><time>2026-07-29T12:50:14Z</time></trkpt><trkpt lat="45.590505" lon="25.471833"><ele>734.3</ele><time>2026-07-29T12:50:18Z</time></trkpt><trkpt lat="45.590515" lon="25.471708"><ele>734.9</ele><time>2026-07-29T12:50:23Z</time></trkpt><trkpt lat="45.590505" lon="25.471603"><ele>735.3</ele><time>2026-07-29T12:50:27Z</time></trkpt><trkpt lat="45.590475" lon="25.4715"><ele>735.8</ele><time>2026-07-29T12:50:32Z</time></trkpt><trkpt lat="45.590457" lon="25.471383"><ele>736.7</ele><time>2026-07-29T12:50:38Z</time></trkpt><trkpt lat="45.590423" lon="25.471292"><ele>737.6</ele><time>2026-07-29T12:50:43Z</time></trkpt><trkpt lat="45.590385" lon="25.471202"><ele>738.4</ele><time>2026-07-29T12:50:48Z</time></trkpt><trkpt lat="45.590347" lon="25.471115"><ele>739.2</ele><time>2026-07-29T12:50:54Z</time></trkpt><trkpt lat="45.59031" lon="25.47101"><ele>740.0</ele><time>2026-07-29T12:51:00Z</time></trkpt><trkpt lat="45.590283" lon="25.470908"><ele>740.4</ele><time>2026-07-29T12:51:06Z</time></trkpt><trkpt lat="45.590278" lon="25.470802"><ele>740.7</ele><time>2026-07-29T12:51:13Z</time></trkpt><trkpt lat="45.590262" lon="25.470683"><ele>741.1</ele><time>2026-07-29T12:51:19Z</time></trkpt><trkpt lat="45.590253" lon="25.470572"><ele>741.4</ele><time>2026-07-29T12:51:26Z</time></trkpt><trkpt lat="45.59029" lon="25.470662"><ele>741.7</ele><time>2026-07-29T12:51:43Z</time></trkpt><trkpt lat="45.590335" lon="25.470753"><ele>742.3</ele><time>2026-07-29T12:51:50Z</time></trkpt><trkpt lat="45.590375" lon="25.470853"><ele>742.7</ele><time>2026-07-29T12:51:56Z</time></trkpt><trkpt lat="45.590425" lon="25.470938"><ele>743.2</ele><time>2026-07-29T12:52:02Z</time></trkpt><trkpt lat="45.590482" lon="25.471015"><ele>743.8</ele><time>2026-07-29T12:52:08Z</time></trkpt><trkpt lat="45.590447" lon="25.47111"><ele>745.0</ele><time>2026-07-29T12:52:27Z</time></trkpt><trkpt lat="45.590522" lon="25.471147"><ele>744.9</ele><time>2026-07-29T12:55:18Z</time></trkpt><trkpt lat="45.590597" lon="25.471123"><ele>745.2</ele><time>2026-07-29T12:55:25Z</time></trkpt><trkpt lat="45.590612" lon="25.471017"><ele>745.8</ele><time>2026-07-29T12:55:39Z</time></trkpt><trkpt lat="45.590655" lon="25.470905"><ele>745.9</ele><time>2026-07-29T12:55:49Z</time></trkpt><trkpt lat="45.590635" lon="25.470805"><ele>747.7</ele><time>2026-07-29T12:58:09Z</time></trkpt><trkpt lat="45.590623" lon="25.470695"><ele>747.4</ele><time>2026-07-29T12:58:24Z</time></trkpt><trkpt lat="45.590583" lon="25.4706"><ele>747.8</ele><time>2026-07-29T12:58:32Z</time></trkpt><trkpt lat="45.590657" lon="25.470667"><ele>749.2</ele><time>2026-07-29T13:47:32Z</time></trkpt><trkpt lat="45.590767" lon="25.470827"><ele>747.6</ele><time>2026-07-29T13:47:34Z</time></trkpt><trkpt lat="45.59068" lon="25.470878"><ele>747.6</ele><time>2026-07-29T13:47:36Z</time></trkpt><trkpt lat="45.590613" lon="25.470938"><ele>747.7</ele><time>2026-07-29T13:47:43Z</time></trkpt><trkpt lat="45.590627" lon="25.471055"><ele>747.5</ele><time>2026-07-29T13:47:46Z</time></trkpt><trkpt lat="45.590642" lon="25.471165"><ele>747.3</ele><time>2026-07-29T13:47:48Z</time></trkpt><trkpt lat="45.590557" lon="25.471145"><ele>746.3</ele><time>2026-07-29T13:47:52Z</time></trkpt><trkpt lat="45.590477" lon="25.471093"><ele>745.8</ele><time>2026-07-29T13:47:54Z</time></trkpt><trkpt lat="45.59042" lon="25.47096"><ele>745.2</ele><time>2026-07-29T13:47:56Z</time></trkpt><trkpt lat="45.590397" lon="25.470857"><ele>744.6</ele><time>2026-07-29T13:47:58Z</time></trkpt><trkpt lat="45.590353" lon="25.470768"><ele>743.9</ele><time>2026-07-29T13:48:01Z</time></trkpt><trkpt lat="45.590312" lon="25.470683"><ele>743.5</ele><time>2026-07-29T13:48:03Z</time></trkpt><trkpt lat="45.590293" lon="25.470572"><ele>743.2</ele><time>2026-07-29T13:48:05Z</time></trkpt><trkpt lat="45.59027" lon="25.470462"><ele>743.0</ele><time>2026-07-29T13:48:07Z</time></trkpt><trkpt lat="45.590215" lon="25.470335"><ele>742.9</ele><time>2026-07-29T13:48:10Z</time></trkpt><trkpt lat="45.590165" lon="25.470215"><ele>742.9</ele><time>2026-07-29T13:48:14Z</time></trkpt><trkpt lat="45.590137" lon="25.470095"><ele>743.3</ele><time>2026-07-29T13:48:19Z</time></trkpt><trkpt lat="45.590107" lon="25.46997"><ele>743.7</ele><time>2026-07-29T13:48:21Z</time></trkpt><trkpt lat="45.590085" lon="25.46984"><ele>744.3</ele><time>2026-07-29T13:48:24Z</time></trkpt><trkpt lat="45.59007" lon="25.46973"><ele>744.9</ele><time>2026-07-29T13:48:27Z</time></trkpt><trkpt lat="45.590048" lon="25.46961"><ele>745.9</ele><time>2026-07-29T13:48:31Z</time></trkpt><trkpt lat="45.590063" lon="25.469485"><ele>746.8</ele><time>2026-07-29T13:48:35Z</time></trkpt><trkpt lat="45.590107" lon="25.469385"><ele>748.8</ele><time>2026-07-29T13:48:41Z</time></trkpt><trkpt lat="45.590142" lon="25.469293"><ele>750.0</ele><time>2026-07-29T13:48:45Z</time></trkpt><trkpt lat="45.590203" lon="25.469193"><ele>751.0</ele><time>2026-07-29T13:48:49Z</time></trkpt><trkpt lat="45.590237" lon="25.469098"><ele>751.8</ele><time>2026-07-29T13:48:54Z</time></trkpt><trkpt lat="45.59027" lon="25.469005"><ele>752.4</ele><time>2026-07-29T13:48:58Z</time></trkpt><trkpt lat="45.590308" lon="25.468902"><ele>753.0</ele><time>2026-07-29T13:49:02Z</time></trkpt><trkpt lat="45.590367" lon="25.468828"><ele>753.8</ele><time>2026-07-29T13:49:09Z</time></trkpt><trkpt lat="45.590398" lon="25.468728"><ele>755.2</ele><time>2026-07-29T13:49:20Z</time></trkpt><trkpt lat="45.590412" lon="25.468623"><ele>755.5</ele><time>2026-07-29T13:49:23Z</time></trkpt><trkpt lat="45.590443" lon="25.468532"><ele>755.7</ele><time>2026-07-29T13:49:26Z</time></trkpt><trkpt lat="45.59043" lon="25.468422"><ele>756.1</ele><time>2026-07-29T13:49:30Z</time></trkpt><trkpt lat="45.590417" lon="25.46831"><ele>757.0</ele><time>2026-07-29T13:49:34Z</time></trkpt><trkpt lat="45.590402" lon="25.468188"><ele>758.1</ele><time>2026-07-29T13:49:38Z</time></trkpt><trkpt lat="45.590398" lon="25.468067"><ele>758.8</ele><time>2026-07-29T13:49:43Z</time></trkpt><trkpt lat="45.5904" lon="25.467962"><ele>759.0</ele><time>2026-07-29T13:49:49Z</time></trkpt><trkpt lat="45.590443" lon="25.467875"><ele>758.3</ele><time>2026-07-29T13:50:13Z</time></trkpt><trkpt lat="45.590522" lon="25.467875"><ele>755.0</ele><time>2026-07-29T13:50:51Z</time></trkpt><trkpt lat="45.590548" lon="25.467778"><ele>752.8</ele><time>2026-07-29T13:51:00Z</time></trkpt><trkpt lat="45.5905" lon="25.467698"><ele>750.0</ele><time>2026-07-29T13:55:18Z</time></trkpt><trkpt lat="45.590425" lon="25.467663"><ele>748.1</ele><time>2026-07-29T13:55:26Z</time></trkpt><trkpt lat="45.590353" lon="25.467628"><ele>747.9</ele><time>2026-07-29T13:55:31Z</time></trkpt><trkpt lat="45.590285" lon="25.467593"><ele>743.6</ele><time>2026-07-29T13:55:56Z</time></trkpt><trkpt lat="45.590337" lon="25.467675"><ele>745.1</ele><time>2026-07-29T13:56:40Z</time></trkpt><trkpt lat="45.59041" lon="25.46771"><ele>747.9</ele><time>2026-07-29T13:56:48Z</time></trkpt><trkpt lat="45.590487" lon="25.467715"><ele>748.8</ele><time>2026-07-29T13:56:55Z</time></trkpt><trkpt lat="45.590542" lon="25.467788"><ele>752.2</ele><time>2026-07-29T13:57:59Z</time></trkpt><trkpt lat="45.59048" lon="25.467853"><ele>757.4</ele><time>2026-07-29T13:58:24Z</time></trkpt><trkpt lat="45.590405" lon="25.467883"><ele>758.8</ele><time>2026-07-29T13:58:32Z</time></trkpt><trkpt lat="45.590358" lon="25.467975"><ele>760.4</ele><time>2026-07-29T13:58:53Z</time></trkpt><trkpt lat="45.590383" lon="25.468085"><ele>759.8</ele><time>2026-07-29T13:59:03Z</time></trkpt><trkpt lat="45.590375" lon="25.468198"><ele>759.5</ele><time>2026-07-29T13:59:09Z</time></trkpt><trkpt lat="45.590408" lon="25.468317"><ele>759.3</ele><time>2026-07-29T13:59:12Z</time></trkpt><trkpt lat="45.590402" lon="25.468448"><ele>758.8</ele><time>2026-07-29T13:59:14Z</time></trkpt><trkpt lat="45.590387" lon="25.468563"><ele>758.6</ele><time>2026-07-29T13:59:16Z</time></trkpt><trkpt lat="45.590365" lon="25.468667"><ele>757.7</ele><time>2026-07-29T13:59:18Z</time></trkpt><trkpt lat="45.590332" lon="25.468768"><ele>755.2</ele><time>2026-07-29T13:59:37Z</time></trkpt><trkpt lat="45.590262" lon="25.468857"><ele>755.0</ele><time>2026-07-29T13:59:40Z</time></trkpt><trkpt lat="45.590233" lon="25.468998"><ele>754.6</ele><time>2026-07-29T13:59:43Z</time></trkpt><trkpt lat="45.590182" lon="25.469132"><ele>754.0</ele><time>2026-07-29T13:59:46Z</time></trkpt><trkpt lat="45.590123" lon="25.469235"><ele>753.5</ele><time>2026-07-29T13:59:49Z</time></trkpt><trkpt lat="45.59009" lon="25.469328"><ele>750.9</ele><time>2026-07-29T14:00:03Z</time></trkpt><trkpt lat="45.59002" lon="25.469385"><ele>750.5</ele><time>2026-07-29T14:01:10Z</time></trkpt><trkpt lat="45.590008" lon="25.469522"><ele>749.9</ele><time>2026-07-29T14:01:12Z</time></trkpt><trkpt lat="45.59" lon="25.469685"><ele>749.1</ele><time>2026-07-29T14:01:14Z</time></trkpt><trkpt lat="45.590002" lon="25.469797"><ele>748.6</ele><time>2026-07-29T14:01:15Z</time></trkpt><trkpt lat="45.590015" lon="25.469903"><ele>748.6</ele><time>2026-07-29T14:01:16Z</time></trkpt><trkpt lat="45.590075" lon="25.470093"><ele>747.4</ele><time>2026-07-29T14:01:18Z</time></trkpt><trkpt lat="45.590118" lon="25.470283"><ele>746.2</ele><time>2026-07-29T14:01:20Z</time></trkpt><trkpt lat="45.590138" lon="25.470402"><ele>745.8</ele><time>2026-07-29T14:01:21Z</time></trkpt><trkpt lat="45.590162" lon="25.47063"><ele>744.9</ele><time>2026-07-29T14:01:23Z</time></trkpt><trkpt lat="45.590172" lon="25.470787"><ele>744.2</ele><time>2026-07-29T14:01:25Z</time></trkpt><trkpt lat="45.590195" lon="25.470922"><ele>743.5</ele><time>2026-07-29T14:01:27Z</time></trkpt><trkpt lat="45.590232" lon="25.471043"><ele>743.1</ele><time>2026-07-29T14:01:29Z</time></trkpt><trkpt lat="45.590268" lon="25.471173"><ele>742.5</ele><time>2026-07-29T14:01:32Z</time></trkpt><trkpt lat="45.590308" lon="25.47128"><ele>742.2</ele><time>2026-07-29T14:01:34Z</time></trkpt><trkpt lat="45.59035" lon="25.471443"><ele>741.3</ele><time>2026-07-29T14:01:36Z</time></trkpt><trkpt lat="45.59038" lon="25.471553"><ele>740.8</ele><time>2026-07-29T14:01:37Z</time></trkpt><trkpt lat="45.590375" lon="25.471685"><ele>739.4</ele><time>2026-07-29T14:01:39Z</time></trkpt><trkpt lat="45.590362" lon="25.47186"><ele>738.0</ele><time>2026-07-29T14:01:41Z</time></trkpt><trkpt lat="45.590322" lon="25.47198"><ele>737.2</ele><time>2026-07-29T14:01:42Z</time></trkpt><trkpt lat="45.590285" lon="25.47216"><ele>735.8</ele><time>2026-07-29T14:01:44Z</time></trkpt><trkpt lat="45.590317" lon="25.472333"><ele>734.3</ele><time>2026-07-29T14:01:46Z</time></trkpt><trkpt lat="45.590352" lon="25.47243"><ele>732.9</ele><time>2026-07-29T14:01:48Z</time></trkpt><trkpt lat="45.59042" lon="25.472508"><ele>732.0</ele><time>2026-07-29T14:01:51Z</time></trkpt><trkpt lat="45.590468" lon="25.4726"><ele>731.4</ele><time>2026-07-29T14:01:54Z</time></trkpt><trkpt lat="45.590533" lon="25.472693"><ele>730.8</ele><time>2026-07-29T14:01:58Z</time></trkpt><trkpt lat="45.590582" lon="25.472783"><ele>729.9</ele><time>2026-07-29T14:02:02Z</time></trkpt><trkpt lat="45.590668" lon="25.472837"><ele>729.0</ele><time>2026-07-29T14:02:06Z</time></trkpt><trkpt lat="45.590738" lon="25.472908"><ele>728.2</ele><time>2026-07-29T14:02:10Z</time></trkpt><trkpt lat="45.59081" lon="25.472968"><ele>727.3</ele><time>2026-07-29T14:02:13Z</time></trkpt><trkpt lat="45.590895" lon="25.472997"><ele>726.9</ele><time>2026-07-29T14:02:15Z</time></trkpt><trkpt lat="45.590978" lon="25.473068"><ele>726.6</ele><time>2026-07-29T14:02:17Z</time></trkpt><trkpt lat="45.591033" lon="25.473192"><ele>726.0</ele><time>2026-07-29T14:02:20Z</time></trkpt><trkpt lat="45.591082" lon="25.473293"><ele>725.7</ele><time>2026-07-29T14:02:22Z</time></trkpt><trkpt lat="45.591117" lon="25.473397"><ele>725.6</ele><time>2026-07-29T14:02:24Z</time></trkpt><trkpt lat="45.591123" lon="25.473527"><ele>725.4</ele><time>2026-07-29T14:02:27Z</time></trkpt><trkpt lat="45.591108" lon="25.473638"><ele>725.0</ele><time>2026-07-29T14:02:30Z</time></trkpt><trkpt lat="45.591065" lon="25.473725"><ele>723.7</ele><time>2026-07-29T14:02:33Z</time></trkpt><trkpt lat="45.591035" lon="25.47382"><ele>722.5</ele><time>2026-07-29T14:02:35Z</time></trkpt><trkpt lat="45.591025" lon="25.473943"><ele>721.2</ele><time>2026-07-29T14:02:37Z</time></trkpt><trkpt lat="45.59101" lon="25.47413"><ele>719.8</ele><time>2026-07-29T14:02:39Z</time></trkpt><trkpt lat="45.591002" lon="25.474242"><ele>718.9</ele><time>2026-07-29T14:02:40Z</time></trkpt><trkpt lat="45.590938" lon="25.474348"><ele>716.7</ele><time>2026-07-29T14:02:43Z</time></trkpt><trkpt lat="45.590778" lon="25.474498"><ele>715.3</ele><time>2026-07-29T14:02:44Z</time></trkpt><trkpt lat="45.590698" lon="25.474628"><ele>713.7</ele><time>2026-07-29T14:02:45Z</time></trkpt><trkpt lat="45.590642" lon="25.474757"><ele>712.2</ele><time>2026-07-29T14:02:46Z</time></trkpt><trkpt lat="45.590618" lon="25.474873"><ele>710.7</ele><time>2026-07-29T14:02:47Z</time></trkpt><trkpt lat="45.590628" lon="25.475025"><ele>708.1</ele><time>2026-07-29T14:02:49Z</time></trkpt><trkpt lat="45.590603" lon="25.475138"><ele>707.3</ele><time>2026-07-29T14:02:50Z</time></trkpt><trkpt lat="45.590555" lon="25.475225"><ele>706.5</ele><time>2026-07-29T14:02:51Z</time></trkpt><trkpt lat="45.590515" lon="25.475375"><ele>705.9</ele><time>2026-07-29T14:02:52Z</time></trkpt><trkpt lat="45.590478" lon="25.475495"><ele>705.4</ele><time>2026-07-29T14:02:53Z</time></trkpt><trkpt lat="45.590442" lon="25.475602"><ele>704.9</ele><time>2026-07-29T14:02:54Z</time></trkpt><trkpt lat="45.590397" lon="25.475685"><ele>704.5</ele><time>2026-07-29T14:02:55Z</time></trkpt><trkpt lat="45.59032" lon="25.475858"><ele>703.6</ele><time>2026-07-29T14:02:57Z</time></trkpt><trkpt lat="45.590255" lon="25.476027"><ele>702.6</ele><time>2026-07-29T14:02:59Z</time></trkpt><trkpt lat="45.590192" lon="25.476112"><ele>702.6</ele><time>2026-07-29T14:03:00Z</time></trkpt><trkpt lat="45.59012" lon="25.476188"><ele>701.8</ele><time>2026-07-29T14:03:01Z</time></trkpt><trkpt lat="45.590035" lon="25.476227"><ele>700.8</ele><time>2026-07-29T14:03:02Z</time></trkpt><trkpt lat="45.589947" lon="25.476295"><ele>699.8</ele><time>2026-07-29T14:03:03Z</time></trkpt><trkpt lat="45.589827" lon="25.476292"><ele>698.7</ele><time>2026-07-29T14:03:04Z</time></trkpt><trkpt lat="45.589682" lon="25.476213"><ele>696.3</ele><time>2026-07-29T14:03:06Z</time></trkpt><trkpt lat="45.589597" lon="25.476132"><ele>695.1</ele><time>2026-07-29T14:03:07Z</time></trkpt><trkpt lat="45.5895" lon="25.476068"><ele>694.0</ele><time>2026-07-29T14:03:08Z</time></trkpt><trkpt lat="45.589417" lon="25.475997"><ele>693.0</ele><time>2026-07-29T14:03:09Z</time></trkpt><trkpt lat="45.589362" lon="25.475927"><ele>690.8</ele><time>2026-07-29T14:03:12Z</time></trkpt><trkpt lat="45.589297" lon="25.475868"><ele>689.6</ele><time>2026-07-29T14:03:16Z</time></trkpt><trkpt lat="45.589232" lon="25.47578"><ele>688.9</ele><time>2026-07-29T14:03:22Z</time></trkpt><trkpt lat="45.589052" lon="25.475748"><ele>688.0</ele><time>2026-07-29T14:03:35Z</time></trkpt><trkpt lat="45.589133" lon="25.475785"><ele>688.0</ele><time>2026-07-29T14:03:39Z</time></trkpt><trkpt lat="45.589207" lon="25.475775"><ele>688.0</ele><time>2026-07-29T14:04:08Z</time></trkpt><trkpt lat="45.589108" lon="25.475915"><ele>670.4</ele><time>2026-07-29T14:05:00Z</time></trkpt><trkpt lat="45.589095" lon="25.475802"><ele>670.5</ele><time>2026-07-29T14:05:02Z</time></trkpt><trkpt lat="45.589042" lon="25.475718"><ele>670.6</ele><time>2026-07-29T14:05:04Z</time></trkpt><trkpt lat="45.588998" lon="25.475627"><ele>670.6</ele><time>2026-07-29T14:05:06Z</time></trkpt><trkpt lat="45.588977" lon="25.475513"><ele>670.3</ele><time>2026-07-29T14:05:08Z</time></trkpt><trkpt lat="45.588995" lon="25.475377"><ele>669.9</ele><time>2026-07-29T14:05:10Z</time></trkpt><trkpt lat="45.589015" lon="25.47527"><ele>669.6</ele><time>2026-07-29T14:05:12Z</time></trkpt><trkpt lat="45.58904" lon="25.475132"><ele>669.3</ele><time>2026-07-29T14:05:14Z</time></trkpt><trkpt lat="45.589063" lon="25.474982"><ele>669.0</ele><time>2026-07-29T14:05:16Z</time></trkpt><trkpt lat="45.589088" lon="25.474815"><ele>668.8</ele><time>2026-07-29T14:05:18Z</time></trkpt><trkpt lat="45.589107" lon="25.474653"><ele>668.4</ele><time>2026-07-29T14:05:20Z</time></trkpt><trkpt lat="45.589125" lon="25.474485"><ele>667.9</ele><time>2026-07-29T14:05:22Z</time></trkpt><trkpt lat="45.589143" lon="25.474318"><ele>667.4</ele><time>2026-07-29T14:05:24Z</time></trkpt><trkpt lat="45.58916" lon="25.474147"><ele>667.1</ele><time>2026-07-29T14:05:26Z</time></trkpt><trkpt lat="45.589175" lon="25.473968"><ele>666.9</ele><time>2026-07-29T14:05:28Z</time></trkpt><trkpt lat="45.589195" lon="25.473787"><ele>666.6</ele><time>2026-07-29T14:05:30Z</time></trkpt><trkpt lat="45.589232" lon="25.473605"><ele>666.2</ele><time>2026-07-29T14:05:32Z</time></trkpt><trkpt lat="45.589243" lon="25.473415"><ele>665.8</ele><time>2026-07-29T14:05:34Z</time></trkpt><trkpt lat="45.589248" lon="25.473228"><ele>665.6</ele><time>2026-07-29T14:05:36Z</time></trkpt><trkpt lat="45.589235" lon="25.473033"><ele>665.2</ele><time>2026-07-29T14:05:38Z</time></trkpt><trkpt lat="45.589222" lon="25.472837"><ele>664.7</ele><time>2026-07-29T14:05:40Z</time></trkpt><trkpt lat="45.58921" lon="25.472642"><ele>664.4</ele><time>2026-07-29T14:05:42Z</time></trkpt><trkpt lat="45.589192" lon="25.472442"><ele>664.0</ele><time>2026-07-29T14:05:44Z</time></trkpt><trkpt lat="45.589185" lon="25.472338"><ele>663.8</ele><time>2026-07-29T14:05:45Z</time></trkpt><trkpt lat="45.58917" lon="25.472142"><ele>663.3</ele><time>2026-07-29T14:05:47Z</time></trkpt><trkpt lat="45.589153" lon="25.471933"><ele>662.9</ele><time>2026-07-29T14:05:49Z</time></trkpt><trkpt lat="45.589145" lon="25.471827"><ele>662.7</ele><time>2026-07-29T14:05:50Z</time></trkpt><trkpt lat="45.589137" lon="25.471723"><ele>662.5</ele><time>2026-07-29T14:05:51Z</time></trkpt><trkpt lat="45.589115" lon="25.47152"><ele>662.1</ele><time>2026-07-29T14:05:53Z</time></trkpt><trkpt lat="45.589102" lon="25.471417"><ele>661.8</ele><time>2026-07-29T14:05:54Z</time></trkpt><trkpt lat="45.589105" lon="25.471222"><ele>661.3</ele><time>2026-07-29T14:05:56Z</time></trkpt><trkpt lat="45.589078" lon="25.471032"><ele>660.8</ele><time>2026-07-29T14:05:58Z</time></trkpt><trkpt lat="45.589052" lon="25.470933"><ele>660.6</ele><time>2026-07-29T14:05:59Z</time></trkpt><trkpt lat="45.589038" lon="25.470752"><ele>660.2</ele><time>2026-07-29T14:06:01Z</time></trkpt><trkpt lat="45.589022" lon="25.470557"><ele>659.8</ele><time>2026-07-29T14:06:03Z</time></trkpt><trkpt lat="45.58901" lon="25.470377"><ele>659.5</ele><time>2026-07-29T14:06:05Z</time></trkpt><trkpt lat="45.588992" lon="25.470185"><ele>659.1</ele><time>2026-07-29T14:06:07Z</time></trkpt><trkpt lat="45.589002" lon="25.469985"><ele>658.6</ele><time>2026-07-29T14:06:09Z</time></trkpt><trkpt lat="45.589" lon="25.469772"><ele>658.1</ele><time>2026-07-29T14:06:11Z</time></trkpt><trkpt lat="45.588978" lon="25.469652"><ele>657.8</ele><time>2026-07-29T14:06:12Z</time></trkpt><trkpt lat="45.588977" lon="25.46953"><ele>657.4</ele><time>2026-07-29T14:06:13Z</time></trkpt><trkpt lat="45.588988" lon="25.46941"><ele>657.0</ele><time>2026-07-29T14:06:14Z</time></trkpt><trkpt lat="45.588995" lon="25.469285"><ele>656.5</ele><time>2026-07-29T14:06:15Z</time></trkpt><trkpt lat="45.589025" lon="25.469167"><ele>656.1</ele><time>2026-07-29T14:06:16Z</time></trkpt><trkpt lat="45.589062" lon="25.46904"><ele>655.7</ele><time>2026-07-29T14:06:17Z</time></trkpt><trkpt lat="45.5891" lon="25.468922"><ele>655.3</ele><time>2026-07-29T14:06:18Z</time></trkpt><trkpt lat="45.589135" lon="25.468798"><ele>654.9</ele><time>2026-07-29T14:06:19Z</time></trkpt><trkpt lat="45.58917" lon="25.468673"><ele>654.7</ele><time>2026-07-29T14:06:20Z</time></trkpt><trkpt lat="45.5892" lon="25.468542"><ele>654.6</ele><time>2026-07-29T14:06:21Z</time></trkpt><trkpt lat="45.589228" lon="25.468403"><ele>654.3</ele><time>2026-07-29T14:06:22Z</time></trkpt><trkpt lat="45.589253" lon="25.468265"><ele>653.9</ele><time>2026-07-29T14:06:23Z</time></trkpt><trkpt lat="45.589267" lon="25.468118"><ele>653.4</ele><time>2026-07-29T14:06:24Z</time></trkpt><trkpt lat="45.589272" lon="25.467957"><ele>652.7</ele><time>2026-07-29T14:06:25Z</time></trkpt><trkpt lat="45.589262" lon="25.4678"><ele>651.9</ele><time>2026-07-29T14:06:26Z</time></trkpt><trkpt lat="45.589235" lon="25.467658"><ele>651.3</ele><time>2026-07-29T14:06:27Z</time></trkpt><trkpt lat="45.589205" lon="25.467528"><ele>651.3</ele><time>2026-07-29T14:06:28Z</time></trkpt><trkpt lat="45.58917" lon="25.467415"><ele>650.6</ele><time>2026-07-29T14:06:29Z</time></trkpt><trkpt lat="45.58912" lon="25.467308"><ele>649.9</ele><time>2026-07-29T14:06:30Z</time></trkpt><trkpt lat="45.589073" lon="25.467198"><ele>649.0</ele><time>2026-07-29T14:06:31Z</time></trkpt><trkpt lat="45.589033" lon="25.467105"><ele>648.2</ele><time>2026-07-29T14:06:32Z</time></trkpt><trkpt lat="45.58901" lon="25.467003"><ele>647.2</ele><time>2026-07-29T14:06:33Z</time></trkpt><trkpt lat="45.589025" lon="25.466837"><ele>645.5</ele><time>2026-07-29T14:06:35Z</time></trkpt><trkpt lat="45.589082" lon="25.466678"><ele>644.6</ele><time>2026-07-29T14:06:37Z</time></trkpt><trkpt lat="45.589093" lon="25.46649"><ele>643.9</ele><time>2026-07-29T14:06:39Z</time></trkpt><trkpt lat="45.589087" lon="25.466303"><ele>643.5</ele><time>2026-07-29T14:06:41Z</time></trkpt><trkpt lat="45.589087" lon="25.466122"><ele>643.0</ele><time>2026-07-29T14:06:43Z</time></trkpt><trkpt lat="45.58911" lon="25.465935"><ele>642.8</ele><time>2026-07-29T14:06:45Z</time></trkpt><trkpt lat="45.589138" lon="25.465755"><ele>642.1</ele><time>2026-07-29T14:06:47Z</time></trkpt><trkpt lat="45.589197" lon="25.465588"><ele>641.5</ele><time>2026-07-29T14:06:49Z</time></trkpt><trkpt lat="45.589247" lon="25.465507"><ele>641.3</ele><time>2026-07-29T14:06:50Z</time></trkpt><trkpt lat="45.589293" lon="25.465425"><ele>641.0</ele><time>2026-07-29T14:06:51Z</time></trkpt><trkpt lat="45.589397" lon="25.46531"><ele>640.4</ele><time>2026-07-29T14:06:53Z</time></trkpt><trkpt lat="45.589507" lon="25.465188"><ele>639.8</ele><time>2026-07-29T14:06:55Z</time></trkpt><trkpt lat="45.589638" lon="25.465083"><ele>639.3</ele><time>2026-07-29T14:06:57Z</time></trkpt><trkpt lat="45.589727" lon="25.464983"><ele>638.8</ele><time>2026-07-29T14:06:59Z</time></trkpt><trkpt lat="45.589805" lon="25.464913"><ele>638.3</ele><time>2026-07-29T14:07:01Z</time></trkpt><trkpt lat="45.589877" lon="25.464883"><ele>637.8</ele><time>2026-07-29T14:07:04Z</time></trkpt><trkpt lat="45.58995" lon="25.464878"><ele>636.9</ele><time>2026-07-29T14:07:39Z</time></trkpt><trkpt lat="45.590015" lon="25.464962"><ele>637.0</ele><time>2026-07-29T14:07:42Z</time></trkpt><trkpt lat="45.590083" lon="25.46504"><ele>636.9</ele><time>2026-07-29T14:07:45Z</time></trkpt><trkpt lat="45.59017" lon="25.4651"><ele>636.9</ele><time>2026-07-29T14:07:49Z</time></trkpt><trkpt lat="45.590213" lon="25.465183"><ele>636.7</ele><time>2026-07-29T14:07:51Z</time></trkpt><trkpt lat="45.590287" lon="25.465278"><ele>636.6</ele><time>2026-07-29T14:07:53Z</time></trkpt><trkpt lat="45.590353" lon="25.465367"><ele>636.5</ele><time>2026-07-29T14:07:55Z</time></trkpt><trkpt lat="45.590427" lon="25.465452"><ele>636.4</ele><time>2026-07-29T14:07:57Z</time></trkpt><trkpt lat="45.590505" lon="25.465502"><ele>636.3</ele><time>2026-07-29T14:07:59Z</time></trkpt><trkpt lat="45.59058" lon="25.465537"><ele>636.2</ele><time>2026-07-29T14:08:01Z</time></trkpt><trkpt lat="45.590668" lon="25.465608"><ele>635.9</ele><time>2026-07-29T14:08:03Z</time></trkpt><trkpt lat="45.590743" lon="25.465657"><ele>635.6</ele><time>2026-07-29T14:08:05Z</time></trkpt><trkpt lat="45.5908" lon="25.465762"><ele>635.2</ele><time>2026-07-29T14:08:07Z</time></trkpt><trkpt lat="45.590888" lon="25.465847"><ele>634.8</ele><time>2026-07-29T14:08:09Z</time></trkpt><trkpt lat="45.590963" lon="25.465932"><ele>634.4</ele><time>2026-07-29T14:08:11Z</time></trkpt><trkpt lat="45.59103" lon="25.466"><ele>634.2</ele><time>2026-07-29T14:08:13Z</time></trkpt><trkpt lat="45.59109" lon="25.46606"><ele>633.9</ele><time>2026-07-29T14:08:15Z</time></trkpt><trkpt lat="45.591145" lon="25.466132"><ele>633.5</ele><time>2026-07-29T14:08:18Z</time></trkpt><trkpt lat="45.591212" lon="25.466177"><ele>633.6</ele><time>2026-07-29T14:08:27Z</time></trkpt><trkpt lat="45.591247" lon="25.466078"><ele>633.6</ele><time>2026-07-29T14:08:31Z</time></trkpt><trkpt lat="45.591308" lon="25.465953"><ele>633.6</ele><time>2026-07-29T14:08:34Z</time></trkpt><trkpt lat="45.591368" lon="25.465867"><ele>633.5</ele><time>2026-07-29T14:08:37Z</time></trkpt><trkpt lat="45.591422" lon="25.465797"><ele>633.5</ele><time>2026-07-29T14:08:39Z</time></trkpt><trkpt lat="45.591488" lon="25.465675"><ele>633.6</ele><time>2026-07-29T14:08:41Z</time></trkpt><trkpt lat="45.591578" lon="25.465553"><ele>633.4</ele><time>2026-07-29T14:08:43Z</time></trkpt><trkpt lat="45.591623" lon="25.465422"><ele>633.1</ele><time>2026-07-29T14:08:45Z</time></trkpt><trkpt lat="45.59169" lon="25.4653"><ele>633.0</ele><time>2026-07-29T14:08:47Z</time></trkpt><trkpt lat="45.591745" lon="25.465177"><ele>632.5</ele><time>2026-07-29T14:08:49Z</time></trkpt><trkpt lat="45.591818" lon="25.465063"><ele>632.0</ele><time>2026-07-29T14:08:51Z</time></trkpt><trkpt lat="45.591885" lon="25.464953"><ele>631.7</ele><time>2026-07-29T14:08:53Z</time></trkpt><trkpt lat="45.591945" lon="25.46484"><ele>631.5</ele><time>2026-07-29T14:08:55Z</time></trkpt><trkpt lat="45.592005" lon="25.464732"><ele>631.4</ele><time>2026-07-29T14:08:57Z</time></trkpt><trkpt lat="45.59206" lon="25.464623"><ele>631.3</ele><time>2026-07-29T14:08:59Z</time></trkpt><trkpt lat="45.592118" lon="25.464523"><ele>631.1</ele><time>2026-07-29T14:09:01Z</time></trkpt><trkpt lat="45.592173" lon="25.464423"><ele>631.0</ele><time>2026-07-29T14:09:03Z</time></trkpt><trkpt lat="45.592225" lon="25.46432"><ele>630.9</ele><time>2026-07-29T14:09:05Z</time></trkpt><trkpt lat="45.592263" lon="25.464203"><ele>630.7</ele><time>2026-07-29T14:09:07Z</time></trkpt><trkpt lat="45.592312" lon="25.464095"><ele>630.4</ele><time>2026-07-29T14:09:09Z</time></trkpt><trkpt lat="45.592352" lon="25.463982"><ele>630.1</ele><time>2026-07-29T14:09:11Z</time></trkpt><trkpt lat="45.592383" lon="25.46386"><ele>629.9</ele><time>2026-07-29T14:09:13Z</time></trkpt><trkpt lat="45.592413" lon="25.463748"><ele>629.9</ele><time>2026-07-29T14:09:15Z</time></trkpt><trkpt lat="45.592425" lon="25.463637"><ele>629.5</ele><time>2026-07-29T14:09:19Z</time></trkpt><trkpt lat="45.592412" lon="25.463533"><ele>628.7</ele><time>2026-07-29T14:09:47Z</time></trkpt><trkpt lat="45.59237" lon="25.463617"><ele>629.4</ele><time>2026-07-29T14:14:02Z</time></trkpt><trkpt lat="45.592448" lon="25.463557"><ele>629.7</ele><time>2026-07-29T14:16:53Z</time></trkpt><trkpt lat="45.592513" lon="25.463493"><ele>629.7</ele><time>2026-07-29T14:16:56Z</time></trkpt><trkpt lat="45.592553" lon="25.463368"><ele>629.4</ele><time>2026-07-29T14:16:59Z</time></trkpt><trkpt lat="45.592607" lon="25.463258"><ele>629.3</ele><time>2026-07-29T14:17:01Z</time></trkpt><trkpt lat="45.59265" lon="25.463143"><ele>629.2</ele><time>2026-07-29T14:17:04Z</time></trkpt><trkpt lat="45.592703" lon="25.463017"><ele>629.1</ele><time>2026-07-29T14:17:07Z</time></trkpt><trkpt lat="45.592753" lon="25.462883"><ele>629.0</ele><time>2026-07-29T14:17:10Z</time></trkpt><trkpt lat="45.5928" lon="25.462752"><ele>628.9</ele><time>2026-07-29T14:17:13Z</time></trkpt><trkpt lat="45.592847" lon="25.462633"><ele>628.8</ele><time>2026-07-29T14:17:16Z</time></trkpt><trkpt lat="45.592913" lon="25.462582"><ele>628.6</ele><time>2026-07-29T14:17:19Z</time></trkpt><trkpt lat="45.59299" lon="25.462602"><ele>628.5</ele><time>2026-07-29T14:17:22Z</time></trkpt><trkpt lat="45.59308" lon="25.462645"><ele>628.8</ele><time>2026-07-29T14:17:25Z</time></trkpt><trkpt lat="45.593173" lon="25.462688"><ele>628.9</ele><time>2026-07-29T14:17:28Z</time></trkpt><trkpt lat="45.593255" lon="25.462742"><ele>628.9</ele><time>2026-07-29T14:17:32Z</time></trkpt><trkpt lat="45.59335" lon="25.4628"><ele>628.7</ele><time>2026-07-29T14:17:35Z</time></trkpt><trkpt lat="45.593437" lon="25.462848"><ele>628.6</ele><time>2026-07-29T14:17:37Z</time></trkpt><trkpt lat="45.593517" lon="25.46289"><ele>628.4</ele><time>2026-07-29T14:17:39Z</time></trkpt><trkpt lat="45.593595" lon="25.462935"><ele>628.1</ele><time>2026-07-29T14:17:41Z</time></trkpt><trkpt lat="45.593682" lon="25.46298"><ele>627.9</ele><time>2026-07-29T14:17:43Z</time></trkpt><trkpt lat="45.593768" lon="25.463022"><ele>627.6</ele><time>2026-07-29T14:17:45Z</time></trkpt><trkpt lat="45.593847" lon="25.463063"><ele>627.5</ele><time>2026-07-29T14:17:47Z</time></trkpt><trkpt lat="45.593935" lon="25.463115"><ele>627.3</ele><time>2026-07-29T14:17:49Z</time></trkpt><trkpt lat="45.594035" lon="25.463165"><ele>627.3</ele><time>2026-07-29T14:17:51Z</time></trkpt><trkpt lat="45.594132" lon="25.463217"><ele>627.3</ele><time>2026-07-29T14:17:53Z</time></trkpt><trkpt lat="45.594238" lon="25.463273"><ele>627.4</ele><time>2026-07-29T14:17:55Z</time></trkpt><trkpt lat="45.594357" lon="25.463322"><ele>627.5</ele><time>2026-07-29T14:17:58Z</time></trkpt><trkpt lat="45.594467" lon="25.463368"><ele>627.3</ele><time>2026-07-29T14:18:00Z</time></trkpt><trkpt lat="45.59458" lon="25.463425"><ele>627.2</ele><time>2026-07-29T14:18:02Z</time></trkpt><trkpt lat="45.594682" lon="25.463485"><ele>626.7</ele><time>2026-07-29T14:18:04Z</time></trkpt><trkpt lat="45.594795" lon="25.463535"><ele>626.3</ele><time>2026-07-29T14:18:06Z</time></trkpt><trkpt lat="45.594898" lon="25.463588"><ele>625.8</ele><time>2026-07-29T14:18:08Z</time></trkpt><trkpt lat="45.595005" lon="25.463648"><ele>625.6</ele><time>2026-07-29T14:18:10Z</time></trkpt><trkpt lat="45.595108" lon="25.4637"><ele>625.4</ele><time>2026-07-29T14:18:12Z</time></trkpt><trkpt lat="45.595215" lon="25.463748"><ele>625.1</ele><time>2026-07-29T14:18:14Z</time></trkpt><trkpt lat="45.595317" lon="25.463793"><ele>624.8</ele><time>2026-07-29T14:18:16Z</time></trkpt><trkpt lat="45.595412" lon="25.463832"><ele>624.6</ele><time>2026-07-29T14:18:18Z</time></trkpt><trkpt lat="45.59551" lon="25.46387"><ele>624.6</ele><time>2026-07-29T14:18:20Z</time></trkpt><trkpt lat="45.595605" lon="25.46392"><ele>624.6</ele><time>2026-07-29T14:18:22Z</time></trkpt><trkpt lat="45.595713" lon="25.463962"><ele>624.6</ele><time>2026-07-29T14:18:24Z</time></trkpt><trkpt lat="45.595813" lon="25.463998"><ele>624.3</ele><time>2026-07-29T14:18:26Z</time></trkpt><trkpt lat="45.595912" lon="25.464032"><ele>624.0</ele><time>2026-07-29T14:18:28Z</time></trkpt><trkpt lat="45.596003" lon="25.46407"><ele>623.9</ele><time>2026-07-29T14:18:30Z</time></trkpt><trkpt lat="45.59611" lon="25.464098"><ele>623.7</ele><time>2026-07-29T14:18:32Z</time></trkpt><trkpt lat="45.596212" lon="25.464138"><ele>623.5</ele><time>2026-07-29T14:18:34Z</time></trkpt><trkpt lat="45.59631" lon="25.464163"><ele>623.4</ele><time>2026-07-29T14:18:36Z</time></trkpt><trkpt lat="45.596408" lon="25.46419"><ele>623.2</ele><time>2026-07-29T14:18:38Z</time></trkpt><trkpt lat="45.596498" lon="25.464228"><ele>623.0</ele><time>2026-07-29T14:18:40Z</time></trkpt><trkpt lat="45.59658" lon="25.46426"><ele>622.9</ele><time>2026-07-29T14:18:42Z</time></trkpt><trkpt lat="45.596673" lon="25.464292"><ele>622.7</ele><time>2026-07-29T14:18:44Z</time></trkpt><trkpt lat="45.596762" lon="25.46432"><ele>622.5</ele><time>2026-07-29T14:18:46Z</time></trkpt><trkpt lat="45.59684" lon="25.464348"><ele>622.3</ele><time>2026-07-29T14:18:48Z</time></trkpt><trkpt lat="45.596927" lon="25.464373"><ele>622.3</ele><time>2026-07-29T14:18:50Z</time></trkpt><trkpt lat="45.597007" lon="25.4644"><ele>622.3</ele><time>2026-07-29T14:18:52Z</time></trkpt><trkpt lat="45.597092" lon="25.464425"><ele>622.3</ele><time>2026-07-29T14:18:54Z</time></trkpt><trkpt lat="45.597208" lon="25.46445"><ele>622.3</ele><time>2026-07-29T14:18:57Z</time></trkpt><trkpt lat="45.597313" lon="25.464485"><ele>622.3</ele><time>2026-07-29T14:19:00Z</time></trkpt><trkpt lat="45.59739" lon="25.464503"><ele>622.4</ele><time>2026-07-29T14:19:02Z</time></trkpt><trkpt lat="45.597468" lon="25.46454"><ele>622.3</ele><time>2026-07-29T14:19:04Z</time></trkpt><trkpt lat="45.597563" lon="25.464557"><ele>622.4</ele><time>2026-07-29T14:19:06Z</time></trkpt><trkpt lat="45.597642" lon="25.464563"><ele>622.4</ele><time>2026-07-29T14:19:08Z</time></trkpt><trkpt lat="45.597735" lon="25.46459"><ele>622.4</ele><time>2026-07-29T14:19:10Z</time></trkpt><trkpt lat="45.597833" lon="25.464623"><ele>622.3</ele><time>2026-07-29T14:19:12Z</time></trkpt><trkpt lat="45.597917" lon="25.464652"><ele>622.0</ele><time>2026-07-29T14:19:14Z</time></trkpt><trkpt lat="45.598022" lon="25.464677"><ele>621.8</ele><time>2026-07-29T14:19:16Z</time></trkpt><trkpt lat="45.598107" lon="25.46473"><ele>621.7</ele><time>2026-07-29T14:19:18Z</time></trkpt><trkpt lat="45.59821" lon="25.464753"><ele>621.5</ele><time>2026-07-29T14:19:20Z</time></trkpt><trkpt lat="45.598303" lon="25.46481"><ele>621.4</ele><time>2026-07-29T14:19:22Z</time></trkpt><trkpt lat="45.598397" lon="25.464828"><ele>621.1</ele><time>2026-07-29T14:19:24Z</time></trkpt><trkpt lat="45.598498" lon="25.464862"><ele>620.7</ele><time>2026-07-29T14:19:26Z</time></trkpt><trkpt lat="45.598595" lon="25.464895"><ele>620.5</ele><time>2026-07-29T14:19:28Z</time></trkpt><trkpt lat="45.598655" lon="25.464972"><ele>620.3</ele><time>2026-07-29T14:19:30Z</time></trkpt><trkpt lat="45.598728" lon="25.464958"><ele>620.2</ele><time>2026-07-29T14:19:31Z</time></trkpt><trkpt lat="45.59881" lon="25.465"><ele>620.2</ele><time>2026-07-29T14:19:33Z</time></trkpt><trkpt lat="45.598903" lon="25.465027"><ele>620.2</ele><time>2026-07-29T14:19:35Z</time></trkpt><trkpt lat="45.598987" lon="25.465067"><ele>621.8</ele><time>2026-07-29T14:19:37Z</time></trkpt><trkpt lat="45.599072" lon="25.465105"><ele>621.6</ele><time>2026-07-29T14:19:39Z</time></trkpt><trkpt lat="45.599157" lon="25.465142"><ele>621.3</ele><time>2026-07-29T14:19:41Z</time></trkpt><trkpt lat="45.59923" lon="25.465183"><ele>621.0</ele><time>2026-07-29T14:19:43Z</time></trkpt><trkpt lat="45.599303" lon="25.465225"><ele>620.6</ele><time>2026-07-29T14:19:45Z</time></trkpt><trkpt lat="45.599383" lon="25.46525"><ele>620.4</ele><time>2026-07-29T14:19:47Z</time></trkpt><trkpt lat="45.599463" lon="25.465282"><ele>620.3</ele><time>2026-07-29T14:19:49Z</time></trkpt><trkpt lat="45.599557" lon="25.465318"><ele>620.3</ele><time>2026-07-29T14:19:51Z</time></trkpt><trkpt lat="45.599637" lon="25.46538"><ele>620.3</ele><time>2026-07-29T14:19:53Z</time></trkpt><trkpt lat="45.599703" lon="25.465428"><ele>620.1</ele><time>2026-07-29T14:19:55Z</time></trkpt><trkpt lat="45.599792" lon="25.465467"><ele>620.0</ele><time>2026-07-29T14:19:57Z</time></trkpt><trkpt lat="45.59988" lon="25.465513"><ele>619.9</ele><time>2026-07-29T14:19:59Z</time></trkpt><trkpt lat="45.599978" lon="25.465555"><ele>619.9</ele><time>2026-07-29T14:20:01Z</time></trkpt><trkpt lat="45.600077" lon="25.4656"><ele>619.9</ele><time>2026-07-29T14:20:03Z</time></trkpt><trkpt lat="45.600182" lon="25.465642"><ele>619.9</ele><time>2026-07-29T14:20:05Z</time></trkpt><trkpt lat="45.60028" lon="25.465683"><ele>619.9</ele><time>2026-07-29T14:20:07Z</time></trkpt><trkpt lat="45.600378" lon="25.465718"><ele>619.6</ele><time>2026-07-29T14:20:09Z</time></trkpt><trkpt lat="45.600478" lon="25.465743"><ele>619.4</ele><time>2026-07-29T14:20:11Z</time></trkpt><trkpt lat="45.600573" lon="25.465773"><ele>619.1</ele><time>2026-07-29T14:20:13Z</time></trkpt><trkpt lat="45.600663" lon="25.4658"><ele>618.9</ele><time>2026-07-29T14:20:15Z</time></trkpt><trkpt lat="45.60075" lon="25.46582"><ele>618.8</ele><time>2026-07-29T14:20:17Z</time></trkpt><trkpt lat="45.600837" lon="25.465838"><ele>618.8</ele><time>2026-07-29T14:20:19Z</time></trkpt><trkpt lat="45.600917" lon="25.465852"><ele>618.8</ele><time>2026-07-29T14:20:21Z</time></trkpt><trkpt lat="45.601005" lon="25.465862"><ele>618.8</ele><time>2026-07-29T14:20:23Z</time></trkpt><trkpt lat="45.601095" lon="25.465877"><ele>618.8</ele><time>2026-07-29T14:20:25Z</time></trkpt><trkpt lat="45.601188" lon="25.465892"><ele>618.9</ele><time>2026-07-29T14:20:27Z</time></trkpt><trkpt lat="45.601288" lon="25.465903"><ele>619.0</ele><time>2026-07-29T14:20:29Z</time></trkpt><trkpt lat="45.601387" lon="25.465918"><ele>619.0</ele><time>2026-07-29T14:20:31Z</time></trkpt><trkpt lat="45.601475" lon="25.465942"><ele>618.8</ele><time>2026-07-29T14:20:33Z</time></trkpt><trkpt lat="45.601572" lon="25.465963"><ele>618.9</ele><time>2026-07-29T14:20:35Z</time></trkpt><trkpt lat="45.601667" lon="25.465987"><ele>618.9</ele><time>2026-07-29T14:20:37Z</time></trkpt><trkpt lat="45.601755" lon="25.466012"><ele>618.9</ele><time>2026-07-29T14:20:39Z</time></trkpt><trkpt lat="45.601838" lon="25.466038"><ele>618.7</ele><time>2026-07-29T14:20:41Z</time></trkpt><trkpt lat="45.601925" lon="25.466077"><ele>618.7</ele><time>2026-07-29T14:20:43Z</time></trkpt><trkpt lat="45.60202" lon="25.466102"><ele>618.8</ele><time>2026-07-29T14:20:45Z</time></trkpt><trkpt lat="45.602115" lon="25.466132"><ele>618.8</ele><time>2026-07-29T14:20:47Z</time></trkpt><trkpt lat="45.602218" lon="25.466167"><ele>618.7</ele><time>2026-07-29T14:20:49Z</time></trkpt><trkpt lat="45.60232" lon="25.466198"><ele>618.4</ele><time>2026-07-29T14:20:51Z</time></trkpt><trkpt lat="45.602432" lon="25.466227"><ele>618.3</ele><time>2026-07-29T14:20:53Z</time></trkpt><trkpt lat="45.602542" lon="25.466258"><ele>618.3</ele><time>2026-07-29T14:20:55Z</time></trkpt><trkpt lat="45.602653" lon="25.466293"><ele>618.3</ele><time>2026-07-29T14:20:57Z</time></trkpt><trkpt lat="45.602772" lon="25.46633"><ele>618.2</ele><time>2026-07-29T14:20:59Z</time></trkpt><trkpt lat="45.60288" lon="25.466368"><ele>618.0</ele><time>2026-07-29T14:21:01Z</time></trkpt><trkpt lat="45.602988" lon="25.466412"><ele>617.7</ele><time>2026-07-29T14:21:03Z</time></trkpt><trkpt lat="45.603093" lon="25.466455"><ele>617.1</ele><time>2026-07-29T14:21:05Z</time></trkpt><trkpt lat="45.603198" lon="25.46649"><ele>616.7</ele><time>2026-07-29T14:21:07Z</time></trkpt><trkpt lat="45.603298" lon="25.46654"><ele>616.5</ele><time>2026-07-29T14:21:09Z</time></trkpt><trkpt lat="45.6034" lon="25.466582"><ele>616.3</ele><time>2026-07-29T14:21:11Z</time></trkpt><trkpt lat="45.603495" lon="25.46662"><ele>616.3</ele><time>2026-07-29T14:21:13Z</time></trkpt><trkpt lat="45.603593" lon="25.466667"><ele>616.3</ele><time>2026-07-29T14:21:15Z</time></trkpt><trkpt lat="45.603697" lon="25.466718"><ele>616.3</ele><time>2026-07-29T14:21:17Z</time></trkpt><trkpt lat="45.603802" lon="25.466765"><ele>616.1</ele><time>2026-07-29T14:21:19Z</time></trkpt><trkpt lat="45.6039" lon="25.466818"><ele>615.8</ele><time>2026-07-29T14:21:21Z</time></trkpt><trkpt lat="45.604" lon="25.466875"><ele>615.6</ele><time>2026-07-29T14:21:23Z</time></trkpt><trkpt lat="45.604098" lon="25.46692"><ele>615.6</ele><time>2026-07-29T14:21:25Z</time></trkpt><trkpt lat="45.604192" lon="25.46697"><ele>615.6</ele><time>2026-07-29T14:21:27Z</time></trkpt><trkpt lat="45.604292" lon="25.467013"><ele>615.7</ele><time>2026-07-29T14:21:29Z</time></trkpt><trkpt lat="45.60439" lon="25.467075"><ele>615.6</ele><time>2026-07-29T14:21:31Z</time></trkpt><trkpt lat="45.604498" lon="25.467122"><ele>615.6</ele><time>2026-07-29T14:21:33Z</time></trkpt><trkpt lat="45.604602" lon="25.467177"><ele>615.3</ele><time>2026-07-29T14:21:35Z</time></trkpt><trkpt lat="45.604707" lon="25.467223"><ele>615.1</ele><time>2026-07-29T14:21:37Z</time></trkpt><trkpt lat="45.604807" lon="25.467273"><ele>614.8</ele><time>2026-07-29T14:21:39Z</time></trkpt><trkpt lat="45.604903" lon="25.467323"><ele>614.6</ele><time>2026-07-29T14:21:41Z</time></trkpt><trkpt lat="45.604998" lon="25.467368"><ele>614.5</ele><time>2026-07-29T14:21:43Z</time></trkpt><trkpt lat="45.605093" lon="25.467417"><ele>614.4</ele><time>2026-07-29T14:21:45Z</time></trkpt><trkpt lat="45.605193" lon="25.46747"><ele>614.4</ele><time>2026-07-29T14:21:47Z</time></trkpt><trkpt lat="45.605298" lon="25.467525"><ele>614.4</ele><time>2026-07-29T14:21:49Z</time></trkpt><trkpt lat="45.605405" lon="25.467582"><ele>614.4</ele><time>2026-07-29T14:21:51Z</time></trkpt><trkpt lat="45.605505" lon="25.467638"><ele>614.2</ele><time>2026-07-29T14:21:53Z</time></trkpt><trkpt lat="45.605605" lon="25.467695"><ele>614.1</ele><time>2026-07-29T14:21:55Z</time></trkpt><trkpt lat="45.605702" lon="25.467752"><ele>613.9</ele><time>2026-07-29T14:21:57Z</time></trkpt><trkpt lat="45.605802" lon="25.467812"><ele>613.7</ele><time>2026-07-29T14:21:59Z</time></trkpt><trkpt lat="45.605897" lon="25.467868"><ele>613.5</ele><time>2026-07-29T14:22:01Z</time></trkpt><trkpt lat="45.605988" lon="25.467927"><ele>613.4</ele><time>2026-07-29T14:22:03Z</time></trkpt><trkpt lat="45.60608" lon="25.467987"><ele>613.4</ele><time>2026-07-29T14:22:05Z</time></trkpt><trkpt lat="45.606178" lon="25.468053"><ele>613.3</ele><time>2026-07-29T14:22:07Z</time></trkpt><trkpt lat="45.606278" lon="25.468117"><ele>613.1</ele><time>2026-07-29T14:22:09Z</time></trkpt><trkpt lat="45.606377" lon="25.468178"><ele>612.8</ele><time>2026-07-29T14:22:11Z</time></trkpt><trkpt lat="45.606472" lon="25.468243"><ele>612.5</ele><time>2026-07-29T14:22:13Z</time></trkpt><trkpt lat="45.606565" lon="25.468303"><ele>612.5</ele><time>2026-07-29T14:22:15Z</time></trkpt><trkpt lat="45.606668" lon="25.46836"><ele>612.4</ele><time>2026-07-29T14:22:17Z</time></trkpt><trkpt lat="45.606767" lon="25.46842"><ele>612.3</ele><time>2026-07-29T14:22:19Z</time></trkpt><trkpt lat="45.60686" lon="25.468485"><ele>612.1</ele><time>2026-07-29T14:22:21Z</time></trkpt><trkpt lat="45.606957" lon="25.468538"><ele>612.0</ele><time>2026-07-29T14:22:23Z</time></trkpt><trkpt lat="45.607047" lon="25.468597"><ele>611.8</ele><time>2026-07-29T14:22:25Z</time></trkpt><trkpt lat="45.607138" lon="25.468648"><ele>611.5</ele><time>2026-07-29T14:22:27Z</time></trkpt><trkpt lat="45.607227" lon="25.468703"><ele>611.4</ele><time>2026-07-29T14:22:29Z</time></trkpt><trkpt lat="45.607327" lon="25.468753"><ele>611.4</ele><time>2026-07-29T14:22:31Z</time></trkpt><trkpt lat="45.607428" lon="25.468808"><ele>611.4</ele><time>2026-07-29T14:22:33Z</time></trkpt><trkpt lat="45.607522" lon="25.468872"><ele>611.3</ele><time>2026-07-29T14:22:35Z</time></trkpt><trkpt lat="45.607617" lon="25.46893"><ele>611.0</ele><time>2026-07-29T14:22:37Z</time></trkpt><trkpt lat="45.607712" lon="25.468968"><ele>610.9</ele><time>2026-07-29T14:22:39Z</time></trkpt><trkpt lat="45.607747" lon="25.469068"><ele>610.7</ele><time>2026-07-29T14:22:41Z</time></trkpt><trkpt lat="45.60783" lon="25.469057"><ele>610.7</ele><time>2026-07-29T14:22:42Z</time></trkpt><trkpt lat="45.607932" lon="25.469107"><ele>610.8</ele><time>2026-07-29T14:22:44Z</time></trkpt><trkpt lat="45.608035" lon="25.469152"><ele>610.8</ele><time>2026-07-29T14:22:46Z</time></trkpt><trkpt lat="45.60813" lon="25.469192"><ele>610.6</ele><time>2026-07-29T14:22:48Z</time></trkpt><trkpt lat="45.608228" lon="25.469237"><ele>610.4</ele><time>2026-07-29T14:22:50Z</time></trkpt><trkpt lat="45.60833" lon="25.469285"><ele>610.4</ele><time>2026-07-29T14:22:52Z</time></trkpt><trkpt lat="45.608433" lon="25.469342"><ele>610.3</ele><time>2026-07-29T14:22:54Z</time></trkpt><trkpt lat="45.60854" lon="25.469382"><ele>610.2</ele><time>2026-07-29T14:22:56Z</time></trkpt><trkpt lat="45.608632" lon="25.469433"><ele>610.0</ele><time>2026-07-29T14:22:58Z</time></trkpt><trkpt lat="45.608755" lon="25.469475"><ele>609.9</ele><time>2026-07-29T14:23:00Z</time></trkpt><trkpt lat="45.608867" lon="25.46951"><ele>609.6</ele><time>2026-07-29T14:23:02Z</time></trkpt><trkpt lat="45.608978" lon="25.469555"><ele>609.2</ele><time>2026-07-29T14:23:04Z</time></trkpt><trkpt lat="45.609088" lon="25.469595"><ele>608.9</ele><time>2026-07-29T14:23:06Z</time></trkpt><trkpt lat="45.609197" lon="25.469643"><ele>608.5</ele><time>2026-07-29T14:23:08Z</time></trkpt><trkpt lat="45.609305" lon="25.469687"><ele>608.2</ele><time>2026-07-29T14:23:10Z</time></trkpt><trkpt lat="45.609417" lon="25.469795"><ele>607.9</ele><time>2026-07-29T14:23:12Z</time></trkpt><trkpt lat="45.609517" lon="25.469777"><ele>607.7</ele><time>2026-07-29T14:23:14Z</time></trkpt><trkpt lat="45.609638" lon="25.469815"><ele>607.6</ele><time>2026-07-29T14:23:16Z</time></trkpt><trkpt lat="45.609697" lon="25.469907"><ele>607.5</ele><time>2026-07-29T14:23:17Z</time></trkpt><trkpt lat="45.609812" lon="25.469887"><ele>607.4</ele><time>2026-07-29T14:23:19Z</time></trkpt><trkpt lat="45.609928" lon="25.46993"><ele>607.2</ele><time>2026-07-29T14:23:21Z</time></trkpt><trkpt lat="45.610048" lon="25.46998"><ele>607.0</ele><time>2026-07-29T14:23:23Z</time></trkpt><trkpt lat="45.610158" lon="25.470032"><ele>606.8</ele><time>2026-07-29T14:23:25Z</time></trkpt><trkpt lat="45.610262" lon="25.470082"><ele>606.6</ele><time>2026-07-29T14:23:27Z</time></trkpt><trkpt lat="45.610362" lon="25.470123"><ele>606.5</ele><time>2026-07-29T14:23:29Z</time></trkpt><trkpt lat="45.610465" lon="25.470182"><ele>606.5</ele><time>2026-07-29T14:23:31Z</time></trkpt><trkpt lat="45.610568" lon="25.470237"><ele>606.6</ele><time>2026-07-29T14:23:33Z</time></trkpt><trkpt lat="45.61068" lon="25.470292"><ele>606.6</ele><time>2026-07-29T14:23:35Z</time></trkpt><trkpt lat="45.610785" lon="25.470353"><ele>606.6</ele><time>2026-07-29T14:23:37Z</time></trkpt><trkpt lat="45.610885" lon="25.470427"><ele>606.6</ele><time>2026-07-29T14:23:39Z</time></trkpt><trkpt lat="45.61098" lon="25.470493"><ele>606.5</ele><time>2026-07-29T14:23:41Z</time></trkpt><trkpt lat="45.611083" lon="25.470565"><ele>606.6</ele><time>2026-07-29T14:23:43Z</time></trkpt><trkpt lat="45.611183" lon="25.47063"><ele>606.7</ele><time>2026-07-29T14:23:45Z</time></trkpt><trkpt lat="45.61128" lon="25.470695"><ele>606.8</ele><time>2026-07-29T14:23:47Z</time></trkpt><trkpt lat="45.611372" lon="25.470765"><ele>606.9</ele><time>2026-07-29T14:23:49Z</time></trkpt><trkpt lat="45.61146" lon="25.47082"><ele>607.1</ele><time>2026-07-29T14:23:51Z</time></trkpt><trkpt lat="45.611532" lon="25.47087"><ele>607.4</ele><time>2026-07-29T14:23:54Z</time></trkpt><trkpt lat="45.611633" lon="25.470945"><ele>607.5</ele><time>2026-07-29T14:23:56Z</time></trkpt><trkpt lat="45.611703" lon="25.470998"><ele>607.7</ele><time>2026-07-29T14:23:58Z</time></trkpt><trkpt lat="45.611793" lon="25.471082"><ele>607.9</ele><time>2026-07-29T14:24:01Z</time></trkpt><trkpt lat="45.611867" lon="25.471153"><ele>607.8</ele><time>2026-07-29T14:24:03Z</time></trkpt><trkpt lat="45.611945" lon="25.471237"><ele>607.7</ele><time>2026-07-29T14:24:05Z</time></trkpt><trkpt lat="45.612035" lon="25.471337"><ele>607.7</ele><time>2026-07-29T14:24:07Z</time></trkpt><trkpt lat="45.612127" lon="25.471438"><ele>607.7</ele><time>2026-07-29T14:24:09Z</time></trkpt><trkpt lat="45.612217" lon="25.471562"><ele>607.7</ele><time>2026-07-29T14:24:11Z</time></trkpt><trkpt lat="45.6123" lon="25.471693"><ele>607.3</ele><time>2026-07-29T14:24:13Z</time></trkpt><trkpt lat="45.612378" lon="25.471832"><ele>606.7</ele><time>2026-07-29T14:24:15Z</time></trkpt><trkpt lat="45.612465" lon="25.471982"><ele>606.0</ele><time>2026-07-29T14:24:17Z</time></trkpt><trkpt lat="45.612547" lon="25.472123"><ele>605.6</ele><time>2026-07-29T14:24:19Z</time></trkpt><trkpt lat="45.612628" lon="25.472263"><ele>605.5</ele><time>2026-07-29T14:24:21Z</time></trkpt><trkpt lat="45.612705" lon="25.472405"><ele>605.5</ele><time>2026-07-29T14:24:23Z</time></trkpt><trkpt lat="45.612777" lon="25.472538"><ele>605.7</ele><time>2026-07-29T14:24:25Z</time></trkpt><trkpt lat="45.612848" lon="25.47267"><ele>605.8</ele><time>2026-07-29T14:24:27Z</time></trkpt><trkpt lat="45.61291" lon="25.472803"><ele>605.5</ele><time>2026-07-29T14:24:29Z</time></trkpt><trkpt lat="45.612973" lon="25.472933"><ele>604.8</ele><time>2026-07-29T14:24:31Z</time></trkpt><trkpt lat="45.613037" lon="25.473062"><ele>604.5</ele><time>2026-07-29T14:24:33Z</time></trkpt><trkpt lat="45.613093" lon="25.47319"><ele>604.4</ele><time>2026-07-29T14:24:35Z</time></trkpt><trkpt lat="45.613143" lon="25.473318"><ele>604.4</ele><time>2026-07-29T14:24:37Z</time></trkpt><trkpt lat="45.61319" lon="25.473438"><ele>604.4</ele><time>2026-07-29T14:24:39Z</time></trkpt><trkpt lat="45.613237" lon="25.473558"><ele>604.4</ele><time>2026-07-29T14:24:41Z</time></trkpt><trkpt lat="45.613245" lon="25.473693"><ele>604.0</ele><time>2026-07-29T14:24:43Z</time></trkpt><trkpt lat="45.61324" lon="25.473813"><ele>603.6</ele><time>2026-07-29T14:24:45Z</time></trkpt><trkpt lat="45.613273" lon="25.473942"><ele>603.4</ele><time>2026-07-29T14:24:47Z</time></trkpt><trkpt lat="45.613357" lon="25.474027"><ele>603.3</ele><time>2026-07-29T14:24:49Z</time></trkpt><trkpt lat="45.613457" lon="25.474077"><ele>603.4</ele><time>2026-07-29T14:24:51Z</time></trkpt><trkpt lat="45.613543" lon="25.474157"><ele>603.4</ele><time>2026-07-29T14:24:53Z</time></trkpt><trkpt lat="45.613623" lon="25.474253"><ele>603.2</ele><time>2026-07-29T14:24:55Z</time></trkpt><trkpt lat="45.613708" lon="25.474353"><ele>603.0</ele><time>2026-07-29T14:24:57Z</time></trkpt><trkpt lat="45.613803" lon="25.474427"><ele>603.0</ele><time>2026-07-29T14:24:59Z</time></trkpt><trkpt lat="45.613905" lon="25.474525"><ele>602.9</ele><time>2026-07-29T14:25:01Z</time></trkpt><trkpt lat="45.614005" lon="25.474598"><ele>602.9</ele><time>2026-07-29T14:25:03Z</time></trkpt><trkpt lat="45.614107" lon="25.47466"><ele>603.2</ele><time>2026-07-29T14:25:05Z</time></trkpt><trkpt lat="45.61421" lon="25.474715"><ele>603.2</ele><time>2026-07-29T14:25:07Z</time></trkpt><trkpt lat="45.614313" lon="25.474773"><ele>603.1</ele><time>2026-07-29T14:25:09Z</time></trkpt><trkpt lat="45.614418" lon="25.47483"><ele>602.8</ele><time>2026-07-29T14:25:11Z</time></trkpt><trkpt lat="45.614525" lon="25.474893"><ele>602.6</ele><time>2026-07-29T14:25:13Z</time></trkpt><trkpt lat="45.614637" lon="25.474952"><ele>602.5</ele><time>2026-07-29T14:25:15Z</time></trkpt><trkpt lat="45.614743" lon="25.475007"><ele>602.2</ele><time>2026-07-29T14:25:17Z</time></trkpt><trkpt lat="45.614847" lon="25.47507"><ele>602.0</ele><time>2026-07-29T14:25:19Z</time></trkpt><trkpt lat="45.614948" lon="25.475125"><ele>602.0</ele><time>2026-07-29T14:25:21Z</time></trkpt><trkpt lat="45.615047" lon="25.475177"><ele>601.9</ele><time>2026-07-29T14:25:23Z</time></trkpt><trkpt lat="45.615142" lon="25.475228"><ele>601.7</ele><time>2026-07-29T14:25:25Z</time></trkpt><trkpt lat="45.615242" lon="25.475282"><ele>601.4</ele><time>2026-07-29T14:25:27Z</time></trkpt><trkpt lat="45.615337" lon="25.475335"><ele>601.4</ele><time>2026-07-29T14:25:29Z</time></trkpt><trkpt lat="45.61543" lon="25.475387"><ele>601.5</ele><time>2026-07-29T14:25:31Z</time></trkpt><trkpt lat="45.615525" lon="25.475437"><ele>601.5</ele><time>2026-07-29T14:25:33Z</time></trkpt><trkpt lat="45.61562" lon="25.475477"><ele>601.7</ele><time>2026-07-29T14:25:35Z</time></trkpt><trkpt lat="45.615715" lon="25.475508"><ele>602.0</ele><time>2026-07-29T14:25:37Z</time></trkpt><trkpt lat="45.615813" lon="25.475557"><ele>602.3</ele><time>2026-07-29T14:25:39Z</time></trkpt><trkpt lat="45.615913" lon="25.475612"><ele>602.1</ele><time>2026-07-29T14:25:41Z</time></trkpt><trkpt lat="45.616008" lon="25.475652"><ele>602.0</ele><time>2026-07-29T14:25:43Z</time></trkpt><trkpt lat="45.616102" lon="25.475702"><ele>601.7</ele><time>2026-07-29T14:25:45Z</time></trkpt><trkpt lat="45.616195" lon="25.475747"><ele>600.7</ele><time>2026-07-29T14:25:48Z</time></trkpt><trkpt lat="45.616277" lon="25.475787"><ele>600.5</ele><time>2026-07-29T14:25:49Z</time></trkpt><trkpt lat="45.616383" lon="25.475842"><ele>600.4</ele><time>2026-07-29T14:25:51Z</time></trkpt><trkpt lat="45.616483" lon="25.475882"><ele>600.3</ele><time>2026-07-29T14:25:53Z</time></trkpt><trkpt lat="45.616582" lon="25.475917"><ele>600.4</ele><time>2026-07-29T14:25:55Z</time></trkpt><trkpt lat="45.616663" lon="25.475935"><ele>600.5</ele><time>2026-07-29T14:25:57Z</time></trkpt><trkpt lat="45.616767" lon="25.475968"><ele>600.6</ele><time>2026-07-29T14:25:59Z</time></trkpt><trkpt lat="45.616873" lon="25.476007"><ele>600.5</ele><time>2026-07-29T14:26:01Z</time></trkpt><trkpt lat="45.616977" lon="25.476048"><ele>600.2</ele><time>2026-07-29T14:26:03Z</time></trkpt><trkpt lat="45.61708" lon="25.47609"><ele>600.0</ele><time>2026-07-29T14:26:05Z</time></trkpt><trkpt lat="45.617182" lon="25.47613"><ele>600.0</ele><time>2026-07-29T14:26:07Z</time></trkpt><trkpt lat="45.617297" lon="25.476157"><ele>599.7</ele><time>2026-07-29T14:26:09Z</time></trkpt><trkpt lat="45.617413" lon="25.476188"><ele>599.6</ele><time>2026-07-29T14:26:11Z</time></trkpt><trkpt lat="45.617527" lon="25.476212"><ele>599.8</ele><time>2026-07-29T14:26:13Z</time></trkpt><trkpt lat="45.617633" lon="25.476237"><ele>599.9</ele><time>2026-07-29T14:26:15Z</time></trkpt><trkpt lat="45.617738" lon="25.476277"><ele>599.8</ele><time>2026-07-29T14:26:17Z</time></trkpt><trkpt lat="45.617847" lon="25.476315"><ele>599.9</ele><time>2026-07-29T14:26:19Z</time></trkpt><trkpt lat="45.617972" lon="25.476352"><ele>599.9</ele><time>2026-07-29T14:26:21Z</time></trkpt><trkpt lat="45.618087" lon="25.476405"><ele>599.7</ele><time>2026-07-29T14:26:23Z</time></trkpt><trkpt lat="45.61819" lon="25.476473"><ele>599.5</ele><time>2026-07-29T14:26:25Z</time></trkpt><trkpt lat="45.618285" lon="25.476542"><ele>599.2</ele><time>2026-07-29T14:26:27Z</time></trkpt><trkpt lat="45.618385" lon="25.47661"><ele>599.1</ele><time>2026-07-29T14:26:29Z</time></trkpt><trkpt lat="45.618483" lon="25.476682"><ele>598.9</ele><time>2026-07-29T14:26:31Z</time></trkpt><trkpt lat="45.618585" lon="25.476767"><ele>598.9</ele><time>2026-07-29T14:26:33Z</time></trkpt><trkpt lat="45.618682" lon="25.476848"><ele>599.2</ele><time>2026-07-29T14:26:35Z</time></trkpt><trkpt lat="45.618783" lon="25.47693"><ele>599.5</ele><time>2026-07-29T14:26:37Z</time></trkpt><trkpt lat="45.618872" lon="25.477008"><ele>599.4</ele><time>2026-07-29T14:26:39Z</time></trkpt><trkpt lat="45.618983" lon="25.477097"><ele>598.8</ele><time>2026-07-29T14:26:41Z</time></trkpt><trkpt lat="45.619058" lon="25.477202"><ele>598.6</ele><time>2026-07-29T14:26:43Z</time></trkpt><trkpt lat="45.619152" lon="25.477292"><ele>598.4</ele><time>2026-07-29T14:26:45Z</time></trkpt><trkpt lat="45.619242" lon="25.477392"><ele>598.2</ele><time>2026-07-29T14:26:47Z</time></trkpt><trkpt lat="45.61933" lon="25.47749"><ele>597.7</ele><time>2026-07-29T14:26:49Z</time></trkpt><trkpt lat="45.619413" lon="25.477587"><ele>597.4</ele><time>2026-07-29T14:26:51Z</time></trkpt><trkpt lat="45.619493" lon="25.477683"><ele>597.5</ele><time>2026-07-29T14:26:53Z</time></trkpt><trkpt lat="45.619577" lon="25.47777"><ele>597.4</ele><time>2026-07-29T14:26:55Z</time></trkpt><trkpt lat="45.619657" lon="25.477858"><ele>597.2</ele><time>2026-07-29T14:26:57Z</time></trkpt><trkpt lat="45.619743" lon="25.477942"><ele>597.1</ele><time>2026-07-29T14:26:59Z</time></trkpt><trkpt lat="45.619838" lon="25.47802"><ele>597.1</ele><time>2026-07-29T14:27:01Z</time></trkpt><trkpt lat="45.61991" lon="25.478165"><ele>596.9</ele><time>2026-07-29T14:27:03Z</time></trkpt><trkpt lat="45.620032" lon="25.478205"><ele>596.7</ele><time>2026-07-29T14:27:05Z</time></trkpt><trkpt lat="45.620135" lon="25.47828"><ele>596.7</ele><time>2026-07-29T14:27:07Z</time></trkpt><trkpt lat="45.62023" lon="25.478355"><ele>596.9</ele><time>2026-07-29T14:27:09Z</time></trkpt><trkpt lat="45.620328" lon="25.478428"><ele>596.8</ele><time>2026-07-29T14:27:11Z</time></trkpt><trkpt lat="45.620428" lon="25.478502"><ele>597.0</ele><time>2026-07-29T14:27:13Z</time></trkpt><trkpt lat="45.620522" lon="25.478595"><ele>597.1</ele><time>2026-07-29T14:27:15Z</time></trkpt><trkpt lat="45.620615" lon="25.47867"><ele>597.0</ele><time>2026-07-29T14:27:17Z</time></trkpt><trkpt lat="45.620712" lon="25.478743"><ele>596.7</ele><time>2026-07-29T14:27:19Z</time></trkpt><trkpt lat="45.620807" lon="25.47882"><ele>596.2</ele><time>2026-07-29T14:27:21Z</time></trkpt><trkpt lat="45.620898" lon="25.478892"><ele>596.0</ele><time>2026-07-29T14:27:23Z</time></trkpt><trkpt lat="45.621002" lon="25.478958"><ele>596.0</ele><time>2026-07-29T14:27:25Z</time></trkpt><trkpt lat="45.621102" lon="25.479027"><ele>596.1</ele><time>2026-07-29T14:27:27Z</time></trkpt><trkpt lat="45.6212" lon="25.479102"><ele>596.1</ele><time>2026-07-29T14:27:29Z</time></trkpt><trkpt lat="45.621303" lon="25.479167"><ele>596.1</ele><time>2026-07-29T14:27:31Z</time></trkpt><trkpt lat="45.621402" lon="25.479247"><ele>596.0</ele><time>2026-07-29T14:27:33Z</time></trkpt><trkpt lat="45.6215" lon="25.479313"><ele>595.7</ele><time>2026-07-29T14:27:35Z</time></trkpt><trkpt lat="45.621597" lon="25.479382"><ele>595.4</ele><time>2026-07-29T14:27:37Z</time></trkpt><trkpt lat="45.621688" lon="25.479448"><ele>595.1</ele><time>2026-07-29T14:27:39Z</time></trkpt><trkpt lat="45.62177" lon="25.479515"><ele>595.1</ele><time>2026-07-29T14:27:41Z</time></trkpt><trkpt lat="45.621872" lon="25.479592"><ele>595.0</ele><time>2026-07-29T14:27:43Z</time></trkpt><trkpt lat="45.621962" lon="25.479658"><ele>595.2</ele><time>2026-07-29T14:27:45Z</time></trkpt><trkpt lat="45.622048" lon="25.47972"><ele>595.2</ele><time>2026-07-29T14:27:47Z</time></trkpt><trkpt lat="45.622142" lon="25.479787"><ele>595.1</ele><time>2026-07-29T14:27:49Z</time></trkpt><trkpt lat="45.622237" lon="25.47984"><ele>595.1</ele><time>2026-07-29T14:27:51Z</time></trkpt><trkpt lat="45.622342" lon="25.479907"><ele>595.1</ele><time>2026-07-29T14:27:53Z</time></trkpt><trkpt lat="45.622433" lon="25.479985"><ele>594.8</ele><time>2026-07-29T14:27:55Z</time></trkpt><trkpt lat="45.622502" lon="25.480063"><ele>594.5</ele><time>2026-07-29T14:27:57Z</time></trkpt><trkpt lat="45.622588" lon="25.480125"><ele>594.4</ele><time>2026-07-29T14:27:59Z</time></trkpt><trkpt lat="45.622673" lon="25.48019"><ele>594.5</ele><time>2026-07-29T14:28:01Z</time></trkpt><trkpt lat="45.622755" lon="25.480252"><ele>594.5</ele><time>2026-07-29T14:28:03Z</time></trkpt><trkpt lat="45.622848" lon="25.480323"><ele>594.3</ele><time>2026-07-29T14:28:05Z</time></trkpt><trkpt lat="45.622937" lon="25.480388"><ele>594.2</ele><time>2026-07-29T14:28:07Z</time></trkpt><trkpt lat="45.62302" lon="25.480452"><ele>594.3</ele><time>2026-07-29T14:28:09Z</time></trkpt><trkpt lat="45.623105" lon="25.480523"><ele>594.8</ele><time>2026-07-29T14:28:11Z</time></trkpt><trkpt lat="45.623188" lon="25.480583"><ele>594.7</ele><time>2026-07-29T14:28:13Z</time></trkpt><trkpt lat="45.623287" lon="25.480645"><ele>594.6</ele><time>2026-07-29T14:28:15Z</time></trkpt><trkpt lat="45.62337" lon="25.48071"><ele>594.3</ele><time>2026-07-29T14:28:17Z</time></trkpt><trkpt lat="45.62346" lon="25.480763"><ele>594.0</ele><time>2026-07-29T14:28:19Z</time></trkpt><trkpt lat="45.623545" lon="25.480838"><ele>593.7</ele><time>2026-07-29T14:28:21Z</time></trkpt><trkpt lat="45.623632" lon="25.480918"><ele>593.9</ele><time>2026-07-29T14:28:23Z</time></trkpt><trkpt lat="45.623722" lon="25.480978"><ele>594.5</ele><time>2026-07-29T14:28:25Z</time></trkpt><trkpt lat="45.623807" lon="25.481045"><ele>594.7</ele><time>2026-07-29T14:28:27Z</time></trkpt><trkpt lat="45.623895" lon="25.48112"><ele>594.8</ele><time>2026-07-29T14:28:29Z</time></trkpt><trkpt lat="45.623985" lon="25.48118"><ele>594.4</ele><time>2026-07-29T14:28:31Z</time></trkpt><trkpt lat="45.624067" lon="25.48125"><ele>594.1</ele><time>2026-07-29T14:28:33Z</time></trkpt><trkpt lat="45.62416" lon="25.481318"><ele>593.6</ele><time>2026-07-29T14:28:35Z</time></trkpt><trkpt lat="45.624227" lon="25.481387"><ele>593.0</ele><time>2026-07-29T14:28:37Z</time></trkpt><trkpt lat="45.62431" lon="25.48145"><ele>592.8</ele><time>2026-07-29T14:28:39Z</time></trkpt><trkpt lat="45.62439" lon="25.481523"><ele>592.7</ele><time>2026-07-29T14:28:41Z</time></trkpt><trkpt lat="45.62448" lon="25.481592"><ele>592.6</ele><time>2026-07-29T14:28:43Z</time></trkpt><trkpt lat="45.624565" lon="25.481657"><ele>592.6</ele><time>2026-07-29T14:28:45Z</time></trkpt><trkpt lat="45.624627" lon="25.481715"><ele>592.4</ele><time>2026-07-29T14:28:47Z</time></trkpt><trkpt lat="45.624695" lon="25.481762"><ele>591.0</ele><time>2026-07-29T14:29:12Z</time></trkpt><trkpt lat="45.624768" lon="25.481803"><ele>591.2</ele><time>2026-07-29T14:30:52Z</time></trkpt><trkpt lat="45.624847" lon="25.481858"><ele>591.4</ele><time>2026-07-29T14:30:55Z</time></trkpt><trkpt lat="45.624925" lon="25.481865"><ele>591.5</ele><time>2026-07-29T14:30:57Z</time></trkpt><trkpt lat="45.625003" lon="25.481853"><ele>591.6</ele><time>2026-07-29T14:30:59Z</time></trkpt><trkpt lat="45.625072" lon="25.48189"><ele>591.7</ele><time>2026-07-29T14:31:01Z</time></trkpt><trkpt lat="45.625132" lon="25.48195"><ele>591.7</ele><time>2026-07-29T14:31:03Z</time></trkpt><trkpt lat="45.625195" lon="25.481998"><ele>591.6</ele><time>2026-07-29T14:31:05Z</time></trkpt><trkpt lat="45.625282" lon="25.482073"><ele>591.4</ele><time>2026-07-29T14:31:08Z</time></trkpt><trkpt lat="45.625355" lon="25.482142"><ele>591.2</ele><time>2026-07-29T14:31:11Z</time></trkpt><trkpt lat="45.625437" lon="25.482165"><ele>591.0</ele><time>2026-07-29T14:31:15Z</time></trkpt><trkpt lat="45.625472" lon="25.48202"><ele>591.0</ele><time>2026-07-29T14:31:17Z</time></trkpt><trkpt lat="45.625527" lon="25.481885"><ele>591.1</ele><time>2026-07-29T14:31:20Z</time></trkpt><trkpt lat="45.625567" lon="25.481787"><ele>591.2</ele><time>2026-07-29T14:31:22Z</time></trkpt><trkpt lat="45.625608" lon="25.481692"><ele>591.3</ele><time>2026-07-29T14:31:24Z</time></trkpt><trkpt lat="45.625647" lon="25.4816"><ele>591.5</ele><time>2026-07-29T14:31:26Z</time></trkpt><trkpt lat="45.625677" lon="25.481497"><ele>591.6</ele><time>2026-07-29T14:31:28Z</time></trkpt><trkpt lat="45.625683" lon="25.481372"><ele>591.9</ele><time>2026-07-29T14:31:31Z</time></trkpt><trkpt lat="45.625612" lon="25.481277"><ele>592.3</ele><time>2026-07-29T14:31:34Z</time></trkpt><trkpt lat="45.625523" lon="25.481183"><ele>592.5</ele><time>2026-07-29T14:31:37Z</time></trkpt><trkpt lat="45.62546" lon="25.48113"><ele>592.6</ele><time>2026-07-29T14:31:39Z</time></trkpt><trkpt lat="45.625397" lon="25.481057"><ele>592.7</ele><time>2026-07-29T14:31:41Z</time></trkpt><trkpt lat="45.625328" lon="25.48101"><ele>592.9</ele><time>2026-07-29T14:31:43Z</time></trkpt><trkpt lat="45.625268" lon="25.480953"><ele>593.1</ele><time>2026-07-29T14:31:46Z</time></trkpt><trkpt lat="45.62521" lon="25.480863"><ele>593.3</ele><time>2026-07-29T14:31:49Z</time></trkpt><trkpt lat="45.625167" lon="25.48075"><ele>593.3</ele><time>2026-07-29T14:31:52Z</time></trkpt><trkpt lat="45.625145" lon="25.480643"><ele>593.2</ele><time>2026-07-29T14:31:53Z</time></trkpt><trkpt lat="45.625167" lon="25.480542"><ele>593.2</ele><time>2026-07-29T14:31:55Z</time></trkpt><trkpt lat="45.625177" lon="25.480418"><ele>593.3</ele><time>2026-07-29T14:31:58Z</time></trkpt><trkpt lat="45.625153" lon="25.480318"><ele>593.4</ele><time>2026-07-29T14:32:00Z</time></trkpt><trkpt lat="45.625188" lon="25.480198"><ele>593.3</ele><time>2026-07-29T14:32:03Z</time></trkpt><trkpt lat="45.625178" lon="25.480085"><ele>593.3</ele><time>2026-07-29T14:32:07Z</time></trkpt><trkpt lat="45.625208" lon="25.479977"><ele>593.3</ele><time>2026-07-29T14:32:10Z</time></trkpt><trkpt lat="45.625238" lon="25.479845"><ele>593.3</ele><time>2026-07-29T14:32:13Z</time></trkpt><trkpt lat="45.625273" lon="25.47972"><ele>593.6</ele><time>2026-07-29T14:32:17Z</time></trkpt><trkpt lat="45.625315" lon="25.479635"><ele>593.6</ele><time>2026-07-29T14:32:20Z</time></trkpt><trkpt lat="45.625375" lon="25.47956"><ele>593.6</ele><time>2026-07-29T14:32:23Z</time></trkpt><trkpt lat="45.625387" lon="25.47946"><ele>593.2</ele><time>2026-07-29T14:32:30Z</time></trkpt><trkpt lat="45.625305" lon="25.479397"><ele>593.1</ele><time>2026-07-29T14:32:34Z</time></trkpt><trkpt lat="45.625213" lon="25.479443"><ele>593.3</ele><time>2026-07-29T14:32:39Z</time></trkpt><trkpt lat="45.625175" lon="25.479535"><ele>593.3</ele><time>2026-07-29T14:32:43Z</time></trkpt><trkpt lat="45.625105" lon="25.479653"><ele>593.3</ele><time>2026-07-29T14:32:47Z</time></trkpt><trkpt lat="45.625175" lon="25.479682"><ele>604.0</ele><time>2026-07-29T14:44:21Z</time></trkpt><trkpt lat="45.625213" lon="25.479583"><ele>604.2</ele><time>2026-07-29T14:44:29Z</time></trkpt><trkpt lat="45.625233" lon="25.47948"><ele>604.3</ele><time>2026-07-29T14:44:34Z</time></trkpt><trkpt lat="45.625197" lon="25.479387"><ele>604.3</ele><time>2026-07-29T14:44:39Z</time></trkpt><trkpt lat="45.625135" lon="25.479332"><ele>604.4</ele><time>2026-07-29T14:44:44Z</time></trkpt><trkpt lat="45.625077" lon="25.479255"><ele>604.9</ele><time>2026-07-29T14:44:56Z</time></trkpt><trkpt lat="45.625095" lon="25.479127"><ele>605.1</ele><time>2026-07-29T14:45:02Z</time></trkpt><trkpt lat="45.625117" lon="25.479018"><ele>605.2</ele><time>2026-07-29T14:45:06Z</time></trkpt><trkpt lat="45.625188" lon="25.478947"><ele>605.0</ele><time>2026-07-29T14:45:14Z</time></trkpt><trkpt lat="45.625257" lon="25.478987"><ele>604.6</ele><time>2026-07-29T14:45:18Z</time></trkpt><trkpt lat="45.625327" lon="25.479027"><ele>604.4</ele><time>2026-07-29T14:45:23Z</time></trkpt><trkpt lat="45.625407" lon="25.479063"><ele>604.3</ele><time>2026-07-29T14:45:27Z</time></trkpt><trkpt lat="45.62548" lon="25.479103"><ele>604.3</ele><time>2026-07-29T14:45:30Z</time></trkpt><trkpt lat="45.62555" lon="25.47914"><ele>604.3</ele><time>2026-07-29T14:45:33Z</time></trkpt><trkpt lat="45.625635" lon="25.47916"><ele>604.3</ele><time>2026-07-29T14:45:36Z</time></trkpt><trkpt lat="45.625722" lon="25.479208"><ele>604.2</ele><time>2026-07-29T14:45:39Z</time></trkpt><trkpt lat="45.625802" lon="25.479158"><ele>604.1</ele><time>2026-07-29T14:45:42Z</time></trkpt><trkpt lat="45.625832" lon="25.479055"><ele>604.0</ele><time>2026-07-29T14:45:45Z</time></trkpt><trkpt lat="45.625863" lon="25.478948"><ele>603.8</ele><time>2026-07-29T14:45:48Z</time></trkpt><trkpt lat="45.625903" lon="25.47885"><ele>603.8</ele><time>2026-07-29T14:45:51Z</time></trkpt><trkpt lat="45.625917" lon="25.478728"><ele>604.0</ele><time>2026-07-29T14:45:56Z</time></trkpt><trkpt lat="45.625898" lon="25.478595"><ele>604.1</ele><time>2026-07-29T14:46:00Z</time></trkpt><trkpt lat="45.625825" lon="25.478513"><ele>604.2</ele><time>2026-07-29T14:46:05Z</time></trkpt><trkpt lat="45.625885" lon="25.478582"><ele>604.2</ele><time>2026-07-29T14:46:40Z</time></trkpt><trkpt lat="45.625942" lon="25.478687"><ele>604.2</ele><time>2026-07-29T14:46:44Z</time></trkpt><trkpt lat="45.625992" lon="25.478792"><ele>604.1</ele><time>2026-07-29T14:46:48Z</time></trkpt><trkpt lat="45.625998" lon="25.478897"><ele>604.1</ele><time>2026-07-29T14:46:51Z</time></trkpt><trkpt lat="45.626003" lon="25.479008"><ele>604.0</ele><time>2026-07-29T14:46:54Z</time></trkpt><trkpt lat="45.625988" lon="25.479123"><ele>603.8</ele><time>2026-07-29T14:46:57Z</time></trkpt><trkpt lat="45.625963" lon="25.479248"><ele>603.8</ele><time>2026-07-29T14:47:00Z</time></trkpt><trkpt lat="45.625943" lon="25.479377"><ele>603.6</ele><time>2026-07-29T14:47:03Z</time></trkpt><trkpt lat="45.625927" lon="25.479512"><ele>603.6</ele><time>2026-07-29T14:47:06Z</time></trkpt><trkpt lat="45.625915" lon="25.479645"><ele>603.5</ele><time>2026-07-29T14:47:09Z</time></trkpt><trkpt lat="45.625942" lon="25.479797"><ele>603.3</ele><time>2026-07-29T14:47:12Z</time></trkpt><trkpt lat="45.625985" lon="25.4799"><ele>603.3</ele><time>2026-07-29T14:47:14Z</time></trkpt><trkpt lat="45.626055" lon="25.48002"><ele>603.3</ele><time>2026-07-29T14:47:17Z</time></trkpt><trkpt lat="45.626093" lon="25.480118"><ele>603.2</ele><time>2026-07-29T14:47:19Z</time></trkpt><trkpt lat="45.626132" lon="25.48021"><ele>603.0</ele><time>2026-07-29T14:47:21Z</time></trkpt><trkpt lat="45.626178" lon="25.480293"><ele>602.9</ele><time>2026-07-29T14:47:23Z</time></trkpt><trkpt lat="45.626218" lon="25.480388"><ele>602.8</ele><time>2026-07-29T14:47:25Z</time></trkpt><trkpt lat="45.626262" lon="25.480488"><ele>602.6</ele><time>2026-07-29T14:47:27Z</time></trkpt><trkpt lat="45.62631" lon="25.48058"><ele>602.7</ele><time>2026-07-29T14:47:30Z</time></trkpt><trkpt lat="45.626355" lon="25.480678"><ele>602.9</ele><time>2026-07-29T14:47:32Z</time></trkpt><trkpt lat="45.626408" lon="25.48078"><ele>602.9</ele><time>2026-07-29T14:47:34Z</time></trkpt><trkpt lat="45.62646" lon="25.480878"><ele>602.8</ele><time>2026-07-29T14:47:36Z</time></trkpt><trkpt lat="45.626507" lon="25.48098"><ele>602.6</ele><time>2026-07-29T14:47:38Z</time></trkpt><trkpt lat="45.62655" lon="25.481078"><ele>602.6</ele><time>2026-07-29T14:47:40Z</time></trkpt><trkpt lat="45.626587" lon="25.48118"><ele>602.5</ele><time>2026-07-29T14:47:42Z</time></trkpt><trkpt lat="45.62662" lon="25.481292"><ele>602.2</ele><time>2026-07-29T14:47:44Z</time></trkpt><trkpt lat="45.626655" lon="25.48141"><ele>602.1</ele><time>2026-07-29T14:47:46Z</time></trkpt><trkpt lat="45.626695" lon="25.48152"><ele>601.9</ele><time>2026-07-29T14:47:48Z</time></trkpt><trkpt lat="45.626733" lon="25.481633"><ele>601.8</ele><time>2026-07-29T14:47:50Z</time></trkpt><trkpt lat="45.62677" lon="25.481748"><ele>601.7</ele><time>2026-07-29T14:47:52Z</time></trkpt><trkpt lat="45.62681" lon="25.481862"><ele>601.6</ele><time>2026-07-29T14:47:54Z</time></trkpt><trkpt lat="45.626857" lon="25.481968"><ele>601.5</ele><time>2026-07-29T14:47:56Z</time></trkpt><trkpt lat="45.6269" lon="25.482077"><ele>601.6</ele><time>2026-07-29T14:47:58Z</time></trkpt><trkpt lat="45.626937" lon="25.482185"><ele>601.7</ele><time>2026-07-29T14:48:00Z</time></trkpt><trkpt lat="45.626963" lon="25.482283"><ele>601.7</ele><time>2026-07-29T14:48:02Z</time></trkpt><trkpt lat="45.626997" lon="25.48239"><ele>601.7</ele><time>2026-07-29T14:48:04Z</time></trkpt><trkpt lat="45.62704" lon="25.482487"><ele>601.5</ele><time>2026-07-29T14:48:06Z</time></trkpt><trkpt lat="45.627085" lon="25.48259"><ele>601.4</ele><time>2026-07-29T14:48:08Z</time></trkpt><trkpt lat="45.627137" lon="25.482712"><ele>601.3</ele><time>2026-07-29T14:48:10Z</time></trkpt><trkpt lat="45.627187" lon="25.48283"><ele>601.4</ele><time>2026-07-29T14:48:12Z</time></trkpt><trkpt lat="45.627242" lon="25.482942"><ele>601.5</ele><time>2026-07-29T14:48:14Z</time></trkpt><trkpt lat="45.627305" lon="25.483038"><ele>601.5</ele><time>2026-07-29T14:48:16Z</time></trkpt><trkpt lat="45.627363" lon="25.483132"><ele>601.4</ele><time>2026-07-29T14:48:18Z</time></trkpt><trkpt lat="45.627437" lon="25.483218"><ele>601.3</ele><time>2026-07-29T14:48:20Z</time></trkpt><trkpt lat="45.627498" lon="25.483312"><ele>601.3</ele><time>2026-07-29T14:48:22Z</time></trkpt><trkpt lat="45.627567" lon="25.483393"><ele>601.1</ele><time>2026-07-29T14:48:24Z</time></trkpt><trkpt lat="45.627637" lon="25.483462"><ele>601.0</ele><time>2026-07-29T14:48:26Z</time></trkpt><trkpt lat="45.627707" lon="25.48354"><ele>601.0</ele><time>2026-07-29T14:48:28Z</time></trkpt><trkpt lat="45.62778" lon="25.483608"><ele>600.9</ele><time>2026-07-29T14:48:30Z</time></trkpt><trkpt lat="45.627855" lon="25.483683"><ele>600.9</ele><time>2026-07-29T14:48:31Z</time></trkpt><trkpt lat="45.627932" lon="25.483752"><ele>600.9</ele><time>2026-07-29T14:48:33Z</time></trkpt><trkpt lat="45.628008" lon="25.483817"><ele>601.1</ele><time>2026-07-29T14:48:35Z</time></trkpt><trkpt lat="45.628087" lon="25.483863"><ele>601.0</ele><time>2026-07-29T14:48:37Z</time></trkpt><trkpt lat="45.628163" lon="25.483903"><ele>600.9</ele><time>2026-07-29T14:48:39Z</time></trkpt><trkpt lat="45.628242" lon="25.483935"><ele>600.6</ele><time>2026-07-29T14:48:41Z</time></trkpt><trkpt lat="45.628325" lon="25.483963"><ele>600.5</ele><time>2026-07-29T14:48:43Z</time></trkpt><trkpt lat="45.628412" lon="25.483992"><ele>600.3</ele><time>2026-07-29T14:48:45Z</time></trkpt><trkpt lat="45.628497" lon="25.484008"><ele>600.1</ele><time>2026-07-29T14:48:47Z</time></trkpt><trkpt lat="45.628592" lon="25.484007"><ele>599.9</ele><time>2026-07-29T14:48:49Z</time></trkpt><trkpt lat="45.628683" lon="25.483978"><ele>599.7</ele><time>2026-07-29T14:48:51Z</time></trkpt><trkpt lat="45.628773" lon="25.483952"><ele>599.6</ele><time>2026-07-29T14:48:53Z</time></trkpt><trkpt lat="45.628863" lon="25.483922"><ele>599.4</ele><time>2026-07-29T14:48:55Z</time></trkpt><trkpt lat="45.628953" lon="25.483885"><ele>599.2</ele><time>2026-07-29T14:48:57Z</time></trkpt><trkpt lat="45.629043" lon="25.483857"><ele>599.1</ele><time>2026-07-29T14:48:59Z</time></trkpt><trkpt lat="45.629127" lon="25.483823"><ele>599.0</ele><time>2026-07-29T14:49:01Z</time></trkpt><trkpt lat="45.629217" lon="25.483785"><ele>598.9</ele><time>2026-07-29T14:49:03Z</time></trkpt><trkpt lat="45.629308" lon="25.483747"><ele>598.8</ele><time>2026-07-29T14:49:05Z</time></trkpt><trkpt lat="45.62939" lon="25.483715"><ele>598.6</ele><time>2026-07-29T14:49:07Z</time></trkpt><trkpt lat="45.629498" lon="25.483672"><ele>598.7</ele><time>2026-07-29T14:49:10Z</time></trkpt><trkpt lat="45.6296" lon="25.483622"><ele>599.1</ele><time>2026-07-29T14:49:13Z</time></trkpt><trkpt lat="45.629687" lon="25.483553"><ele>599.0</ele><time>2026-07-29T14:49:16Z</time></trkpt><trkpt lat="45.629758" lon="25.483528"><ele>598.9</ele><time>2026-07-29T14:49:23Z</time></trkpt><trkpt lat="45.629738" lon="25.48369"><ele>599.3</ele><time>2026-07-29T14:49:32Z</time></trkpt><trkpt lat="45.629763" lon="25.483805"><ele>599.4</ele><time>2026-07-29T14:49:35Z</time></trkpt><trkpt lat="45.629787" lon="25.483928"><ele>597.3</ele><time>2026-07-29T14:49:40Z</time></trkpt><trkpt lat="45.629838" lon="25.484022"><ele>597.2</ele><time>2026-07-29T14:49:44Z</time></trkpt><trkpt lat="45.629925" lon="25.484043"><ele>597.2</ele><time>2026-07-29T14:49:47Z</time></trkpt><trkpt lat="45.63001" lon="25.483997"><ele>597.1</ele><time>2026-07-29T14:49:50Z</time></trkpt><trkpt lat="45.630098" lon="25.483962"><ele>596.9</ele><time>2026-07-29T14:49:53Z</time></trkpt><trkpt lat="45.630168" lon="25.483933"><ele>596.8</ele><time>2026-07-29T14:49:55Z</time></trkpt><trkpt lat="45.630267" lon="25.483952"><ele>596.8</ele><time>2026-07-29T14:49:56Z</time></trkpt><trkpt lat="45.630398" lon="25.483933"><ele>596.8</ele><time>2026-07-29T14:49:58Z</time></trkpt><trkpt lat="45.630318" lon="25.48386"><ele>596.8</ele><time>2026-07-29T14:49:59Z</time></trkpt><trkpt lat="45.630422" lon="25.483942"><ele>596.8</ele><time>2026-07-29T14:50:02Z</time></trkpt><trkpt lat="45.6305" lon="25.483892"><ele>596.9</ele><time>2026-07-29T14:50:04Z</time></trkpt><trkpt lat="45.630568" lon="25.48385"><ele>597.0</ele><time>2026-07-29T14:50:06Z</time></trkpt><trkpt lat="45.63067" lon="25.483868"><ele>597.1</ele><time>2026-07-29T14:50:09Z</time></trkpt><trkpt lat="45.630768" lon="25.483862"><ele>597.0</ele><time>2026-07-29T14:50:12Z</time></trkpt><trkpt lat="45.630865" lon="25.483893"><ele>596.8</ele><time>2026-07-29T14:50:14Z</time></trkpt><trkpt lat="45.630955" lon="25.483913"><ele>596.7</ele><time>2026-07-29T14:50:16Z</time></trkpt><trkpt lat="45.631043" lon="25.483935"><ele>596.6</ele><time>2026-07-29T14:50:18Z</time></trkpt><trkpt lat="45.63115" lon="25.48397"><ele>596.6</ele><time>2026-07-29T14:50:21Z</time></trkpt><trkpt lat="45.631258" lon="25.484028"><ele>596.6</ele><time>2026-07-29T14:50:24Z</time></trkpt><trkpt lat="45.631348" lon="25.484067"><ele>596.4</ele><time>2026-07-29T14:50:26Z</time></trkpt><trkpt lat="45.631433" lon="25.484097"><ele>596.3</ele><time>2026-07-29T14:50:28Z</time></trkpt><trkpt lat="45.631522" lon="25.484127"><ele>596.3</ele><time>2026-07-29T14:50:30Z</time></trkpt><trkpt lat="45.6316" lon="25.484168"><ele>596.3</ele><time>2026-07-29T14:50:32Z</time></trkpt><trkpt lat="45.63169" lon="25.4842"><ele>596.2</ele><time>2026-07-29T14:50:34Z</time></trkpt><trkpt lat="45.631763" lon="25.484257"><ele>596.1</ele><time>2026-07-29T14:50:36Z</time></trkpt><trkpt lat="45.631843" lon="25.484322"><ele>596.0</ele><time>2026-07-29T14:50:37Z</time></trkpt><trkpt lat="45.631912" lon="25.484387"><ele>596.0</ele><time>2026-07-29T14:50:39Z</time></trkpt><trkpt lat="45.631962" lon="25.484472"><ele>595.7</ele><time>2026-07-29T14:50:41Z</time></trkpt><trkpt lat="45.632038" lon="25.484492"><ele>595.4</ele><time>2026-07-29T14:50:43Z</time></trkpt><trkpt lat="45.632097" lon="25.484555"><ele>595.3</ele><time>2026-07-29T14:50:46Z</time></trkpt><trkpt lat="45.632098" lon="25.484678"><ele>595.3</ele><time>2026-07-29T14:50:49Z</time></trkpt><trkpt lat="45.632098" lon="25.484795"><ele>595.4</ele><time>2026-07-29T14:50:52Z</time></trkpt><trkpt lat="45.632162" lon="25.484865"><ele>595.5</ele><time>2026-07-29T14:50:54Z</time></trkpt><trkpt lat="45.632232" lon="25.48492"><ele>595.4</ele><time>2026-07-29T14:50:56Z</time></trkpt><trkpt lat="45.632322" lon="25.484992"><ele>595.1</ele><time>2026-07-29T14:50:59Z</time></trkpt><trkpt lat="45.632395" lon="25.485055"><ele>595.1</ele><time>2026-07-29T14:51:01Z</time></trkpt><trkpt lat="45.632458" lon="25.485123"><ele>595.1</ele><time>2026-07-29T14:51:03Z</time></trkpt><trkpt lat="45.632528" lon="25.485193"><ele>595.1</ele><time>2026-07-29T14:51:05Z</time></trkpt><trkpt lat="45.632578" lon="25.48527"><ele>595.1</ele><time>2026-07-29T14:51:07Z</time></trkpt><trkpt lat="45.632662" lon="25.485335"><ele>595.1</ele><time>2026-07-29T14:51:09Z</time></trkpt><trkpt lat="45.632732" lon="25.485392"><ele>595.3</ele><time>2026-07-29T14:51:11Z</time></trkpt><trkpt lat="45.632788" lon="25.48546"><ele>595.3</ele><time>2026-07-29T14:51:13Z</time></trkpt><trkpt lat="45.632858" lon="25.485547"><ele>595.3</ele><time>2026-07-29T14:51:15Z</time></trkpt><trkpt lat="45.632938" lon="25.485643"><ele>595.3</ele><time>2026-07-29T14:51:17Z</time></trkpt><trkpt lat="45.633015" lon="25.485717"><ele>595.3</ele><time>2026-07-29T14:51:19Z</time></trkpt><trkpt lat="45.633073" lon="25.485792"><ele>595.3</ele><time>2026-07-29T14:51:21Z</time></trkpt><trkpt lat="45.633152" lon="25.485868"><ele>595.4</ele><time>2026-07-29T14:51:23Z</time></trkpt><trkpt lat="45.633235" lon="25.485958"><ele>595.5</ele><time>2026-07-29T14:51:25Z</time></trkpt><trkpt lat="45.633325" lon="25.486052"><ele>595.2</ele><time>2026-07-29T14:51:28Z</time></trkpt><trkpt lat="45.63339" lon="25.486123"><ele>595.1</ele><time>2026-07-29T14:51:29Z</time></trkpt><trkpt lat="45.633483" lon="25.486205"><ele>595.1</ele><time>2026-07-29T14:51:32Z</time></trkpt><trkpt lat="45.633583" lon="25.486297"><ele>595.3</ele><time>2026-07-29T14:51:34Z</time></trkpt><trkpt lat="45.633672" lon="25.486378"><ele>595.3</ele><time>2026-07-29T14:51:36Z</time></trkpt><trkpt lat="45.63376" lon="25.486457"><ele>595.2</ele><time>2026-07-29T14:51:38Z</time></trkpt><trkpt lat="45.633835" lon="25.486538"><ele>595.1</ele><time>2026-07-29T14:51:40Z</time></trkpt><trkpt lat="45.633927" lon="25.486628"><ele>594.9</ele><time>2026-07-29T14:51:42Z</time></trkpt><trkpt lat="45.634025" lon="25.486707"><ele>594.8</ele><time>2026-07-29T14:51:44Z</time></trkpt><trkpt lat="45.634127" lon="25.486753"><ele>594.9</ele><time>2026-07-29T14:51:46Z</time></trkpt><trkpt lat="45.634227" lon="25.48679"><ele>595.0</ele><time>2026-07-29T14:51:48Z</time></trkpt><trkpt lat="45.634325" lon="25.486837"><ele>594.9</ele><time>2026-07-29T14:51:50Z</time></trkpt><trkpt lat="45.634413" lon="25.48688"><ele>594.7</ele><time>2026-07-29T14:51:52Z</time></trkpt><trkpt lat="45.63451" lon="25.48694"><ele>594.5</ele><time>2026-07-29T14:51:54Z</time></trkpt><trkpt lat="45.634608" lon="25.486983"><ele>594.4</ele><time>2026-07-29T14:51:56Z</time></trkpt><trkpt lat="45.634703" lon="25.487033"><ele>594.2</ele><time>2026-07-29T14:51:58Z</time></trkpt><trkpt lat="45.63479" lon="25.487102"><ele>594.0</ele><time>2026-07-29T14:52:00Z</time></trkpt><trkpt lat="45.634907" lon="25.487132"><ele>594.0</ele><time>2026-07-29T14:52:02Z</time></trkpt><trkpt lat="45.635018" lon="25.487173"><ele>594.0</ele><time>2026-07-29T14:52:04Z</time></trkpt><trkpt lat="45.635148" lon="25.487218"><ele>594.0</ele><time>2026-07-29T14:52:06Z</time></trkpt><trkpt lat="45.635262" lon="25.487257"><ele>593.7</ele><time>2026-07-29T14:52:08Z</time></trkpt><trkpt lat="45.635373" lon="25.487302"><ele>593.5</ele><time>2026-07-29T14:52:10Z</time></trkpt><trkpt lat="45.635475" lon="25.487352"><ele>593.4</ele><time>2026-07-29T14:52:12Z</time></trkpt><trkpt lat="45.635577" lon="25.487403"><ele>593.4</ele><time>2026-07-29T14:52:14Z</time></trkpt><trkpt lat="45.635678" lon="25.48745"><ele>593.4</ele><time>2026-07-29T14:52:16Z</time></trkpt><trkpt lat="45.635792" lon="25.487503"><ele>593.4</ele><time>2026-07-29T14:52:18Z</time></trkpt><trkpt lat="45.635892" lon="25.487555"><ele>593.4</ele><time>2026-07-29T14:52:20Z</time></trkpt><trkpt lat="45.63599" lon="25.487617"><ele>593.4</ele><time>2026-07-29T14:52:22Z</time></trkpt><trkpt lat="45.636087" lon="25.487672"><ele>593.3</ele><time>2026-07-29T14:52:24Z</time></trkpt><trkpt lat="45.636182" lon="25.487732"><ele>593.2</ele><time>2026-07-29T14:52:26Z</time></trkpt><trkpt lat="45.636278" lon="25.48779"><ele>593.0</ele><time>2026-07-29T14:52:28Z</time></trkpt><trkpt lat="45.636382" lon="25.487858"><ele>593.0</ele><time>2026-07-29T14:52:30Z</time></trkpt><trkpt lat="45.63648" lon="25.487915"><ele>592.9</ele><time>2026-07-29T14:52:32Z</time></trkpt><trkpt lat="45.636575" lon="25.487968"><ele>592.8</ele><time>2026-07-29T14:52:34Z</time></trkpt><trkpt lat="45.636663" lon="25.488032"><ele>592.6</ele><time>2026-07-29T14:52:36Z</time></trkpt><trkpt lat="45.636757" lon="25.488087"><ele>592.5</ele><time>2026-07-29T14:52:38Z</time></trkpt><trkpt lat="45.636857" lon="25.488147"><ele>592.5</ele><time>2026-07-29T14:52:40Z</time></trkpt><trkpt lat="45.636957" lon="25.488205"><ele>592.5</ele><time>2026-07-29T14:52:42Z</time></trkpt><trkpt lat="45.637048" lon="25.488262"><ele>592.4</ele><time>2026-07-29T14:52:43Z</time></trkpt><trkpt lat="45.637135" lon="25.488313"><ele>592.2</ele><time>2026-07-29T14:52:45Z</time></trkpt><trkpt lat="45.637217" lon="25.488378"><ele>592.2</ele><time>2026-07-29T14:52:47Z</time></trkpt><trkpt lat="45.63731" lon="25.488427"><ele>592.1</ele><time>2026-07-29T14:52:49Z</time></trkpt><trkpt lat="45.637397" lon="25.488497"><ele>592.0</ele><time>2026-07-29T14:52:51Z</time></trkpt><trkpt lat="45.637478" lon="25.48856"><ele>591.9</ele><time>2026-07-29T14:52:53Z</time></trkpt><trkpt lat="45.637558" lon="25.488625"><ele>591.8</ele><time>2026-07-29T14:52:55Z</time></trkpt><trkpt lat="45.63763" lon="25.4887"><ele>591.7</ele><time>2026-07-29T14:52:57Z</time></trkpt><trkpt lat="45.637692" lon="25.488782"><ele>591.6</ele><time>2026-07-29T14:52:59Z</time></trkpt><trkpt lat="45.637755" lon="25.488857"><ele>591.6</ele><time>2026-07-29T14:53:01Z</time></trkpt><trkpt lat="45.637815" lon="25.48893"><ele>591.5</ele><time>2026-07-29T14:53:03Z</time></trkpt><trkpt lat="45.637868" lon="25.489005"><ele>591.5</ele><time>2026-07-29T14:53:05Z</time></trkpt><trkpt lat="45.637917" lon="25.489082"><ele>591.5</ele><time>2026-07-29T14:53:07Z</time></trkpt><trkpt lat="45.637955" lon="25.489173"><ele>591.4</ele><time>2026-07-29T14:53:10Z</time></trkpt><trkpt lat="45.637958" lon="25.489282"><ele>590.8</ele><time>2026-07-29T14:53:17Z</time></trkpt><trkpt lat="45.637975" lon="25.489413"><ele>590.9</ele><time>2026-07-29T14:53:23Z</time></trkpt><trkpt lat="45.638028" lon="25.489545"><ele>590.9</ele><time>2026-07-29T14:53:26Z</time></trkpt><trkpt lat="45.63808" lon="25.48962"><ele>591.0</ele><time>2026-07-29T14:53:28Z</time></trkpt><trkpt lat="45.638165" lon="25.489662"><ele>591.1</ele><time>2026-07-29T14:53:30Z</time></trkpt><trkpt lat="45.638238" lon="25.489732"><ele>591.4</ele><time>2026-07-29T14:53:33Z</time></trkpt><trkpt lat="45.638412" lon="25.489687"><ele>591.4</ele><time>2026-07-29T14:53:36Z</time></trkpt><trkpt lat="45.638513" lon="25.489633"><ele>591.4</ele><time>2026-07-29T14:53:38Z</time></trkpt><trkpt lat="45.63862" lon="25.489628"><ele>591.4</ele><time>2026-07-29T14:53:40Z</time></trkpt><trkpt lat="45.638757" lon="25.489642"><ele>591.4</ele><time>2026-07-29T14:53:42Z</time></trkpt><trkpt lat="45.638842" lon="25.4897"><ele>591.3</ele><time>2026-07-29T14:53:44Z</time></trkpt><trkpt lat="45.63894" lon="25.489748"><ele>591.1</ele><time>2026-07-29T14:53:46Z</time></trkpt><trkpt lat="45.639045" lon="25.48978"><ele>590.8</ele><time>2026-07-29T14:53:48Z</time></trkpt><trkpt lat="45.639155" lon="25.489815"><ele>590.6</ele><time>2026-07-29T14:53:50Z</time></trkpt><trkpt lat="45.639243" lon="25.48986"><ele>590.5</ele><time>2026-07-29T14:53:52Z</time></trkpt><trkpt lat="45.63935" lon="25.489917"><ele>590.3</ele><time>2026-07-29T14:53:54Z</time></trkpt><trkpt lat="45.639443" lon="25.489985"><ele>590.3</ele><time>2026-07-29T14:53:56Z</time></trkpt><trkpt lat="45.639543" lon="25.490057"><ele>590.3</ele><time>2026-07-29T14:53:58Z</time></trkpt><trkpt lat="45.639642" lon="25.490122"><ele>590.3</ele><time>2026-07-29T14:54:00Z</time></trkpt><trkpt lat="45.63974" lon="25.490172"><ele>590.4</ele><time>2026-07-29T14:54:02Z</time></trkpt><trkpt lat="45.639833" lon="25.490215"><ele>590.4</ele><time>2026-07-29T14:54:04Z</time></trkpt><trkpt lat="45.639937" lon="25.490263"><ele>590.4</ele><time>2026-07-29T14:54:06Z</time></trkpt><trkpt lat="45.640048" lon="25.490303"><ele>590.2</ele><time>2026-07-29T14:54:08Z</time></trkpt><trkpt lat="45.640152" lon="25.490337"><ele>590.1</ele><time>2026-07-29T14:54:10Z</time></trkpt><trkpt lat="45.64026" lon="25.490365"><ele>589.8</ele><time>2026-07-29T14:54:12Z</time></trkpt><trkpt lat="45.640368" lon="25.490393"><ele>589.7</ele><time>2026-07-29T14:54:14Z</time></trkpt><trkpt lat="45.640473" lon="25.490418"><ele>589.5</ele><time>2026-07-29T14:54:16Z</time></trkpt><trkpt lat="45.640573" lon="25.490447"><ele>589.5</ele><time>2026-07-29T14:54:18Z</time></trkpt><trkpt lat="45.640673" lon="25.490475"><ele>589.4</ele><time>2026-07-29T14:54:20Z</time></trkpt><trkpt lat="45.640782" lon="25.490503"><ele>589.3</ele><time>2026-07-29T14:54:22Z</time></trkpt><trkpt lat="45.64089" lon="25.490532"><ele>589.1</ele><time>2026-07-29T14:54:24Z</time></trkpt><trkpt lat="45.641" lon="25.490555"><ele>589.1</ele><time>2026-07-29T14:54:26Z</time></trkpt><trkpt lat="45.641105" lon="25.490578"><ele>589.0</ele><time>2026-07-29T14:54:28Z</time></trkpt><trkpt lat="45.641208" lon="25.490598"><ele>588.9</ele><time>2026-07-29T14:54:30Z</time></trkpt><trkpt lat="45.641308" lon="25.490622"><ele>588.9</ele><time>2026-07-29T14:54:32Z</time></trkpt><trkpt lat="45.641407" lon="25.490645"><ele>588.9</ele><time>2026-07-29T14:54:34Z</time></trkpt><trkpt lat="45.641505" lon="25.490663"><ele>588.8</ele><time>2026-07-29T14:54:36Z</time></trkpt><trkpt lat="45.641598" lon="25.490692"><ele>588.7</ele><time>2026-07-29T14:54:38Z</time></trkpt><trkpt lat="45.641693" lon="25.490713"><ele>588.6</ele><time>2026-07-29T14:54:40Z</time></trkpt><trkpt lat="45.641783" lon="25.490748"><ele>588.5</ele><time>2026-07-29T14:54:42Z</time></trkpt><trkpt lat="45.641883" lon="25.490792"><ele>588.5</ele><time>2026-07-29T14:54:44Z</time></trkpt><trkpt lat="45.641983" lon="25.490847"><ele>588.5</ele><time>2026-07-29T14:54:46Z</time></trkpt><trkpt lat="45.642075" lon="25.490915"><ele>588.6</ele><time>2026-07-29T14:54:48Z</time></trkpt><trkpt lat="45.64216" lon="25.490983"><ele>588.7</ele><time>2026-07-29T14:54:50Z</time></trkpt><trkpt lat="45.642237" lon="25.491052"><ele>588.8</ele><time>2026-07-29T14:54:52Z</time></trkpt><trkpt lat="45.642327" lon="25.491125"><ele>588.6</ele><time>2026-07-29T14:54:54Z</time></trkpt><trkpt lat="45.642422" lon="25.491193"><ele>588.2</ele><time>2026-07-29T14:54:56Z</time></trkpt><trkpt lat="45.642513" lon="25.491265"><ele>588.1</ele><time>2026-07-29T14:54:58Z</time></trkpt><trkpt lat="45.642593" lon="25.491337"><ele>588.0</ele><time>2026-07-29T14:55:00Z</time></trkpt><trkpt lat="45.642677" lon="25.491407"><ele>588.0</ele><time>2026-07-29T14:55:02Z</time></trkpt><trkpt lat="45.642758" lon="25.49147"><ele>587.9</ele><time>2026-07-29T14:55:04Z</time></trkpt><trkpt lat="45.64284" lon="25.491542"><ele>587.8</ele><time>2026-07-29T14:55:06Z</time></trkpt><trkpt lat="45.642928" lon="25.49161"><ele>587.7</ele><time>2026-07-29T14:55:08Z</time></trkpt><trkpt lat="45.643" lon="25.491687"><ele>587.5</ele><time>2026-07-29T14:55:10Z</time></trkpt><trkpt lat="45.643098" lon="25.491765"><ele>587.5</ele><time>2026-07-29T14:55:12Z</time></trkpt><trkpt lat="45.643187" lon="25.491837"><ele>587.4</ele><time>2026-07-29T14:55:14Z</time></trkpt><trkpt lat="45.643282" lon="25.491912"><ele>587.5</ele><time>2026-07-29T14:55:16Z</time></trkpt><trkpt lat="45.643373" lon="25.491982"><ele>587.5</ele><time>2026-07-29T14:55:18Z</time></trkpt><trkpt lat="45.643467" lon="25.492062"><ele>587.4</ele><time>2026-07-29T14:55:20Z</time></trkpt><trkpt lat="45.643562" lon="25.492137"><ele>587.2</ele><time>2026-07-29T14:55:22Z</time></trkpt><trkpt lat="45.64366" lon="25.492213"><ele>587.1</ele><time>2026-07-29T14:55:24Z</time></trkpt><trkpt lat="45.643752" lon="25.492288"><ele>587.0</ele><time>2026-07-29T14:55:26Z</time></trkpt><trkpt lat="45.64384" lon="25.49236"><ele>586.9</ele><time>2026-07-29T14:55:28Z</time></trkpt><trkpt lat="45.64393" lon="25.492432"><ele>586.7</ele><time>2026-07-29T14:55:30Z</time></trkpt><trkpt lat="45.644017" lon="25.492505"><ele>586.6</ele><time>2026-07-29T14:55:32Z</time></trkpt><trkpt lat="45.644108" lon="25.492582"><ele>586.6</ele><time>2026-07-29T14:55:34Z</time></trkpt><trkpt lat="45.6442" lon="25.492658"><ele>586.5</ele><time>2026-07-29T14:55:36Z</time></trkpt><trkpt lat="45.644287" lon="25.49273"><ele>586.5</ele><time>2026-07-29T14:55:38Z</time></trkpt><trkpt lat="45.644373" lon="25.492803"><ele>586.5</ele><time>2026-07-29T14:55:40Z</time></trkpt><trkpt lat="45.64447" lon="25.49288"><ele>586.5</ele><time>2026-07-29T14:55:42Z</time></trkpt><trkpt lat="45.644565" lon="25.492958"><ele>586.4</ele><time>2026-07-29T14:55:44Z</time></trkpt><trkpt lat="45.644665" lon="25.493038"><ele>586.3</ele><time>2026-07-29T14:55:46Z</time></trkpt><trkpt lat="45.644767" lon="25.493117"><ele>586.1</ele><time>2026-07-29T14:55:48Z</time></trkpt><trkpt lat="45.644863" lon="25.493197"><ele>586.0</ele><time>2026-07-29T14:55:50Z</time></trkpt><trkpt lat="45.644957" lon="25.493273"><ele>585.9</ele><time>2026-07-29T14:55:52Z</time></trkpt><trkpt lat="45.645047" lon="25.493347"><ele>585.9</ele><time>2026-07-29T14:55:54Z</time></trkpt><trkpt lat="45.645135" lon="25.493417"><ele>585.8</ele><time>2026-07-29T14:55:56Z</time></trkpt><trkpt lat="45.645228" lon="25.49349"><ele>585.8</ele><time>2026-07-29T14:55:58Z</time></trkpt><trkpt lat="45.645328" lon="25.49357"><ele>585.8</ele><time>2026-07-29T14:56:00Z</time></trkpt><trkpt lat="45.645427" lon="25.49365"><ele>585.6</ele><time>2026-07-29T14:56:02Z</time></trkpt><trkpt lat="45.645527" lon="25.493732"><ele>585.5</ele><time>2026-07-29T14:56:04Z</time></trkpt><trkpt lat="45.645627" lon="25.493808"><ele>585.4</ele><time>2026-07-29T14:56:06Z</time></trkpt><trkpt lat="45.64572" lon="25.493885"><ele>585.3</ele><time>2026-07-29T14:56:08Z</time></trkpt><trkpt lat="45.645823" lon="25.49396"><ele>585.1</ele><time>2026-07-29T14:56:10Z</time></trkpt><trkpt lat="45.645918" lon="25.494043"><ele>585.0</ele><time>2026-07-29T14:56:12Z</time></trkpt><trkpt lat="45.646018" lon="25.494122"><ele>584.7</ele><time>2026-07-29T14:56:14Z</time></trkpt><trkpt lat="45.646127" lon="25.494202"><ele>584.7</ele><time>2026-07-29T14:56:16Z</time></trkpt><trkpt lat="45.646223" lon="25.494287"><ele>584.7</ele><time>2026-07-29T14:56:18Z</time></trkpt><trkpt lat="45.646318" lon="25.494365"><ele>584.6</ele><time>2026-07-29T14:56:20Z</time></trkpt><trkpt lat="45.646413" lon="25.494435"><ele>584.4</ele><time>2026-07-29T14:56:22Z</time></trkpt><trkpt lat="45.646515" lon="25.494513"><ele>584.3</ele><time>2026-07-29T14:56:24Z</time></trkpt><trkpt lat="45.646613" lon="25.494588"><ele>584.2</ele><time>2026-07-29T14:56:26Z</time></trkpt><trkpt lat="45.646712" lon="25.494658"><ele>584.1</ele><time>2026-07-29T14:56:28Z</time></trkpt><trkpt lat="45.646808" lon="25.494727"><ele>583.9</ele><time>2026-07-29T14:56:30Z</time></trkpt><trkpt lat="45.646902" lon="25.494797"><ele>583.6</ele><time>2026-07-29T14:56:32Z</time></trkpt><trkpt lat="45.646995" lon="25.494867"><ele>583.5</ele><time>2026-07-29T14:56:34Z</time></trkpt><trkpt lat="45.647092" lon="25.494937"><ele>583.4</ele><time>2026-07-29T14:56:36Z</time></trkpt><trkpt lat="45.647187" lon="25.49501"><ele>583.3</ele><time>2026-07-29T14:56:38Z</time></trkpt><trkpt lat="45.647278" lon="25.495078"><ele>583.1</ele><time>2026-07-29T14:56:40Z</time></trkpt><trkpt lat="45.647368" lon="25.495145"><ele>583.0</ele><time>2026-07-29T14:56:42Z</time></trkpt><trkpt lat="45.647452" lon="25.495208"><ele>582.8</ele><time>2026-07-29T14:56:44Z</time></trkpt><trkpt lat="45.647532" lon="25.495268"><ele>582.6</ele><time>2026-07-29T14:56:46Z</time></trkpt><trkpt lat="45.647605" lon="25.49535"><ele>582.4</ele><time>2026-07-29T14:56:49Z</time></trkpt><trkpt lat="45.647687" lon="25.495402"><ele>581.7</ele><time>2026-07-29T14:56:55Z</time></trkpt><trkpt lat="45.647772" lon="25.495458"><ele>581.9</ele><time>2026-07-29T14:56:59Z</time></trkpt><trkpt lat="45.647852" lon="25.495502"><ele>581.9</ele><time>2026-07-29T14:57:02Z</time></trkpt><trkpt lat="45.647933" lon="25.495555"><ele>581.8</ele><time>2026-07-29T14:57:05Z</time></trkpt><trkpt lat="45.648" lon="25.495597"><ele>581.8</ele><time>2026-07-29T14:57:07Z</time></trkpt><trkpt lat="45.648082" lon="25.49565"><ele>581.8</ele><time>2026-07-29T14:57:09Z</time></trkpt><trkpt lat="45.648183" lon="25.495718"><ele>581.9</ele><time>2026-07-29T14:57:11Z</time></trkpt><trkpt lat="45.648277" lon="25.495792"><ele>582.0</ele><time>2026-07-29T14:57:13Z</time></trkpt><trkpt lat="45.648372" lon="25.49586"><ele>582.1</ele><time>2026-07-29T14:57:15Z</time></trkpt><trkpt lat="45.648465" lon="25.495928"><ele>582.1</ele><time>2026-07-29T14:57:17Z</time></trkpt><trkpt lat="45.648557" lon="25.496"><ele>582.1</ele><time>2026-07-29T14:57:19Z</time></trkpt><trkpt lat="45.648648" lon="25.496068"><ele>581.8</ele><time>2026-07-29T14:57:21Z</time></trkpt><trkpt lat="45.648738" lon="25.496135"><ele>581.6</ele><time>2026-07-29T14:57:23Z</time></trkpt><trkpt lat="45.648828" lon="25.496203"><ele>581.5</ele><time>2026-07-29T14:57:25Z</time></trkpt><trkpt lat="45.648917" lon="25.496268"><ele>581.5</ele><time>2026-07-29T14:57:27Z</time></trkpt><trkpt lat="45.649012" lon="25.496342"><ele>581.3</ele><time>2026-07-29T14:57:29Z</time></trkpt><trkpt lat="45.649105" lon="25.496417"><ele>581.2</ele><time>2026-07-29T14:57:31Z</time></trkpt><trkpt lat="45.649197" lon="25.496485"><ele>581.1</ele><time>2026-07-29T14:57:33Z</time></trkpt><trkpt lat="45.649288" lon="25.496558"><ele>581.1</ele><time>2026-07-29T14:57:35Z</time></trkpt><trkpt lat="45.649387" lon="25.496638"><ele>581.0</ele><time>2026-07-29T14:57:37Z</time></trkpt><trkpt lat="45.649485" lon="25.496707"><ele>581.0</ele><time>2026-07-29T14:57:39Z</time></trkpt><trkpt lat="45.649575" lon="25.496777"><ele>581.1</ele><time>2026-07-29T14:57:41Z</time></trkpt><trkpt lat="45.649663" lon="25.496845"><ele>581.1</ele><time>2026-07-29T14:57:43Z</time></trkpt><trkpt lat="45.64975" lon="25.49691"><ele>580.9</ele><time>2026-07-29T14:57:45Z</time></trkpt><trkpt lat="45.649847" lon="25.496983"><ele>580.7</ele><time>2026-07-29T14:57:47Z</time></trkpt><trkpt lat="45.649938" lon="25.497053"><ele>580.5</ele><time>2026-07-29T14:57:49Z</time></trkpt><trkpt lat="45.650032" lon="25.49712"><ele>580.5</ele><time>2026-07-29T14:57:51Z</time></trkpt><trkpt lat="45.65012" lon="25.497188"><ele>580.5</ele><time>2026-07-29T14:57:53Z</time></trkpt><trkpt lat="45.650207" lon="25.497253"><ele>580.3</ele><time>2026-07-29T14:57:55Z</time></trkpt><trkpt lat="45.650293" lon="25.497332"><ele>580.2</ele><time>2026-07-29T14:57:57Z</time></trkpt><trkpt lat="45.650388" lon="25.497413"><ele>580.1</ele><time>2026-07-29T14:57:59Z</time></trkpt><trkpt lat="45.650478" lon="25.4975"><ele>580.0</ele><time>2026-07-29T14:58:01Z</time></trkpt><trkpt lat="45.650565" lon="25.497588"><ele>580.0</ele><time>2026-07-29T14:58:03Z</time></trkpt><trkpt lat="45.650648" lon="25.497682"><ele>579.9</ele><time>2026-07-29T14:58:05Z</time></trkpt><trkpt lat="45.650728" lon="25.49777"><ele>579.8</ele><time>2026-07-29T14:58:07Z</time></trkpt><trkpt lat="45.65081" lon="25.497863"><ele>579.6</ele><time>2026-07-29T14:58:09Z</time></trkpt><trkpt lat="45.650897" lon="25.497965"><ele>579.6</ele><time>2026-07-29T14:58:11Z</time></trkpt><trkpt lat="45.650988" lon="25.49807"><ele>579.6</ele><time>2026-07-29T14:58:13Z</time></trkpt><trkpt lat="45.651077" lon="25.498167"><ele>579.7</ele><time>2026-07-29T14:58:15Z</time></trkpt><trkpt lat="45.65117" lon="25.49826"><ele>579.8</ele><time>2026-07-29T14:58:17Z</time></trkpt><trkpt lat="45.651258" lon="25.498362"><ele>579.8</ele><time>2026-07-29T14:58:19Z</time></trkpt><trkpt lat="45.651348" lon="25.498463"><ele>579.6</ele><time>2026-07-29T14:58:21Z</time></trkpt><trkpt lat="45.651435" lon="25.498567"><ele>579.6</ele><time>2026-07-29T14:58:23Z</time></trkpt><trkpt lat="45.651522" lon="25.498663"><ele>579.6</ele><time>2026-07-29T14:58:25Z</time></trkpt><trkpt lat="45.651612" lon="25.498763"><ele>579.6</ele><time>2026-07-29T14:58:27Z</time></trkpt><trkpt lat="45.651703" lon="25.498868"><ele>579.6</ele><time>2026-07-29T14:58:29Z</time></trkpt><trkpt lat="45.651787" lon="25.498963"><ele>579.6</ele><time>2026-07-29T14:58:31Z</time></trkpt><trkpt lat="45.651875" lon="25.499058"><ele>579.6</ele><time>2026-07-29T14:58:33Z</time></trkpt><trkpt lat="45.65196" lon="25.49916"><ele>579.5</ele><time>2026-07-29T14:58:35Z</time></trkpt><trkpt lat="45.652043" lon="25.499263"><ele>579.3</ele><time>2026-07-29T14:58:37Z</time></trkpt><trkpt lat="45.652132" lon="25.499367"><ele>579.3</ele><time>2026-07-29T14:58:39Z</time></trkpt><trkpt lat="45.652213" lon="25.499473"><ele>579.3</ele><time>2026-07-29T14:58:41Z</time></trkpt><trkpt lat="45.652293" lon="25.499567"><ele>579.3</ele><time>2026-07-29T14:58:43Z</time></trkpt><trkpt lat="45.652373" lon="25.499668"><ele>579.2</ele><time>2026-07-29T14:58:45Z</time></trkpt><trkpt lat="45.652457" lon="25.499773"><ele>579.0</ele><time>2026-07-29T14:58:47Z</time></trkpt><trkpt lat="45.65254" lon="25.499872"><ele>578.8</ele><time>2026-07-29T14:58:49Z</time></trkpt><trkpt lat="45.652628" lon="25.499978"><ele>578.7</ele><time>2026-07-29T14:58:51Z</time></trkpt><trkpt lat="45.652713" lon="25.500093"><ele>578.7</ele><time>2026-07-29T14:58:53Z</time></trkpt><trkpt lat="45.652797" lon="25.500198"><ele>578.7</ele><time>2026-07-29T14:58:55Z</time></trkpt><trkpt lat="45.652877" lon="25.500302"><ele>578.7</ele><time>2026-07-29T14:58:57Z</time></trkpt><trkpt lat="45.652953" lon="25.500408"><ele>578.5</ele><time>2026-07-29T14:58:59Z</time></trkpt><trkpt lat="45.653035" lon="25.500512"><ele>578.4</ele><time>2026-07-29T14:59:01Z</time></trkpt><trkpt lat="45.65312" lon="25.500615"><ele>578.2</ele><time>2026-07-29T14:59:03Z</time></trkpt><trkpt lat="45.653207" lon="25.500725"><ele>578.0</ele><time>2026-07-29T14:59:05Z</time></trkpt><trkpt lat="45.653288" lon="25.500835"><ele>578.0</ele><time>2026-07-29T14:59:07Z</time></trkpt><trkpt lat="45.653368" lon="25.50094"><ele>577.9</ele><time>2026-07-29T14:59:09Z</time></trkpt><trkpt lat="45.653448" lon="25.501038"><ele>577.8</ele><time>2026-07-29T14:59:11Z</time></trkpt><trkpt lat="45.653535" lon="25.501137"><ele>577.7</ele><time>2026-07-29T14:59:13Z</time></trkpt><trkpt lat="45.653613" lon="25.501238"><ele>577.7</ele><time>2026-07-29T14:59:15Z</time></trkpt><trkpt lat="45.653698" lon="25.501325"><ele>577.8</ele><time>2026-07-29T14:59:17Z</time></trkpt><trkpt lat="45.653778" lon="25.501408"><ele>577.8</ele><time>2026-07-29T14:59:19Z</time></trkpt><trkpt lat="45.653857" lon="25.501477"><ele>577.8</ele><time>2026-07-29T14:59:21Z</time></trkpt><trkpt lat="45.653935" lon="25.501558"><ele>577.7</ele><time>2026-07-29T14:59:23Z</time></trkpt><trkpt lat="45.654023" lon="25.501642"><ele>577.5</ele><time>2026-07-29T14:59:25Z</time></trkpt><trkpt lat="45.654105" lon="25.501722"><ele>577.4</ele><time>2026-07-29T14:59:27Z</time></trkpt><trkpt lat="45.654188" lon="25.501797"><ele>577.4</ele><time>2026-07-29T14:59:29Z</time></trkpt><trkpt lat="45.65427" lon="25.50187"><ele>577.4</ele><time>2026-07-29T14:59:31Z</time></trkpt><trkpt lat="45.654353" lon="25.501948"><ele>577.3</ele><time>2026-07-29T14:59:33Z</time></trkpt><trkpt lat="45.65444" lon="25.502027"><ele>577.2</ele><time>2026-07-29T14:59:35Z</time></trkpt><trkpt lat="45.654527" lon="25.502108"><ele>577.1</ele><time>2026-07-29T14:59:37Z</time></trkpt><trkpt lat="45.654608" lon="25.502183"><ele>577.1</ele><time>2026-07-29T14:59:39Z</time></trkpt><trkpt lat="45.654687" lon="25.502257"><ele>577.0</ele><time>2026-07-29T14:59:41Z</time></trkpt><trkpt lat="45.654762" lon="25.502332"><ele>576.8</ele><time>2026-07-29T14:59:43Z</time></trkpt><trkpt lat="45.654837" lon="25.502408"><ele>576.7</ele><time>2026-07-29T14:59:45Z</time></trkpt><trkpt lat="45.654922" lon="25.502485"><ele>576.5</ele><time>2026-07-29T14:59:47Z</time></trkpt><trkpt lat="45.655005" lon="25.502563"><ele>576.4</ele><time>2026-07-29T14:59:49Z</time></trkpt><trkpt lat="45.655095" lon="25.502642"><ele>576.3</ele><time>2026-07-29T14:59:51Z</time></trkpt><trkpt lat="45.65519" lon="25.502715"><ele>576.3</ele><time>2026-07-29T14:59:53Z</time></trkpt><trkpt lat="45.655275" lon="25.502787"><ele>576.3</ele><time>2026-07-29T14:59:55Z</time></trkpt><trkpt lat="45.65536" lon="25.50286"><ele>576.3</ele><time>2026-07-29T14:59:57Z</time></trkpt><trkpt lat="45.655448" lon="25.502932"><ele>576.1</ele><time>2026-07-29T14:59:59Z</time></trkpt><trkpt lat="45.655543" lon="25.502997"><ele>576.0</ele><time>2026-07-29T15:00:01Z</time></trkpt><trkpt lat="45.655645" lon="25.503058"><ele>576.0</ele><time>2026-07-29T15:00:03Z</time></trkpt><trkpt lat="45.655743" lon="25.503103"><ele>576.0</ele><time>2026-07-29T15:00:05Z</time></trkpt><trkpt lat="45.655842" lon="25.50315"><ele>575.9</ele><time>2026-07-29T15:00:07Z</time></trkpt><trkpt lat="45.655943" lon="25.50319"><ele>575.6</ele><time>2026-07-29T15:00:09Z</time></trkpt><trkpt lat="45.656047" lon="25.503237"><ele>575.5</ele><time>2026-07-29T15:00:11Z</time></trkpt><trkpt lat="45.656145" lon="25.503283"><ele>575.5</ele><time>2026-07-29T15:00:13Z</time></trkpt><trkpt lat="45.656247" lon="25.503317"><ele>575.5</ele><time>2026-07-29T15:00:15Z</time></trkpt><trkpt lat="45.656348" lon="25.503357"><ele>575.5</ele><time>2026-07-29T15:00:17Z</time></trkpt><trkpt lat="45.656452" lon="25.503405"><ele>575.4</ele><time>2026-07-29T15:00:19Z</time></trkpt><trkpt lat="45.656558" lon="25.503453"><ele>575.2</ele><time>2026-07-29T15:00:21Z</time></trkpt><trkpt lat="45.65666" lon="25.503508"><ele>575.0</ele><time>2026-07-29T15:00:23Z</time></trkpt><trkpt lat="45.656758" lon="25.503572"><ele>574.9</ele><time>2026-07-29T15:00:25Z</time></trkpt><trkpt lat="45.656853" lon="25.50362"><ele>574.7</ele><time>2026-07-29T15:00:27Z</time></trkpt><trkpt lat="45.656945" lon="25.503665"><ele>574.7</ele><time>2026-07-29T15:00:29Z</time></trkpt><trkpt lat="45.657042" lon="25.503717"><ele>574.8</ele><time>2026-07-29T15:00:31Z</time></trkpt><trkpt lat="45.657142" lon="25.503767"><ele>574.7</ele><time>2026-07-29T15:00:33Z</time></trkpt><trkpt lat="45.657237" lon="25.50383"><ele>574.6</ele><time>2026-07-29T15:00:35Z</time></trkpt><trkpt lat="45.657333" lon="25.50388"><ele>574.5</ele><time>2026-07-29T15:00:37Z</time></trkpt><trkpt lat="45.657433" lon="25.503938"><ele>574.5</ele><time>2026-07-29T15:00:39Z</time></trkpt><trkpt lat="45.657535" lon="25.503998"><ele>574.5</ele><time>2026-07-29T15:00:41Z</time></trkpt><trkpt lat="45.657633" lon="25.504047"><ele>574.4</ele><time>2026-07-29T15:00:43Z</time></trkpt><trkpt lat="45.657723" lon="25.504098"><ele>574.3</ele><time>2026-07-29T15:00:45Z</time></trkpt><trkpt lat="45.657813" lon="25.504157"><ele>574.0</ele><time>2026-07-29T15:00:47Z</time></trkpt><trkpt lat="45.657903" lon="25.50423"><ele>574.0</ele><time>2026-07-29T15:00:49Z</time></trkpt><trkpt lat="45.657998" lon="25.504297"><ele>574.1</ele><time>2026-07-29T15:00:51Z</time></trkpt><trkpt lat="45.658087" lon="25.504377"><ele>574.2</ele><time>2026-07-29T15:00:53Z</time></trkpt><trkpt lat="45.658168" lon="25.504467"><ele>574.2</ele><time>2026-07-29T15:00:55Z</time></trkpt><trkpt lat="45.658243" lon="25.50456"><ele>574.1</ele><time>2026-07-29T15:00:57Z</time></trkpt><trkpt lat="45.658323" lon="25.504663"><ele>574.0</ele><time>2026-07-29T15:00:59Z</time></trkpt><trkpt lat="45.658393" lon="25.504765"><ele>573.8</ele><time>2026-07-29T15:01:01Z</time></trkpt><trkpt lat="45.658468" lon="25.504865"><ele>573.5</ele><time>2026-07-29T15:01:03Z</time></trkpt><trkpt lat="45.658535" lon="25.504965"><ele>573.5</ele><time>2026-07-29T15:01:05Z</time></trkpt><trkpt lat="45.658602" lon="25.505063"><ele>573.4</ele><time>2026-07-29T15:01:07Z</time></trkpt><trkpt lat="45.658667" lon="25.50516"><ele>573.5</ele><time>2026-07-29T15:01:09Z</time></trkpt><trkpt lat="45.658727" lon="25.505255"><ele>573.5</ele><time>2026-07-29T15:01:11Z</time></trkpt><trkpt lat="45.658787" lon="25.505355"><ele>573.5</ele><time>2026-07-29T15:01:13Z</time></trkpt><trkpt lat="45.65885" lon="25.505463"><ele>573.1</ele><time>2026-07-29T15:01:15Z</time></trkpt><trkpt lat="45.658907" lon="25.50558"><ele>572.8</ele><time>2026-07-29T15:01:17Z</time></trkpt><trkpt lat="45.658963" lon="25.505695"><ele>572.5</ele><time>2026-07-29T15:01:19Z</time></trkpt><trkpt lat="45.659032" lon="25.50582"><ele>572.5</ele><time>2026-07-29T15:01:21Z</time></trkpt><trkpt lat="45.659123" lon="25.50596"><ele>572.3</ele><time>2026-07-29T15:01:23Z</time></trkpt><trkpt lat="45.65921" lon="25.506052"><ele>572.2</ele><time>2026-07-29T15:01:24Z</time></trkpt><trkpt lat="45.659192" lon="25.506167"><ele>571.9</ele><time>2026-07-29T15:01:26Z</time></trkpt><trkpt lat="45.659245" lon="25.506248"><ele>571.9</ele><time>2026-07-29T15:01:28Z</time></trkpt><trkpt lat="45.65931" lon="25.50618"><ele>571.9</ele><time>2026-07-29T15:01:29Z</time></trkpt><trkpt lat="45.65935" lon="25.506365"><ele>571.7</ele><time>2026-07-29T15:01:31Z</time></trkpt><trkpt lat="45.659427" lon="25.506533"><ele>571.6</ele><time>2026-07-29T15:01:33Z</time></trkpt><trkpt lat="45.659492" lon="25.50658"><ele>571.4</ele><time>2026-07-29T15:01:35Z</time></trkpt><trkpt lat="45.659543" lon="25.506672"><ele>571.3</ele><time>2026-07-29T15:01:37Z</time></trkpt><trkpt lat="45.659588" lon="25.506772"><ele>571.2</ele><time>2026-07-29T15:01:39Z</time></trkpt><trkpt lat="45.659637" lon="25.506887"><ele>571.1</ele><time>2026-07-29T15:01:41Z</time></trkpt><trkpt lat="45.659702" lon="25.507003"><ele>571.2</ele><time>2026-07-29T15:01:43Z</time></trkpt><trkpt lat="45.659758" lon="25.507095"><ele>571.3</ele><time>2026-07-29T15:01:45Z</time></trkpt><trkpt lat="45.65981" lon="25.507198"><ele>571.4</ele><time>2026-07-29T15:01:47Z</time></trkpt><trkpt lat="45.659862" lon="25.507307"><ele>571.1</ele><time>2026-07-29T15:01:49Z</time></trkpt><trkpt lat="45.659903" lon="25.507408"><ele>570.9</ele><time>2026-07-29T15:01:51Z</time></trkpt><trkpt lat="45.659958" lon="25.50751"><ele>570.9</ele><time>2026-07-29T15:01:53Z</time></trkpt><trkpt lat="45.660018" lon="25.5076"><ele>571.0</ele><time>2026-07-29T15:01:55Z</time></trkpt><trkpt lat="45.660077" lon="25.507708"><ele>570.9</ele><time>2026-07-29T15:01:57Z</time></trkpt><trkpt lat="45.660122" lon="25.507807"><ele>570.9</ele><time>2026-07-29T15:01:59Z</time></trkpt><trkpt lat="45.660153" lon="25.507923"><ele>571.0</ele><time>2026-07-29T15:02:01Z</time></trkpt><trkpt lat="45.660183" lon="25.508077"><ele>571.0</ele><time>2026-07-29T15:02:04Z</time></trkpt><trkpt lat="45.66025" lon="25.508212"><ele>570.9</ele><time>2026-07-29T15:02:06Z</time></trkpt><trkpt lat="45.660305" lon="25.508353"><ele>570.8</ele><time>2026-07-29T15:02:08Z</time></trkpt><trkpt lat="45.660372" lon="25.50847"><ele>570.7</ele><time>2026-07-29T15:02:10Z</time></trkpt><trkpt lat="45.660443" lon="25.508587"><ele>570.6</ele><time>2026-07-29T15:02:12Z</time></trkpt><trkpt lat="45.660497" lon="25.508707"><ele>570.7</ele><time>2026-07-29T15:02:14Z</time></trkpt><trkpt lat="45.66059" lon="25.50885"><ele>570.7</ele><time>2026-07-29T15:02:17Z</time></trkpt><trkpt lat="45.66064" lon="25.50898"><ele>570.6</ele><time>2026-07-29T15:02:19Z</time></trkpt><trkpt lat="45.660693" lon="25.50909"><ele>570.5</ele><time>2026-07-29T15:02:21Z</time></trkpt><trkpt lat="45.66074" lon="25.5092"><ele>570.4</ele><time>2026-07-29T15:02:23Z</time></trkpt><trkpt lat="45.660793" lon="25.509325"><ele>570.2</ele><time>2026-07-29T15:02:25Z</time></trkpt><trkpt lat="45.660843" lon="25.509442"><ele>569.9</ele><time>2026-07-29T15:02:27Z</time></trkpt><trkpt lat="45.6609" lon="25.509553"><ele>569.9</ele><time>2026-07-29T15:02:29Z</time></trkpt><trkpt lat="45.660957" lon="25.509673"><ele>569.9</ele><time>2026-07-29T15:02:31Z</time></trkpt><trkpt lat="45.661007" lon="25.509818"><ele>569.9</ele><time>2026-07-29T15:02:33Z</time></trkpt><trkpt lat="45.661077" lon="25.509942"><ele>570.0</ele><time>2026-07-29T15:02:35Z</time></trkpt><trkpt lat="45.661125" lon="25.510032"><ele>570.0</ele><time>2026-07-29T15:02:37Z</time></trkpt><trkpt lat="45.661212" lon="25.510255"><ele>569.9</ele><time>2026-07-29T15:02:40Z</time></trkpt><trkpt lat="45.661273" lon="25.51039"><ele>569.8</ele><time>2026-07-29T15:02:42Z</time></trkpt><trkpt lat="45.661337" lon="25.510532"><ele>569.6</ele><time>2026-07-29T15:02:44Z</time></trkpt><trkpt lat="45.661378" lon="25.510647"><ele>569.5</ele><time>2026-07-29T15:02:46Z</time></trkpt><trkpt lat="45.661437" lon="25.510772"><ele>569.4</ele><time>2026-07-29T15:02:48Z</time></trkpt><trkpt lat="45.661482" lon="25.510903"><ele>569.5</ele><time>2026-07-29T15:02:50Z</time></trkpt><trkpt lat="45.661538" lon="25.511037"><ele>569.5</ele><time>2026-07-29T15:02:52Z</time></trkpt><trkpt lat="45.661583" lon="25.511167"><ele>569.5</ele><time>2026-07-29T15:02:54Z</time></trkpt><trkpt lat="45.66164" lon="25.511287"><ele>569.4</ele><time>2026-07-29T15:02:56Z</time></trkpt><trkpt lat="45.661695" lon="25.511398"><ele>569.1</ele><time>2026-07-29T15:02:58Z</time></trkpt><trkpt lat="45.661757" lon="25.511502"><ele>569.0</ele><time>2026-07-29T15:03:00Z</time></trkpt><trkpt lat="45.661823" lon="25.511618"><ele>569.0</ele><time>2026-07-29T15:03:02Z</time></trkpt><trkpt lat="45.661892" lon="25.511725"><ele>569.0</ele><time>2026-07-29T15:03:04Z</time></trkpt><trkpt lat="45.66196" lon="25.511827"><ele>569.0</ele><time>2026-07-29T15:03:06Z</time></trkpt><trkpt lat="45.662033" lon="25.511913"><ele>569.1</ele><time>2026-07-29T15:03:08Z</time></trkpt><trkpt lat="45.66211" lon="25.511995"><ele>569.0</ele><time>2026-07-29T15:03:10Z</time></trkpt><trkpt lat="45.66218" lon="25.512082"><ele>568.9</ele><time>2026-07-29T15:03:12Z</time></trkpt><trkpt lat="45.662248" lon="25.512177"><ele>568.8</ele><time>2026-07-29T15:03:14Z</time></trkpt><trkpt lat="45.662318" lon="25.512272"><ele>568.8</ele><time>2026-07-29T15:03:16Z</time></trkpt><trkpt lat="45.6624" lon="25.512362"><ele>568.7</ele><time>2026-07-29T15:03:18Z</time></trkpt><trkpt lat="45.662475" lon="25.512448"><ele>568.6</ele><time>2026-07-29T15:03:20Z</time></trkpt><trkpt lat="45.66254" lon="25.512548"><ele>568.6</ele><time>2026-07-29T15:03:22Z</time></trkpt><trkpt lat="45.662623" lon="25.512635"><ele>568.4</ele><time>2026-07-29T15:03:24Z</time></trkpt><trkpt lat="45.662707" lon="25.512718"><ele>568.0</ele><time>2026-07-29T15:03:26Z</time></trkpt><trkpt lat="45.662777" lon="25.512808"><ele>567.8</ele><time>2026-07-29T15:03:28Z</time></trkpt><trkpt lat="45.662855" lon="25.51288"><ele>567.7</ele><time>2026-07-29T15:03:30Z</time></trkpt><trkpt lat="45.662918" lon="25.512975"><ele>567.6</ele><time>2026-07-29T15:03:32Z</time></trkpt><trkpt lat="45.662992" lon="25.513052"><ele>567.5</ele><time>2026-07-29T15:03:34Z</time></trkpt><trkpt lat="45.663063" lon="25.513138"><ele>567.3</ele><time>2026-07-29T15:03:36Z</time></trkpt><trkpt lat="45.663122" lon="25.513203"><ele>567.2</ele><time>2026-07-29T15:03:38Z</time></trkpt><trkpt lat="45.663173" lon="25.513292"><ele>567.0</ele><time>2026-07-29T15:03:42Z</time></trkpt><trkpt lat="45.663233" lon="25.513377"><ele>566.7</ele><time>2026-07-29T15:04:09Z</time></trkpt><trkpt lat="45.663247" lon="25.513485"><ele>566.8</ele><time>2026-07-29T15:04:11Z</time></trkpt><trkpt lat="45.663273" lon="25.51359"><ele>567.0</ele><time>2026-07-29T15:04:13Z</time></trkpt><trkpt lat="45.663325" lon="25.513683"><ele>567.1</ele><time>2026-07-29T15:04:15Z</time></trkpt><trkpt lat="45.663395" lon="25.513757"><ele>567.1</ele><time>2026-07-29T15:04:17Z</time></trkpt><trkpt lat="45.663485" lon="25.51378"><ele>567.2</ele><time>2026-07-29T15:04:19Z</time></trkpt><trkpt lat="45.663575" lon="25.51375"><ele>567.3</ele><time>2026-07-29T15:04:21Z</time></trkpt><trkpt lat="45.66365" lon="25.513688"><ele>567.3</ele><time>2026-07-29T15:04:23Z</time></trkpt><trkpt lat="45.663707" lon="25.513562"><ele>567.4</ele><time>2026-07-29T15:04:25Z</time></trkpt><trkpt lat="45.663752" lon="25.513442"><ele>567.4</ele><time>2026-07-29T15:04:27Z</time></trkpt><trkpt lat="45.66382" lon="25.513342"><ele>567.5</ele><time>2026-07-29T15:04:29Z</time></trkpt><trkpt lat="45.663935" lon="25.513288"><ele>567.4</ele><time>2026-07-29T15:04:31Z</time></trkpt><trkpt lat="45.664043" lon="25.513265"><ele>567.4</ele><time>2026-07-29T15:04:33Z</time></trkpt><trkpt lat="45.664137" lon="25.51323"><ele>567.2</ele><time>2026-07-29T15:04:35Z</time></trkpt><trkpt lat="45.664212" lon="25.513198"><ele>558.8</ele><time>2026-07-29T15:04:37Z</time></trkpt><trkpt lat="45.66429" lon="25.513157"><ele>558.9</ele><time>2026-07-29T15:04:39Z</time></trkpt><trkpt lat="45.664368" lon="25.513147"><ele>559.0</ele><time>2026-07-29T15:04:41Z</time></trkpt><trkpt lat="45.664442" lon="25.513177"><ele>559.0</ele><time>2026-07-29T15:04:43Z</time></trkpt><trkpt lat="45.664495" lon="25.513262"><ele>558.7</ele><time>2026-07-29T15:04:45Z</time></trkpt><trkpt lat="45.664547" lon="25.513387"><ele>558.3</ele><time>2026-07-29T15:04:47Z</time></trkpt><trkpt lat="45.664517" lon="25.513507"><ele>557.4</ele><time>2026-07-29T15:04:49Z</time></trkpt><trkpt lat="45.6644" lon="25.513585"><ele>556.3</ele><time>2026-07-29T15:04:51Z</time></trkpt><trkpt lat="45.664302" lon="25.513655"><ele>555.6</ele><time>2026-07-29T15:04:54Z</time></trkpt><trkpt lat="45.664223" lon="25.513672"><ele>555.5</ele><time>2026-07-29T15:05:04Z</time></trkpt><trkpt lat="45.664248" lon="25.51378"><ele>555.9</ele><time>2026-07-29T15:05:35Z</time></trkpt><trkpt lat="45.664287" lon="25.513867"><ele>556.0</ele><time>2026-07-29T15:05:42Z</time></trkpt><trkpt lat="45.664353" lon="25.51395"><ele>555.9</ele><time>2026-07-29T15:06:09Z</time></trkpt><trkpt lat="45.664252" lon="25.51387"><ele>555.9</ele><time>2026-07-29T15:06:32Z</time></trkpt><trkpt lat="45.664248" lon="25.513995"><ele>556.1</ele><time>2026-07-29T15:08:43Z</time></trkpt><trkpt lat="45.664243" lon="25.513882"><ele>556.1</ele><time>2026-07-29T15:08:45Z</time></trkpt><trkpt lat="45.664273" lon="25.513785"><ele>556.1</ele><time>2026-07-29T15:08:48Z</time></trkpt><trkpt lat="45.664243" lon="25.51368"><ele>555.6</ele><time>2026-07-29T15:08:56Z</time></trkpt><trkpt lat="45.664242" lon="25.513793"><ele>556.1</ele><time>2026-07-29T15:09:55Z</time></trkpt><trkpt lat="45.664283" lon="25.513887"><ele>556.4</ele><time>2026-07-29T15:10:01Z</time></trkpt><trkpt lat="45.664272" lon="25.513783"><ele>556.0</ele><time>2026-07-29T15:10:22Z</time></trkpt><trkpt lat="45.664243" lon="25.513682"><ele>556.2</ele><time>2026-07-29T15:10:32Z</time></trkpt><trkpt lat="45.664332" lon="25.513698"><ele>556.5</ele><time>2026-07-29T15:10:45Z</time></trkpt><trkpt lat="45.664417" lon="25.513652"><ele>556.7</ele><time>2026-07-29T15:10:49Z</time></trkpt><trkpt lat="45.664507" lon="25.513603"><ele>556.6</ele><time>2026-07-29T15:10:52Z</time></trkpt><trkpt lat="45.664575" lon="25.513517"><ele>556.7</ele><time>2026-07-29T15:10:56Z</time></trkpt><trkpt lat="45.664527" lon="25.513412"><ele>556.8</ele><time>2026-07-29T15:10:58Z</time></trkpt><trkpt lat="45.664508" lon="25.513312"><ele>557.1</ele><time>2026-07-29T15:11:01Z</time></trkpt><trkpt lat="45.664473" lon="25.513198"><ele>557.5</ele><time>2026-07-29T15:11:05Z</time></trkpt><trkpt lat="45.664515" lon="25.513097"><ele>558.3</ele><time>2026-07-29T15:11:11Z</time></trkpt><trkpt lat="45.664578" lon="25.513032"><ele>558.9</ele><time>2026-07-29T15:11:16Z</time></trkpt><trkpt lat="45.664652" lon="25.512982"><ele>559.3</ele><time>2026-07-29T15:11:19Z</time></trkpt><trkpt lat="45.664737" lon="25.512923"><ele>559.5</ele><time>2026-07-29T15:11:22Z</time></trkpt><trkpt lat="45.66482" lon="25.512863"><ele>559.6</ele><time>2026-07-29T15:11:25Z</time></trkpt><trkpt lat="45.664912" lon="25.512805"><ele>559.7</ele><time>2026-07-29T15:11:28Z</time></trkpt><trkpt lat="45.664978" lon="25.512757"><ele>559.7</ele><time>2026-07-29T15:11:30Z</time></trkpt><trkpt lat="45.66505" lon="25.512703"><ele>559.7</ele><time>2026-07-29T15:11:32Z</time></trkpt><trkpt lat="45.665127" lon="25.512645"><ele>559.7</ele><time>2026-07-29T15:11:34Z</time></trkpt><trkpt lat="45.665203" lon="25.512588"><ele>559.7</ele><time>2026-07-29T15:11:36Z</time></trkpt><trkpt lat="45.665288" lon="25.512527"><ele>559.7</ele><time>2026-07-29T15:11:39Z</time></trkpt><trkpt lat="45.665385" lon="25.512448"><ele>559.6</ele><time>2026-07-29T15:11:42Z</time></trkpt><trkpt lat="45.665463" lon="25.512387"><ele>559.3</ele><time>2026-07-29T15:11:44Z</time></trkpt><trkpt lat="45.665535" lon="25.512315"><ele>559.1</ele><time>2026-07-29T15:11:46Z</time></trkpt><trkpt lat="45.665608" lon="25.512252"><ele>559.1</ele><time>2026-07-29T15:11:48Z</time></trkpt><trkpt lat="45.665677" lon="25.512185"><ele>559.1</ele><time>2026-07-29T15:11:50Z</time></trkpt><trkpt lat="45.66574" lon="25.512123"><ele>559.0</ele><time>2026-07-29T15:11:52Z</time></trkpt><trkpt lat="45.665828" lon="25.512102"><ele>559.0</ele><time>2026-07-29T15:11:55Z</time></trkpt><trkpt lat="45.665938" lon="25.512112"><ele>559.0</ele><time>2026-07-29T15:11:57Z</time></trkpt><trkpt lat="45.666003" lon="25.512162"><ele>558.9</ele><time>2026-07-29T15:11:59Z</time></trkpt><trkpt lat="45.66608" lon="25.51221"><ele>558.5</ele><time>2026-07-29T15:12:01Z</time></trkpt><trkpt lat="45.666167" lon="25.51227"><ele>558.1</ele><time>2026-07-29T15:12:03Z</time></trkpt><trkpt lat="45.666242" lon="25.51232"><ele>557.8</ele><time>2026-07-29T15:12:05Z</time></trkpt><trkpt lat="45.666328" lon="25.512375"><ele>557.8</ele><time>2026-07-29T15:12:07Z</time></trkpt><trkpt lat="45.666407" lon="25.512432"><ele>557.7</ele><time>2026-07-29T15:12:09Z</time></trkpt><trkpt lat="45.666482" lon="25.512478"><ele>557.7</ele><time>2026-07-29T15:12:11Z</time></trkpt><trkpt lat="45.666567" lon="25.512555"><ele>557.8</ele><time>2026-07-29T15:12:13Z</time></trkpt><trkpt lat="45.666647" lon="25.512607"><ele>557.9</ele><time>2026-07-29T15:12:15Z</time></trkpt><trkpt lat="45.666723" lon="25.51265"><ele>557.9</ele><time>2026-07-29T15:12:17Z</time></trkpt><trkpt lat="45.666798" lon="25.5127"><ele>557.7</ele><time>2026-07-29T15:12:19Z</time></trkpt><trkpt lat="45.666892" lon="25.512715"><ele>557.6</ele><time>2026-07-29T15:12:21Z</time></trkpt><trkpt lat="45.666982" lon="25.512732"><ele>557.7</ele><time>2026-07-29T15:12:23Z</time></trkpt><trkpt lat="45.667065" lon="25.512743"><ele>557.8</ele><time>2026-07-29T15:12:25Z</time></trkpt><trkpt lat="45.667157" lon="25.512722"><ele>557.9</ele><time>2026-07-29T15:12:27Z</time></trkpt><trkpt lat="45.667245" lon="25.5127"><ele>557.8</ele><time>2026-07-29T15:12:29Z</time></trkpt><trkpt lat="45.667332" lon="25.512678"><ele>557.7</ele><time>2026-07-29T15:12:31Z</time></trkpt><trkpt lat="45.667415" lon="25.512652"><ele>557.7</ele><time>2026-07-29T15:12:33Z</time></trkpt><trkpt lat="45.667488" lon="25.512623"><ele>557.5</ele><time>2026-07-29T15:12:35Z</time></trkpt><trkpt lat="45.667567" lon="25.512623"><ele>557.3</ele><time>2026-07-29T15:12:37Z</time></trkpt><trkpt lat="45.667632" lon="25.512678"><ele>557.0</ele><time>2026-07-29T15:12:39Z</time></trkpt><trkpt lat="45.667685" lon="25.512778"><ele>556.9</ele><time>2026-07-29T15:12:42Z</time></trkpt><trkpt lat="45.667733" lon="25.512855"><ele>557.0</ele><time>2026-07-29T15:12:44Z</time></trkpt><trkpt lat="45.667778" lon="25.512942"><ele>557.0</ele><time>2026-07-29T15:12:47Z</time></trkpt><trkpt lat="45.667825" lon="25.513032"><ele>557.0</ele><time>2026-07-29T15:12:49Z</time></trkpt><trkpt lat="45.667918" lon="25.513102"><ele>557.1</ele><time>2026-07-29T15:12:52Z</time></trkpt><trkpt lat="45.667988" lon="25.513137"><ele>557.1</ele><time>2026-07-29T15:12:54Z</time></trkpt><trkpt lat="45.668098" lon="25.51316"><ele>557.0</ele><time>2026-07-29T15:12:57Z</time></trkpt><trkpt lat="45.668172" lon="25.513165"><ele>556.8</ele><time>2026-07-29T15:12:59Z</time></trkpt><trkpt lat="45.668245" lon="25.513165"><ele>556.8</ele><time>2026-07-29T15:13:01Z</time></trkpt><trkpt lat="45.66835" lon="25.513152"><ele>556.7</ele><time>2026-07-29T15:13:04Z</time></trkpt><trkpt lat="45.66845" lon="25.513148"><ele>556.6</ele><time>2026-07-29T15:13:07Z</time></trkpt><trkpt lat="45.668552" lon="25.513192"><ele>556.5</ele><time>2026-07-29T15:13:10Z</time></trkpt><trkpt lat="45.668618" lon="25.513257"><ele>556.3</ele><time>2026-07-29T15:13:12Z</time></trkpt><trkpt lat="45.668652" lon="25.513357"><ele>555.8</ele><time>2026-07-29T15:13:14Z</time></trkpt><trkpt lat="45.668662" lon="25.513495"><ele>555.1</ele><time>2026-07-29T15:13:16Z</time></trkpt><trkpt lat="45.668677" lon="25.513617"><ele>555.0</ele><time>2026-07-29T15:13:19Z</time></trkpt><trkpt lat="45.668722" lon="25.513745"><ele>555.0</ele><time>2026-07-29T15:13:20Z</time></trkpt><trkpt lat="45.668745" lon="25.513868"><ele>555.0</ele><time>2026-07-29T15:13:22Z</time></trkpt><trkpt lat="45.668772" lon="25.514005"><ele>554.9</ele><time>2026-07-29T15:13:24Z</time></trkpt><trkpt lat="45.6688" lon="25.514128"><ele>555.0</ele><time>2026-07-29T15:13:26Z</time></trkpt><trkpt lat="45.668818" lon="25.514243"><ele>555.2</ele><time>2026-07-29T15:13:28Z</time></trkpt><trkpt lat="45.66884" lon="25.51436"><ele>555.2</ele><time>2026-07-29T15:13:30Z</time></trkpt><trkpt lat="45.668857" lon="25.514463"><ele>555.3</ele><time>2026-07-29T15:13:32Z</time></trkpt><trkpt lat="45.66887" lon="25.514583"><ele>555.5</ele><time>2026-07-29T15:13:34Z</time></trkpt><trkpt lat="45.668892" lon="25.514735"><ele>555.6</ele><time>2026-07-29T15:13:36Z</time></trkpt><trkpt lat="45.668913" lon="25.514863"><ele>555.3</ele><time>2026-07-29T15:13:38Z</time></trkpt><trkpt lat="45.668935" lon="25.514983"><ele>555.2</ele><time>2026-07-29T15:13:40Z</time></trkpt><trkpt lat="45.668963" lon="25.5151"><ele>554.9</ele><time>2026-07-29T15:13:42Z</time></trkpt><trkpt lat="45.669023" lon="25.515205"><ele>555.0</ele><time>2026-07-29T15:13:44Z</time></trkpt><trkpt lat="45.669083" lon="25.515302"><ele>555.0</ele><time>2026-07-29T15:13:46Z</time></trkpt><trkpt lat="45.669143" lon="25.515437"><ele>554.9</ele><time>2026-07-29T15:13:48Z</time></trkpt><trkpt lat="45.669202" lon="25.51557"><ele>554.8</ele><time>2026-07-29T15:13:50Z</time></trkpt><trkpt lat="45.669257" lon="25.515677"><ele>554.9</ele><time>2026-07-29T15:13:52Z</time></trkpt><trkpt lat="45.669308" lon="25.515802"><ele>554.8</ele><time>2026-07-29T15:13:54Z</time></trkpt><trkpt lat="45.669363" lon="25.515923"><ele>554.6</ele><time>2026-07-29T15:13:56Z</time></trkpt><trkpt lat="45.669423" lon="25.516043"><ele>554.2</ele><time>2026-07-29T15:13:58Z</time></trkpt><trkpt lat="45.669487" lon="25.516152"><ele>554.2</ele><time>2026-07-29T15:14:00Z</time></trkpt><trkpt lat="45.669545" lon="25.516267"><ele>554.2</ele><time>2026-07-29T15:14:02Z</time></trkpt><trkpt lat="45.669615" lon="25.516382"><ele>553.8</ele><time>2026-07-29T15:14:04Z</time></trkpt><trkpt lat="45.669677" lon="25.516495"><ele>553.9</ele><time>2026-07-29T15:14:06Z</time></trkpt><trkpt lat="45.66973" lon="25.516607"><ele>554.3</ele><time>2026-07-29T15:14:08Z</time></trkpt><trkpt lat="45.669787" lon="25.516708"><ele>554.6</ele><time>2026-07-29T15:14:10Z</time></trkpt><trkpt lat="45.669842" lon="25.516812"><ele>554.2</ele><time>2026-07-29T15:14:12Z</time></trkpt><trkpt lat="45.669897" lon="25.516925"><ele>553.9</ele><time>2026-07-29T15:14:14Z</time></trkpt><trkpt lat="45.669952" lon="25.51704"><ele>553.6</ele><time>2026-07-29T15:14:16Z</time></trkpt><trkpt lat="45.67001" lon="25.517145"><ele>553.5</ele><time>2026-07-29T15:14:18Z</time></trkpt><trkpt lat="45.670078" lon="25.517247"><ele>553.3</ele><time>2026-07-29T15:14:20Z</time></trkpt><trkpt lat="45.670147" lon="25.517368"><ele>552.9</ele><time>2026-07-29T15:14:22Z</time></trkpt><trkpt lat="45.6702" lon="25.517452"><ele>552.4</ele><time>2026-07-29T15:14:24Z</time></trkpt><trkpt lat="45.670262" lon="25.51754"><ele>552.2</ele><time>2026-07-29T15:14:26Z</time></trkpt><trkpt lat="45.670303" lon="25.517625"><ele>551.8</ele><time>2026-07-29T15:14:29Z</time></trkpt><trkpt lat="45.670377" lon="25.517643"><ele>551.6</ele><time>2026-07-29T15:14:32Z</time></trkpt><trkpt lat="45.67044" lon="25.517553"><ele>551.8</ele><time>2026-07-29T15:14:34Z</time></trkpt><trkpt lat="45.6705" lon="25.517465"><ele>552.0</ele><time>2026-07-29T15:14:36Z</time></trkpt><trkpt lat="45.67056" lon="25.517372"><ele>552.2</ele><time>2026-07-29T15:14:38Z</time></trkpt><trkpt lat="45.670627" lon="25.517285"><ele>552.5</ele><time>2026-07-29T15:14:40Z</time></trkpt><trkpt lat="45.670692" lon="25.517182"><ele>552.7</ele><time>2026-07-29T15:14:42Z</time></trkpt><trkpt lat="45.670758" lon="25.517083"><ele>552.7</ele><time>2026-07-29T15:14:44Z</time></trkpt><trkpt lat="45.670817" lon="25.516983"><ele>552.9</ele><time>2026-07-29T15:14:46Z</time></trkpt><trkpt lat="45.670882" lon="25.51689"><ele>552.9</ele><time>2026-07-29T15:14:48Z</time></trkpt><trkpt lat="45.67094" lon="25.516797"><ele>552.9</ele><time>2026-07-29T15:14:50Z</time></trkpt><trkpt lat="45.671005" lon="25.516697"><ele>552.8</ele><time>2026-07-29T15:14:52Z</time></trkpt><trkpt lat="45.671073" lon="25.516593"><ele>552.7</ele><time>2026-07-29T15:14:54Z</time></trkpt><trkpt lat="45.671133" lon="25.51648"><ele>552.7</ele><time>2026-07-29T15:14:57Z</time></trkpt><trkpt lat="45.671222" lon="25.516358"><ele>552.7</ele><time>2026-07-29T15:14:59Z</time></trkpt><trkpt lat="45.671288" lon="25.516258"><ele>552.7</ele><time>2026-07-29T15:15:01Z</time></trkpt><trkpt lat="45.671347" lon="25.516158"><ele>552.7</ele><time>2026-07-29T15:15:03Z</time></trkpt><trkpt lat="45.671403" lon="25.516068"><ele>552.7</ele><time>2026-07-29T15:15:05Z</time></trkpt><trkpt lat="45.671458" lon="25.515985"><ele>552.8</ele><time>2026-07-29T15:15:07Z</time></trkpt><trkpt lat="45.67151" lon="25.515907"><ele>552.7</ele><time>2026-07-29T15:15:09Z</time></trkpt><trkpt lat="45.671558" lon="25.515823"><ele>552.5</ele><time>2026-07-29T15:15:11Z</time></trkpt><trkpt lat="45.671605" lon="25.515738"><ele>552.5</ele><time>2026-07-29T15:15:13Z</time></trkpt><trkpt lat="45.671667" lon="25.515682"><ele>552.5</ele><time>2026-07-29T15:15:15Z</time></trkpt><trkpt lat="45.671753" lon="25.515703"><ele>552.4</ele><time>2026-07-29T15:15:18Z</time></trkpt><trkpt lat="45.671817" lon="25.51582"><ele>552.1</ele><time>2026-07-29T15:15:21Z</time></trkpt><trkpt lat="45.671875" lon="25.515917"><ele>552.1</ele><time>2026-07-29T15:15:23Z</time></trkpt><trkpt lat="45.671927" lon="25.516007"><ele>552.1</ele><time>2026-07-29T15:15:25Z</time></trkpt><trkpt lat="45.671988" lon="25.516102"><ele>552.1</ele><time>2026-07-29T15:15:27Z</time></trkpt><trkpt lat="45.672065" lon="25.516218"><ele>552.2</ele><time>2026-07-29T15:15:30Z</time></trkpt><trkpt lat="45.67212" lon="25.516315"><ele>552.2</ele><time>2026-07-29T15:15:31Z</time></trkpt><trkpt lat="45.672187" lon="25.516413"><ele>552.2</ele><time>2026-07-29T15:15:33Z</time></trkpt><trkpt lat="45.672262" lon="25.516525"><ele>552.0</ele><time>2026-07-29T15:15:35Z</time></trkpt><trkpt lat="45.67232" lon="25.516625"><ele>551.9</ele><time>2026-07-29T15:15:37Z</time></trkpt><trkpt lat="45.672382" lon="25.516715"><ele>551.8</ele><time>2026-07-29T15:15:39Z</time></trkpt><trkpt lat="45.67245" lon="25.516828"><ele>551.8</ele><time>2026-07-29T15:15:41Z</time></trkpt><trkpt lat="45.672518" lon="25.516932"><ele>551.7</ele><time>2026-07-29T15:15:43Z</time></trkpt><trkpt lat="45.672588" lon="25.517033"><ele>551.6</ele><time>2026-07-29T15:15:45Z</time></trkpt><trkpt lat="45.672657" lon="25.51714"><ele>551.5</ele><time>2026-07-29T15:15:47Z</time></trkpt><trkpt lat="45.672722" lon="25.517245"><ele>551.5</ele><time>2026-07-29T15:15:49Z</time></trkpt><trkpt lat="45.672787" lon="25.517345"><ele>551.5</ele><time>2026-07-29T15:15:51Z</time></trkpt><trkpt lat="45.672858" lon="25.517445"><ele>551.5</ele><time>2026-07-29T15:15:53Z</time></trkpt><trkpt lat="45.672925" lon="25.517547"><ele>551.4</ele><time>2026-07-29T15:15:55Z</time></trkpt><trkpt lat="45.672992" lon="25.517653"><ele>551.6</ele><time>2026-07-29T15:15:57Z</time></trkpt><trkpt lat="45.673055" lon="25.517757"><ele>551.7</ele><time>2026-07-29T15:15:59Z</time></trkpt><trkpt lat="45.673118" lon="25.517853"><ele>552.0</ele><time>2026-07-29T15:16:01Z</time></trkpt><trkpt lat="45.673173" lon="25.517942"><ele>551.9</ele><time>2026-07-29T15:16:03Z</time></trkpt><trkpt lat="45.673232" lon="25.518033"><ele>551.6</ele><time>2026-07-29T15:16:05Z</time></trkpt><trkpt lat="45.673297" lon="25.518123"><ele>551.3</ele><time>2026-07-29T15:16:07Z</time></trkpt><trkpt lat="45.673358" lon="25.518225"><ele>551.2</ele><time>2026-07-29T15:16:09Z</time></trkpt><trkpt lat="45.67342" lon="25.518325"><ele>551.2</ele><time>2026-07-29T15:16:11Z</time></trkpt><trkpt lat="45.673485" lon="25.518417"><ele>551.1</ele><time>2026-07-29T15:16:13Z</time></trkpt><trkpt lat="45.673548" lon="25.518532"><ele>551.1</ele><time>2026-07-29T15:16:15Z</time></trkpt><trkpt lat="45.67361" lon="25.518628"><ele>551.0</ele><time>2026-07-29T15:16:17Z</time></trkpt><trkpt lat="45.673677" lon="25.518728"><ele>550.8</ele><time>2026-07-29T15:16:19Z</time></trkpt><trkpt lat="45.67374" lon="25.51882"><ele>550.8</ele><time>2026-07-29T15:16:21Z</time></trkpt><trkpt lat="45.67381" lon="25.51891"><ele>551.0</ele><time>2026-07-29T15:16:23Z</time></trkpt><trkpt lat="45.673872" lon="25.519013"><ele>551.0</ele><time>2026-07-29T15:16:25Z</time></trkpt><trkpt lat="45.673938" lon="25.51912"><ele>550.8</ele><time>2026-07-29T15:16:27Z</time></trkpt><trkpt lat="45.674002" lon="25.519215"><ele>550.7</ele><time>2026-07-29T15:16:29Z</time></trkpt><trkpt lat="45.674053" lon="25.519312"><ele>550.7</ele><time>2026-07-29T15:16:31Z</time></trkpt><trkpt lat="45.67412" lon="25.519402"><ele>550.6</ele><time>2026-07-29T15:16:33Z</time></trkpt><trkpt lat="45.67418" lon="25.519507"><ele>550.2</ele><time>2026-07-29T15:16:36Z</time></trkpt><trkpt lat="45.674287" lon="25.519663"><ele>550.1</ele><time>2026-07-29T15:16:38Z</time></trkpt><trkpt lat="45.674352" lon="25.519765"><ele>550.0</ele><time>2026-07-29T15:16:40Z</time></trkpt><trkpt lat="45.674415" lon="25.519863"><ele>549.9</ele><time>2026-07-29T15:16:42Z</time></trkpt><trkpt lat="45.674485" lon="25.519955"><ele>549.9</ele><time>2026-07-29T15:16:44Z</time></trkpt><trkpt lat="45.674552" lon="25.520062"><ele>550.3</ele><time>2026-07-29T15:16:46Z</time></trkpt><trkpt lat="45.674615" lon="25.520165"><ele>550.7</ele><time>2026-07-29T15:16:48Z</time></trkpt><trkpt lat="45.674673" lon="25.520262"><ele>550.7</ele><time>2026-07-29T15:16:50Z</time></trkpt><trkpt lat="45.674733" lon="25.52036"><ele>550.7</ele><time>2026-07-29T15:16:52Z</time></trkpt><trkpt lat="45.674785" lon="25.520448"><ele>550.4</ele><time>2026-07-29T15:16:54Z</time></trkpt><trkpt lat="45.674853" lon="25.520497"><ele>550.0</ele><time>2026-07-29T15:16:56Z</time></trkpt><trkpt lat="45.674963" lon="25.520487"><ele>549.7</ele><time>2026-07-29T15:16:59Z</time></trkpt><trkpt lat="45.67503" lon="25.520353"><ele>549.8</ele><time>2026-07-29T15:17:01Z</time></trkpt><trkpt lat="45.675108" lon="25.520257"><ele>549.9</ele><time>2026-07-29T15:17:03Z</time></trkpt><trkpt lat="45.675182" lon="25.520163"><ele>549.9</ele><time>2026-07-29T15:17:05Z</time></trkpt><trkpt lat="45.67525" lon="25.520072"><ele>549.8</ele><time>2026-07-29T15:17:07Z</time></trkpt><trkpt lat="45.675323" lon="25.519982"><ele>549.8</ele><time>2026-07-29T15:17:09Z</time></trkpt><trkpt lat="45.6754" lon="25.519892"><ele>549.7</ele><time>2026-07-29T15:17:11Z</time></trkpt><trkpt lat="45.67547" lon="25.519792"><ele>549.6</ele><time>2026-07-29T15:17:13Z</time></trkpt><trkpt lat="45.675547" lon="25.519692"><ele>549.8</ele><time>2026-07-29T15:17:15Z</time></trkpt><trkpt lat="45.675613" lon="25.519603"><ele>550.0</ele><time>2026-07-29T15:17:17Z</time></trkpt><trkpt lat="45.675685" lon="25.51951"><ele>550.0</ele><time>2026-07-29T15:17:19Z</time></trkpt><trkpt lat="45.675752" lon="25.519415"><ele>549.8</ele><time>2026-07-29T15:17:21Z</time></trkpt><trkpt lat="45.67583" lon="25.519317"><ele>549.7</ele><time>2026-07-29T15:17:23Z</time></trkpt><trkpt lat="45.675903" lon="25.51922"><ele>549.7</ele><time>2026-07-29T15:17:25Z</time></trkpt><trkpt lat="45.675978" lon="25.519117"><ele>549.6</ele><time>2026-07-29T15:17:27Z</time></trkpt><trkpt lat="45.676053" lon="25.519013"><ele>549.5</ele><time>2026-07-29T15:17:29Z</time></trkpt><trkpt lat="45.676127" lon="25.518925"><ele>549.5</ele><time>2026-07-29T15:17:31Z</time></trkpt><trkpt lat="45.676192" lon="25.518832"><ele>549.4</ele><time>2026-07-29T15:17:33Z</time></trkpt><trkpt lat="45.676243" lon="25.518757"><ele>549.1</ele><time>2026-07-29T15:17:36Z</time></trkpt><trkpt lat="45.676335" lon="25.518648"><ele>549.1</ele><time>2026-07-29T15:17:37Z</time></trkpt><trkpt lat="45.676405" lon="25.518545"><ele>549.1</ele><time>2026-07-29T15:17:39Z</time></trkpt><trkpt lat="45.676465" lon="25.51846"><ele>549.2</ele><time>2026-07-29T15:17:41Z</time></trkpt><trkpt lat="45.676533" lon="25.518382"><ele>549.2</ele><time>2026-07-29T15:17:43Z</time></trkpt><trkpt lat="45.676607" lon="25.518293"><ele>549.0</ele><time>2026-07-29T15:17:45Z</time></trkpt><trkpt lat="45.676673" lon="25.518198"><ele>549.0</ele><time>2026-07-29T15:17:47Z</time></trkpt><trkpt lat="45.676742" lon="25.518108"><ele>549.2</ele><time>2026-07-29T15:17:49Z</time></trkpt><trkpt lat="45.676795" lon="25.518022"><ele>549.1</ele><time>2026-07-29T15:17:51Z</time></trkpt><trkpt lat="45.676857" lon="25.517942"><ele>548.9</ele><time>2026-07-29T15:17:53Z</time></trkpt><trkpt lat="45.676918" lon="25.517855"><ele>548.8</ele><time>2026-07-29T15:17:55Z</time></trkpt><trkpt lat="45.676982" lon="25.517765"><ele>548.7</ele><time>2026-07-29T15:17:57Z</time></trkpt><trkpt lat="45.677047" lon="25.51769"><ele>548.7</ele><time>2026-07-29T15:17:59Z</time></trkpt><trkpt lat="45.677113" lon="25.517618"><ele>548.7</ele><time>2026-07-29T15:18:01Z</time></trkpt><trkpt lat="45.677172" lon="25.517547"><ele>548.7</ele><time>2026-07-29T15:18:03Z</time></trkpt><trkpt lat="45.677227" lon="25.517467"><ele>548.5</ele><time>2026-07-29T15:18:05Z</time></trkpt><trkpt lat="45.677287" lon="25.517388"><ele>548.4</ele><time>2026-07-29T15:18:07Z</time></trkpt><trkpt lat="45.677342" lon="25.517315"><ele>548.3</ele><time>2026-07-29T15:18:09Z</time></trkpt><trkpt lat="45.67741" lon="25.517215"><ele>548.4</ele><time>2026-07-29T15:18:12Z</time></trkpt><trkpt lat="45.677447" lon="25.517125"><ele>548.5</ele><time>2026-07-29T15:18:15Z</time></trkpt><trkpt lat="45.677425" lon="25.517013"><ele>548.2</ele><time>2026-07-29T15:18:19Z</time></trkpt><trkpt lat="45.677358" lon="25.516975"><ele>547.8</ele><time>2026-07-29T15:18:23Z</time></trkpt><trkpt lat="45.677282" lon="25.516978"><ele>547.2</ele><time>2026-07-29T15:18:27Z</time></trkpt><trkpt lat="45.677215" lon="25.517017"><ele>546.8</ele><time>2026-07-29T15:18:33Z</time></trkpt><trkpt lat="45.677162" lon="25.517098"><ele>546.8</ele><time>2026-07-29T15:18:41Z</time></trkpt><trkpt lat="45.677105" lon="25.517177"><ele>546.7</ele><time>2026-07-29T15:18:49Z</time></trkpt><trkpt lat="45.677057" lon="25.517252"><ele>546.9</ele><time>2026-07-29T15:19:02Z</time></trkpt></trkseg></trk></gpx>